case_number,source,prompt,evaluation_seed,coco_id
5000,coco-30k,A white toilet sitting under a bathroom window.,32128,134649
5001,coco-30k,A black cat is sitting in a bathroom sink.,11541,501523
5002,coco-30k,A woman takes a selfie picture with a giraffe in the background.,90880,315018
5003,coco-30k,Raw mango and orange and ripe bananas in a bowl,64326,352618
5004,coco-30k,a dark living room with some light from the long windows and lights on the mantle ,38837,270603
5005,coco-30k,It's wondrous how that big airplane manages to stay up in the sky.,50433,407826
5006,coco-30k,A busy intersection with many cars and traffic lanes lies beneath an overpass.,16835,553879
5007,coco-30k,A toilet bowl with a tall white tank has a plunger type flush button.,4008,96492
5008,coco-30k,Someone has crawled under the plane to check that everything is operational.,64116,139871
5009,coco-30k,A kitchen with a microwave oven next to a stove top oven.,6786,408805
5010,coco-30k,The chef is preparing many flatbread pizza's for the lunch crowd.,30782,357743
5011,coco-30k,Man bending down to check out a model plain that is parked in the grass,69122,150410
5012,coco-30k,two hairy dogs lying on a bed cover looking,34841,383780
5013,coco-30k,The kitchen has shiny counter tops and brown wood-grain cabinets.,26172,482022
5014,coco-30k,Putting a used toilet out with the trash is certainly not appropriate.,13381,279024
5015,coco-30k,"A bathroom with walk-in shower, deep tub and sink overlooks other townhouses",24255,192291
5016,coco-30k,The single propelleor airplane slowly takes off from the airport.,27438,40485
5017,coco-30k,A modern bathroom with hardwood flooring and counter tops. ,84156,389804
5018,coco-30k,A cat laying in a green bowl on a wooden table.,38329,125850
5019,coco-30k,A motorcycle and people looking a travel vehicles.,9958,144300
5020,coco-30k,A baby sitting on a females lap staring into the camera.,96141,413552
5021,coco-30k,People are milling about on a city street. ,42873,308358
5022,coco-30k,A woman is standing in her kitchen posing for a photo. ,75300,303626
5023,coco-30k,"A bathroom is shown with a toilet, sink, and shower.",16242,77486
5024,coco-30k,A bathroom sink with wood finish cabinets. ,26620,67727
5025,coco-30k,"A bathroom sink with a toothbrush, soap dispenser and mirror.",56600,328091
5026,coco-30k,"A bathroom with a toilet, shower stall and a mirror.",54154,249356
5027,coco-30k,An assortment of flying objects including kites and airplanes hung inside a building.,17026,329946
5028,coco-30k,A motorcycle is sitting on the side of the road next to a sign. ,7556,454978
5029,coco-30k,Woman riding a bicycle on the road in the city.,50362,243825
5030,coco-30k,A white toilet sitting next to a white sink in a bathroom.,26238,34701
5031,coco-30k,A white toilet sitting in a bathroom next to a tile wall.,9287,256156
5032,coco-30k,A clean kitchen island with plants on the island.,57552,78260
5033,coco-30k,A man walking behind a row of parked cars holding an umbrella.,6973,536725
5034,coco-30k,A girl sits on a pillow thinking and writing into a notebook.,75040,87328
5035,coco-30k,A group of people standing around tables next to a jet.,97149,318778
5036,coco-30k,A person riding a pink motorcycle down a street.,71483,144795
5037,coco-30k,A pink motor scooter parked in a parking space.,52243,168890
5038,coco-30k,A white airplane parked on a runway under a blue sky.,56733,479912
5039,coco-30k,A long counter holding an assortment of coffee related items.,20977,407115
5040,coco-30k,a colorful motorcycle sitting next to a fence ,29165,408830
5041,coco-30k,"A green tile bathroom with sink, drawers, toilet, and window.",15270,132342
5042,coco-30k,A claw foot bathtub stands in the middle of a pristine white bathroom.,44249,573993
5043,coco-30k,A tie-dyed cyclist stands beside his bicycle in front of fellow cyclists.,31948,555622
5044,coco-30k,A kitchen that is kind of cluttered with lots of jugs.,28787,461030
5045,coco-30k,Two airplanes release smoke while flying near each other.,38683,215815
5046,coco-30k,A line of parked motorcycles with the edges of image blurred.,498,457848
5047,coco-30k,A small bathroom with marble tiles and counter.,26580,27982
5048,coco-30k,A pair of conjoined stalls in a public restroom,9839,555894
5049,coco-30k,Each of the three bathroom stalls have trash cans beside the toilets.,11174,141709
5050,coco-30k,An evening city scene with blurred images of cars driving by,76281,113251
5051,coco-30k,A variety of old motorcycles on display in a shop,66906,120810
5052,coco-30k,The sculpture is of five people in clown costumes riding one long bike.,35047,424464
5053,coco-30k,a clock on top of a building indicating that it is eleven o'clock,514,359148
5054,coco-30k,Giant statues of cows and a Ghana airplane,45160,504101
5055,coco-30k,The black cat is laying on top of books on the shelf. ,28776,214184
5056,coco-30k,A bicycle carries a cake from Dairy Queen on its back.,69066,234533
5057,coco-30k,A powder room in Morocco with an arched doorway and white towels on a brass stand.,16307,129988
5058,coco-30k,a cat lays down next to a glass with a straw in it ,33239,426101
5059,coco-30k,a black and white cat a chair and some bicycles,33172,371890
5060,coco-30k,a blue yellow and white jet parked and some grass,5140,298433
5061,coco-30k,a red and blue plan on the runway getting ready to get passengers ,27406,579158
5062,coco-30k,a group of people are crammed in a small area on motor bikes ,72909,41570
5063,coco-30k,A group of jets are flying together in a tight formation,60503,187989
5064,coco-30k,The cat was eating out of her bowl which was sitting on the floor.,99201,526721
5065,coco-30k,He was standing in the kitchen by the stove talking on the telephone.,8448,71306
5066,coco-30k,a big cat sitting in a little bowl ,56278,213445
5067,coco-30k,A moped is parked next to bicycles on a sidewalk.,75233,259830
5068,coco-30k,people walking around and looking at assorte motorcycles ,46239,171685
5069,coco-30k,cars wait on a street at a red light in a city,72667,102741
5070,coco-30k,A couple of giraffe standing on top of a field near a rock mountain.,54982,528232
5071,coco-30k,This basic kitchen has tools sitting on the floor,77679,248111
5072,coco-30k,a rainbow umbrella some bicycles a fence and some grass,37323,325867
5073,coco-30k,A close up of an orange in a red serving bowl.,793,123511
5074,coco-30k,A commercial Hawaiian airlines airplane from side view on pavement of airfield with a building in background.,9829,95561
5075,coco-30k,Some rocks are collected in a corner in this room,66800,264191
5076,coco-30k,A light blue airplane sits in the airport waiting to depart,40627,8005
5077,coco-30k,A biplane takes flight on a sunny day,11942,474788
5078,coco-30k,These scantily clad people are enjoying a party,15102,362778
5079,coco-30k,This green dufell bag sits next to a brown seat,20646,303365
5080,coco-30k,"A room with a Tv, potted plant, tables and chairs",22617,440475
5081,coco-30k,A large open room with a long white staircase.,22979,297620
5082,coco-30k,A young girl holding a colorful kite on a sandy beach.,66167,248965
5083,coco-30k,A large group of bicyclists on a city street.,94628,133608
5084,coco-30k,A group of avaitors standing on an airport runway.,19523,392144
5085,coco-30k,"The television, in a plastic cow, is on.",59668,180383
5086,coco-30k,A table set for a traditional Thanksgiving dinner.,9020,276127
5087,coco-30k,a man riding a dirt bike in the sand,16276,404263
5088,coco-30k,a man leaping into the air and holding a tennis racket,82,333756
5089,coco-30k,A large modern bathroom features an oversize tub and walk-in shower.,86415,323598
5090,coco-30k,A blue new motorcycle being shown off in a lot,51716,436968
5091,coco-30k,A car passes by to find a man outside near a TV.,7986,291380
5092,coco-30k,Woman on a motorcycle with a sidecar in front of scenic backdrop in a showroom.,53488,102356
5093,coco-30k,This is an empty table at a restaurant with ships in the background.,69605,341058
5094,coco-30k,a tree surrounded by a little bench with someone sitting on it,49522,72338
5095,coco-30k,a colofrul biplane flying above some trees ,22319,314493
5096,coco-30k,a brown and white cat sitting in a bathroom sink ,98188,178299
5097,coco-30k,A kitchen decorated in red and white with accessories.,15326,527759
5098,coco-30k,A man leans over his motorcycle and rests one hand on the leather seat.,80926,81103
5099,coco-30k,Many electronic wires pass over the road with few cars on it.,91057,309391
5100,coco-30k,A man stands in front of an airport with many airliners on it.,17536,418106
5101,coco-30k,The large room has a kitchen and a living space in it.,24508,118378
5102,coco-30k,He does have control of the motorcycle while pulling a wheelie.,76761,115314
5103,coco-30k,A mirror reflecting the image of a white kitchen oven.,21381,353817
5104,coco-30k,A person fills jars with orange slices from a large bowl.,46709,523100
5105,coco-30k,a man is sitting on a bike next to a bus,10677,312341
5106,coco-30k,the people are all in a restaurant some are sitting ,44872,36494
5107,coco-30k,A crowd stands around motorcycles parked beside each other.,65319,14321
5108,coco-30k,Two men are moving and speaking in a park.,14975,27611
5109,coco-30k,An view of a major city and cars traveling over a bridge.,60764,488789
5110,coco-30k,A microwave with a bowl of food inside it.,42625,461634
5111,coco-30k,A glass table with a laptop computer on top of it.,26807,441253
5112,coco-30k,A group of women standing next to each other in an office.,28674,96215
5113,coco-30k,Several men standing outside of small airplane with man retrieving luggage from cart.,11054,384114
5114,coco-30k,A giraffe that has its legs spread out.,35398,263881
5115,coco-30k,A motorcycle is parked on the sidewalk outside a tattoo shop.,89063,162114
5116,coco-30k,A red and white plane is sitting on the runway. ,96711,346759
5117,coco-30k,the person is sitting at a desk  with a television behind him ,63116,551334
5118,coco-30k,the room has a glass shower as well as a red cross kit,18251,379158
5119,coco-30k,A man sits with his bike on the beach,77958,145025
5120,coco-30k,The child stands beside a toilet bowl with a light inside it.,58226,306755
5121,coco-30k,A store with a taxi and bus parked out front,83220,258112
5122,coco-30k,A woman riding a bike with a basket on it.,68817,144333
5123,coco-30k,Your guess is as good as mine as to what these objects are.,96459,348216
5124,coco-30k,"A game at an outdoor fair called ""Ball In The Bog""",28229,110042
5125,coco-30k,A picture of a messy desk with an open laptop.,76996,9527
5126,coco-30k,A couple of giraffe standing around a tree.,44915,504487
5127,coco-30k,A large group of people on bikes on a road.,40994,241291
5128,coco-30k,a small bathroom with a toilet in it,31441,355418
5129,coco-30k,A white toilet filled with bags of garbage.,34578,250246
5130,coco-30k,A small bed laying on top of a table.,66318,524361
5131,coco-30k,A dog driving a car down a street past a truck.,66745,521869
5132,coco-30k,A small white airplane flying high up in the sky.,81303,137031
5133,coco-30k,A city street at night filled with lots of traffic.,96367,265243
5134,coco-30k,A toilet and towel rack are in a bathroom.,78972,117914
5135,coco-30k,A white cake with chocolate being poured over the top of it.,62123,392991
5136,coco-30k,A woman playing  with a toilet seat and putting a normal chair over it.,92199,149780
5137,coco-30k,A woman holding onto a pink bag of luggage.,98823,530207
5138,coco-30k,A bathroom that has a special shelf for towels. ,44362,220741
5139,coco-30k,A man in a dress riding a tiger motorcycle.,29595,98656
5140,coco-30k,A wooden door in front of an entrance next to a black cat.,40249,466339
5141,coco-30k,A person is driving a speedboat quickly through the water.,73848,301641
5142,coco-30k,A herd of sheep standing on top of a grass covered field.,45543,437931
5143,coco-30k,The woman stands cooking at a pot over a fire.,2731,268059
5144,coco-30k,The woman is tying her shoe on a bench next to a parked bicycle.,10036,328818
5145,coco-30k,A white toilet sitting in a bathroom under a white cabinet.,77705,389128
5146,coco-30k,There is an indoor toilet underneath a sign that says please flush. ,86092,394328
5147,coco-30k,The dog with a cartoon collar is looking out of a car window.,63211,35489
5148,coco-30k,A man on a motorcycle going down the street.,39841,421370
5149,coco-30k,A couple of people standing at a counter with some food.,56335,225913
5150,coco-30k,a toilet sits next to a shower an sink ,85738,72428
5151,coco-30k,A view of a kitchen with a bunch of cleaning supplies around it.,98663,538934
5152,coco-30k,A cat climbing into a cat door on a wall.,57495,456292
5153,coco-30k,The jet is flying high in sky threw the sun,35431,294030
5154,coco-30k,This is a case full of yellow bananas. ,12733,74331
5155,coco-30k,A teenager wheeling a suitcase down a crowded street.,81340,101491
5156,coco-30k,A man sitting on a green bench in the park,28903,198645
5157,coco-30k,A dog is posing on top of a motorcycle. ,14754,263146
5158,coco-30k,This is an air show put on by the US Navy Blue Angels. ,96298,306229
5159,coco-30k,This photo has a blurry background but you can see some nice wooden benches in the foreground.,43355,119861
5160,coco-30k,Extra hands would be a help for this messy kitchen.,12774,264032
5161,coco-30k,A cat sits curiously perched in an empty cup,92281,459598
5162,coco-30k,A toilet with a red seat sitting next to a paper towel dispenser.,75632,82530
5163,coco-30k,A cat and a metal bowl on a wooden platform.,89178,226360
5164,coco-30k,a couple of buildings near a busy street,94905,178331
5165,coco-30k,a painting is hanging over a television in a room,19930,188818
5166,coco-30k,A dog is getting its picture taken from the driver's seat,63137,187349
5167,coco-30k,a shelf with a bunch of stuff on it,78706,334050
5168,coco-30k,A man races a motorcycle on a track.,16499,285192
5169,coco-30k,All of the people have their motorcycles parked.,62435,387773
5170,coco-30k,A white sink on a counter in a room.,85224,307784
5171,coco-30k,a small plane is flying in the sky,54122,286202
5172,coco-30k,Benches line the sidewalk of a city park in autumn.,97120,33647
5173,coco-30k,A man is taking a picture of his bathroom sink.,39236,22656
5174,coco-30k,A red headed boy sits hugging his Black Labrador dog.,28874,378561
5175,coco-30k,a woman is standing at a sink in a kitchen,70058,242365
5176,coco-30k,a wax head is looking out of a car window,30248,560474
5177,coco-30k,a woman is holding a spoon in a kitchen,83065,523660
5178,coco-30k,a mirror that has a big white sink on it,63675,238355
5179,coco-30k,Lots of people stand in a busy kitchen.,82715,290750
5180,coco-30k,The table  top was white with brown chairs,46899,496099
5181,coco-30k,Vegetables are displayed in a wooden barrel outdoors.,43903,579664
5182,coco-30k,A toilet is sitting in an empty bathroom with a shower.,98867,461692
5183,coco-30k,The plane was flying high near the flag in the air,12253,469174
5184,coco-30k,A person wearing a helmet is riding a motorcycle on a dirt road. ,18251,157417
5185,coco-30k,a bike chained to a metal pole on the sidewalk,99963,148668
5186,coco-30k,A motorcycle parked on the pavement near a building.,74137,297147
5187,coco-30k,a woman riding a little pink motorcycle by a car,44011,558587
5188,coco-30k,A blue van is parked next to a broken fire hydrant.,12811,384849
5189,coco-30k,a pink suitcase is in the back of a vehicle,55585,510782
5190,coco-30k,Two vintage motorcycles sitting in the grass on display.,20235,507187
5191,coco-30k,A person on a skateboard and bike at a skate park.,55193,87038
5192,coco-30k,A foot pushing a flush button in a blue tiled bathroom.,29538,280972
5193,coco-30k,a cup with toothbrushes and toothpaste and some soap,42541,369128
5194,coco-30k,The crowd is waiting for the event to begin.,60474,461248
5195,coco-30k,"A man with  a green hat, glasses, an Oregon State t-shirt, and blue jeans sits on a closed toilet.",15705,564163
5196,coco-30k,two trains go side by side down a street,43352,71345
5197,coco-30k,"A ""Virgin Records"" train next to a blue, yellow and red train at a subway station. ",50196,291067
5198,coco-30k,Table with water pitchers and bowls of fruit against the wall in huge kitchen,89400,188136
5199,coco-30k,A kitchen has a stove with cupcakes on top of it.,81974,526030
5200,coco-30k,A worn and a new sign for the same Mexican food restaurant.,96541,260657
5201,coco-30k,A white passenger train passing a parking lot at night.,6401,228942
5202,coco-30k,A cozy bed stands between two windows within an upstairs bedroom.,99878,70813
5203,coco-30k,A man and two women are standing beside an airplane.,2220,554459
5204,coco-30k,A picture of the entrance to an old house.,82249,464689
5205,coco-30k,A young man sitting on the windowsill of a store front talking on his phone.,79662,172315
5206,coco-30k,A CLEAN AND COLORFUL BATHROOM WITH A LARGE MIRROR,56694,325423
5207,coco-30k,"A small bathroom with a toilet, trash can and toilet brush",53619,245659
5208,coco-30k,An old rusty bus is parked next to a small church,58323,128262
5209,coco-30k,A small green car has a plaque with writing in front of it. ,44152,296012
5210,coco-30k,A kitchen with white cabinets and a grey counter top.,58972,213091
5211,coco-30k,A man is sitting on a motorcycle while a young girl looks at a helmet.,17266,441453
5212,coco-30k,a squat toilet inside of a small stall.,79306,260107
5213,coco-30k,A man wearing a suit and tie and red hat with a silver buckle.,87708,58539
5214,coco-30k,Two airliners on the snowy runway of an airport,14144,315672
5215,coco-30k,The bus stop is lined up with buses and people walking on the sidewalk. ,36353,62726
5216,coco-30k,a man that is in a store with a cell phone,65729,442417
5217,coco-30k,A man holds a controller and keyboard with his hands,47252,108026
5218,coco-30k,Two cats are shown sitting on a toilet.,50099,303099
5219,coco-30k,The woman is working on her laptop while the man is on the cell phone.,48192,493509
5220,coco-30k,There is a bowl of fresh fruit on the table.,95550,578203
5221,coco-30k,a lady that has a bowl in her hand,35843,485844
5222,coco-30k,The people are all watching and listening to the bikers on the corner of the road,82978,375450
5223,coco-30k,This photo shows a man in a chair with a toddler next to him.,25650,393777
5224,coco-30k,"A bathroom with a glassed in tub, toilet and sink",37611,246263
5225,coco-30k,A renovated kitchen with stainless steel appliances and a huge stove,37749,347558
5226,coco-30k,a man that is riding a bike on some concrete ,39793,111409
5227,coco-30k,A small bathroom with a shower curtain and toilet,17013,60364
5228,coco-30k,A cyclist pauses near the water to observe a canoe.,22716,395180
5229,coco-30k,a motorcycle is parked on the side of the street,13726,473936
5230,coco-30k,A person that is riding a dirt bike. ,11227,542101
5231,coco-30k,A woman is seen cleaning a perfectly white bathroom.,51774,32947
5232,coco-30k,Ornate cabinet displayed next to kitchen sink in residence.,12432,94317
5233,coco-30k,The living room has a dog sitting on the floor watching the television. ,81129,179441
5234,coco-30k,A cat is drinking water from the toilet bowl,74480,572075
5235,coco-30k,People are crossing the street through the crosswalk.,76651,515056
5236,coco-30k,An American Airlines airplane is sitting on the runway,21399,216115
5237,coco-30k,A small bathroom stall with a toilet and seat covers,17561,242907
5238,coco-30k,A person is shown riding a bicycle down the side of the road.,80650,158795
5239,coco-30k,A man riding on the back of a motorcycle next to another man.,35484,484450
5240,coco-30k,The organized kitchen of a busy family in a suburban home,98630,553129
5241,coco-30k,Close up of the flower extending from a banana tree stalk,53081,154633
5242,coco-30k,An airplane can be seen flying through cloudy skies.,33372,173737
5243,coco-30k,Three white urinals mounted to a bathroom wall.,14167,348045
5244,coco-30k,an all white and marble bathroom with a toilet and a sink in frame ,45372,252610
5245,coco-30k,point of view shot of man using a small urinal in bathroom,9649,306159
5246,coco-30k,A number of people riding bicycles in a metropolitan area.,63545,140197
5247,coco-30k,A giraffe eating leaves from a giant rock.,13943,48956
5248,coco-30k,A man on a motorcycle waits at the traffic light,9326,205002
5249,coco-30k,A kitchen filled with lots of counter top space.,64626,10844
5250,coco-30k,A white toilet sitting next to a brown chair.,76,287320
5251,coco-30k,a glass walled shower in a home bathroom,83998,374707
5252,coco-30k,A train passing by a field with a grounded airplane,75604,446113
5253,coco-30k,"Cars, truck and carriages are traveling on the road",88495,367680
5254,coco-30k,a bathroom with a toilet with a sink,83506,371883
5255,coco-30k,a living room with some fancy curtains behind a couch ,3029,244754
5256,coco-30k,a bathroom with a big mirror above the sink,72170,58029
5257,coco-30k,A keyboard and mouse along with other items on the desk ,63596,567686
5258,coco-30k,The plane is flying high in the sky.,76303,128461
5259,coco-30k,a boat filled with people going down a river,71607,248334
5260,coco-30k,two women stand on a train platform waiting to board.,84582,217312
5261,coco-30k,A white ceramic sink next to a toilet.,62900,299550
5262,coco-30k,Many planes are arranged in a large building.,74729,264683
5263,coco-30k,a man that has a pan on a stove,64560,253579
5264,coco-30k,A person is riding a motorcycle with dogs in a cage on the back of it.  ,20495,20748
5265,coco-30k,"A bathroom contains a toilet, a sink and a bathtub.",74058,268395
5266,coco-30k,a line of cars with a motorcycle in front,33100,178078
5267,coco-30k,a kitchen with a big sink and a rack for the pots,87908,510707
5268,coco-30k,A small bathroom has a toilet and litter box.,13098,484587
5269,coco-30k,This room has a wall with a mural on it.,55288,24053
5270,coco-30k,a person in a kitchen preparing food on a pan,49408,42620
5271,coco-30k,This is a colander with green apples in it.,1204,195113
5272,coco-30k,This is a view of mountains of a airplane.,89620,340398
5273,coco-30k,two large air planes on a run way,97437,524011
5274,coco-30k,Silver and red airplane flying through the air alone. ,52869,482907
5275,coco-30k,Two glass bowls of oranges add up to more than enough.,42813,529966
5276,coco-30k,Bird standing on car roof near covered pavilion.,93845,508602
5277,coco-30k,a boy carrying a big bag of food across his shoulders ,82691,44312
5278,coco-30k,These toilets are being used outside as decor,7836,482100
5279,coco-30k,Plane flying in sky above power line wires.,40017,490294
5280,coco-30k,This bathroom has a sleek counter top that wraps around the toilet.,98774,448320
5281,coco-30k,"On a TV screen, a dog is lying on the floor in front of a large picture with a dog's head on it.",67172,490869
5282,coco-30k,This bathroom has gray walls and white fixtures.,22922,523426
5283,coco-30k,This shot is of a crowded highway full of traffic,3077,61181
5284,coco-30k,A young man standing next to a bike,42068,101656
5285,coco-30k,Stacked washer dryer in kitchen near fridge and stove.,8569,97427
5286,coco-30k,stuffed animals are sitting together in a street corner,22360,119802
5287,coco-30k,This studio apartment has a twin size bed by the wall.,13552,70192
5288,coco-30k,There are many cars parked next to the ship.,51012,254919
5289,coco-30k,A giraffe behind a wire fence in a zoo.,538,360910
5290,coco-30k,The men are in the kitchen preparing the meal.,33465,170178
5291,coco-30k,a kitchen that makes food has pots and pans.,11216,418175
5292,coco-30k,A female wearing winter clothing standing next to a tent inside an unfinished building.,88823,445567
5293,coco-30k,a green train that is sitting on a train track,91711,528811
5294,coco-30k,this clean bathroom has all white fixtures in it,89255,304355
5295,coco-30k,a dining room table that is in a room,36708,392892
5296,coco-30k,a man is doing a jump on his board,42378,525227
5297,coco-30k,Whatever is in the cup does not please this woman.,93192,272253
5298,coco-30k,A stoplight and utility lines with a brick building.,27400,571504
5299,coco-30k,A modern bathroom is designed to be useful.,40548,106193
5300,coco-30k,Benches surround a pond in a park in autumn.,90790,560893
5301,coco-30k,A huge crowd is walking down one side of a street.,21477,377832
5302,coco-30k,The lights are on above the mirror of the bathroom sink.,26919,472445
5303,coco-30k,An adult and a child cross the city street at night.,74005,59732
5304,coco-30k,A man is staring out of a boat window.,64422,4772
5305,coco-30k,A plane is parked in an airport field.,62824,500049
5306,coco-30k,a pink toilet in a small flower patterned bathroom stall,56358,213309
5307,coco-30k,A man in a red shirt in a bathroom with two mirror and a photo,87828,15810
5308,coco-30k,A man is standing in a train in a train station.,28083,66717
5309,coco-30k,Two eyes peeping through two doors with a floor,34000,305159
5310,coco-30k,a person standing next to a parked motorcycle on a field ,77180,224322
5311,coco-30k,A bathroom with tan walls and fake tiled flooring. ,75568,24845
5312,coco-30k,"A bathroom with a sink, a fan and a mirrored medicine chest.",48464,235404
5313,coco-30k,An old man holding a plaque next to a motorcycle.,90920,67078
5314,coco-30k,A room with a desk and dresser holding a tv,48137,578343
5315,coco-30k,"A bathroom with a shower curtain, a toilet, a sink and cabinets.",91249,485452
5316,coco-30k,A large white castle like building with a statue in front. ,36249,448983
5317,coco-30k,A kitchen sink with cupboards of dishes stored above it.,39397,449296
5318,coco-30k,A motorcycle is parked in the gravel alongside a street.,14994,282130
5319,coco-30k,a person carrying their surfboard while walking along a beach,2655,323951
5320,coco-30k,A grey brick building with snow outside. ,59623,461092
5321,coco-30k,A group of people standing around a kitchen next to appliances.,90462,32932
5322,coco-30k,"A bathroom area with a tub, shelves and a sink.",98692,114303
5323,coco-30k,A grey motorcycle on dirt road next to a building.,57854,462756
5324,coco-30k,A group of smiling young children sit at a table in the library.,43613,243600
5325,coco-30k,A stone clock tower juts out from the fog below.,26655,142581
5326,coco-30k,A bike and a dog on the sidewalk outside a red building.,87103,49097
5327,coco-30k,"A man takes a picture in the bathroom mirror
",73725,229643
5328,coco-30k,a view of an air plane wing in the air ,77313,108169
5329,coco-30k,a bath room with a toilet and toilet paper ,89121,129322
5330,coco-30k,"A doorway view with a toilet, shower and a sink.",58113,373793
5331,coco-30k,a close up of a toilet with tiled walls ,60724,554900
5332,coco-30k,A bathroom with a white toilet sitting next to a  white tub.,14661,557677
5333,coco-30k,Petals gather along the edge of a pond in front of two park benches.,14960,381576
5334,coco-30k,A white toilet sitting below a bathroom window.,11963,173490
5335,coco-30k,Various items used for cooking a recipe atop a clean table.,41681,206147
5336,coco-30k,there is a cat sitting on a table next to a bike wheel ,7289,257036
5337,coco-30k,Several motorcycles lined up in a row in front of a old building.,46375,109323
5338,coco-30k,A man flying through the air while riding a skateboard.,27607,215151
5339,coco-30k,there are cars coming down the street to a green light,29241,35148
5340,coco-30k,A woman sits on a table and portrays a time gone by. ,34562,468027
5341,coco-30k,A old bench next to an old building.,63334,359203
5342,coco-30k,"A kitchen with a stove, oven, cabinets and blender.",98263,369082
5343,coco-30k,Large motorcycle sitting on a grassy area in a line.,40190,262161
5344,coco-30k,a man is riding a white bike down the street,4855,10393
5345,coco-30k,A person standing in a bathroom next to a white toilet.,43056,310543
5346,coco-30k,an old black and white photo of cars parked near a building ,89495,567197
5347,coco-30k,a brown wood counter with sink in a bathroom,28788,152298
5348,coco-30k,A man holding a book while sitting down.,92827,20161
5349,coco-30k,a person sitting on a bike near many other parked bikes ,8331,365652
5350,coco-30k,A giraffe leaning up to a tree to chew on a branch.,32705,456756
5351,coco-30k,Small woman with a cooking apron around her waste reaching into the oven and pulling out a plate of food.,45516,321811
5352,coco-30k,Small boy on a skateboard riding down the street way.,70314,539565
5353,coco-30k,The adult giraffe is standing near a metal fence.,90479,248810
5354,coco-30k,A standing toilet sitting inside of a bathroom stall.,14252,25014
5355,coco-30k,Two men herding a pack of elephants across a field.,55007,173799
5356,coco-30k,A bathroom shower with towel hanging from the door.,92313,396295
5357,coco-30k,The girl in this picture is not wearing many clothes.,93145,279149
5358,coco-30k,A room with a large cabinet filled with white towels.,51439,370818
5359,coco-30k,A white toilet bowl with a plunger standing near it,25196,6861
5360,coco-30k,An office cubicle with two computers on the desk,69948,527497
5361,coco-30k,A bunch of bananas sitting on top of a tiled floor.,82443,398818
5362,coco-30k,The woman is in the kitchen preparing a meal.,87205,293148
5363,coco-30k,A bathroom sink sitting under a mirror sitting next to a toilet.,4100,186822
5364,coco-30k,The man is riding his motorcycle while smoking a cigarette. ,60181,461751
5365,coco-30k,The two men are riding their motorcycles in the parking lot.,64880,339022
5366,coco-30k,A herd of giraffe standing around a lush green tree.,13113,86559
5367,coco-30k,A dog herding a group of sheep in a meadow,81156,225184
5368,coco-30k,AA tennis player sitting down drying himself off,5868,175864
5369,coco-30k,a baby giraffe sniffs an adult giraffe ,60111,112164
5370,coco-30k,A view of a bunch of sheep lined up with a man behind them.,56174,335631
5371,coco-30k,A little boy riding his bike and wearing a helmet,8677,210299
5372,coco-30k,A toilet and sink side by side in a bathroom and a mirror. ,81448,431140
5373,coco-30k,A man riding a bike down a street.,8933,69189
5374,coco-30k,A close-up shot of a metal squat toilet.,83774,305412
5375,coco-30k,A cat with its paws halfway into an open toilet.,40422,184557
5376,coco-30k,"A double headed shower, with the curtain open.",31318,510852
5377,coco-30k,This is the inside of someone's deejay station.,91620,316842
5378,coco-30k,A man is cooking food at an island with wine glasses and bottles with women watching.,35508,374430
5379,coco-30k,A large pitcher of some beverage is on the table next to orange slices.,13691,452684
5380,coco-30k,A bathroom door is open showing a shower with the shower curtain mostly open.,30078,163628
5381,coco-30k,A kitchen with a very messy counter space.,1145,7574
5382,coco-30k,An orange lying next to a green utensil.,12242,563730
5383,coco-30k,A cat is laying in front of a laptop and a monitor.  ,88661,137412
5384,coco-30k,BMX bikers waiting in sandy area for something with gear to ride.,21187,375554
5385,coco-30k,Columns of black motorcycles in front of very old buildings.,58950,572630
5386,coco-30k,An empty modern kitchen is lit at night,73613,227952
5387,coco-30k,a lady that is i a blue towel laying down,2544,287190
5388,coco-30k,A kitchen with a black automatic dishwasher next to a  doorway.,86585,9236
5389,coco-30k,A white car with chrome rims parked next to an older lady.,74806,463203
5390,coco-30k,A modern toilet is seen in this picture.,54688,204188
5391,coco-30k,a couple of giraffes are standing on a trail,94661,12319
5392,coco-30k,A bathroom with blue and white tiles and a white toilet,87533,209322
5393,coco-30k,"A dog being washed in a tub, with a sad look on its face.",95428,329011
5394,coco-30k,A family is in the kitchen preparing a meal.,82541,450359
5395,coco-30k,a man is shaving in a mirror in a bathroom,3187,130732
5396,coco-30k,People in a hall with a camera taking a picture,5567,176857
5397,coco-30k,A kitchen with brown cabinets and white appliances.,98333,241599
5398,coco-30k,"A view of a mirror with a stop sign, in the back.",76935,574242
5399,coco-30k,A man riding on the back of a motorcycle down a street.,68224,344125
5400,coco-30k,A woman is sitting on a bench with a dog behind her.,68523,349642
5401,coco-30k,A big teddy bear on a black motorcycle. ,17236,5965
5402,coco-30k,The front of a motor cycle against a black and white tiled floor.,81531,418288
5403,coco-30k,Red ties hanging like nooses in a museum. ,88826,430791
5404,coco-30k,A small child is sitting on a toilet with an electronic device.,18819,340034
5405,coco-30k,a man sitting on a motorcycle in a bike shop,67943,409970
5406,coco-30k,The refrigerator is cluttered with several different materials.,60295,228335
5407,coco-30k,A cyclist and bus splash past one another on the street.,7370,12993
5408,coco-30k,A family of giraffes stand together beside a wood fence.,83053,553081
5409,coco-30k,A TV showing two men in hats and women.   ,82841,342367
5410,coco-30k,A giraffe stand alone in a zoo during the day. ,10113,260883
5411,coco-30k,a kitchen with a green rug sitting on a tile floor ,65232,280857
5412,coco-30k,A man sitting on top of a bench in front of a street.,40694,209782
5413,coco-30k,A bathroom with a sink under a mirror.,74886,560794
5414,coco-30k,A bathroom sink with lots of lights above it.,73715,96998
5415,coco-30k,A group of men sitting next to each other.,23313,84530
5416,coco-30k,A cow standing outside of a white building with a blue entrance.,19772,545958
5417,coco-30k,A young cat with a beautiful coat standing alone. ,76904,309160
5418,coco-30k,A group of people riding on the backs of motorcycles.,24381,231855
5419,coco-30k,A very tall building sitting along side of a street.,39943,361142
5420,coco-30k,a couple of people are sitting on a wood bench,86124,565085
5421,coco-30k,A Miami Air airplane flies against a blue sky.,82707,207323
5422,coco-30k,An old clock bordered by a tire in front of a rusted door.,89454,450452
5423,coco-30k,Several bench seats lined up in the car of a vehicle.,46809,578168
5424,coco-30k,Kitchen utensils and appliances have been left unattended,15289,78266
5425,coco-30k,a kitchen with cabinets and counter tops sitting on a tiled floor,51243,294595
5426,coco-30k,A restroom with toilet basins and a mirror,23813,78554
5427,coco-30k,Two men riding horses near a wooden fence.,20614,529344
5428,coco-30k,a black and white photo of a male sitting on a bench,63489,189103
5429,coco-30k,A bright blue and white AMX jet is in the clear sky.,11627,213412
5430,coco-30k,A woman rides a bicycle down a narrow corridor in an indoor Asian market,70335,488592
5431,coco-30k,A bunch of different bikes on a wooden floor.,22074,55022
5432,coco-30k,Planes lined up at an airport with the city skyline in the background.,39864,460373
5433,coco-30k,A man sitting on a toilet with a cigarette and beer can in hand.,99971,474095
5434,coco-30k,a jet airplane parked in the airport next to a building,47423,239992
5435,coco-30k,A man and a dog ride in a convertible.,73712,444576
5436,coco-30k,A toilet and toilet paper roll sit in a partially constructed bathroom.,91224,460944
5437,coco-30k,Animals surrounding a car and making a large mess.  ,22161,459922
5438,coco-30k,A small bathroom with a roll of toilet paper and a toilet,15183,77813
5439,coco-30k,A man is feeding a griaffe off of the stand,71648,551959
5440,coco-30k,A small child watching home videos on T.V.,55994,567254
5441,coco-30k,Cooking utensils in a glass next to an oven.,20126,443949
5442,coco-30k,People are walking and riding motorcycles on the street,25508,296649
5443,coco-30k,A toilet with the seat down in a tiled room. ,75826,251797
5444,coco-30k,Two jets fly overhead while the crowds look,58737,91667
5445,coco-30k,Two birds going up the back of a giraffe. ,20064,126502
5446,coco-30k,A pair of stuffed animals sitting on a bench in front of lake Michigan.,45491,140908
5447,coco-30k,Several animals walking on a road with cars behind them. ,33533,277542
5448,coco-30k,"A sink with a toothbrush holder, soap and a mirror around it. ",67712,231732
5449,coco-30k,A kitchen with lots of bottles and glasses on top of it.,58676,327047
5450,coco-30k,A white bathroom sink sitting under a bathroom window.,53879,90108
5451,coco-30k,A dog is looking out the door to the outside,55458,30611
5452,coco-30k,A large giraffe is looking at a person from the other side of the vehicle. ,18644,367860
5453,coco-30k,Men and women are riding on motorcycles on the street,82491,392392
5454,coco-30k,A couple of men peeing in public urinals.,18866,532735
5455,coco-30k,A motorcycle near a curb with a building in its mirror. ,51463,451496
5456,coco-30k,A man and woman are sitting at the table,84423,386424
5457,coco-30k,A man on a motorcycle outside in a black and white photo ,10513,457322
5458,coco-30k,A close up of a bathtub in a bathroom ,98924,460621
5459,coco-30k,A person riding on the back of a horse up some steps.,54473,483897
5460,coco-30k,A person on a motorcycle high in the air.,10197,419777
5461,coco-30k,This is what is left of a kitchen in an abandoned restaurant.,93834,432886
5462,coco-30k,Brown toned home office with natural and artificial lighting,81596,383107
5463,coco-30k,there is a large bucket and a small pot in this bathroom,73274,305464
5464,coco-30k,The kitchen with utensils on the wall is very old.,10220,337505
5465,coco-30k,A man in glasses wearing a shirt and tie.,7163,44081
5466,coco-30k,A man looking at himself through the mirror. ,74757,66821
5467,coco-30k,there is a sony lap top on a table along with other things ,91487,272738
5468,coco-30k,A large room with tables and chandeliers ,48042,380348
5469,coco-30k,a girl that is taking a picture in the mirror,58660,439971
5470,coco-30k,a couple of people on some motorcycles ,59194,49881
5471,coco-30k,a person that is riding a bike next to some seats,72326,297980
5472,coco-30k,An oven in a kitchen with wooden floors and tiled walls. ,58565,535977
5473,coco-30k,A dog is laying on a dirty bathroom floor.,33837,16164
5474,coco-30k,A blurry image of a busy city street at night,31477,14278
5475,coco-30k,The kitchen appears to be tidy with the dishes drying and the brook in the corner.,14697,358252
5476,coco-30k,A sink sitting under a large bathroom mirror.,77471,264628
5477,coco-30k,A person standing over a bike next to a store.,54234,416523
5478,coco-30k,A woman wearing a net on her head cutting a cake. ,61187,522418
5479,coco-30k,An airplane close to the ground with its landing gear dropped,44409,22797
5480,coco-30k,A group of chefs displaying a large airplane cake.,13998,369249
5481,coco-30k,A grey military jet traveling down the runway.,13766,30080
5482,coco-30k,A man sitting on a large bench talking on a cell phone.,96442,568623
5483,coco-30k,a toilet that has some bubbles coming out of it,74064,379554
5484,coco-30k,a motorcycle that is next to a bunch more,78944,301188
5485,coco-30k,There are several people standing next to motor cycles.,51475,345071
5486,coco-30k,A man and a woman are posing next to a red motorcycle.,44495,299887
5487,coco-30k,There is a car with bicycles on the top of it.,32847,101636
5488,coco-30k,A white bowl sitting on top of a table.,94639,161983
5489,coco-30k,a woman walking along a sidewalk while holding a suitcase,14922,405648
5490,coco-30k,there is a airplane that is landed at the airport ,9279,184330
5491,coco-30k,A magazine with the title Games for Cats is showing two cats in a toilet.,6868,279463
5492,coco-30k,An airplane landing at a new airport. ,13727,197226
5493,coco-30k,Colorful post notes are placed all over the bathroom and shower walls.,31379,233112
5494,coco-30k,A sculpture of a woman is laying in an all-white bed.,65614,374017
5495,coco-30k,A silver mountain bike is on a boat.,8418,536589
5496,coco-30k,A young child and an old women on a bench.,94355,170007
5497,coco-30k,A view of a bunch of toys hanging on a net.,30477,418346
5498,coco-30k,Elderly woman preparing beverages in modern kitchen of home.,24203,453485
5499,coco-30k,A man sitting on a top of a green couch.,41043,476925
5500,coco-30k,A chair sitting under a picture hanging on a  wall.,82411,541813
5501,coco-30k,Cute little cat sitting inside of a bidet,82368,168834
5502,coco-30k,A stove top oven sitting inside of a kitchen.,61318,226097
5503,coco-30k,Inside of a bathroom with an incomplete toilet and bathtub.,44266,568150
5504,coco-30k,A cat standing on top of a toilet seat next to a sink.,64923,30356
5505,coco-30k,A picture of a modern bathroom with a glass door to the toilet and large glass mirror.,74386,300034
5506,coco-30k,A bowl of bananas sitting on the kitchen table.,98201,480122
5507,coco-30k,Inside of a bathroom with a sink and toilet.,6800,443952
5508,coco-30k,"A bathroom with a toilet, a sink and a mirror.",80073,334161
5509,coco-30k,A crowd of people standing along a fence near an airport.,88342,303101
5510,coco-30k,A black toilet sitting next to a white bath tub.,54195,195790
5511,coco-30k,A white dresser with an attached mirror in a room with yellow walls.,56770,562875
5512,coco-30k,a white tub is in an outside area,96073,30270
5513,coco-30k,A couple of cats taking a nap on top of a bed.,86351,45108
5514,coco-30k,A man carefully places the food on the pan as a small crowd watches.,31930,19456
5515,coco-30k,A numbered Dirt bike next to a box truck,69864,521221
5516,coco-30k,A car with a snowboard on it's ski rack parked in a foggy parking lot next to two cars with empty ski racks. ,33208,97679
5517,coco-30k,a man is standing next to a motorcycle outside,31818,571264
5518,coco-30k,A man sitting on a bench in a room.,1342,271560
5519,coco-30k,A person on a long large train on a track.,94825,540160
5520,coco-30k,The light shines above the pan rack on the kitchen counter.,78156,107084
5521,coco-30k,An airplane flying over a big harvest moon,86756,515531
5522,coco-30k,there is a man that is posing for a picture in front of donuts,71756,377097
5523,coco-30k,a woman is sitting under an umbrella outside,78818,510636
5524,coco-30k,a woman is standing next to an oven,93270,467297
5525,coco-30k,A  nice looking motorcycle in a cityscape,91539,474680
5526,coco-30k,"A plane passing over a harbor, on a clear day.",96201,502347
5527,coco-30k,A bike parked outside a brick building. ,86327,575254
5528,coco-30k,A white expensive car parked on top of a cement slab.,40940,528351
5529,coco-30k,A man and woman riding on the back of a motorcycle.,3133,331785
5530,coco-30k,Foods are being put in to the mason jars,39075,464622
5531,coco-30k,A for of four urinals mounted to a wall.,59728,469810
5532,coco-30k,this is a very dark picture of a room with a shelf,25123,118113
5533,coco-30k,Meat left out on the kitchen counter could spoil.,97458,181179
5534,coco-30k,a small plane with a propellor sitting on a runway,77017,266502
5535,coco-30k,An out house with the door opened sitting in a field.,70767,197278
5536,coco-30k,A kitchen with a wooden table  with a cat sleeping on top of it.,34085,347113
5537,coco-30k,A white toilet sitting next to a large window.,78950,476715
5538,coco-30k,A large fire place sitting next to a doorway.,76588,500784
5539,coco-30k,Large shower sectional of a bathroom in a brown and white photograph.,25882,42568
5540,coco-30k,A woman eating vegetables in front of a stove.,46559,328757
5541,coco-30k,there is a chocolate cake and ice cream on a plate,34831,191301
5542,coco-30k,A city filled with lots of tall white buildings.,71348,217517
5543,coco-30k,A white bathroom sink sitting under a mirror.,24770,7276
5544,coco-30k,A grouping of bananas hanging in a tree next to grassy area.,27789,466835
5545,coco-30k,there is a white toilet and a sink in this bathroom ,45652,472704
5546,coco-30k,A group of people that are sitting on bikes in the street.,65139,354929
5547,coco-30k,An empty kitchen with lots of tile blue counter top space.,83595,549954
5548,coco-30k,a tiled bathroom with a toilet and scale in it ,82168,354662
5549,coco-30k,A desk sitting next to a showroom of cars in it.,2618,120961
5550,coco-30k,A city at night filled with lots of traffic.,79649,302787
5551,coco-30k,A white toilet sitting next to a shower in a bathroom.,61246,463610
5552,coco-30k,there are many men playing soccer in a field,55275,314880
5553,coco-30k,A group of people in suits standing in a kitchen.,85942,232073
5554,coco-30k,A white toilet sitting under a window next to a chair.,24999,491203
5555,coco-30k,A dog is staring at a picture on a flat screen tv.,34605,137595
5556,coco-30k,a blue bicycle a blender sand and a person,3905,456695
5557,coco-30k,Woman walking down the side walk of a busy night city.,86678,73527
5558,coco-30k,A woman sitting on top of a red motorcycle.,33581,394199
5559,coco-30k,The motorcyclist in a helmet is looking over the side of a bridge. ,86111,574357
5560,coco-30k,A bike parked in front of a doorway.,34723,188146
5561,coco-30k,A group of people enjoying a day at the beach.,88972,349199
5562,coco-30k,A person is riding his motorcycle on the dirt road.,12046,331185
5563,coco-30k,there are two woman that are riding motorcycles ,79358,487688
5564,coco-30k,this kitchen is very big and has wood cainets,48818,138806
5565,coco-30k,A bunch of people standing around and posing for a picture.,43288,418523
5566,coco-30k,A shelf of various cups and glasses mounted to the wall.,26298,543672
5567,coco-30k,A view of a table with a bunch of cakes and tea on it.,48134,330954
5568,coco-30k,Large sized kitchen with a dining room section.,1292,147545
5569,coco-30k,this man is riding a board near a field,96355,350099
5570,coco-30k,A man on a motorcycle riding in the desert.,41225,160190
5571,coco-30k,there is a all black motorcycle that is parked on the street,50605,134215
5572,coco-30k,A computer workstation with a laptop and a desktop computer.,38405,360951
5573,coco-30k,A man standing next to a parked motorcycle.,50597,4764
5574,coco-30k,there is a man and a woman standing in a kitchen ,46706,87052
5575,coco-30k,a jet airplane sitting on a runway next to a building,47186,260094
5576,coco-30k,A woman holding a colorful kite on top of a green field.,64102,158922
5577,coco-30k,a bathroom with tiled floor and a circular window ,7009,478742
5578,coco-30k,this is a bench out near a field,40344,334975
5579,coco-30k,a bathroom view of a tiolet and sink ,55060,321706
5580,coco-30k,A white sink sitting under a mirror next to a toilet.,43390,331096
5581,coco-30k,Three people sit on a bench looking out over the water. ,19706,227736
5582,coco-30k,A person on a bike is next to a train on the tracks. ,89129,131581
5583,coco-30k,A very tall clock tower sitting above a building.,95867,513497
5584,coco-30k,Road is littered with old cars and some wrecked trucks with a lone red and white stop sign at a grassy lot ,82612,222094
5585,coco-30k,An intersection with cars is pictured in this image.,30250,216790
5586,coco-30k,A bicycle sits parked in front of a bookstore.,11142,535808
5587,coco-30k,A mirror shows another light in a background of a wonderful bathroom,29041,570586
5588,coco-30k,"A kitchen with a stove, table, cabinets, and other items ",29393,108212
5589,coco-30k,"A bathroom with sink, toilet, and bathtub and black and white floor tiles.",70250,350799
5590,coco-30k,A stop sign sits in front of a billboard in a quiet area.,39069,27755
5591,coco-30k,A view of a kitchen with a burner top stove.,98578,55066
5592,coco-30k,a black toilet some toilet paper and brown tiles,58436,156533
5593,coco-30k,A TV sitting on top of a counter inside of a store.,57975,43243
5594,coco-30k,A view of a sign that leads to Brooklyn and Queens.,55380,178982
5595,coco-30k,A man and a woman looking at cell phones.,98142,483374
5596,coco-30k,A man riding on the back of a motorcycle.,76490,546976
5597,coco-30k,a bathroom with a both a toilet and bidet,66768,59920
5598,coco-30k,"A kitchen with two stoves, an island, and appliances.",87158,175364
5599,coco-30k,The plane is taking off into the yellow sky.,7390,480223
5600,coco-30k,A woman is seen in the rear view mirror of a motorcycle.,95433,345560
5601,coco-30k,Person riding a four wheeler on a beach towards a bridge.,3895,495519
5602,coco-30k,A man walking around with his dog and sheep.,48060,550013
5603,coco-30k,there are two cats that are laying inside of a tub,64636,127854
5604,coco-30k,there is a small dog that is looking threw the glass,70116,151537
5605,coco-30k,A man taking a picture of himself in front of three huge beer bottles,2576,235839
5606,coco-30k,this is a bathroom that has a sink and toilet,9618,62423
5607,coco-30k,A PICTURE OF ALL WHITE IN A BATHROOM ,90308,563175
5608,coco-30k,this is a clock on top of a tower,1408,535997
5609,coco-30k,"this is a group of people standing near a river
",72047,353577
5610,coco-30k,A group of people standing around a kitchen preparing food.,57895,387696
5611,coco-30k,A lidless toilet is shown caked in dirt or other filth.,89397,284628
5612,coco-30k,A small white car with a small white dog riding in it.,54941,395230
5613,coco-30k,A group of people walking down a walkway.,50827,123360
5614,coco-30k,A man riding a motorcycle down a road near a forest.,60272,115363
5615,coco-30k,A herd of sheep grazing on a lush green hillside.,92068,92338
5616,coco-30k,A little girl holding a brown stuffed animal.,14934,543408
5617,coco-30k,this bathroom is very big and has lots of room,75115,421676
5618,coco-30k,Two people are looking at a truck while a dog is being walked.,82438,276719
5619,coco-30k,Several people are seen sitting around and smoking.,56112,491902
5620,coco-30k,Two people sitting on a motorcycle that parked on the road.,10647,349437
5621,coco-30k,this woman is getting juice from a fruit,95441,162454
5622,coco-30k,some peeled oranges sitting in a clear blender,51214,158333
5623,coco-30k,A kite flying in the sky on a cloudy day.,32576,470370
5624,coco-30k,A group of people are standing in the snow on skis.,84132,71602
5625,coco-30k,a bathroom with towels under a sink and a big mirror above it,6161,257327
5626,coco-30k,A large jetliner sitting on top of an airport runway.,76399,578591
5627,coco-30k,A red bus parked next to a crowd of people.,13003,316063
5628,coco-30k,A daytime view of a messy kitchen corner.,48791,275197
5629,coco-30k,A man riding a red scooter down the street.,76,278435
5630,coco-30k,An old toilet outside against an old painted wall.,81345,379529
5631,coco-30k,A woman with her hand on the seat of an automatic toilet in a display.,23767,371529
5632,coco-30k,A kitchen counter top with a white bowl sitting next to another white bowl.,78827,316008
5633,coco-30k,A group of men standing around a luggage cart.,78012,401330
5634,coco-30k,a person in a bathroom having a reflection in the mirror,28269,186074
5635,coco-30k,a cat sitting in a sink with its eyes open,70934,185773
5636,coco-30k,a sink in a bathroom with a shaver and personal hygeine items on the counter top,24441,328255
5637,coco-30k,a street with people and vehicles in the middle of it,63387,83935
5638,coco-30k,a room showing a wooden table and a capboard,11742,463134
5639,coco-30k,a group of vehicles parked next to a firehydrant,96998,301634
5640,coco-30k,a motor bike carrying very many people on the street,14926,46077
5641,coco-30k,Toilet in a bathroom in an international location with a basket.,83500,242073
5642,coco-30k,Group of horses in a field with a pinto in the foreground.,11425,578902
5643,coco-30k,a man standing in a bathroom looking into a mirror,52494,370233
5644,coco-30k,A black and white still life of a branch with flowers in a vase,95412,56443
5645,coco-30k,A bike behind a rail for safety on a train ride.,4150,135670
5646,coco-30k,Colorful lights reflect off the items inside this bathroom stall,88672,560279
5647,coco-30k,A bathroom with outdated fixtures and a clothes hamper in the middle of the floor.,97153,474003
5648,coco-30k,A minimalist room features white appliances and beige walls.,75019,428041
5649,coco-30k,Pink bike sits on a guard rail by the river.,38342,240918
5650,coco-30k,"A bathroom with a white toilet, tub, and tile floor.",1532,298452
5651,coco-30k,a rome with rose flowers and a sink ,64537,223789
5652,coco-30k,a bath room with its door open and light on,27877,483179
5653,coco-30k,Motorcycles parked in a row in the street. ,19307,580975
5654,coco-30k,a man on a motorcycle that is in some grass,44315,147979
5655,coco-30k,"A couple of dead, stuffed giraffe on display.",98679,258402
5656,coco-30k,A man sitting on top of a bench with a newspaper.,30435,16249
5657,coco-30k,A green and blue motorcycle parked on the side of a road.,94346,385428
5658,coco-30k,A very simple bathroom with beige and cream colored decor.,60925,397166
5659,coco-30k,a man that is riding a motorcycle on a road,92398,401068
5660,coco-30k,A man kneeling down in front of a refrigerator.,94975,425226
5661,coco-30k,A person is leaning low on their motorcycle on the tracks.,86480,578792
5662,coco-30k,Looking down on a stony surface shows a bowl with an orange in it and what looks like a large piece of red plastic.,47056,255950
5663,coco-30k,A road traveling along a field under a cloudy sky.,37183,168619
5664,coco-30k,A little girl is making a huge mess with a birthday cake. ,36935,505035
5665,coco-30k,a small little bathroom with a toilet in it,45314,110783
5666,coco-30k,A kitchen with tile back splash and stainless steel appliances.,1462,207196
5667,coco-30k,A large jetliner sitting on top of a tarmac.,91627,72776
5668,coco-30k,A group of police officer standing in front of a red bus.,27300,219928
5669,coco-30k,A woman holding two rainbow slices of cake.,63846,59547
5670,coco-30k,The clock on the side of the metal building is gold and black. ,29793,432017
5671,coco-30k,The motorcyclist has his hands at his side while riding swiftly down the road. ,54281,568107
5672,coco-30k,people riding bikes near a beach and others swimming,13503,163412
5673,coco-30k,A cat laying on the seat of a motorcycle ,58481,513585
5674,coco-30k,A woman sitting on a bench with cars behind her.,24479,35313
5675,coco-30k,A small baby bird on a piece of metal.,48766,269436
5676,coco-30k,a jet airliner wing that has two jet engines,90407,365623
5677,coco-30k,A man riding a bike down a dirt road.,96960,250730
5678,coco-30k,A white bath tub sitting under a window.,47915,363784
5679,coco-30k,A white toilet tin a bathroom sitting next to a sink.,44613,19817
5680,coco-30k,The motorcycle is tilting as he turns through a cave. ,87674,23741
5681,coco-30k,The show girl is posing on a blue motorcycle on display. ,93641,407602
5682,coco-30k,A small wooden toy car has an elephant sitting inside.,81754,266853
5683,coco-30k,Buses and cars on interstate going both ways. ,2425,210273
5684,coco-30k,Two messy toilet stalls with toilets where one lid is raised. ,39510,94858
5685,coco-30k,A large black counter top sitting next to a sink.,11876,165257
5686,coco-30k,A couple of airplanes sitting on top of a runway.,75704,268944
5687,coco-30k,A large jet flying through a cloudy blue sky.,82714,67608
5688,coco-30k,A christmas wreath is hanging from the door,62335,464296
5689,coco-30k,A bottle of wine sitting on top of a table next to a glass of wine.,11909,111032
5690,coco-30k,A dog sitting in front of an open door looking outside.,2190,96618
5691,coco-30k,A group of bikers parked in the middle of a street.,19064,147068
5692,coco-30k,A plane is on display near the water.,34915,107582
5693,coco-30k,A mans reflection in a side view mirror.,64555,154222
5694,coco-30k,there are two cats that are laying with each other,20748,402473
5695,coco-30k,a bunch of people in a kitchen getting food ready,99409,156320
5696,coco-30k,A bunch of airplanes are parked on the runway. ,57020,8888
5697,coco-30k,a black motorcycle is parked by the side of the road,96499,263828
5698,coco-30k,there is a cat that is drinking out of the toilet,11862,211042
5699,coco-30k,A bus stopped on the side of the road while people board it.,64861,192128
5700,coco-30k,A bunch of bicycles parked on the street with items sitting around them ,97863,118450
5701,coco-30k,A old television set is displaying an old computer game in front of two bookshelves.,36722,509260
5702,coco-30k,a dog with a plate of food on the ground,84590,68005
5703,coco-30k,A young man riding through the air on top of a skateboard.,86475,145831
5704,coco-30k,A man sitting at a table in front of bowls of spices.,35709,168355
5705,coco-30k,there is a bathroom that has a lot of things on the floor,41152,544597
5706,coco-30k,A passenger jet aircraft flying in the sky.,29552,134042
5707,coco-30k,A TV sitting on top of a wooden stand.,14492,347389
5708,coco-30k,a couple of people in uniforms are sitting together,77347,73622
5709,coco-30k,A group of giraffe standing around each other.,470,172004
5710,coco-30k,A man driving a luggage cart sitting on top of a runway.,90230,62915
5711,coco-30k,"A bathroom with a clear, shower door and a white toilet.",30367,436520
5712,coco-30k,A smiling man in a nice hat in a car.,83883,471641
5713,coco-30k,A man standing next to a white frisbee flying over a field.,98160,148128
5714,coco-30k,A kitchen counter top sitting next to a stove top oven.,90783,103538
5715,coco-30k,Some water that is reflecting a building near it.,19802,227460
5716,coco-30k,A cat puking into a white toilet on top of a bathroom floor.,83174,98302
5717,coco-30k,A very plain and undecorated bathroom with a sink and a toilet.,36132,443963
5718,coco-30k,Pair of dogs sitting on green towel in back seat of motor vehicle.,35212,364010
5719,coco-30k,A busy bus station with ramp going downstairs.,88137,350122
5720,coco-30k,An empty kitchen in a house with a window in the corner.,24172,343466
5721,coco-30k,a jetblue plane sits on the tarmac at an airport,70654,15709
5722,coco-30k,there is a glass vase with a cloudy liquid in it,1522,408143
5723,coco-30k,A plane with people watching it and people near it. ,78645,448288
5724,coco-30k,A bathroom has a light above the toilet.,53209,138124
5725,coco-30k,A bare kitchen in the midst of a paint job.,16787,55544
5726,coco-30k,Two giraffes on the grass in a fenced area.,59210,538465
5727,coco-30k,"A room with wooden slatted walls adorns two shower knobs, a trash can, a soap dish with soap and a sink.",46492,146730
5728,coco-30k,A white urinal mounted to a bathroom wall.,86817,256668
5729,coco-30k,some people riding some bikes right by some boats ,13704,360767
5730,coco-30k,A couple of toilets sitting in a  bathroom.,38209,496604
5731,coco-30k,A bathroom sink sitting under a bathroom mirror.,62480,167529
5732,coco-30k,there is a bike that is parked on a small bridge,19267,228436
5733,coco-30k,A man sitting on top of a toilet with a toy on his lap.,78819,32258
5734,coco-30k,The roll of toilet paper beside the toilet is empty. ,39769,555012
5735,coco-30k,A white toilet sitting under a bathroom mirror.,88256,421316
5736,coco-30k,A blue vehicle with a dog sitting in the driver's seat.,48786,354537
5737,coco-30k,A little girl that is standing near a toilet.,46562,427476
5738,coco-30k,a bunch of green bananas and some ripe bananas next to a coffee cup,7463,528176
5739,coco-30k,A horse standing in front of a fence outside of a building.,33520,97609
5740,coco-30k,A toilet that has its seat open with water in it.,87021,65889
5741,coco-30k,A group of people standing around each other.,70955,560890
5742,coco-30k,A large jetliner sitting on top of an airport tarmac.,3685,255096
5743,coco-30k,Kitchen of home with electric stove and wood oven.,42990,234277
5744,coco-30k,The authentic Midwestern kitchen has elements similar to a  pottery studio.,17190,289260
5745,coco-30k,A kitchen sink inside of a center island.,47445,277563
5746,coco-30k,Two people are cutting into a cake at a celebration.,55417,523217
5747,coco-30k,A vintage airplane with a nazi sign on the tail.,63680,192535
5748,coco-30k,A bike parked on a sidewalk near a street.,87877,203912
5749,coco-30k,A cat sitting in a bathroom sink under a  faucet.,7291,361621
5750,coco-30k,A large jet flying through a cloudy sky.,90602,1029
5751,coco-30k,red traffic lights at an intersection on a well lighted street,26656,465996
5752,coco-30k,A bathroom sink and mirror reflecting the shower and bathtub.,49521,557172
5753,coco-30k,A large jetliner sitting on top of an airport tarmac.,9082,558677
5754,coco-30k,A large jetliner sitting in front of a tall building.,10091,411841
5755,coco-30k,A woman sitting at a table smoking cigarette.,27514,10192
5756,coco-30k,A couple of silver cars parked around a fire hydrant.,40852,89556
5757,coco-30k,A person sitting on top of a bench next to a light pole.,60135,222313
5758,coco-30k,A flock of birds sitting on top of a green field.,91778,76310
5759,coco-30k,An airplane flying through a smoggy gray sky.,30006,120592
5760,coco-30k,Two sings that are in a bathroom underneath a mirror.,74255,535902
5761,coco-30k,A white bathroom sink sitting next to a toilet.,88029,221681
5762,coco-30k,A cat crawling into a white toilet seat.,67018,401614
5763,coco-30k,A guy is riding on a motorcycle on a dirt track. ,70692,502927
5764,coco-30k,a woman in the kitchen cooking some food,92681,325239
5765,coco-30k,A toilet sitting in a bathroom next to a sink.,89154,235699
5766,coco-30k,A group of people standing in front of an airplane.,31449,82994
5767,coco-30k,A cop riding on the back of a motorcycle.,43777,499622
5768,coco-30k,A man standing outdoors next to a dirt bike and ATV.,49580,303768
5769,coco-30k,A series of photos showing a banana holder.,45907,193926
5770,coco-30k,A television with a video game logo sits in front of two trays with controllers.,70326,292741
5771,coco-30k,A tall brick clock tower sitting under a blue cloudy sky.,83046,366330
5772,coco-30k,A kitchen counter filled with lots of dishes.,15730,429366
5773,coco-30k,A man and woman standing over a dinner table with a cake.,50979,346703
5774,coco-30k,A standing toilet hole filled with nasty filthy.,68348,220446
5775,coco-30k,A group of people standing around a center kitchen island.,35014,277390
5776,coco-30k,A white sink sitting under a bathroom window.,91091,385001
5777,coco-30k,A couple of girls walking up the side of a vehicle.,53911,463398
5778,coco-30k,A motorcycle parked next to an office desk.,94089,121162
5779,coco-30k,a very small bathroom with a toilet and towel ring,18202,219473
5780,coco-30k,Several motor scooters are jammed into a small market street.,33519,574702
5781,coco-30k,A boat is parked alongside a row of parked bicycles.,79431,429924
5782,coco-30k,A young girl walking through a flower garden.,36584,40998
5783,coco-30k,Some very pretty horses with riders in the grass.,68939,507975
5784,coco-30k,a red and white plane is fling in the sky,83379,561014
5785,coco-30k,a digitally manipulated image of cars on a highway at night in the city,60026,565012
5786,coco-30k,A motorcycle parked on the side of a road.,35354,540187
5787,coco-30k,"close up of a microwave, oven, and a range",52456,174887
5788,coco-30k,The kitchen sits empty and unused during the day.,62276,432150
5789,coco-30k,The small street is crowded with small shops.,46448,252625
5790,coco-30k,a woman seated on a toilet with a magazine,11388,24386
5791,coco-30k,a white and green plane is in the sky,43310,298372
5792,coco-30k,A group of sheep graze in a grassy field.,93295,193050
5793,coco-30k,A woman holding her umbrella in her hands,47306,65661
5794,coco-30k,A clean bathroom is pictured in this image.,37603,411968
5795,coco-30k,A man riding on the back of a motorcycle next to a muscle man.,49865,103163
5796,coco-30k,A white sink sitting next to a toilet.,75942,110884
5797,coco-30k,A small airplane sitting on top of a runway.,38860,497878
5798,coco-30k,A kitchen with metallic appliances and wooden cabinets.,79014,315740
5799,coco-30k,A man riding on the back of a blue motorcycle.,85012,357758
5800,coco-30k,A white toilet sitting under a water tank.,39903,40051
5801,coco-30k,A woman preparing food while standing in a kitchen.,56451,311902
5802,coco-30k,"A woman with large breast, sitting next to a fedora hat.",49135,419828
5803,coco-30k,Someone riding a skateboard down a bunch of stairs,88790,495687
5804,coco-30k,a couple of soldiers are sitting on a plane,87045,512830
5805,coco-30k,"Cars going down the road, someone on their bicycle, and people walking",87244,314907
5806,coco-30k,A couple of white bathroom sinks sitting next to a toilet.,92334,111951
5807,coco-30k,A man with a red neck tie and a gray jacket.,10132,363403
5808,coco-30k,A woman sitting on top of a red bench next to a man on a bike.,84922,114183
5809,coco-30k,A laptop computer sitting on top of a computer desk.,2977,436814
5810,coco-30k,A white bathroom sink sitting under a bathroom mirror.,61022,287714
5811,coco-30k,A whit toilet sitting under a picture in a frame.,35540,158982
5812,coco-30k,A woman is sitting on the toilet in the restroom.,56622,157862
5813,coco-30k,A large jetliner sitting on top of a tarmac.,53412,193389
5814,coco-30k,A man standing in a kitchen preparing food.,69611,540209
5815,coco-30k,a person in leather clothes and helmet riding a bike ,56544,434581
5816,coco-30k,"a bathroom with some orange walls, and a black and white counter ",92744,136033
5817,coco-30k,A group of motorcycles parked next to each other.,78703,244539
5818,coco-30k,A bathroom with a white toilet next to a shower.,23934,339761
5819,coco-30k,A white kitchen sink filled with dishes and eating utensils.,84990,239627
5820,coco-30k,A large metal spoon sitting on top of a cup.,32249,367424
5821,coco-30k,A person kneeling down behind a surfboard on a bike.,65443,183676
5822,coco-30k,A man riding a bike across a cross walk with a dog.,73858,153692
5823,coco-30k,A dog sitting in the passenger seat of a car.,22983,26654
5824,coco-30k,A white toilet sitting next to a toilet paper roller.,84355,32285
5825,coco-30k,A large jetliner flying over a dry grass field.,44945,134886
5826,coco-30k,A beautiful young lady standing in front of a shower.,13117,399384
5827,coco-30k,A small one way road is filled with moving cars and pedestrians watch. ,69724,48609
5828,coco-30k,A white toilet sitting in a bathroom stall next to a TP dispenser.,67561,234413
5829,coco-30k,A computer monitor sitting on top of a computer desk.,51653,292792
5830,coco-30k,A bathroom counter with two sinks under two mirrors.,68216,476313
5831,coco-30k,A man riding on the back of a blue motorcycle.,66100,137586
5832,coco-30k,A stove top with lots of pots and pans.,33738,309775
5833,coco-30k,A bike parked on top of a green grass covered field.,99573,261870
5834,coco-30k,Three sheep in a field of grass near a steep hill.,4818,271138
5835,coco-30k,A metallic toilet sitting in a metallic stall.,91601,335284
5836,coco-30k,A man riding on the back of a motorcycle down a street.,63965,187857
5837,coco-30k,A kitchen filled with a stove top oven and a refrigerator.,15146,30213
5838,coco-30k,A brown dog eating food from a dog bowl.,76769,576136
5839,coco-30k,A kitchen with lots of clutter a door with a large window.,23060,38963
5840,coco-30k,A young boy standing in front of a computer keyboard.,64359,318219
5841,coco-30k,A dog standing on the back of a brown car.,92443,78823
5842,coco-30k,A toilet sitting in a stall next to a toiler paper roller.,5929,194297
5843,coco-30k,A woman standing in a kitchen next to a sink.,76436,346972
5844,coco-30k,A man riding a motor cycle down a race track.,49357,290231
5845,coco-30k,A couple of people in wet suits standing by surfboards on a beach.,74958,369221
5846,coco-30k,A woman standing on the outside of an airplane.,901,371330
5847,coco-30k,A fighter jet flying through a  cloudy sky.,81986,8016
5848,coco-30k,A young man riding a skateboard down a ramp.,98006,225494
5849,coco-30k,Three sheep standing in the brush near a small tree.,40367,442979
5850,coco-30k,A twin engine airplane parked at a small airport with men in yellow vests looking it over.,56863,189955
5851,coco-30k,The living room and kitchen of a home.,87145,488075
5852,coco-30k,a little kid that is eating a big cake,22186,152623
5853,coco-30k,a counter with cleaning supplies ice cube trays and racks from a fridge and a drawer missing,94908,210372
5854,coco-30k,cars that are stopped at a traffic light,71370,21202
5855,coco-30k,A vintage VW bus that is red and white.,2123,235788
5856,coco-30k,A bathroom with several urinals lined up next to each other.,42730,363280
5857,coco-30k,A giraffe looks out over a tall fence with trees in the background.,18177,43376
5858,coco-30k,The view of a bathroom with a wall mounted sink.,74240,138819
5859,coco-30k,"A blurry living room scene suggests a wide screen T,V. with a game playing, bookshelves, a low cluttered table, a couch, and closest and clearest, a sports t-shirt with the number thirty-five on it.  ",69927,278313
5860,coco-30k,A close view of the round part of a tablespoon shows a wilted piece of lettuce resting on the spoon.  ,3279,33931
5861,coco-30k,a couple of fire trucks that are by a motorcycle,58803,454129
5862,coco-30k,a couple of chairs that are at a table,23552,390184
5863,coco-30k,An empty living room in an apartment with several chairs sitting in the middle of it.,91179,137118
5864,coco-30k,"A white bathroom with a sink, towels and tub.",39857,121215
5865,coco-30k,A clock sits at the top of the ceiling,44072,368821
5866,coco-30k,A stove and a sink in a room.,36241,570659
5867,coco-30k,A picture of a yellow Cam-am three wheel motorcycle. ,92330,146701
5868,coco-30k,Two people are standing fairly close in a kitchen.,4027,512667
5869,coco-30k,A little girl is feeding a giraffe at the zoo.,5914,363321
5870,coco-30k,A long haired cat lounging on top of a car.,40824,559776
5871,coco-30k,An elaborate church with tiled floors and stained glass.,86903,471991
5872,coco-30k,A sun spot is the only mark in a clear sky with a plane traveling over a snowy expanse with a bunch of detritus on it.  ,10356,170605
5873,coco-30k,There are cups and plates on the dish drainer.,68319,63726
5874,coco-30k,A woman sitting on a couch in a public restroom. ,54739,118181
5875,coco-30k,A person holding a toothbrush under the running water of a faucet.,42211,58079
5876,coco-30k,A bunch of people gathered together in a very big crowd.,29242,351875
5877,coco-30k,A view from the street of two traffic lights and a building. ,11930,71850
5878,coco-30k,Partially open door leading to a kitchen from a hallway.,88321,266206
5879,coco-30k,Inside of a living room with a cat watching a tv.,4203,580540
5880,coco-30k,A man with a helmet riding on a motorcycle with a basket on it. ,20881,235000
5881,coco-30k,A family with two kids on the boat.,31054,382683
5882,coco-30k,A parked silver Nissan Titan four door pickup truck.,36568,236717
5883,coco-30k,A dog sitting in the sidecar of a motorcycle.,35523,26730
5884,coco-30k,Two racing motorcycles and riders racing at a track.,15246,524887
5885,coco-30k,A man and boy ride horse and stir up dust.,33818,347836
5886,coco-30k,A cook slices up food while preparing a dish.,93674,10149
5887,coco-30k,"A toilet in front of a window, and next to the shower are shown",70009,356906
5888,coco-30k,a black plane is sitting on a runway,64492,64332
5889,coco-30k,A bathroom sink shapped like a glass bowl.,86438,387362
5890,coco-30k,A man with a long beard and big ears sitting down.,82144,501919
5891,coco-30k,A young boy holding a blue surfboard in his right arm.,43372,521994
5892,coco-30k,A woman laying on a bathroom floor next to a toilet.,24378,187243
5893,coco-30k,A city full of buildings under a smoggy sky.,59638,120977
5894,coco-30k,a man being goofy while brushing his teeth ,83588,549450
5895,coco-30k,A large professional kitchen has a stainless steel counter.,71498,425569
5896,coco-30k,A white airplane is parked on a green runway.,35191,74434
5897,coco-30k,A small black dog sitting in front of a TV.,50567,296056
5898,coco-30k,"A bathroom is shown, with a urinal and a bidet.",94548,510606
5899,coco-30k,A woman touching a decoration on top of a batman cake.,31849,112437
5900,coco-30k,A group of vehicles driving down a city street.,41805,133923
5901,coco-30k,a small air plane on a run way,70480,67569
5902,coco-30k,"A meal on an airplane of cereal, milk, and fruit.",43305,324008
5903,coco-30k,A white sink sitting under a bathroom window.,63014,197796
5904,coco-30k,A dog sits in the basket of a bicycle leaning against bleachers.,90672,61108
5905,coco-30k,An orange cat standing in front of a glass door.,24116,468411
5906,coco-30k,A white bath tub sitting under a window next to a  sink.,79671,560298
5907,coco-30k,A bike parked in front of a wooden structure.,66027,255232
5908,coco-30k,A bike parked in front of a parking meter.,84021,370208
5909,coco-30k,A flower hanging from a bunch or green bananas.,98305,302997
5910,coco-30k,A stainless steel kitchen sink on a black granite countertop.,35961,229311
5911,coco-30k,a little kid riding a skateboard at a park,10527,394892
5912,coco-30k,"A  pair of people sitting on a motorcycle, in the grass.",31755,68093
5913,coco-30k,a tall clock tower with a sky background ,7844,547106
5914,coco-30k,a bunch of motorcycles are parked together outside,8919,316138
5915,coco-30k,A motorcycle parked in front of building next to a umbrella covered table.,45773,508541
5916,coco-30k,A woman taking a drink and a man eating a banana in a kitchen.,98625,106228
5917,coco-30k,An airplane having maintenance done on the tarmac.,39205,547136
5918,coco-30k,A bathroom with a white sink next to a  shower.,38334,549668
5919,coco-30k,A man with a small teddy bear peeking from a backpack.,59791,357586
5920,coco-30k,The woman stands near the stove near a baby chair on the ground. ,71604,393984
5921,coco-30k,A woman walking across a street with two baskets full of items.,56294,44065
5922,coco-30k,a man sitting on a dirtbike in a circus ring,85833,52624
5923,coco-30k,A bathroom sink sitting next to a white toilet.,25999,110601
5924,coco-30k,A basket filled with ripe bananas on top of a table.,19293,362189
5925,coco-30k,A large propeller airplane sitting on top of a tarmac.,71086,263758
5926,coco-30k,A man riding a motorcycle on the side of a road.,43280,551794
5927,coco-30k,A bathroom with a tiled floor and a sink.,36070,422916
5928,coco-30k,A person in a room with knives and scissors hanging on the wall.,65999,297787
5929,coco-30k,A toilet sitting in a bathroom next to a scale.,15527,360371
5930,coco-30k,A cook in a restaurant kitchen poses with food.,42923,348447
5931,coco-30k,Four jets fly overhead trailing smoke with a clear blue sky.,48239,288002
5932,coco-30k,A street with people and cows walking down it.,28074,195800
5933,coco-30k,"A bathroom is shown with a mirror, sink, and shower.",31525,137402
5934,coco-30k,a black and white photo of a person riding a dirt bike,67572,145620
5935,coco-30k,A very close shot of what seems to be three birds on a Giraffe. ,77255,40926
5936,coco-30k,A black dog in a bathroom drinking out of the toilet.,32291,145544
5937,coco-30k,A white bathroom sink sitting under a window.,75371,431967
5938,coco-30k,A bike parked next to a red door on the front of a house.,90643,428847
5939,coco-30k,A kitchen that has various paintings on the walls and a large fish aquarium against the wall.,78671,569251
5940,coco-30k,Lufthansa has been a recognizable airline for many years.,86739,394131
5941,coco-30k,A small kitten standing in a  blue hat on top of a table.,35859,554291
5942,coco-30k,A man is brushing his teeth while a piece of tissue sticks out of his ear.,95426,318022
5943,coco-30k,a table top with some laptops on it ,85985,89268
5944,coco-30k,A three wheeled motorcycle parked with some other old vehicles.,6650,67131
5945,coco-30k,A person is working on a motorcycle in a garage.,10465,304217
5946,coco-30k,"A bathroom with sink, tub, window, and hand rails.",22812,340737
5947,coco-30k,Fish eye angle view of small kitchen with fire extinguisher at far end.,93691,56127
5948,coco-30k,a small bowl of fruit on a table ,63788,136772
5949,coco-30k,a number of horses in a field near a building ,57911,234807
5950,coco-30k,Red stoplights that are next to a train.,28869,333746
5951,coco-30k,A small sport utility vehicle that is loaded down with a bunch of luggage. ,13534,27530
5952,coco-30k,The support railing around the toilet has brown padding on it. ,75423,443780
5953,coco-30k,The kitchen features a table in the middle of the room.,7823,92998
5954,coco-30k,The man is walking with a bicycle covered with small green bananas. ,58575,559312
5955,coco-30k,a tiled bathroom with a toilet and bathtub inside of it ,35030,126671
5956,coco-30k,A bowl full of lemons sitting on to of a counter.,64421,185901
5957,coco-30k,a couple of chairs and beds in a room,18968,68331
5958,coco-30k,A man sitting on the ground and working on a motorcycle.,9772,419265
5959,coco-30k,A puppy is looking at a paper bag in the kitchen.,82540,199575
5960,coco-30k,a white toilet is laying on its side on the ground,51754,452121
5961,coco-30k,"A restroom with urinals, sinks, and a mirror.",4881,388284
5962,coco-30k,A woman standing in front of a counter with a plate of food.,64201,79754
5963,coco-30k,A white toilet sitting in a bathroom next to a sink.,81761,416745
5964,coco-30k,A group of people sitting at tables next to each other.,26728,70744
5965,coco-30k,"A woman wearing a coat, sitting down next to a table. ",39954,14635
5966,coco-30k,"A doge stands outside of a car, which has another dog peeking out the back.",82129,408307
5967,coco-30k,An airplane flying in the air near the airport,43338,179142
5968,coco-30k,A building with a clock on the front and side of it near other buildings,26388,262522
5969,coco-30k,A kitchen seen is pictured while food is being prepared.,41501,522779
5970,coco-30k,"A living room has a mirror, window, couch, chair, and television in it.",48585,489264
5971,coco-30k,A stove top with a tea kettle sitting on top of it.,39381,508481
5972,coco-30k,A bathroom has a shower and toilet in it.,85559,446574
5973,coco-30k,A lot of broccoli sitting in a bowl,65591,76138
5974,coco-30k,two men standing between  a blue motorcycle and a wall ,881,484279
5975,coco-30k,A white kitchen counter next to an oven.,67065,569801
5976,coco-30k,A shower curtain sits open in an empty and clean bathroom. ,32398,6213
5977,coco-30k,A cat looking out of a vehicle window during rain.,52350,477791
5978,coco-30k,A young man bending next to a toilet.,61646,3156
5979,coco-30k,A man riding on the back of a red motorcycle.,11052,540869
5980,coco-30k,A person sitting on top of a bench with their arms spread out.,24959,319541
5981,coco-30k,A row of seats inside of an airplane.,78253,224119
5982,coco-30k,A green bowl with two ripe bananas in it.,61490,4749
5983,coco-30k,A car and a motorcycle viewed from through a windshield.,10748,417400
5984,coco-30k,A group of sheep standing in the road.,32144,424799
5985,coco-30k,A man is sitting in a bathtub cowering and naked.,66757,121875
5986,coco-30k,A white dog sitting inside a red car next to a string of flowers hanging off the mirror.,62752,194306
5987,coco-30k,Two people stand near a bike wearing helmets.,30464,192699
5988,coco-30k,A bathroom that has a white toilet with the seat lifted up and various rolls of toilet paper on the top of the toilet tank.,68941,558083
5989,coco-30k,THIS IS A YUCKY PICTURE OF A LARGE AND SMALL TOILETS,42697,416774
5990,coco-30k,Cat lying on ground between pair of  parked bicycles ,69779,111970
5991,coco-30k,Two cats getting into a sink in a bathroom ,21904,332159
5992,coco-30k,A black and white photo of a martin Luther King next to a Lincoln statue.,4069,291202
5993,coco-30k,"A bathroom with purple walls, and a white sink, toilet, and cabinet.",62195,295960
5994,coco-30k,a commercial plane is on the airport runway,37358,360698
5995,coco-30k,Comical picture messages are on the restroom wall.,82591,63715
5996,coco-30k,A man is holding a pillow up as shade from the sun.,62663,363181
5997,coco-30k,A bathroom with white urinals amd sinks and brown stall doors.,13116,139971
5998,coco-30k,"The view through the door of a small, tiled bathroom.",28466,571596
5999,coco-30k,A computer that is on a desk near a window.,62177,250108
6000,coco-30k,A cat that is sitting down on a porch.,44924,154057
6001,coco-30k,A group of five jets flying through the sky.,47686,268371
6002,coco-30k,There are bikes parked next to the cars.,59495,17882
6003,coco-30k,A man wearing goggles and standing in the snow.,82367,426754
6004,coco-30k,A giraffe sticking it's head in a van.,66837,58223
6005,coco-30k,this is a woman cleaning a public restroom,12200,278966
6006,coco-30k,A toilet that is on the ground in a bathroom.,81703,137927
6007,coco-30k,An orange and blue bus parked on the side of a road.,40639,510169
6008,coco-30k,A airplane that is sitting on a runway.,97407,501502
6009,coco-30k,A counter top with a plate containing a slice of pizza.,77865,51355
6010,coco-30k,this is a white bike with a light on it,52789,225784
6011,coco-30k,You will not get anywhere if you open these doors and try to pass through.,79213,467386
6012,coco-30k,A group of animals that is standing in the grass.,64090,68050
6013,coco-30k,A zebra and giraffe that is in the dirt.,45737,573932
6014,coco-30k,A man and woman that are around a table.,41592,538163
6015,coco-30k,"A green military jeep, and motorcycle on display.",93638,114770
6016,coco-30k,The man is sitting in the small kitchen on a stool. ,69651,31442
6017,coco-30k,A black cat sitting on top of a wooden fence.,85327,291412
6018,coco-30k,A dog in a small bathroom with an orange shower curtain.,99175,68078
6019,coco-30k,A motorcycle that is painted green and parked.,11432,555942
6020,coco-30k,A cat that is standing over a bowl.,68079,543686
6021,coco-30k,Two chefs in a restaurant kitchen preparing food. ,31022,222564
6022,coco-30k,Two people who are in the street on motorcycles.,91944,244455
6023,coco-30k,Two television that are sitting on stands in a room.,27983,120535
6024,coco-30k,An old fashioned stove top oven with pots sitting on top of it.,40551,536369
6025,coco-30k,A bathroom that has a microphone and amplifier in it.,52043,120566
6026,coco-30k,Mr. and Mrs. Santa Clause standing on the side of a road as Santa points to the sky.,68696,416864
6027,coco-30k,"This kitchen has a black stove, stainless steel refrigerator and white cupboards.",68196,237928
6028,coco-30k,A sign in front of an airplane warning of no smoking.,32558,30044
6029,coco-30k,A woman that is sitting in front of a cake.,5245,363036
6030,coco-30k,A lot of thought went into decorating this rustic bathroom.,96687,215709
6031,coco-30k,A computer chair that is in front of two computers.,234,448928
6032,coco-30k,This bathroom is so filthy it probably doesn't work anymore,78657,356351
6033,coco-30k,A lamp that is on sitting on a table.,56891,332499
6034,coco-30k,Three people on a motorcycle in the middle of a city.,65339,80260
6035,coco-30k,A toilet is sitting amongst things have been abandoned.,58748,250066
6036,coco-30k,Two airplanes flying in tandem leave a smoky contrail in the sky.,29439,504378
6037,coco-30k,A toilet that is in a bathroom with the lid up.,72413,309495
6038,coco-30k,"Bikes lined up at a bike stop with an advertisement near by that says ""your butts""
",1179,262228
6039,coco-30k,A gold and white dog sticking its head out a car window.,4860,184771
6040,coco-30k,A crane operates over the city being built,36441,573843
6041,coco-30k,Tea time in the dollhouse is much like the real thing.,16507,307564
6042,coco-30k,A toilet that has its seat open in a bathroom.,56524,71618
6043,coco-30k,A sink that is hanging underneath a mirror.,83730,146149
6044,coco-30k,A plane that is flying in the sky.,58710,296265
6045,coco-30k,A clock that is on the side of a tower.,60172,138755
6046,coco-30k,A man that is standing near a bike.,90795,541897
6047,coco-30k,"A view into a bathroom with a white toilet, tub and a wooden cabinet sink.",991,46503
6048,coco-30k,An airplane with wheels wheels barely off ground tilted slightly upward from the pavement to the blue sky.,43637,488270
6049,coco-30k,"A store that says ""Ray's Tavern"" and a group of motorcycles parked outside the store. ",76455,451471
6050,coco-30k,Yellow motorcycle parked on a lot with other motorcycles.,12403,485822
6051,coco-30k,A few jumbo jet planes parked in a waiting area of an airport.,11704,469130
6052,coco-30k,this is a white sink and a white toilet,28961,470348
6053,coco-30k,A car with some surfboards in a field.,29439,310391
6054,coco-30k,A unique restroom is seen in this image.,71712,478175
6055,coco-30k,A group of scattered sheep move down a country path.,97634,133098
6056,coco-30k,A man that is sitting on a motorcycle.,32500,115626
6057,coco-30k,A cat on a city street with people.,86124,488573
6058,coco-30k,Two giraffes stand in sand inside an enclosure. ,32438,138821
6059,coco-30k,A small toilet rests in a dark colored bathroom.,78608,567787
6060,coco-30k,Three young men prepare to race bicycles back in the early nineteenth century as a crowd of mean watch.,691,62109
6061,coco-30k,THREE BLUE UTILITY SINKS AND TWO WHITE REGULAR SINKS,49510,350975
6062,coco-30k,A group of people that are standing in the grass.,31625,281315
6063,coco-30k,Large commercial cargo plane sits on tarmac next to radar equipment.,41476,323709
6064,coco-30k,TWO PEOPLE IN A VERY SMALL APARTMENT SIZE KITCHEN,68618,64342
6065,coco-30k,An office desk with several monitors and birthday balloons,46019,486457
6066,coco-30k,A pot that is sitting on a stove.,53906,332861
6067,coco-30k,A man that is sitting on a motorcycle.,78783,140651
6068,coco-30k,A large flat screen television with entertainment center.,6412,256180
6069,coco-30k,A person on a red and black moped on a sidewalk. ,94552,464153
6070,coco-30k,A group of women that are standing near each other.,94873,241318
6071,coco-30k,A man is using a urinal at a public restroom,82550,530033
6072,coco-30k,a couple of vehicles are driving down the street,87122,448078
6073,coco-30k,The pair of shoes is on the bathroom floor near the cabinet. ,51322,329534
6074,coco-30k,The landing gear is down as the airliner comes in for a landing. ,34509,109206
6075,coco-30k,The black and white silhouette of a motorcycle near water,76212,242870
6076,coco-30k,A man that is sitting at a keyboard.,34407,326088
6077,coco-30k,A portable bathroom has a gray plastic urinal.,30083,117396
6078,coco-30k,A zebra and giraffe that is in the dirt.,55340,516026
6079,coco-30k,a sink and an oven in a kitchen,75643,366406
6080,coco-30k,"A bathroom with a toilet, sink bowl and mirror.",35084,350649
6081,coco-30k,A kitchen with white cabinets and a dark blue countertop,24655,264347
6082,coco-30k,A giraffe that is standing in a field.,52099,185821
6083,coco-30k,A television sits on a cabinet in a room.,42645,155142
6084,coco-30k,A crowded kitchen that is cluttered and messy.,29678,447169
6085,coco-30k,A picture of a street light through a rainy lens.,7045,144706
6086,coco-30k,A few kittens in a bowl in a white void,97778,350075
6087,coco-30k,A kitchen that has a sink and cabinets in it.,85330,69340
6088,coco-30k,A small bathroom is pictured in this image.,99349,215675
6089,coco-30k,a small toy plane flying over a street ,14028,440928
6090,coco-30k,An overview of land and snow capped mountains.,39949,159983
6091,coco-30k,a man sitting at the end of a counter using a couple of tablets,65298,436273
6092,coco-30k,A man standing behind a bench with something in his hands.,36098,104340
6093,coco-30k,"a tray filled with assorted plates and bowls, most with veggies in it",67946,319221
6094,coco-30k,two cat getting ready to get into a fight,10227,230151
6095,coco-30k,a woman holding a colorful striped umbrella ,3647,370486
6096,coco-30k,A clean bathroom is seen in this image.,52449,192440
6097,coco-30k,A bathroom that has a sink with a glass bowl.,87539,195042
6098,coco-30k,a toilet a sink and a bad mirror,99518,11727
6099,coco-30k,A horse-drawn carriage moves past a historical building.,34290,190494
6100,coco-30k,A large passenger jet sits parked at an airport.,39930,270136
6101,coco-30k,A man drives a motorcycle down a road in the fog.,65554,165518
6102,coco-30k,this motorcycle rider is wearing the same colors as his bike,98489,369791
6103,coco-30k,Horses graze in front of a large building amid snow.,94116,37675
6104,coco-30k,A man riding on a motorcycle near people walking.,30903,222370
6105,coco-30k,this is a bathroom and a tub with tile,38801,69223
6106,coco-30k,A clean bathroom is seen in this image.,75117,193251
6107,coco-30k,a tiled bathroom with a tub inside of it ,2232,295769
6108,coco-30k,a man sits on a motor cycle next to a gas pump,66817,198352
6109,coco-30k,a man stands next to a bunch of parked bike ,48243,520427
6110,coco-30k,Several motorcycles parked in a parking lot in front of a building.,32793,470703
6111,coco-30k,Several different pots place on a stone floor.,39907,534271
6112,coco-30k,A plate of food placed next to a computer.,19488,248314
6113,coco-30k,Several young boys sitting in the library using laptops. ,58943,575964
6114,coco-30k,Women that are sitting outside on a patio area and smoking cigarettes.,19390,504074
6115,coco-30k,A close up of a front end of a motorcycle and tire.,14396,385473
6116,coco-30k,A building tower has two clocks on it. ,17818,414711
6117,coco-30k,a person riding a motorcycle on a city street ,19174,53344
6118,coco-30k,Bathroom decorated in blues and greens with a mirror over the vanity.,17904,400123
6119,coco-30k,The trunk is filled with equipment to ski.,12632,332461
6120,coco-30k,A dog sitting on top of a motorcycle in an intersection.,39210,495357
6121,coco-30k,a bird on top of a cross on top of a building ,47193,71145
6122,coco-30k,a motorcycle parked in a field with a sky background ,58251,8181
6123,coco-30k,Two park benches sitting in grass under dappled sunlight,68873,386189
6124,coco-30k,A cat sitting on the dashboard of a car.,40117,31392
6125,coco-30k,Two men sit on boxes with their motorcycle on the side of the road. ,39620,421131
6126,coco-30k,a traffic light hanging over a city street ,42514,369482
6127,coco-30k,A large airplane flies overhead through the sky.,29986,535198
6128,coco-30k,a close up ofa clock with statues of people ,94023,330720
6129,coco-30k,a bird standing close to a parked car,16872,551517
6130,coco-30k,The bathroom has wood trim and white furniture.,9872,119137
6131,coco-30k,A young person in a motorcycle outfit sitting on a bike preparing to ride.,72904,250939
6132,coco-30k,A man's reflection is in a mirror of a bathroom.,65538,513129
6133,coco-30k,A United jet liner flying through the air.,43772,183306
6134,coco-30k,In a library children look on as costumed characters give a presentation,50045,283785
6135,coco-30k,a fridge and a sink in a home kitchen,45275,223094
6136,coco-30k,A modern bathroom is shown with a square sink.,17211,103631
6137,coco-30k,"An odd bathroom with stone walls, and two rolls of toilet paper",15329,372495
6138,coco-30k,a large plane is taking off near a field,87448,468525
6139,coco-30k,A white bowl filled with leafy greens on a rain soaked ground.,8486,410670
6140,coco-30k,A group of motorcycle riders on the road.,28481,267112
6141,coco-30k,Two wash basins side-by-side next to a toilet and a bidet.,55484,540820
6142,coco-30k,A toilet is shown with a black ruck.,82684,431355
6143,coco-30k,A city bus is shown with a bike in front.,58245,204887
6144,coco-30k,A vintage truck with a surfboard on top is painted matted black.,81551,217133
6145,coco-30k,We are looking at a small airline toilet.,23343,421471
6146,coco-30k,We are looking at a large old bath room.,49485,341397
6147,coco-30k,Bicyclists are riding on a trail beside other walkers. ,46091,7125
6148,coco-30k,The airplane is majestic as it takes off into the air.,48490,283163
6149,coco-30k,We are looking in the door of a bathroom stall.,75314,74787
6150,coco-30k,Balloons filled with helium attached to a food truck.,51785,435047
6151,coco-30k,Two people standing beside a motorcycle are kissing.,93556,261999
6152,coco-30k,The bus and the car are driving down the street.,18748,124952
6153,coco-30k,A toilet is just inside a bathroom doorway.,13674,28022
6154,coco-30k,Two rows of various makes of parked motorcycles.,81499,15827
6155,coco-30k,Person riding a bicycle while walking two dogs. ,66015,333018
6156,coco-30k,"Bathroom with white fixtures, tiles and corner shower.",36690,270721
6157,coco-30k,several motorcycles are parked next to each other,30840,18490
6158,coco-30k,Blue toilet in center of shot with tile floor.,20644,550797
6159,coco-30k,A man is smiling behind a large dog.,4899,426342
6160,coco-30k,a glass walled shower in a small bathroom,64848,103856
6161,coco-30k,The open doors looking into a subway from the station.,58405,508482
6162,coco-30k,A bathroom vanity with a his and hers sink.,46572,491071
6163,coco-30k,A man standing next to a parked motorcycle.,32735,78288
6164,coco-30k,a kitchen counter covered with cleaning supplies and other items,68636,405146
6165,coco-30k,A blue car driving down a street past parked cars.,51867,101013
6166,coco-30k,A kite that looks like an airplane is lying on grass.,57859,511363
6167,coco-30k,a close up photo of a shaggy dog in a car,91680,410016
6168,coco-30k,A long black train traveling past a graffiti covered wall.,50172,210241
6169,coco-30k,Atv parked alongside rural roadway with trees lining landscape.,67464,5213
6170,coco-30k,A blue motorcycle parked along the side of the road,82824,360342
6171,coco-30k,An angry cat hissing while sitting on a bathroom counter.,71330,467675
6172,coco-30k,Chef preparing meals doe guests at restaurant or oriental foods.,41370,113590
6173,coco-30k,a black motorcycle sitting on the dirt road,36442,449768
6174,coco-30k,a laptop sitting in a chair next to a big tv,79638,83768
6175,coco-30k,The two urinals are on the wall with color tiles. ,70399,206271
6176,coco-30k,A man riding a bike down the middle of a street.,84171,139637
6177,coco-30k,A dog is in a bathroom with chewed toilet paper.  ,23543,136720
6178,coco-30k,A airplane that is sitting on a tarmac.,56665,225076
6179,coco-30k,A woman in red sitting on a park bench.,17658,370401
6180,coco-30k,A woman walking next to a man riding a pink bike.,19150,577932
6181,coco-30k,Five dirt bikes are in the garage before the race begins.,98182,394002
6182,coco-30k,A wooden bench that is next to a meter.,88727,75173
6183,coco-30k,Two sheep that are standing in the grass.,27735,444073
6184,coco-30k,A man sitting eating an apple with his bicycle.,9877,344271
6185,coco-30k,A young girl washing her hands at a sink while someone watches.,31289,228604
6186,coco-30k,A person taking a selfie in front of a large mirror.,64175,264805
6187,coco-30k,Rust and white cat curled up in a toilet bowl.,8446,557239
6188,coco-30k,"A group of planes sitting on a runway, in the day.",71536,396051
6189,coco-30k,A large cargo van parked in front of a smart car.,47055,141597
6190,coco-30k,A bathroom with a long counter and rugs on the floor.,35977,579134
6191,coco-30k,A toilet and bidet sit in a bathroom that is under construction.,41563,182175
6192,coco-30k,A bathroom with a bunch of white tiles in it.,19631,412996
6193,coco-30k,a view of a kitchen from across the room.,57684,525083
6194,coco-30k,The skilled skier is taking the downhill route.,35141,171371
6195,coco-30k,Commercial jetliners fly over an amusement park with a Ferris wheel.,17134,315610
6196,coco-30k,A group of motorcycles parked in front of a building.,58544,376628
6197,coco-30k,A cop riding on top of a motorcycle.,45220,225792
6198,coco-30k,A man with a red helmet on a small moped on a dirt road. ,93885,391895
6199,coco-30k,A bunch of birds sitting in a bread basket.,9410,527040
6200,coco-30k,"An airplane sits on the tarmac of an airport, with a disconnected boarding gate.",70293,52759
6201,coco-30k,cars that are stopped at a traffic light,74089,338105
6202,coco-30k,"A kitchen that has a stove, refrigerator, and table in it.",21315,577654
6203,coco-30k,a man wearing leather riding on a motorcycle ,23045,11538
6204,coco-30k,Rows of sitting benches in old looking church,86724,455325
6205,coco-30k,A modest modern looking kitchen for an apartment,73516,321865
6206,coco-30k,A clean kitchen is shown with and without a center island.,13047,353317
6207,coco-30k,A view of a bathroom with a huge pipe behind it.,12150,57124
6208,coco-30k,Pair of motorcycle riders about to drive on road,88236,313733
6209,coco-30k,A single green motorcycle Ina full parking lot,45112,85376
6210,coco-30k,A fire hydrant sitting on the side of a city street.,47386,254864
6211,coco-30k,some white sheep and a black and white dog and grass,49716,176078
6212,coco-30k,Several buses and animals pulling carts on a road.,89065,387761
6213,coco-30k,A toilet seat sits on top of a hole in the ground.,16195,636
6214,coco-30k,A stove top oven with two pans on top of it.,84487,214007
6215,coco-30k,A black and white cat sitting in front of a black bag.,35553,250951
6216,coco-30k,"Tray of food disguised in car, on restaurant counter",28153,558840
6217,coco-30k,"A plate topped with meat, eggs and potatoes.",41642,521605
6218,coco-30k,A motorcycle sitting on the side of a street corner.,70177,271177
6219,coco-30k,A view of a bathroom with the shower curtain open.,60430,547816
6220,coco-30k,A bathroom with black wall tiles and a robe hanging on the wall,76542,216320
6221,coco-30k,Helmeted person taking a tight corner on a motorcycle.,85078,344325
6222,coco-30k,a couple of red and white planes are on a runway,58211,9699
6223,coco-30k,The cat is laying under a vehicle on the pavement. ,70319,461775
6224,coco-30k,The container on the sink is holding flowers and a toothbrush. ,78508,432619
6225,coco-30k,A bathroom that has over flooded with water. ,60256,219657
6226,coco-30k,A woman is kneeling down next to a toilet.,34499,39267
6227,coco-30k,A bathroom with black and white tiles all around it.,17716,281683
6228,coco-30k,"Two computer monitors, a laptop, keyboard and mouse set up on a desk.",19757,567552
6229,coco-30k,a bowl with some noodles inside of it ,4505,511572
6230,coco-30k,A bowl that has soup and a spoon in it.,47115,523175
6231,coco-30k,two legs a toilet a stall door and white tile,89142,306140
6232,coco-30k,People sitting and standing in the grass near an umbrella.,85676,291179
6233,coco-30k,"A bathroom with a spa tub, sink, toilet, yellow stripes on the floor, and flower decorations on the walls.",90533,241602
6234,coco-30k,a van with the back open and appliances in the back ,21804,197775
6235,coco-30k,An airplane in the sky with a group of clouds behind it. ,17125,401221
6236,coco-30k,A cubicle with two computers at the desk. ,94562,427306
6237,coco-30k,A sculpture of a toilet made from woven wood. ,83373,352584
6238,coco-30k,some people bicycles sunglasses cars and some buildings,29077,294918
6239,coco-30k,two people on motorcycles car and trees and water,66888,24343
6240,coco-30k,a wood counter top in a long bathroom,24103,372816
6241,coco-30k,a tiled kitchen with some appliances inside of it ,38009,350230
6242,coco-30k,A bike sitting near the water that has boats in it.,34036,526622
6243,coco-30k,A cat laying on a cushion on top of a table.,61112,74583
6244,coco-30k,Three sheep standing inside a fenced in area.,36229,199610
6245,coco-30k,Two people standing in the grass flying a kite.,16727,130225
6246,coco-30k,A toilet in the ground next to a trash can.,58445,109860
6247,coco-30k,A bathroom that has tools on the floor.,16063,418070
6248,coco-30k,a woman sitting on a picnic table on her cell phone,11928,225850
6249,coco-30k,A glass of milk next to a round purple vase.,51299,376365
6250,coco-30k,The side of a train showing the entrance and two doors.,29471,79566
6251,coco-30k,Two people in tan long sleeve shirts with two dark laptops. ,48679,540926
6252,coco-30k,An old-fashioned motorcycle painted mint green and parked on a curb.,52807,7253
6253,coco-30k,"A stop sign with a sticker that says ""worrying"" fastened to it.",32147,420627
6254,coco-30k,airplanes floating in the lake on a cloudy day,78494,466347
6255,coco-30k,A airplane that is flying in the sky.,9792,79392
6256,coco-30k,A police vehicle is driving on a city street.,69031,91909
6257,coco-30k,A yellow BMW touring motorcycle parked in the street as people look on from behind a steel rail on the sidewalk.,72926,256192
6258,coco-30k,"A restroom view of a toilet, sink, and shower curtain.",85853,124654
6259,coco-30k,An olive colored toilet sitting inside of a room.,42083,419081
6260,coco-30k,a plastic toilet in a small bathroom stall,31260,512463
6261,coco-30k,a woman sitting on a wooden park bench smiling at the camera,90392,246066
6262,coco-30k,A kitchen countertop is cluttered with various kitchen items.,60159,11360
6263,coco-30k,A couple of people that are sitting on mopeds.,74272,567944
6264,coco-30k,A public restroom with a toilet in the floor.,82084,564023
6265,coco-30k,A toilet that is in a bathroom under a pole.,33162,136926
6266,coco-30k,Two people wearing skis on a snowy hill ,65811,472078
6267,coco-30k,Two sinks that are in a kitchen near a window.,58090,262682
6268,coco-30k,a bathroom that has a sink and a toilet in it,34782,535403
6269,coco-30k,An airplane is parked on a runway and someone is standing nearby.,2016,285120
6270,coco-30k,a traffic light on a side walk near a street ,20882,284860
6271,coco-30k,A black and white image of a woman catching a bird,30785,152886
6272,coco-30k,A airplane in the sky with a bear on the wing.,74571,436895
6273,coco-30k,a close up of a person cutting plants ,83380,41478
6274,coco-30k,A man riding a bike across a street.,21899,447119
6275,coco-30k,A white urinal mounted to a wall under a flushing mechanism.,15414,552977
6276,coco-30k,A white toilet sitting underneath a window next to a tub.,51770,136780
6277,coco-30k,A few people working on various computers in an office.,45962,85160
6278,coco-30k,a couple of cats that are inside of a car,26067,514668
6279,coco-30k,Several jars filled with oranges on a kitchen counter.,67832,307138
6280,coco-30k,A desk that has two computer monitors on it.,30234,158384
6281,coco-30k,A man riding a skateboard down a side walk.,5623,422677
6282,coco-30k,A dog is sitting in the passenger seat of a car.,463,351840
6283,coco-30k,A bright red light that is on the side of a snow covered street.,74661,245102
6284,coco-30k,Toilet wedged between two trash cans in drive,33212,564851
6285,coco-30k,"A neat and tidy, modern, residential, family kitchen",12419,392915
6286,coco-30k,An airplane on the tarmac and the glass passageway leading to its door,33166,143224
6287,coco-30k,A guy posing with a guitar while making a song.,4607,106172
6288,coco-30k,Group of motorcycle riders looking over traffic on the street,21,126606
6289,coco-30k,a close up of a cat laying on a bench,37204,171809
6290,coco-30k,a big airplane that is on a runway,76634,495054
6291,coco-30k,a big field of sheep that are outside,48725,495332
6292,coco-30k,Two planes next to one another on damp airport road,29579,287994
6293,coco-30k,A small blue and yellow plane sits at an airfield.,23420,73634
6294,coco-30k,a few birds eating stuff off the ground,41634,123585
6295,coco-30k,A row of parking meters sitting along side of a street.,63318,264718
6296,coco-30k,The people are sitting around the benches outside.,2140,495377
6297,coco-30k,An adult stands near the counter in a kitchen. ,87599,287335
6298,coco-30k,two people riding a motorcycle on a city street ,12025,344862
6299,coco-30k,a tv on top of an entertainment center ,87237,247123
6300,coco-30k,a person standing next to a school bus ,32874,436350
6301,coco-30k,a number of motorcycles parked near one another ,52574,359451
6302,coco-30k,People standing around two model stunt planes on grass.,90181,441752
6303,coco-30k,A black and white photo of a woman asleep on a park bench surrounded by foilage.,98223,10534
6304,coco-30k,A bathroom sink with a bottle of cleaning solution on it. ,64471,37044
6305,coco-30k,a close up of a cat in the back of a car ,1465,344368
6306,coco-30k,a woman and her cat nervously look at the camera,2056,281296
6307,coco-30k,a giraffe is standing next to a zebra outside,28562,545678
6308,coco-30k,a large air plane on a run way ,7143,392670
6309,coco-30k,A woman watching TV with an arm reaching from under the couch. ,42329,453065
6310,coco-30k,a person sitting at a desk with a keyboard and monitor ,62882,386912
6311,coco-30k,A white bathroom is shown with a blue towel.,45225,397327
6312,coco-30k,The police have several motorcycles parked together outside.,78854,375892
6313,coco-30k,The bathroom is clean and ready to use.,59564,202273
6314,coco-30k,A white toilet sitting next to a bathroom sink.,12617,87561
6315,coco-30k,a large airplane that is parked in a runway,98432,83235
6316,coco-30k,a couple of pans you would use to pee in,89132,35770
6317,coco-30k,A couple of wooden benches sitting across from each other.,72473,417596
6318,coco-30k,a bunch of things are outside of a clean white home,27763,578016
6319,coco-30k,a couple of big buildings that are next to each other,73347,132143
6320,coco-30k,a white toilet with a cat on top of it,94478,219567
6321,coco-30k,A small bathroom with a striped tile floor.,25186,156754
6322,coco-30k,A kitchen sink sitting inside of a white counter.,64937,329341
6323,coco-30k,The street is empty and a bunch of signs have been knocked down.,2854,190515
6324,coco-30k,a man rides a motor cycle across a field,10543,154721
6325,coco-30k,A man standing in a  kitchen preparing food.,76490,320480
6326,coco-30k,a couple of women that have a dog on a leash,85155,424162
6327,coco-30k,a bike that is parked next to a brick wall,70693,46571
6328,coco-30k,A trash bin with decorative stickers of cars on them on the ground,20959,346621
6329,coco-30k,A blue pickup is driving through an intersection.,9583,278222
6330,coco-30k,A man sits on a motorcycle holding a cat. ,34271,449879
6331,coco-30k,Partially eaten cake on a white plate in a restaurant,68726,460266
6332,coco-30k,A bike parked next to a cluster of trees.,60532,453138
6333,coco-30k,some parked bicycles and two women on a bench and a book,16926,80185
6334,coco-30k,some people on some grass playing frisbee and trees,18769,458750
6335,coco-30k,The cat is standing up next to the toilet.,30999,292365
6336,coco-30k,The bathroom has a blue trash can on the floor,42312,370444
6337,coco-30k,"A person trying to get on a train, but the door shut.",92713,99081
6338,coco-30k,a motorcycle that has some sticks on his back,96900,116455
6339,coco-30k,A cat sleeping on the car made of metal,77656,441165
6340,coco-30k,a man that is riding a motorcycle with smoke behind,36403,503108
6341,coco-30k,"The german shepherd is guarding the front of the barred door,",98433,454576
6342,coco-30k,a couple of people that are in a kitchen,35945,69914
6343,coco-30k,A white toilet sitting next to a white bath tub.,74559,42383
6344,coco-30k,A group of people that are standing in front of a island.,23292,438774
6345,coco-30k,A group of airplanes in the sky in formation. ,95109,131386
6346,coco-30k,A man that is sitting on a moped.,89481,363875
6347,coco-30k,There is a man with a helmet riding a motorcycle.,29723,360735
6348,coco-30k,A dog that is on the back of a motorcycle.,95770,43433
6349,coco-30k,A group of people getting their surfboards and heading for the ocean.,12367,163479
6350,coco-30k,Woman standing in a dark wooded kitchen with a carton in her hands.,2281,404257
6351,coco-30k,Various people standing in line in front of a gate at an airport.,60887,362122
6352,coco-30k,A motorcycle being displayed on a platform during an event.,31326,530220
6353,coco-30k,a man riding a small motorcycle in the bustling streets,97503,88168
6354,coco-30k,A kitchen sink sitting underneath a large wooden window.,83213,495681
6355,coco-30k,The retro bicycle shop is actually three stories high.,2066,531324
6356,coco-30k,a person riding on a bicycle on the street in front of some cars,94417,122166
6357,coco-30k,An office cubicle with clutter on the desk,96585,118051
6358,coco-30k,The doors on a subway car are slightly opened.,17905,425404
6359,coco-30k,The vehicles are travelling down the road together.,52133,228558
6360,coco-30k,A row of bathroom toilets by a green wall.,76927,23696
6361,coco-30k,The woman is dipping food out of the pot to eat.,52205,54654
6362,coco-30k,"The bathroom is multi-colored containing black, white, and green.
",57186,94113
6363,coco-30k,A modern open concept kitchen and dining room.,43225,393054
6364,coco-30k,a burnt tea spoon sits on a wooden surface ,30236,129113
6365,coco-30k,a cat laying inside of a bathroom sink,50137,271035
6366,coco-30k,A row of motorcycles are parked in a parking garage.,54502,441245
6367,coco-30k,"A person riding a baby blue motorcycle near haystacks
",74084,431570
6368,coco-30k,A violet table in the middle of a white themed kitchen,11949,561514
6369,coco-30k,a giraffe standing in the doorway of a barn,55393,461993
6370,coco-30k,A neon colored building lit up in the night time,49163,293671
6371,coco-30k,A row of different colored motor scooters sitting in front of a store.,3189,35952
6372,coco-30k,a couple of cats that are sitting on a fence,69524,379869
6373,coco-30k,A bathroom that has a toilet and a trash can in it.,75846,100853
6374,coco-30k,a cat that is standing on a toilet and next to a sink,86100,157807
6375,coco-30k,a very big boat that is in some water,64085,265234
6376,coco-30k,A row of motor scooters at a motorcycle festival.,92747,406734
6377,coco-30k,A giraffe stand in front of large rocks and looks at a tree.,46500,496264
6378,coco-30k,A view of kitchen with two microwaves in it.,5298,452695
6379,coco-30k,A man riding a motorcycle approaching a man wearing camouflage clothing.,3016,538242
6380,coco-30k,A man riding on skis down a slope on a course.,31843,250594
6381,coco-30k,A woman and man serving themselves food from a table.,69579,279491
6382,coco-30k,The airplane is flying near a cloud in the sky. ,95955,217060
6383,coco-30k,The person stands in a field flying a yellow kite. ,59957,425727
6384,coco-30k,The motorcycle racer leans down to the road while making a turn. ,92263,89329
6385,coco-30k,The cake has two motorcycles on the icing. ,54992,184659
6386,coco-30k,"A bathroom shower, toilet and mirror that is decorated in tan tile.",97565,169598
6387,coco-30k,"Small bathroom with sink, toilet, and shower/tub combo.",1339,433625
6388,coco-30k,An airplane is vintage and is on display.,98191,504000
6389,coco-30k,A bunch of people in turbans at a parade.,10834,355569
6390,coco-30k,A bathroom with two sinks and a shower.,40985,455483
6391,coco-30k,Man sitting on a living room with green couches. ,37608,156497
6392,coco-30k,"A bathroom with a bathtub, separate shower, sink, cabinets and mirror.",24685,35526
6393,coco-30k,A man sitting at a table looking at a box of cupcakes. ,3975,408071
6394,coco-30k,The cat is sitting underneath the parked car. ,28885,75742
6395,coco-30k,The sleek fighter jet is flying sideways through the air. ,43684,119232
6396,coco-30k,The elderly man in a cap is sitting on a wooden bench. ,41941,75595
6397,coco-30k,A person with a helmet on a blue motorcycle.,94629,141962
6398,coco-30k,A motorcycle is parked on the beach near the ocean.,72130,373333
6399,coco-30k,A BMW motorcycle parked on a brick street.,35877,198495
6400,coco-30k,Adults and children gathered at large family meal. ,41391,335065
6401,coco-30k,some kind of room with some weird things in it,53744,58910
6402,coco-30k,a red motorcycle that is going down the road,84962,112841
6403,coco-30k,a bunch of airplanes that are inside of a building,36222,184359
6404,coco-30k,Men climbing on board a bus that needs to be repaired.,81447,445834
6405,coco-30k,A cat on the kitchen counter sticking its nose in a cupboard.,69764,402333
6406,coco-30k,a kitchen that looks like its being redone,91296,184205
6407,coco-30k,A bicycle is standing next to a bed in a room.,45414,274687
6408,coco-30k,A giraffe is standing outside in a field.,69998,356836
6409,coco-30k,a couple of people that are biking down a road,93177,261888
6410,coco-30k,a dog that is laying next to another person,10699,466229
6411,coco-30k,A cat wearing a sweater and glasses under a book shelf.,85385,41322
6412,coco-30k,a road that has a bunch of bikers driving down it,88654,281696
6413,coco-30k,a person that is spiting something up in a toilet,62212,381134
6414,coco-30k,a kitchen that has a sink and a stove in it,9201,284365
6415,coco-30k,People passed out on the floor of a bathroom with urinals and a toilet.,28921,276263
6416,coco-30k,a line of motorcycles that are next to a road,3990,478575
6417,coco-30k,a bathroom that has a sink and a toilet in it,24910,303726
6418,coco-30k,A cluttered desk in an office cubicle near other cubicles.,37593,83462
6419,coco-30k,people that have their face painted holding a cell phone,73622,203539
6420,coco-30k,A woman standing in a doorway as a dog turns and looks at her.,31405,374990
6421,coco-30k,A giraffe and two zebras are standing in the grass.,44677,149890
6422,coco-30k,A motorized passenger buggy with people walking around it in a city.,24134,226496
6423,coco-30k,Two toilets adjacent in a restroom with tile,50399,542527
6424,coco-30k,A man and a woman on a blue motorbike are picking up a piece of luggage from a man.,35043,292456
6425,coco-30k,Couple of sheep relaxing in a fielder brown,93588,66561
6426,coco-30k,A large jet airplane being loaded with cargo at an airport.,8392,281693
6427,coco-30k,An old brick building contains an appliance store.,24503,406841
6428,coco-30k,Group of people flying a blight kite with smiley faces on it. ,80537,517793
6429,coco-30k,A motorcycle sitting in a parking lot showing a green lawn in the mirrors.,87970,108531
6430,coco-30k,Two goat kids and one young lamb are in a field.  ,32143,286770
6431,coco-30k,An airplane parked next to a terminal ready for passengers to board.,11498,475798
6432,coco-30k,A woman riding a bike past a store.,34860,95474
6433,coco-30k,a man sitting at a table with some laptops on it,39529,153803
6434,coco-30k,a fire place in a house that is behind a rope,86985,493376
6435,coco-30k,a man is flying a kite in a field,72562,275015
6436,coco-30k,a group of people on motorcycles drive down the road,95402,48786
6437,coco-30k,some people are sitting on a bench in front of a boat,14880,397786
6438,coco-30k,A man sitting on top of a bench near some pigeons.,23640,2142
6439,coco-30k,a dirty room packed with a bunch of stuff,60548,416733
6440,coco-30k,A picture of a street named Bill Robertson,54192,347460
6441,coco-30k,A view of a bathroom with an old tub and a hanging shower curtain.,84657,185041
6442,coco-30k,a motorcycle is hanging in the air with plants on it,17353,19443
6443,coco-30k,a man is working on a hub cap on the ground,29158,13177
6444,coco-30k,The living room is nicely cleaned and organized.,7562,575970
6445,coco-30k,some people on a park bench in a field,85055,406500
6446,coco-30k,two people riding motorcycles on a city street ,28322,4355
6447,coco-30k,a couple of women  are in a kitchen,97427,337264
6448,coco-30k,A very tall brick building with bricked up windows.,51900,391584
6449,coco-30k,a bath room with a toilet and a towel rack,90539,531023
6450,coco-30k,A street corner with a brown and white building on it.,96383,418696
6451,coco-30k,a number of statues of people in a kitchen,9456,385508
6452,coco-30k,An airplane sitting on the water parked at the docks,605,379605
6453,coco-30k,Airplane flying in the air over various fields and farms.,76164,308316
6454,coco-30k,A motorcycle rests against the side of a deserted road near a kangaroo crossing sign.,64670,132084
6455,coco-30k,A city bus crosses an intersection of a crowded neighborhood.,21167,323528
6456,coco-30k,A motorcycle is parked in a bushy field.,68896,110961
6457,coco-30k,A light that is on a ceiling in a kitchen.,63844,206784
6458,coco-30k,A dirty toilet that is in a bathroom.,84993,534857
6459,coco-30k,A woman orders food from an outdoor vendor.,19632,140963
6460,coco-30k,A white toilet sitting inside of a bathroom.,9344,35266
6461,coco-30k,A small sailboat docked at a local shore.,41321,377999
6462,coco-30k,A large jetliner flying through a cloudy gray sky.,27083,259421
6463,coco-30k,a library with rounded walls full of books,92881,543118
6464,coco-30k,A golden ladder sitting next to a large black vase.,57737,453785
6465,coco-30k,"a retro image of women in aprons, some holding clipboards, in a giant industrial kitchen",90298,134206
6466,coco-30k,A large group of people and cameraman gathered for a ribbon cutting.,57164,482784
6467,coco-30k,A man in a kitchen instructing a woman on what to do ,71317,130909
6468,coco-30k,Three dogs exploring a stream and rocks in nature. ,41563,141538
6469,coco-30k,A towel that is on a rack in a bathroom.,19784,190705
6470,coco-30k,A sign for Davidson College outside of one of its buildings,61580,269282
6471,coco-30k,A library bus outside of an apartment building,11075,200839
6472,coco-30k,A small airplane flying through the clear blue sky.,49159,252582
6473,coco-30k,Black and white photograph of a cat on a toilet seat.,41976,455365
6474,coco-30k,A person on a motorcycle passing a mountain on a road.,4825,31965
6475,coco-30k,a man who appears to be herding sheep is closing two big fence doors,83182,502766
6476,coco-30k,a kitchen scene with a refrigerator that has magnets and a black oven on the wall,98125,460208
6477,coco-30k,"A view of a street, with a church in the horizon.",51285,154854
6478,coco-30k,"The old, dilapidated  bathroom has fallen into disrepair.",32607,541291
6479,coco-30k,Motorcyclists are gathered around their bikes at a rally. ,22396,305803
6480,coco-30k,"older women sit on a bench, with one of the women holding crutches",17857,493218
6481,coco-30k,"a bicycle sits on its stand in the middle of a grassy, wooded area",82808,292819
6482,coco-30k,A close up photo of suitcases and luggage,59825,534664
6483,coco-30k,a man speeds between cars and a bus on his skateboard on the street in a city,15433,559730
6484,coco-30k,"A woman holding three bags stands by the open doors of a subway car, through which other people can be seen.",5473,4359
6485,coco-30k,a bathroom simply designed with pale neutral tan colors,56588,49984
6486,coco-30k,a kitchen with a  sink surrounded by a bunch of cluttered items,97918,119617
6487,coco-30k,A small TV on the hard wood floor of a building,52453,476444
6488,coco-30k,a group of men working the kitchen behind a counter top,18244,476335
6489,coco-30k,"A kitchen area with a stove, counter and kids kitchen set.",52952,218811
6490,coco-30k,The toy motorcycle sitting up like it is parked.,93857,191117
6491,coco-30k,Two people who are sitting on mopeds in the street.,73639,477500
6492,coco-30k,two red white purple and blue jets and buildings ,58425,326919
6493,coco-30k,A dog in a a cage with a bed and bowl,72583,60835
6494,coco-30k,A couch on the side of the street with a television on it.,47034,443240
6495,coco-30k,A traffic light made of chrome sitting on a pole.,59523,499983
6496,coco-30k,Several motorcycles that are parked on the side of the street.,24755,273551
6497,coco-30k,The torso of a man who is holding a knife.,18088,6658
6498,coco-30k,A cream colored bathroom is clean and empty.,12802,350833
6499,coco-30k,A large cat sitting on top of a bathroom sink.,40215,130921
6500,coco-30k,Four bowls containing fruits and vegetables arranged decoratively,62354,354165
6501,coco-30k,A bike sitting parked on the ground next to a building.,33812,451896
6502,coco-30k,a white toilet an cabinet in a bathroom,39805,549384
6503,coco-30k,A bunch of bikes parked in bike racks.,86269,252280
6504,coco-30k,A zebra and an elephant investigating each other in a grassy area.,17896,164095
6505,coco-30k,The man on the toilet is reading the paper.,70839,92257
6506,coco-30k,a couple of helicopters are in the sky,63768,304036
6507,coco-30k,A shaggy haired sheep with its lambs next to it.,56461,86615
6508,coco-30k,A young man wears a fake mustache in a kitchen decorated for the New Orleans Saints.,67052,64909
6509,coco-30k,A plane just outside of a terminal with other planes in the background.,79321,289173
6510,coco-30k,A clean bathroom is seen in this image.,28726,245996
6511,coco-30k,A motorcycle sitting parked on the side of a road.,36125,493117
6512,coco-30k,a big airplane with the cargo section open,97491,579325
6513,coco-30k,There is a toilet next to a wall.,12287,374984
6514,coco-30k,There is a tall tower connected to a building.,18945,521549
6515,coco-30k,Two red benches sitting in front of windows.,81180,196852
6516,coco-30k,a woman is facing an oven in a kitchen,58542,346560
6517,coco-30k,"A bathroom with a sink, paper roll, toilet, towel rack and mirror.",72863,431197
6518,coco-30k,A woman holding a polka dot umbrella looking inside a shop.,21024,274418
6519,coco-30k,A bathroom with a reflection of a television and a sink.,57985,398606
6520,coco-30k,a purple towel is hanging in in a white bathroom,9609,146276
6521,coco-30k,a jet is flying above some snowy terrain ,90500,513615
6522,coco-30k,"A red, grey and white airplane passes overhead.",17659,112956
6523,coco-30k,A group of motorcycles are on display at a museum.,52323,279887
6524,coco-30k,a microwave is built in to a all of a kitchen,41663,403482
6525,coco-30k,a bunch of stuff is on a small table,98007,345245
6526,coco-30k,A toddler reaches into a bowl of grapes in a sink.,64973,131018
6527,coco-30k,a gray bicycle is locked to some metal doors,21678,509822
6528,coco-30k,a computer is on a desk next to a lamp,26093,229020
6529,coco-30k,A kitchen that has many things in the sink and on the counter.,76386,121904
6530,coco-30k,A man standing next to a parked bus and various people riding bicycles down a street together and one person holding a sign.,49013,564276
6531,coco-30k,A man taking a selfie while brushing his teeth and looking in the mirror ,55995,123480
6532,coco-30k,A kitchen that is in the process of having the floors done ,14146,4296
6533,coco-30k,There is s toilet scrubber next to the toilet in the stall. ,66883,302185
6534,coco-30k,Canning tongs lifting a jar out of the water bath.,95877,76525
6535,coco-30k,A woman prepares to pour batter into lined muffin tins.,46891,505728
6536,coco-30k,The bathroom has a towel rack on the sink counter below the large mirror. ,38748,342025
6537,coco-30k,A toddler in his underwear stands in front of a sink.,23895,543740
6538,coco-30k,The bottom view of people's body and a puppy on a leash.,55220,534829
6539,coco-30k,A group of teenagers working on computers with adults behind them.,68615,298197
6540,coco-30k,A kitchen refrigerator and bed mattress outside an apartment.,47493,336001
6541,coco-30k,There is a man standing next to the kitchen counter.,15869,527750
6542,coco-30k,A person sits on the road near their motorcycle.,3010,319487
6543,coco-30k,An All Nippon Airways 777 sitting at a gate on the tarmac.,99946,575198
6544,coco-30k,A cat sitting on the floor watching television.,73250,240940
6545,coco-30k,A man in his kitchen cooking using the stove.,69634,554445
6546,coco-30k,Two toilets sitting on a sidewalk with a cardboard box.,26064,243810
6547,coco-30k,A man riding on the back of a motorcycle with a woman.,13272,310553
6548,coco-30k,White clouds float above a big fancy castle on  a sunny day,32928,559442
6549,coco-30k,A city at night with people walking around.,49322,227049
6550,coco-30k,Vibrant photo of a train sitting at a train station,11998,330432
6551,coco-30k,Young Giraffe peeking his head into a crevice in the exhibit wall.,69975,121692
6552,coco-30k,Multiple people waiting on a boarding dock to get on the train.,97456,245432
6553,coco-30k,A giraffe stands alone outdoors at the zoo.,75818,471567
6554,coco-30k,A gold colored pair of scissors cutting into a piece of bejeweled fabric with other bejeweled items in the background.,88332,357501
6555,coco-30k,A bus is driving down a road with cars behind it.,25745,24522
6556,coco-30k,A cat sitting outside on a bench on a sunny day.,1872,372983
6557,coco-30k,A bird sits on a wire over a street sign.,79942,373519
6558,coco-30k,A small bird is perched on an empty bird feeder.,6032,412355
6559,coco-30k,A woman is standing at a crosswalk at a traffic intersection.,29153,569030
6560,coco-30k,A bus driving down a city street during the day.,20020,505831
6561,coco-30k,"A stop sign with an ""eating animals"" sticker on it.",20420,206300
6562,coco-30k,Yellow 'DIP' sign along a small town street.,92685,497021
6563,coco-30k,A red city bus driving down a street.,71625,577024
6564,coco-30k,Blue road sign directing traffic to the left.,32060,49883
6565,coco-30k,A collection of artwork leaning against a wooden fence.,87788,293022
6566,coco-30k,Old cars are parked on the street in a city.,44875,320171
6567,coco-30k,The station has no passengers waiting for the train.,50526,318426
6568,coco-30k,A young giraffe peers inquisitively at the photographer.,25560,29484
6569,coco-30k,A miniature train in a park full of people.,77396,442942
6570,coco-30k,A modern transportation building with busses lined up for passengers.,54328,562805
6571,coco-30k,The Samsung building on the corner of La Brea Ave.,52375,433971
6572,coco-30k,A sea gull walking along the sand and surf.,89708,19404
6573,coco-30k,Two bicyclists sitting on a bench with a forest background.,73499,224118
6574,coco-30k,A giraffe walking through the jungle next to mountains.,23709,504414
6575,coco-30k,A flock of sheep graze on a hillside.,6443,48907
6576,coco-30k,A colorful bus is parked on the street.,46071,203865
6577,coco-30k,A blue sky with puffy white clouds and the top of a stop light.,83920,160025
6578,coco-30k,A bus sits next to a curb at a cross walk.,69593,510842
6579,coco-30k,The clock has different bird pictures in place of the numbers.,85830,529494
6580,coco-30k,A yellow fire hydrant in front of a bike leaning against four poles,4864,78488
6581,coco-30k,A red building standing against a grey sky.,20630,159374
6582,coco-30k,A parakeet perching atop a pair of used Vans shoes.,28708,281148
6583,coco-30k,An art installation is placed by a street.,225,506483
6584,coco-30k,A train pulling out of a train station.,12009,31240
6585,coco-30k,A rural train station is loading and unloading passengers,7590,236951
6586,coco-30k,A car parked next to a bench along a city street.,1523,456884
6587,coco-30k,"A road wet from rain, and clouds still on the mountain. ",97888,413287
6588,coco-30k,"A weathered sign saying ""Guadalajara"" with an arrow pointing to the left. ",95762,325391
6589,coco-30k,A view of cars and trucks parked along side a street. ,57908,549943
6590,coco-30k,A long train sitting on a railroad track. ,88623,221213
6591,coco-30k,Two giraffes leaning over a fence to eat leaves. ,74694,422253
6592,coco-30k,a giraffe behind a fence on grass licking the fence,18843,28820
6593,coco-30k,A sign on a pole signifying a no parking zone.,58072,268693
6594,coco-30k,A sign pointing to different streets in London.,836,60730
6595,coco-30k,A family of giraffes standing next to a pile of logs.,83300,102665
6596,coco-30k,The oriental signs are pointing in all directions.,5419,38685
6597,coco-30k,"A woman with her legs crossed, shielding her eyes while looking up, reclines on a couch.",71810,217440
6598,coco-30k,A wooden park bench placed up against a tree.,79300,313156
6599,coco-30k,A passanger train moves on the rails of the city.,94596,61715
6600,coco-30k,Many sheep are grazing in the green field.,95709,3947
6601,coco-30k,A commuter train pulling into a busy train station.,75089,30413
6602,coco-30k,Two trains running along a set of tracks. ,25414,112232
6603,coco-30k,An old Acme factory that is by a stop light.,12543,26025
6604,coco-30k,An empty street with two street lights placed next to each other.,75444,477705
6605,coco-30k,a stop sign on a wooden pole in front of an empty field.,71583,268340
6606,coco-30k,A large white public bus parked on the street.,35986,69391
6607,coco-30k,A stop sign on a post at a public street.,14016,25593
6608,coco-30k,A train speeding down the tracks in the middle of a field.,4493,280239
6609,coco-30k,a little cat house in the yard with a kitty sitting in it. ,44996,109498
6610,coco-30k,A city street lit up in a night scene with cars in the background. ,97843,343976
6611,coco-30k,A biilboard with a railcar in front of it. ,85428,148999
6612,coco-30k,Heavy snow covers a picnic bench next to a tree.,49582,455044
6613,coco-30k,Two tall giraffes graze on bushes in an open field.,27118,394611
6614,coco-30k,A commuter train stops at a train station for passengers.,77498,469246
6615,coco-30k,A stop sign at the end of the road.,18559,232646
6616,coco-30k,"A beautiful bird with brown wings, glides over the water",38765,151516
6617,coco-30k,An audience watches as a bird spreads its wings.,70673,113977
6618,coco-30k,A blue van passes by a cement wall with graffiti.,25195,192520
6619,coco-30k,An animal surrounded by a flock of birds,72190,425722
6620,coco-30k,A traffic sign has been vandalized to look like a scary face.,5677,402096
6621,coco-30k,Two wooly sheep are standing in a pen.,15035,52470
6622,coco-30k,A short commuter train traveling along the train tracks with snow on the ground.,98267,313057
6623,coco-30k,A fire hydrant is placed in a wooded area,53049,524502
6624,coco-30k,Older model stop light on a street corner in a tropical city.,72309,11788
6625,coco-30k,Train wreck fallen down into a body of water.,12022,416331
6626,coco-30k,Sign with the words Radar across the bottom.,68326,405815
6627,coco-30k,Large black train system surrounded by trees and nature.,80378,263299
6628,coco-30k,A blue fire hydrant above two pairs of shoes.,7879,182078
6629,coco-30k,A children's pig train travels down rail road tracks.,87938,194398
6630,coco-30k,A giraffe has it's face in a silver bucket.,59794,11202
6631,coco-30k,An old black and white photo of two men in suits.,39858,378334
6632,coco-30k,A double decker bus driving down the road.,79063,249219
6633,coco-30k,Cows are grazing in the countryside with a bridge in the background.,40252,153834
6634,coco-30k,There is faded green paint on a wooden step,49934,308003
6635,coco-30k,A large plane is parked outside an airplane hangar.,40814,158801
6636,coco-30k,A work crew repairs a stop light in the town. ,54036,183246
6637,coco-30k,A woman walking her cattle down the road.,27241,486397
6638,coco-30k,A yellow city bus traveling down a busy street.,65667,422157
6639,coco-30k,An older man sitting on a wooden bench under a tree.,17329,278977
6640,coco-30k,People are waiting on a corner to cross a street. ,64980,450500
6641,coco-30k,A parking sign is displaying spaces available on a city street,4500,490794
6642,coco-30k,Several airplanes sitting on the tarmac being unloaded.,88683,204611
6643,coco-30k,Two mountain goats standing on the side of a mountain.,68640,540509
6644,coco-30k,Giraffes standing next to zebras on a lush green field.,63337,62020
6645,coco-30k,A commuter train crosses over a train bridge in a down town city area.,55596,422434
6646,coco-30k,A 25 mph turn sign on the side of a highway. ,41213,444302
6647,coco-30k,A sky full of a flock of birds on a cloudy day.,91599,161022
6648,coco-30k,Two metal warning street signs under tree branches.,69380,156299
6649,coco-30k,A little boy in a yellow shirt feeding a giraffe.  ,93858,234526
6650,coco-30k,A wooden swings hangs in a park next to a river.,6699,192153
6651,coco-30k,A bird reaches into a cup to take a drink.,72312,142941
6652,coco-30k,A giraffe standing by a pair of skinny trees.,11044,459757
6653,coco-30k,An empty bench next to a potted tree up against a brick wall.,16235,253749
6654,coco-30k,A man sitting alone on a park bench in a park.,86119,264535
6655,coco-30k,A street sign located just below two large high rise hotels.,97806,547903
6656,coco-30k,A person hangs off the side of a passenger train.,77455,248761
6657,coco-30k,A commuter train passes people sitting on a bench at a train station.,96919,127659
6658,coco-30k,A person in the process of sheering a woolen animal.,78986,500477
6659,coco-30k,A city intersection at Castro street with three stoplights,23464,560235
6660,coco-30k,Empty restaurant dinning room set for dinner guests.,30191,177994
6661,coco-30k,A red stop sign next to a road in the middle of nowhere.,48744,575633
6662,coco-30k,A sign warning drivers that there are children at play.,50736,52949
6663,coco-30k,A traffic sign in front of large trees and a building.,20057,28499
6664,coco-30k,A fleet of ships docked on a sandy beach.,26442,353518
6665,coco-30k,A street sign surrounded by beautiful potted flowers in bloom.,81637,247914
6666,coco-30k,A herd of sheep walking through a grass covered field.,49072,558101
6667,coco-30k,A bird that is sitting on top of a branch.,22308,215570
6668,coco-30k,Elevated bridge runs alongside the railroad tracks and over land.,34387,418152
6669,coco-30k,A busy city street filled with people walling and street signs.,43098,79357
6670,coco-30k,Two trains parked at a train station as passenger wait to board them.,58301,439593
6671,coco-30k,A man and woman in western clothing standing in front of a trailer.,28556,330754
6672,coco-30k,A block of pigeons gathered  around a person sitting on a park bench.,2914,127259
6673,coco-30k,A duck paddling through a shallow body of water.,36493,96459
6674,coco-30k,An empty park bench next to a small lake.,18466,131965
6675,coco-30k,A mother bird feeds her little baby chicks.,61290,409701
6676,coco-30k,a small herd of sheep and a ram eating grass,99956,104676
6677,coco-30k,"A table and chairs sit on a grassy walkway, with a pitcher.",72697,260974
6678,coco-30k,A bunch of animals in a grassy area.,57265,557346
6679,coco-30k,"Driving on a highway behind a compact car, on the way to Nice",91691,467721
6680,coco-30k,A busted fire hydrand pouring out water onto the street.,31581,286010
6681,coco-30k,A stop sign is the focal point of an intersection that is covered in snow during the winter.,99246,348829
6682,coco-30k,Two giraffes are housed in a pen. ,89264,173166
6683,coco-30k,A picture of several people in a sail boat in the ocean.,42651,43133
6684,coco-30k,A giraffe looking at something in some bush.,339,414109
6685,coco-30k,A bird standing on a ledge looking out.,97266,358410
6686,coco-30k,A man in apink shirt passing an old shop in a market,12697,319654
6687,coco-30k,A lot of birds flying around on a beach.,21307,214009
6688,coco-30k,A person with a camera taking a picture.,33921,266831
6689,coco-30k,A picture of a train coming out of a house.,32434,528404
6690,coco-30k,a train sitting on a train track at a stop.,99000,145862
6691,coco-30k,A stop light that has a street sign on it.,99479,143174
6692,coco-30k,A train that is going through a city.,63818,124277
6693,coco-30k,An old train moving on a train track.,92504,204098
6694,coco-30k,Two men and a woman sit on a park bench,23496,463783
6695,coco-30k,A bird resting on a birdfeeder hanging on a tree.,3659,398927
6696,coco-30k,A statue of a giraffe in a park setting.,40865,32703
6697,coco-30k,An empty boat on in the water with birds perched on the side.,75448,555847
6698,coco-30k,A bicycle locked up to a metal pole.,13976,403295
6699,coco-30k,A busy residential street with parked cars on the sides.,32070,533217
6700,coco-30k,A black and white cat is near a little dead bird on the sidewalk.,4619,227218
6701,coco-30k,A car is parked on the side of the street in the rain.,90736,354829
6702,coco-30k,Several rows of track with a 'direct rail services' train on the furthest one. ,53472,264013
6703,coco-30k,"A yellow, gray and white train stationed at a city.",38619,7096
6704,coco-30k,Two giraffes and several other large animals roam a tropical zoo paddock.,43829,581100
6705,coco-30k,A sheep eats grass alone by a lake,27497,546980
6706,coco-30k,A big rock walkway is on a hill beside the ocean.,63532,63309
6707,coco-30k,A man with a camouflage umbrella hat is taking a picture.,12860,409331
6708,coco-30k,An opened fire hydrant spewing water into the street.,88022,21588
6709,coco-30k,Two sheep are bent down grazing on grass.,70000,112128
6710,coco-30k,Group of people crossing the street behind trolly.,49461,269873
6711,coco-30k,A spotted kitten sitting on a wooden bench.,87176,118515
6712,coco-30k,A train rounds the bend in a lush green mountain setting.,85618,44061
6713,coco-30k,A small flock of grazing sheep in a very large grassland.,88907,327872
6714,coco-30k,The city is filled with one way streets.,63233,90020
6715,coco-30k,A car and a bus are merging into traffic together,78048,324321
6716,coco-30k,Construction worker holding a stop sign on the side of a road on a sunny day.,66238,92205
6717,coco-30k,A fast train crossing over a small bridge.,19122,457491
6718,coco-30k,A giraffe extends its tongue to drink water,5108,235057
6719,coco-30k,A woman sitting next to a yellow hydrant on a sunny day.,74585,155873
6720,coco-30k,A fire hydrant placed in the street just off the curb.,75004,283054
6721,coco-30k,A blue and yellow train pulling up to a station on a sunny day.,32009,567922
6722,coco-30k,A building has a stop sign right in front of it.,81337,181132
6723,coco-30k,A dinner party draped in sheer drapes and adorned with stuffed farm animals.,72159,239010
6724,coco-30k,"Two giraffes are against trees and grass, one is sitting.",72047,553108
6725,coco-30k,A yellow fire hydrant on a busy sidewalk next to buildings.,88970,29656
6726,coco-30k,A  person approaching a public transportation bus through the snow.,13666,162818
6727,coco-30k,"Six old men, four sitting on a bench and two standing, conversing.",97822,25896
6728,coco-30k,A bench sitting on the side of an empty walking path.,12785,334311
6729,coco-30k,A yellow and red grain engine passing under train signal lights ,22367,309802
6730,coco-30k,A herd of sheep grazing on a green grass covered piece of land next to a forest.,65440,230166
6731,coco-30k,A road is covered with snow with some tire tracks.,72555,70336
6732,coco-30k,A big locomotive stopped in a train station,82272,519673
6733,coco-30k,A construction worker holding up a stop sign.,47975,156747
6734,coco-30k,A leaned over stop sign in a snowy parking lot.,72271,68993
6735,coco-30k,A city traffic signal and street at night.,51035,558558
6736,coco-30k,A busted red fire hydrant spewing water all over a street creating a rainbow.,95075,312343
6737,coco-30k,A sign on top of a restaurant next to a traffic light.,9194,251736
6738,coco-30k,A telephone pole with street signs posted on it.,87732,572546
6739,coco-30k,A double decker bus parked in a bus station next to a baby stroller.,41681,494957
6740,coco-30k,Two tall giraffes standing next to each other by trees.,12993,344059
6741,coco-30k,Two giraffes standing side by side at a zoo in front of a large city.,15414,300179
6742,coco-30k,A parrot flying through a tree filled forest.,85068,498381
6743,coco-30k,A black and white photo of an old locomotive.,50678,145048
6744,coco-30k,A small yellow bird on a branch of a tree.,16182,452224
6745,coco-30k,A bright yellow railroad car on the tracks.,97419,293907
6746,coco-30k,Cliffs rise on the edge of a placid lake.,54646,408439
6747,coco-30k,A flock of geese being chased by a dog.,48629,105918
6748,coco-30k,A toddler on a surfboard in the sand on a beach.,1647,239260
6749,coco-30k,A red sign notifying drivers that there is no parking allowed at any time.,55341,474452
6750,coco-30k,A bus yard filled with yellow school buses parked side by side.,79186,223466
6751,coco-30k,A man yelling to the driver of a truck,70639,69827
6752,coco-30k,A giraffe standing in an open field next to some rocks.,89815,522032
6753,coco-30k,A small black pug is wearing a sweater and Santa Claus hot.,65009,396432
6754,coco-30k,A pack of mountain goats climbing up the side of a mountain.,50613,170346
6755,coco-30k,An empty city street surrounded by stores and shops on either side.,33740,246074
6756,coco-30k,A road sign with two arrows on it in front of a grave yard.,58238,562582
6757,coco-30k,Two people wearing hats that double as umbrellas.,20024,427341
6758,coco-30k,A small white bard with  a long beak on a branch.,70945,122838
6759,coco-30k,A red light and street sign in front of a palm tree,37125,88902
6760,coco-30k,A group of red and yellow buses parked side by side in a parking lot.,18420,110138
6761,coco-30k,A large building on the corner of the intersection. ,50645,350736
6762,coco-30k,A red white and blue train is pulled up at the passenger station.,19895,125375
6763,coco-30k,A country road with a street light and signage,2591,477846
6764,coco-30k,An airplane sitting on the tarmac in front of a hanger.,60929,127136
6765,coco-30k,A closeup of a cream and orange colored cockatiel.,82002,523250
6766,coco-30k,Warning signs outside a fence at a transit station,4893,141501
6767,coco-30k,A train ambling down the tracks with shrubbery on both sides,90899,143744
6768,coco-30k,A yellow train passing by a train station's loading area.,81233,119845
6769,coco-30k,A cat sprawled out over the top of a laptop computer keyboard.,38781,119233
6770,coco-30k,A giraffe next to a stone fence staring off into the distance.,44724,282912
6771,coco-30k,"A city street with many signs including street signs, no parking signs and traffic lights.",19809,15566
6772,coco-30k,A little boy standing on one side of a fence looking at sheep inside the fence.,5515,345937
6773,coco-30k,A train with a yellow engine car traveling down railroad tracks.,21137,564739
6774,coco-30k,Two people walking a way from a train waiting at a train station,15866,187450
6775,coco-30k,Two No Parking Signs emphasize the law on this street.,73714,29594
6776,coco-30k,A bird sitting in a field of beautiful purple flowers.,69791,117237
6777,coco-30k,Giraffe walking around a grassy field under a cloudy sky.,48060,330356
6778,coco-30k,Giraffes eating the branches of the trees in the field.,40804,157891
6779,coco-30k,Two street signs showing names of cross streets.,16098,441863
6780,coco-30k,Birds perched up on a tree branch next to a window.,83896,121414
6781,coco-30k,A giraffe is standing near some large boulders.,26380,176306
6782,coco-30k,A blue and white giraffe reaching for food up in a tall tree.,38660,8128
6783,coco-30k,A stop sign posed on a pier next to a lake.,84239,553962
6784,coco-30k,A street sign next to a public road in a city.,27299,428447
6785,coco-30k,A fighter jet flying in the sky leaving smoke trails.,27617,464706
6786,coco-30k,A crew of workers performing work on a train.,49477,162579
6787,coco-30k,"A street sign that reads ""FRIZERIE"" in front of a red building.",14023,191501
6788,coco-30k,A woman sitting on a fire hydrant while talking on a cell phone.,15767,575012
6789,coco-30k,People waiting to cross a street at a traffic light.,5792,323000
6790,coco-30k,A crowd of people unloading from a long train.,10154,215439
6791,coco-30k,A stop light with green arrows on Woodbine Ave. ,70312,427876
6792,coco-30k,A bridge that crosses over a body of water. ,73834,251330
6793,coco-30k,A train station with three trains and men waiting to board.,13476,155356
6794,coco-30k,An adorable brown and white dog sitting between two legs.,41286,328200
6795,coco-30k,A street light on a pole outside of a house.,22677,216457
6796,coco-30k,Street signs on a pole painted in the colors of the Italian flag.,79137,228771
6797,coco-30k,An empty park bench covered in graffiti with an old homeless man sleeping on it.,46775,292622
6798,coco-30k,A train filled with passengers traveling down railroad tracks.,17306,558421
6799,coco-30k,A bus driving down a road next to a park.,77027,19158
6800,coco-30k,A dog is tied to a fire hydrant.,70657,377575
6801,coco-30k,A red stop sign stands out against the view of a mountain.,65855,13333
6802,coco-30k,A man sitting on the park bench in the forest ,90076,60347
6803,coco-30k,A stoplight and a street sign in California.,45432,239980
6804,coco-30k,black bullet train waiting at the station in outside terminal,91884,506196
6805,coco-30k,A bird is sitting on a berry bush.,89394,135076
6806,coco-30k,A group of small exotic birds standing on a large bamboo stick.,75787,224916
6807,coco-30k,Two white swans taking flight from a lake.,33118,468133
6808,coco-30k,Two guys in coats standing next to a stop sign ,18759,278934
6809,coco-30k,Giraffes in a zoo and a measuring stick ,75018,547858
6810,coco-30k,A bench is surrounded by grass and a few flowers.,96636,371155
6811,coco-30k,A giraffe's head is hunched down looking for grass.,13824,387563
6812,coco-30k,Dogs drinking water next to a statue of a dog.,86116,131714
6813,coco-30k,Two traffic lights showing red on a pole with a camera. ,82819,364757
6814,coco-30k,"An open roofed, double-decker tour bus displaying a vivid ad across one side enters a downtown intersection.",92823,524533
6815,coco-30k,An empty side walk with in a city,969,212759
6816,coco-30k,A group of elderly people sitting atop stone steps.,72795,230096
6817,coco-30k,A no parking sign posted to an orange traffic cone in the middle of a sidewalk.,35366,315434
6818,coco-30k,A spring form bird feeder filled with corn to eat.,75950,159066
6819,coco-30k,A woman standing next to a miniature train at a park.,96197,419697
6820,coco-30k,A large red double decker bus traveling down a busy street in London.,64988,50752
6821,coco-30k,The neck and head of two large giraffes by a tree.,11993,564120
6822,coco-30k,An elephant in a field with white birds,59076,231341
6823,coco-30k,A woman with suitcases waiting for a train.,34935,153529
6824,coco-30k,A train traveling down train tracks past some houses.,14006,441211
6825,coco-30k,A  train traveling on a snow covered track.,68327,147494
6826,coco-30k,"A large train car labeled ""buffet"" and ""first class"" is parked in a train yard.",32358,418533
6827,coco-30k,A boat and a duck is in the water,42671,266579
6828,coco-30k,A passenger train making a stop at a train station.,53159,223019
6829,coco-30k,An adorable leashed dog sitting on a bench.,14118,46345
6830,coco-30k,A man in an orange outfit is directing traffic to drive slowly.,96758,227806
6831,coco-30k,A giraffe on display in a glass enclosure.,26419,185181
6832,coco-30k,A cat sitting in front of a window where there is a field of tulips and a windmill.,34362,180830
6833,coco-30k,A  busy chinese market crowded at night.,24362,455315
6834,coco-30k,A bus pulling away from a bus stop with the destination marked on it.,24788,420422
6835,coco-30k,A bird sitting perched on a tree branch.,71562,106881
6836,coco-30k,Street art painted on the wall in an asian country. ,40383,385190
6837,coco-30k,A bird resting outside of a boat window. ,75358,32811
6838,coco-30k,An image of a stationary canadien train behind a fence. ,28449,314192
6839,coco-30k,The rear view mirror of a cityh bus driving down a street.,81420,220041
6840,coco-30k,A train traveling through the countryside next to a dirt road.,29649,225946
6841,coco-30k,A street sign pointing the way to Jordan ,50721,3799
6842,coco-30k,Three giraffe eating greens in a field next to lots of trees.,54097,235522
6843,coco-30k,a small red fire hydrant in concrete ,23705,183884
6844,coco-30k,a screen shot of a televised new weather report,90872,83065
6845,coco-30k,A woman and her child sitting nest to a man on a park bench.,36175,87144
6846,coco-30k,A power tool sitting on a wooden table next to a knife.,77537,274398
6847,coco-30k,A man wearing glasses standing next to an airplane.,531,23802
6848,coco-30k,Street signs are displayed next to a road.,6906,283037
6849,coco-30k,Giraffe grazing on a lush green grass covered field.,26922,192970
6850,coco-30k,A herd of sheep grazing closely together in a field.,29083,156397
6851,coco-30k,A fire hydrant next to a bush at a park.,22808,127455
6852,coco-30k,"A street sign above mailboxes in a snowy, icy winter scene.",64507,9759
6853,coco-30k,A minivan is in an intersection with the traffic lights showing red.,19816,334276
6854,coco-30k,"A street corner showing University Street, Gerard Schwarz Pl and 3rd Avenue, with a building in the background",47222,406050
6855,coco-30k,A young woman lays a hand on the neck of the horse she is riding.,45039,139140
6856,coco-30k,A blue bus is crossing the intersection with various vehicles behind it.,83142,287305
6857,coco-30k,A woman walking past a shop filled with merchandise.,51153,322610
6858,coco-30k,A street with cars on it is shown.,5024,311471
6859,coco-30k,Two signs are shown up above a street.,82091,190680
6860,coco-30k,A brown horse standing in a lush green field with a bird on it's back.,60540,294593
6861,coco-30k,A bird flying solo over a large body of water.,91572,139858
6862,coco-30k,A police office standing on a street corner next to a power box.,62978,17267
6863,coco-30k,Two white bird sitting on top of a street light.,83420,119779
6864,coco-30k,A giraffe is eating grass from the feeder,53772,319360
6865,coco-30k,a giraffe behind a fence eating grass from a feeder,91063,151662
6866,coco-30k,A railroad train pulling in to the train station.,63334,498596
6867,coco-30k,Lilies in a vase are set at the foot of a white canopy bed.,18507,17921
6868,coco-30k,An elderly woman sitting on the bench resting.  ,95133,273132
6869,coco-30k,A herd of sheep standing in a snow covered field.,13123,537150
6870,coco-30k,A group of commuters standing next to a passenger train.,29196,276886
6871,coco-30k,Two Mallards float and drink water in a shallow pool.,6704,438221
6872,coco-30k,Many flowers are laying in the dirt in the sun.,8446,182403
6873,coco-30k,Double-decker bus driving down a crowded city street.,39567,129065
6874,coco-30k,A two story white building next to a building with an brown a frame.,47632,368884
6875,coco-30k,A brightly colored red and green bus is parked.,39372,102400
6876,coco-30k,A duck and baby ducks are in the blue water.,60677,343821
6877,coco-30k,A traffic light over a street with a sign that reads K.,87496,269682
6878,coco-30k,A man and a woman pose next to a small dog which is wearing a life jacket.,8120,160501
6879,coco-30k,A train with graffiti all over it is on the tracks.,4598,183273
6880,coco-30k,A monorail is going down the track with people on it. ,59550,578967
6881,coco-30k,An open fire hydrant and children playing in the water.,37315,486355
6882,coco-30k,An airplane settled on a runway near water.,87704,295076
6883,coco-30k,Four children at an outdoor party wearing festive hats.,5990,345361
6884,coco-30k,Two birds standing on a section of cobblestone.,18088,197191
6885,coco-30k,A bus stopped at a bus stop in front of  a tall building.,86416,514016
6886,coco-30k,a white train with a red stripe on its track,75871,2640
6887,coco-30k,A group of giraffes hang around in the zoo.,32599,398628
6888,coco-30k,A group of people gather to get on a bus at the bus stop.,83795,5107
6889,coco-30k,Giraffe walking through a field next to a forest.,80810,483656
6890,coco-30k,An empty park bench next to a park under a blue sky.,63552,215826
6891,coco-30k,A zebra grazes on trees as deer graze on grass in the background.,10704,579560
6892,coco-30k,Two giraffe walking through a lush green field.,83947,144250
6893,coco-30k,A flock of swans swims in a bay.,17856,31322
6894,coco-30k,A train drives along the tracks amidst many cranes.,44463,182825
6895,coco-30k,A tall clock tower with a statue on top.,90874,519491
6896,coco-30k,Two cars and a motorcycle are parked in the same small spot at various times.,19806,545138
6897,coco-30k,"A red, white, and blue bus that is parked.",92499,575406
6898,coco-30k,A close up image of a giraffes face while eating. ,87779,514118
6899,coco-30k,A crowded street has a number of street signs.,85962,495081
6900,coco-30k,a train sits on a railroad track as a metal awning covers it,79004,13445
6901,coco-30k,A train inside a station moving at a regular speed.,60932,350966
6902,coco-30k,a yellow and brown fire hydrant on the side of the road,96829,427500
6903,coco-30k,a man is crossing the street and there is a yellow traffic light,97510,179346
6904,coco-30k,A giraffe staring at the camera in a field.,32621,216482
6905,coco-30k,A smiling child surrounded by numerous stuffed animals.,36437,536154
6906,coco-30k,It is night time and the town is quiet. ,75948,389378
6907,coco-30k,A travel guide taking a photo as the tour bus arrives,68801,408610
6908,coco-30k,A group of animals are standing in the snow. ,81094,429697
6909,coco-30k,A train riding down the tracks beside a sidewalk.,60752,328607
6910,coco-30k,A trolley in a populated downtown area with people.,97843,581356
6911,coco-30k,A person wheeling a hand truck across an open market.,13372,221882
6912,coco-30k,A man sitting on a bench reading in a city.,90045,281534
6913,coco-30k,A house with a large hole in the side of it.,46097,206770
6914,coco-30k,Small pieces of cake have been arranged on a plate,98558,297396
6915,coco-30k,Three giraffes are standing tall as their necks stretch up to the tree line.,66711,10580
6916,coco-30k,Dog trying to pick up an object with its mouth underneath a bench. ,94528,441458
6917,coco-30k,Several vehicles wait for a toll arm to be raised. ,61531,111547
6918,coco-30k,Two giraffes rubbing on a tree beside two giraffes.,61972,355860
6919,coco-30k,A train rides alongside another train on the tracks.,80989,462244
6920,coco-30k,A bus turning a corner on a city street.,34123,3134
6921,coco-30k,A group of sheep walk along a dirt path.,99032,56267
6922,coco-30k,A mountainside with a railroad of trains passing.,56977,492562
6923,coco-30k,Traffic sign on W 28 St with photo of bicycle in the top.,67363,109425
6924,coco-30k,a giraffe checking out the bark on a tree,24139,123836
6925,coco-30k,A train traveling down railroad tracks next to a grassy hillside,98083,261665
6926,coco-30k,A foot wearing a pointy pink flat shoe rested upon a bench.,62694,48153
6927,coco-30k,a brown dog with a collar sniffing a red fire hydrant,34002,291664
6928,coco-30k,Two sheep inside the confines of the stone gate. ,47573,512879
6929,coco-30k,Trains leave a station in a city setting.,47031,344415
6930,coco-30k,A fire hydrant with a blue jacket on top of it.,9131,5437
6931,coco-30k,Giraffe standing in the shade of a tall covering ,32180,70079
6932,coco-30k,A small train is going through a garden with people watching. ,50713,478099
6933,coco-30k,A double decker bus is riding down the street.,44696,579471
6934,coco-30k,a man standing on a sidewalk next to an rv,25271,309528
6935,coco-30k,A herd of giraffe walking along a grassy tree covered plain.,24201,235252
6936,coco-30k,Two giraffes are running through a bushy savannah.,97912,531607
6937,coco-30k,A fire hydrant sitting next to a tree in a forest.,18798,581731
6938,coco-30k,A woman waiting on the subway to disperse,10646,268745
6939,coco-30k,Stairs are leading down into the streets where there is a bus.,40684,35328
6940,coco-30k,A man shaves a sheep on pavement near a fence.,81515,47566
6941,coco-30k,A passenger bus traveling down a street behind a red car.,35651,222340
6942,coco-30k,A large street direction sign in Tokyo Japan.,84828,457708
6943,coco-30k,A kneeling woman takes a photo of a park bench.,7510,380140
6944,coco-30k,This is an image of an elevated train in the city.,18518,505933
6945,coco-30k,A mostly empty train station with two trains ready to depart.  ,58386,116957
6946,coco-30k,Luxury double decker bus ready to depart station. ,99553,547345
6947,coco-30k,An old bus makes its way down a city street.,48422,401776
6948,coco-30k,Several trains riding on different tracks near water.,20387,472881
6949,coco-30k,Two sheep standing in the snow in a pen.,52509,554046
6950,coco-30k,A convoy of city buses traveling down a busy city street next to a crowd of passengers,93758,491793
6951,coco-30k,A giraffe facing the camera as its photo is taken.,96319,216739
6952,coco-30k,A girl with blue socks sitting on a blue bench.,42900,13721
6953,coco-30k,Signs showing the intersection of two streets in a European country.,31234,398454
6954,coco-30k,This is an image of a sign to pay here to park.,30972,123239
6955,coco-30k,Two women wearing hats standing near a fence.,59038,423715
6956,coco-30k,three sheep standing next to each other in a field,61535,377911
6957,coco-30k,A black bird perched on a wire next to a tree.,47355,344624
6958,coco-30k,A blue train traveling over a red rail bridge over cars.,52445,448871
6959,coco-30k,A new home banner sits beside a small curvy road.,42746,561647
6960,coco-30k,A giraffe with a mouth full of grass in front of a forest.,77744,511058
6961,coco-30k,A cruising camper is prepared for a paint job with its windows papered over.,75618,505845
6962,coco-30k,A sign warning bike riders to reduce speed.,2990,19087
6963,coco-30k,A red car driving past a red fire hydrant on a curvy street.,84190,559166
6964,coco-30k,Two sheep standing next to each other in a barn.,88490,379584
6965,coco-30k,Birds perched on iron poles in front of a tall building.,41982,553790
6966,coco-30k,signs in an asian language on the side of a building,4760,489896
6967,coco-30k,A flock of doves and a man sitting in a park.,81246,353898
6968,coco-30k,some people stand up on a subway train,16577,362812
6969,coco-30k,"A person feeding sheep behind a white picket fence,",80389,459437
6970,coco-30k,A black cat sitting on topo of a bed.,40912,491985
6971,coco-30k,Two giraffes are eating a leafy branch together.,91909,420472
6972,coco-30k,Three red double decker buses parked side by side.,99075,36012
6973,coco-30k,A security guard standing next to a no right turn sign.,34776,388818
6974,coco-30k,Stop sign placed in the middle of a single roads curve.,24017,518530
6975,coco-30k,A man carrying a sign walking past buses.,20520,202339
6976,coco-30k,Two birds swimming in the water with large bills.,56792,449749
6977,coco-30k,A bus approaches a sidewalk where several people and bicycles are lined up.,76476,402967
6978,coco-30k,A Stop sign saying to stop all war at intersection.,70561,284771
6979,coco-30k,A passanger bus stopped on a street advertising a dinosaur exhibit.,34391,529813
6980,coco-30k,Birds perched on logs on a lake near a wall.,85883,230669
6981,coco-30k,Two giraffe in front of a painting of the outdoors at a zoo.,58554,442894
6982,coco-30k,A red bus driving past a group of passengers.,3488,551199
6983,coco-30k,Two large buses traveling down a busy city street.,74647,315450
6984,coco-30k,A giraffe walking through a green grass covered field.,68393,382399
6985,coco-30k,A giraffe standing next to a boulder on a grass covered field.,95268,443583
6986,coco-30k,A large chicken walking through a grass covered landscape.,76634,104119
6987,coco-30k,A herd of sheep walking along the side of a road.,76453,323116
6988,coco-30k,Two railroad trains standing side by side on the tracks.,37399,327352
6989,coco-30k,A red bus traveling down a busy city street.,53236,58304
6990,coco-30k,A flock of ducks splashing and playing in the water.,62473,43530
6991,coco-30k,Ice explorer bus on a road near mountains.,72976,365655
6992,coco-30k,A giraffe stands beneath a tree beside a marina.,52460,338607
6993,coco-30k,A man kneeling down to pet a small dog.,45922,102555
6994,coco-30k,A crying woman looking at herself in a mirror.,31586,403378
6995,coco-30k,Two large giraffe standing next to each other and an ostrich.,44925,424219
6996,coco-30k,A red double decker bus parked next to another city bus.,36352,533107
6997,coco-30k,A man in black carrying a sheep on his shoulders.,82124,525155
6998,coco-30k,A street sign on top of a pedestrian crossing sign.,66981,135042
6999,coco-30k,two black birds are swimming  in some water,87764,436551
7000,coco-30k,A car and a bus are near a street light at night.,45072,168234
7001,coco-30k,A street sign shows directions to highways and towns.,37548,509258
7002,coco-30k,A group of people enjoying a barbecue near some trees.,36753,132393
7003,coco-30k,Two brown horses standing in front of a red brick building.,60047,157577
7004,coco-30k,A black fence guarding a building next to a trash can.,3060,50360
7005,coco-30k,Giraffe standing on a grass covered field next to a hill.,54603,211317
7006,coco-30k,Signs posted on poles on a sidewalk next to a street.,25462,166731
7007,coco-30k,Sheep grazing on a grass covered field side by side.,47405,87483
7008,coco-30k,A red fire hydrant sitting next to a sandwich sign.,69525,410437
7009,coco-30k,A blue sign in front of a bamboo enclosure.,18411,229782
7010,coco-30k,A street sign that reads broadway on  a traffic light.,36525,144053
7011,coco-30k,A  yellow fire hydrant on a green piece of grass next to a road.,58961,76962
7012,coco-30k,A colorful railroad train arriving at a station.,5739,307847
7013,coco-30k,The windows of a railroad train photographed against a cloudy background.,10799,192755
7014,coco-30k,Red and yellow fire hydrant with the lid off.,42755,399703
7015,coco-30k,Small train running down the tracks in the middle of a field.,70054,50165
7016,coco-30k,Large open field in the middle of a stormy area.,96216,152192
7017,coco-30k,A flock of sheep are grazing in their pasture.,2783,550422
7018,coco-30k,A flock of sheep crosses a dusty road.,55016,224000
7019,coco-30k,Traffic signal for saying walk on Greene St.,24929,530860
7020,coco-30k,A pair of rams graze through the snow on the side of a hill.,19986,65239
7021,coco-30k,A little black colored bird stands gazing at a statue on a sunny day.,97174,339759
7022,coco-30k,A city street is crowded with people and no cars.,51954,304557
7023,coco-30k,A parrot is eating some food from his own claw,33908,327401
7024,coco-30k,An old van has been given a mirrored finish,75852,327383
7025,coco-30k,A pigeon perched on a ledge with a street behind it.,2819,542205
7026,coco-30k,A small enclosure for different types of animals.,53783,442585
7027,coco-30k,There are some benches arranged together in an open park,82347,327890
7028,coco-30k,An oversized picture of a train has a conductor standing by it.,94943,502558
7029,coco-30k,Top view of a green train on railroad tracks.,18849,196571
7030,coco-30k,"Commuter train stopped on tracks at red light, green light further up the track.",76063,103255
7031,coco-30k,A locomotive is on the tracks along side some trees.,16293,23995
7032,coco-30k,"A picture of two giraffes, fairly close to a road, with a bus traveling up it.",6213,220307
7033,coco-30k,A cross road of Furnace St. and Crapo St. ,411,461275
7034,coco-30k,A bench in the woods surrounded by leaves. ,11059,320893
7035,coco-30k,A street sign next to a bend in the road.,25646,344730
7036,coco-30k,Eight busses are parked in front of a field.,43652,192591
7037,coco-30k,Planes are flying in a V formation in a blue sky.,41092,292639
7038,coco-30k,A lighthouse with birds flying by it at a bay.,31257,280347
7039,coco-30k,"A black and white picture of a busy street, only red is in color, a red double decker bus drives down the road. ",26515,148508
7040,coco-30k,A group of giraffes drinking from big puddles of water. ,29736,520840
7041,coco-30k,A Giraffe looking down as another giraffe in the background in looking through a fence ,72484,378814
7042,coco-30k,trees in fall colors and a stop sign to the right. ,48749,116291
7043,coco-30k,a large piece of paper on a refrigerator saying stop. ,13173,515670
7044,coco-30k,Green illuminated walk sign on a pole in a city.,99293,151922
7045,coco-30k,A fire hydrant in front of a graffitti written brick wall. ,65607,240800
7046,coco-30k,A city street with delivery trucks and a bus.,4909,78982
7047,coco-30k,White swans in the water and on the grass with one taking a close eye on the camera.,7198,438107
7048,coco-30k,A giraffe sticking out is tongue to grasp an item from a person's hand.,48186,507557
7049,coco-30k,One giraffe in the foreground with two giraffes in the background.,88003,577619
7050,coco-30k,A red stop sign over a yellow pedestrian crossing sign.,73811,183833
7051,coco-30k,A man sits on a bench and stares into the distance.,37783,551966
7052,coco-30k,A train pulling into a train station pulling a line of train cars behind it.,27066,401320
7053,coco-30k,Group of giraffes standing near a puddle on the savannah.,8600,214574
7054,coco-30k,A large yellow school bus stopping on a road.,76179,88462
7055,coco-30k,A girl and boy are sitting together on a bench,67070,388398
7056,coco-30k,The little girl is standing between the low shrub and the fire plug,43273,436387
7057,coco-30k,A herd of sheep grazing on a pile of hay in a field.,25406,187411
7058,coco-30k,Power lines lined with hundreds of birds at twilight,68418,532568
7059,coco-30k,A bus loading and unloading passengers in front of a Pizza Hut,32093,327919
7060,coco-30k,A statue is sitting on a bench and a woman sits on a cement block.,28262,295713
7061,coco-30k,A parking lot is on the side of the ocean.,16828,94751
7062,coco-30k,A blurred train is going under a bridge.,55271,56932
7063,coco-30k,a bench in the middle of a field with trees near by,78448,424744
7064,coco-30k,Three giraffe and a wildebeest in a field.,90749,524575
7065,coco-30k,A colorful train engine on the railroad tracks.,85409,238332
7066,coco-30k,A peach colored blooming azalea bush next to a bench.,50580,480280
7067,coco-30k,The large bird is walking in the water.,65086,66519
7068,coco-30k,The stop sign with an apartment building in the backgroundis shot from below.,87279,202329
7069,coco-30k,A cat is sleeping on a computer desk.,51152,73467
7070,coco-30k,a blue train driving on a train track below multiple power lines.,9874,357331
7071,coco-30k,Two children looking at a steam train engine,27037,399628
7072,coco-30k,People crossing the street of a busy city street.,95224,367029
7073,coco-30k,The train is pulling passenger cars down the track.,1587,157261
7074,coco-30k,a work desk with a monitor and keyboard,25949,102174
7075,coco-30k,A flock of pink flamingos stand with their heads resting on their backs.,92608,324421
7076,coco-30k,A city train passing under a walk way,77932,562227
7077,coco-30k,Cars and buildings line the urban streets of the past,62016,320290
7078,coco-30k,A series of different bridges over a large body of water.,95235,332007
7079,coco-30k,Three yellow coach buses parked in a line.,76635,171298
7080,coco-30k,"A road sign next to a parking lot that reads ""FLAMING LIPS ALLEY"".",54030,85353
7081,coco-30k,A fire hydrant is next to a sign with a picture of a fire hydrant on it. ,16154,552156
7082,coco-30k,A red car traveling down a road under construction.,17573,210050
7083,coco-30k,A red train driving on a train train track next to an elevated stone sidewalk.,43387,174420
7084,coco-30k,Three tropical bird perched on top of high bare branches ,22383,146887
7085,coco-30k,A red stop sign next to a street in front of a green street sign.,23144,532159
7086,coco-30k,Street signs are affixed to a utility pole.,18895,209630
7087,coco-30k,A sheep sniffing the back of a cat in the snow.,4904,531710
7088,coco-30k,a close up picture of a giraffes head,46730,15811
7089,coco-30k,Conductors operating a miniature train for parents and their children.,63321,306972
7090,coco-30k,a wet road busy with traffic like a taxi and bus,73782,423617
7091,coco-30k,A tree standing in the middle of a grass circle.,63452,479099
7092,coco-30k,"A red and white bus sits in front of a large, stone house.",66035,232900
7093,coco-30k,A small blue train traveling past houses by train tracks..,32923,521874
7094,coco-30k,A passenger train traveling through a tunnel covered with a forest.,39603,492102
7095,coco-30k,A fire hydrant sitting in a front yard next to a sign.,80483,185464
7096,coco-30k,An orange sign pointing to the right sitting on a sidewalk.,97086,502910
7097,coco-30k,A hazard sign on top of a crossing gate in front of a building.,59545,204435
7098,coco-30k,A herd of cows walking down a small country road.,5657,72714
7099,coco-30k,A grey and orange fire hydrant next to a street.,13701,417779
7100,coco-30k,A large sign sitting in a field with a broken down fence.,16354,18525
7101,coco-30k,Two buses passing each other by while traveling under a bridge.,16417,82787
7102,coco-30k,A humming bird mid flight preparing to land on a tree ,68714,211063
7103,coco-30k,a wooden bench that has colorful decorations ,53470,181169
7104,coco-30k,A cat is perched upon a wooden bench that sits on a stone patio.,90584,552395
7105,coco-30k,a bird  with a long beak flying low over the ocean.,47656,5706
7106,coco-30k,a street sign attached to a metal pole next to a street.,13652,64390
7107,coco-30k,Running track and playing field in a mountainous landscape,57585,145727
7108,coco-30k,Two dogs are wearing winter attire and staring off to the distance.,64027,8351
7109,coco-30k,A seagull standing near a body of water. ,20133,391857
7110,coco-30k,A black and blue multi color bird walking on a grassy area,85249,312024
7111,coco-30k,The parrot is perched on a tree limb.,92869,338203
7112,coco-30k,A couple instrument cases are stacked up with a red hat on top for donations.,81744,276863
7113,coco-30k,Two birds are perched upon a snowy bank.,17182,497117
7114,coco-30k,Cars and trucks stopped at an intersection at twilight.,83572,453841
7115,coco-30k,Group of giraffes standing in a field eating and lounging. ,94544,202880
7116,coco-30k,A passenger train parked at the train station.,78190,192332
7117,coco-30k,Intersection of two street signs and a stop sign.,16916,391347
7118,coco-30k,Men sorting through a toppled over train car. ,55607,47131
7119,coco-30k,outside and cars park on the street and a sign name Duke Ellington Bld,97484,536201
7120,coco-30k,Commuter buses parked in a lot outside an apartment complex.,82305,350309
7121,coco-30k,Yellow and red trolleys with people standing about. ,78406,481928
7122,coco-30k,Adult and juvenile giraffes standing and lying on a dirt clearing.,80603,397863
7123,coco-30k,A big billboard is painted onto the side of a brick building.,95744,125997
7124,coco-30k,A colorful bird is sitting on a tree.,51776,109516
7125,coco-30k,The sidewalk is made out of bricks and has a fire hydrant on it.,76506,279387
7126,coco-30k,A bench near a bank of water with posts in the water.,24070,2453
7127,coco-30k,A giraffe grazing on a tree in the wilderness with other wildlife,55140,305821
7128,coco-30k,A man and two cats sit on a bench beside a body of water.,1503,381721
7129,coco-30k,A school bus and a silver car waiting at a railroad crossing for a train to go past.,55860,57149
7130,coco-30k,Two giraffes are shown standing in a grassy field.,71292,445365
7131,coco-30k,A group of fur ducks walks along a wooden walkway.,3077,166259
7132,coco-30k,A cardinal sits on a wooden rail in his home environment ,3352,419859
7133,coco-30k,Two baby ducks following an adult duck from behind.,19464,52147
7134,coco-30k,Train cars on railroad tracks with graffiti on the side.  ,72706,122039
7135,coco-30k,Giraffes eating foliage in a wooded zoo setting,91776,80974
7136,coco-30k,"A post with several street signs on it, including the name.",48787,242523
7137,coco-30k,A train in its full span gives the illusion of a neverending adventure.,43328,508917
7138,coco-30k,A man is hugging two sheep in an enclosed area.,91797,460010
7139,coco-30k,A flock of birds flies in the sky.,48993,110997
7140,coco-30k,A stop sign in the middle of the road,846,143946
7141,coco-30k,Animals in a field surrounded by trees and fencing.,9774,233560
7142,coco-30k,Characters from Cat in the Hat in front of a man and child.,12059,111806
7143,coco-30k,Three cows are standing on a fishing boat.,73655,382670
7144,coco-30k,Large giraffe standing in the shade underneath a tree in a field. ,32654,474600
7145,coco-30k,An attractive lady riding a cow while leaping over a set of poles.,52511,427612
7146,coco-30k,A political candidate advertisement on the side of a coach bus.,34950,143931
7147,coco-30k,The two giraffes are standing in the dirt.,65941,349302
7148,coco-30k,A large older man sitting on a wooden bench in a park.,94213,323288
7149,coco-30k,A street lamp post with a parking sign on it.,9473,33422
7150,coco-30k,A bus with a mural on the side and front.,35866,561214
7151,coco-30k,A train next to another train next to a car.,21894,494863
7152,coco-30k,A double city bus is pulled up to a bus stop.,26745,338625
7153,coco-30k,There is traffic passing by a large building,96682,520009
7154,coco-30k,A giraffe is bending towards two of its trainers,60934,384230
7155,coco-30k,A tall giraffe standing next to a tree in a field.,28365,171613
7156,coco-30k,A little baby sheep is standing next to a large brown sheep.,49968,202387
7157,coco-30k,A birthday cake is decorated like a fire engine.,21205,265611
7158,coco-30k,An eagle is posted on a thin rail.,19525,538976
7159,coco-30k,A train is passing by an empty platform,51971,351744
7160,coco-30k,A hipster holding a camera while wearing glasses.,70295,361029
7161,coco-30k,A yellow and blue fire hydrant sitting on a sidewalk.,82168,332654
7162,coco-30k,People waiting to cross a busy street at night.,1094,422877
7163,coco-30k,There is a bus and a car on the road.,57553,145061
7164,coco-30k,A man has a red water bottle up to his mouth.,97089,284991
7165,coco-30k,A large giraffe standing next to a man pushing a bail of hay on a cart.,61707,401123
7166,coco-30k,A beautiful young woman bending over while holding a back cat.,14891,191169
7167,coco-30k,A bus traveling on a freeway next to other traffic.,84758,460347
7168,coco-30k,A giraffe laying on the ground next to birds on rocky ground.,30317,134160
7169,coco-30k,A small woman standing in front of a baby elephant.,88023,273579
7170,coco-30k,Two people sitting on a dock eating sandwiches,97808,23807
7171,coco-30k,A dog with his leash attached to a bench,51243,217082
7172,coco-30k,A public bus stopping on a street corner,18587,322285
7173,coco-30k,A stop sign on a beach with everyone in the water,17938,123119
7174,coco-30k,Three sheep in the process of running on grass outside.,33696,503418
7175,coco-30k,A man and a woman dressed up by a park bench.,69907,315939
7176,coco-30k,A white park bench sitting in the middle of a forest.,32048,507313
7177,coco-30k,A wood bench set by a trellis with greenery on it.,84328,285325
7178,coco-30k,A man in a red shirt leaning up against a road sign with a camel on it.,11007,119166
7179,coco-30k,A blurry image of a dark colored bus at a bus stop.,12666,85562
7180,coco-30k,Two giraffes standing together in an open field zoo den,66032,179558
7181,coco-30k,A bus traveling across a bridge next to a white fence.,99171,33073
7182,coco-30k,View of the intersection of two streets in front of houses.,72570,451373
7183,coco-30k,A green street sign next to a dirt field by a playground.,99320,146498
7184,coco-30k,A young man sitting on a park bench next to a playground.,7171,341921
7185,coco-30k,Five sheep peeking out of a wall and eating hay on the ground.,38325,213739
7186,coco-30k,Two road signs are viewed from inside of a vehicle windshield.,74113,134657
7187,coco-30k,A girl and boy playing on a fire hydrant.,85719,395382
7188,coco-30k,A bird sitting on top of a table at a restaurant.,45764,486846
7189,coco-30k,A road sign warning of Resident Permit Parking Only.,8975,569850
7190,coco-30k,A street sign showing what roads go which ways.,36342,460156
7191,coco-30k,Two buses parked next to each other in a parking lot.,77717,279499
7192,coco-30k,A giraffe running across a grass covered field.,12919,392933
7193,coco-30k,A large convex mirror mounted to a brick wall.,11324,264957
7194,coco-30k,A green street sign next to a road surrounded by a forest.,84654,244184
7195,coco-30k,A large AMOCO sign above a sidewalk next to a street.,73002,222782
7196,coco-30k,The Big Ben clock tower towering over the city of London.,21733,415413
7197,coco-30k,A little dog sitting on a wooden bench.,99961,391139
7198,coco-30k,Three giraffes standing up in a field eating leaves off of trees.,95800,157098
7199,coco-30k,A yellow and green train on a train track.,98563,374567
7200,coco-30k,A young boy admiring a toy railroad display.,78938,53550
7201,coco-30k,A car with alarm clocks and flowers on it's dash board.,71980,458338
7202,coco-30k,Traffic lights next to traffic signs on a bridge.,77420,368595
7203,coco-30k,A young man walking across a street at a crosswalk.,38254,277005
7204,coco-30k,Three people riding horses on a beach next to the ocean..,71148,532007
7205,coco-30k,A train traveling down train tracks next to a train yard.,14845,435034
7206,coco-30k,A large two layer cake elaborately decorated with a train..,37937,436722
7207,coco-30k,Two giraffe standing next to each other in a zoo.,45282,208003
7208,coco-30k,A train pulling into a train station with large windows.,1802,530261
7209,coco-30k,A wooden bench in front of some trees.,16845,18888
7210,coco-30k,A giraffe standing in a field of grass.,73575,9478
7211,coco-30k,A stop sign that is decorated in a tropical environment. ,87818,19532
7212,coco-30k,A large bus is parked outside a building.,80633,405047
7213,coco-30k,A sheep scratches his back up against a wooden structure.,91818,272008
7214,coco-30k,Street signs on an empty city street intersection. ,50649,522959
7215,coco-30k,"A red, black and yellow train coming down the tracks by a body of water. ",93407,325519
7216,coco-30k,A bench sits all alone on a beach looking at the magnificent ocean view.,29979,201993
7217,coco-30k,A narrow city street has a leaning one way sign.,98264,57879
7218,coco-30k,a woman riding a horse while holding a flag,37524,385540
7219,coco-30k,The two people sit on a bench overlooking the park,57049,306553
7220,coco-30k,Three light sheep are grazing on grass in a ring and a dark sheep is eating by himself.,75479,14743
7221,coco-30k,Street corner signs above a red stop sign.,77168,305634
7222,coco-30k,The people get off of the white buss next to the forest ,69950,357493
7223,coco-30k,A bird is walking right through a dining room.,29648,82696
7224,coco-30k,a train moving along the track on a hillside near a mountain,75102,477526
7225,coco-30k,The traffic light and street signs sit by a red fire hydrant.,19161,340654
7226,coco-30k,A road sign on top of a stop sign ,50555,66427
7227,coco-30k,A bird is perched on a rock in the sea water.,31561,548275
7228,coco-30k,A stop sign has been bombarded with bumper stickers.,4704,170017
7229,coco-30k,A street sign is posted to watch for senior citizens.,48487,358707
7230,coco-30k,City bus on an empty city street near a STOP sign. ,58633,121663
7231,coco-30k,two men sitting on a park bench outside by a tree,40923,523230
7232,coco-30k,Woman holding a purse and walking a dog passing in front of a big building. ,46270,93034
7233,coco-30k,A woman walking on a city street in a red coat. ,27066,541924
7234,coco-30k,Two people sitting on a bench looking out at city.,88321,337619
7235,coco-30k,Image of a street approaching California 138 with stop sign ahead.,74934,501023
7236,coco-30k,A lone giraffe walking in an open field.,26595,207797
7237,coco-30k,Some sheep sit in the grass of a field.,99560,575403
7238,coco-30k,Two empty seats on a vehicle are in front of a window,58503,519153
7239,coco-30k,A red double-decker bus sits in a parking lot.,48824,448425
7240,coco-30k,a public transit bus parked with its doors open,8987,330204
7241,coco-30k,There is a big stop sign colored in red and white ,43750,388873
7242,coco-30k,"A fire hydrant is painted red, white and blue and sits on a sidewalk in front of a brick wall that shows graffiti.",37155,244019
7243,coco-30k,A street sign is affixed to a traffic light and a tree looms in the background.,46706,89614
7244,coco-30k,a freeway traffic sign writtien in an asian language,14597,110196
7245,coco-30k,An airplane nose sits in a hangar. ,33473,220025
7246,coco-30k,"An airplane flies in the sky amid blue sky and big, puffy, white clouds.",32552,532338
7247,coco-30k,a bird walking on the beach in front of the surf,8648,151432
7248,coco-30k,A street sign that is on the side of the road.,5078,295683
7249,coco-30k,Traffic drives down a street on a green light passed tall buildings.,2994,308388
7250,coco-30k,An orange road sign sitting next to a black truck.,25308,299409
7251,coco-30k,Two giraffe standing next to each other on a grassy field.,66778,40102
7252,coco-30k,There is a black and white photo with a bench falling over.,57243,545363
7253,coco-30k,The bus is parked alongside the road and is empty.,75235,233527
7254,coco-30k,A stylized photograph of a really old fire hydrant sitting beside a bent iron handrail.,38345,386958
7255,coco-30k,Three giraffes are feeding from white buckets that are hanging from a fence.,67551,183701
7256,coco-30k,A bright yellow fire hydrant sits among landscaping rocks between the sidewalk and the fence. ,17358,552761
7257,coco-30k,A man dressed in red riding on a boat.,28086,359864
7258,coco-30k,A commercial airplane ascending in to the sky,86059,192788
7259,coco-30k,Two colorful peacocks walking towards a brown wooden bench.,59188,212342
7260,coco-30k,A small train ride carrying people around a park,44042,209274
7261,coco-30k,A photo of a busy city with cranes and a train and bridge,64855,318550
7262,coco-30k,A yellow and blue fire hydrant by a fence,93874,216083
7263,coco-30k,black and white photo of two birds flying on a cloudy sky,14650,183114
7264,coco-30k,A woman in a coat walks along a snow covered sidewalk. ,91248,222458
7265,coco-30k,A green commuter bus pulling into the bus station ,34515,77351
7266,coco-30k,A train with smoke coming into the train depot,23837,114235
7267,coco-30k,A man and woman sitting next to each other on a park bench.,85360,433547
7268,coco-30k,A cage packed full of yellow parakeets. ,8926,197652
7269,coco-30k,A red and white striped bus traveling past a store.,30417,173797
7270,coco-30k,A large red stop sign next to a box sitting on a sidewalk.,85849,511002
7271,coco-30k,A large white double decker bus traveling past a tall building.,80595,97899
7272,coco-30k,A red and yellow train pulling into a train station.,90283,438232
7273,coco-30k,A man holding a cow while standing in a forest.,7519,505471
7274,coco-30k,A large grey and yellow bird floating on a lake.,50570,539604
7275,coco-30k,A bunch of cars driving down a street surrounded by tall buildings.,27416,160740
7276,coco-30k,a close up of a giraffes head with a wooden wall in the background,97808,469652
7277,coco-30k,A large black bird wings spread flying over the woods,34083,81630
7278,coco-30k,A lady walks a child towards a bus parked in a harbor.,42877,495064
7279,coco-30k,"A person silhouetted against a cloudy sky, holding an umbrella.",80265,380101
7280,coco-30k,A sign stating there's a fire hydrant next to it,38114,13159
7281,coco-30k,A red fire hydrant next to a snow covered path.,94042,544644
7282,coco-30k,A street sign showing four different roads on it,43589,374727
7283,coco-30k,Two people riding a paddle boat in the middle of a lake.,57626,210149
7284,coco-30k,Identical street signs pointing in the opposite directions of each other. ,13324,176701
7285,coco-30k,There are mountains in the background and a lake in the middle.,80478,380932
7286,coco-30k,A crosstown bus is parked on the street.,26811,255769
7287,coco-30k,A city with tall buildings filled with tall buildings.,23089,59328
7288,coco-30k,TWO ELECTRIC TRAIN COMPARTMENTS STANDING NEAR TO A BUILDING.,39785,250260
7289,coco-30k,A train covered in graffiti traveling down railroad tracks.,60513,463605
7290,coco-30k,Double decker city bus passing under an overpass. ,86359,182176
7291,coco-30k,A yellow bench sitting in a field next to trees and a shrub wall.,50720,183187
7292,coco-30k,A red stop sign on a gate next to a grass covered field.,65222,453626
7293,coco-30k,A boat sitting next to a beach in the ocean covered with birds.,70483,277518
7294,coco-30k,Center city street lit up by a series of light displays. ,50217,134537
7295,coco-30k,A brown dog tied up to a brown wooden bench next to a street.,41326,445371
7296,coco-30k,A book sitting next to a cup of coffee on a bench.,91080,365214
7297,coco-30k,A train car with blue graffiti on the side of it .,52257,7211
7298,coco-30k,A nest filled with baby birds crying for their mother.,16523,318099
7299,coco-30k,Two parrots sitting on top of a tree beneath a blue sky.,89839,531136
7300,coco-30k,A white wooden bench sitting on top of a green hill next to the ocean.,96723,377406
7301,coco-30k,A cyclist checks his wrist heart rain monitor in front of a stop sign.,650,80725
7302,coco-30k,A tall giraffe standing in a forest on a grassy ground.,87457,522613
7303,coco-30k,A large white bush stopped at a bus stop.,64469,271017
7304,coco-30k,A double decker bus is parked in the parking lot.,88646,359937
7305,coco-30k,A blonde woman standing in front of a red double decker bus.,7986,213693
7306,coco-30k,A traffic light with four signals sitting next to a tall building.,12824,367843
7307,coco-30k,A family of sheep standing next to each other on a lush green field.,19621,353562
7308,coco-30k,A giraffe is fenced in next to a large city.,79921,76454
7309,coco-30k,A cat laying down on a wooden table in a park.,49805,500859
7310,coco-30k,A tall giraffe standing next to a Barron tree in a forest.,10325,94231
7311,coco-30k,A shirtless man walking a bike down a rural street.,25181,50145
7312,coco-30k,A train crosses as a bunch of gathered vehicles watch.,79290,495146
7313,coco-30k,A furry dog standing next to a fire hydrant.,20823,334391
7314,coco-30k,A street sign above an orange detour sign.,65079,317441
7315,coco-30k,A herd of giraffe walking through a lush grass covered field.,37299,521285
7316,coco-30k,A street sign on top of a pole next to a large green tree.,26724,49255
7317,coco-30k,small birds on tree branches with a sky background,79430,37705
7318,coco-30k,A bird walking along a beach with a rock it its mouth.,1507,231685
7319,coco-30k,A man sitting on a bench next to a river under a bridge.,44671,467863
7320,coco-30k,a man taking a picture of prizes in a claw machine game,7113,320150
7321,coco-30k,A green city bus riding with its windows open,26479,335241
7322,coco-30k,Pelicans and sea gulls are sitting on the beach.,28825,202926
7323,coco-30k,An overhead view of a railroad track with a train passing by,44675,578740
7324,coco-30k,A fire hydrant has been painted in the style of Dalmatian outside the fire department. ,17199,204206
7325,coco-30k,A red fire hydrant in front of a skyscraper,98868,266082
7326,coco-30k,A red double decker tourist bus goes around town,11192,137826
7327,coco-30k,A green traffic light on a post with street signs,60461,243328
7328,coco-30k,Yellow double decker bus being boarded on a city street. ,46680,524775
7329,coco-30k,Paved road with vehicles in one lane and a flock of sheep and goats in the other.,41193,276076
7330,coco-30k,A giraffe trying to lick a little girl.,30621,118465
7331,coco-30k,A blue double decker bus that says Garage on it.,46562,287396
7332,coco-30k,a person feeding seagulls on a beach near a lighthouse,33371,19783
7333,coco-30k,Two tennis players are sitting on the bench.,38619,43344
7334,coco-30k,A park bench is empty on the grass by a rock wall at the river side.,49318,486968
7335,coco-30k,A bus stop is decorated with blue brochures.,43329,23380
7336,coco-30k,There are very few people inside of the large train station.,45585,35436
7337,coco-30k,A train drives along railroad tracks while a person walks between the tracks.,49380,518586
7338,coco-30k,A hawk is standing over the remains of another bird.,32262,15681
7339,coco-30k,Many difference birds in cages on display in an outdoor market area.,62891,432330
7340,coco-30k,There are three giraffes and a goat inside the wire fence.,23512,431557
7341,coco-30k,Black and white photo of people looking at animals grazing.,15934,347179
7342,coco-30k,a public transit train on a train track with trees in the background,34089,178911
7343,coco-30k,A trail leads to a wood park bench in a tree filled park.,68385,252986
7344,coco-30k,A tour bus with a cats face painted on the front of it,82520,203294
7345,coco-30k,A train going back to its coarse filled with people.,81937,565778
7346,coco-30k,A woman standing on a beach near the water,26899,227073
7347,coco-30k,Two ducks swimming in a grassy pond together,76564,144655
7348,coco-30k,Giraffe in its natural habitat snacking on a tree,85908,499989
7349,coco-30k,A tour bus parked in front of a building with a large advertisement painted to it's side.,94830,154670
7350,coco-30k,Sheep in a forest after the snow has melted,33597,45496
7351,coco-30k,Red bus passing by a famous clock tower. ,94458,403657
7352,coco-30k,Street sign at the corner of SW 6th and Spencer,90176,538533
7353,coco-30k,A bird that has landed on top of another bird,88522,274052
7354,coco-30k,A street sign showing how to drive around a divide,29257,559576
7355,coco-30k,A train pulling out of a train station next to train tracks.,15444,209221
7356,coco-30k,A large blue passenger train pulling into a train station.,43385,236837
7357,coco-30k,A horned ram and a sheep grazing in a fenced field.,682,383039
7358,coco-30k,A white meta bench next to a patch of grass.,43591,322829
7359,coco-30k,A green mailbox with graffiti on the side,54793,71965
7360,coco-30k,A stop sign showing you should walk across the road,38284,478250
7361,coco-30k,A white gazebo surrounded by landscaping and trees.,84677,157067
7362,coco-30k,A giraffe walking in a field with gazelle's looking on. ,79042,515050
7363,coco-30k,A giraffe sitting on a rocky dirt and grass covered ground.,24009,37382
7364,coco-30k,Man walking by red sign on sidewalk by window of building while another looks on.,67141,494393
7365,coco-30k,A red traffic light with a red stop sign posted underneath it.,79386,460652
7366,coco-30k,A man walking while holding an umbrella on a wet sidewalk.,56975,65208
7367,coco-30k,A train traveling down train tracks surrounded by forest.,10701,160941
7368,coco-30k,Two men smiling and wearing yellow jackets behind construction markers.,27399,215723
7369,coco-30k,A couple walking down a path by the waters edge.,45406,394904
7370,coco-30k,A street sign with two streets and two block numbers.,51497,179430
7371,coco-30k,Four green traffic lights on an empty road.,67447,145700
7372,coco-30k,"Four young giraffes in a zoo, with one of them being fed leaves by a person",28268,180011
7373,coco-30k,A sign littered with stickers on a pole with a crosswalk button beside a large red building.,44618,245232
7374,coco-30k,A bird standing in the sand and another bird landing on a blanket in the sand.,52408,275501
7375,coco-30k,A stop sign mounted on a pole with a street sign with a forest in the background.,88472,219897
7376,coco-30k,Short rain as view from above either from over view mountain or air craft.,36394,563195
7377,coco-30k,Birds flying over a sandy beach and landing on a platform.,27579,170849
7378,coco-30k,"Street signs, corner of Lynn and Bigelow.taken 11.01.2009 23:58.",87446,173183
7379,coco-30k,A cross walk with pedestrians and a delivery truck.,8284,573930
7380,coco-30k,Signs posted in front of a municipal complex.,13701,516542
7381,coco-30k,A bird in a pot eating a fruit.,11789,208589
7382,coco-30k,Two planes flying in a clear blue sky.,23030,104345
7383,coco-30k,A lake is flooded over its banks several inches and people are sitting on benches.,49725,474862
7384,coco-30k,Two giraffes standing outdoors near a brick building.,67784,124390
7385,coco-30k,A small bird is perched on a leafless twig.,67279,373197
7386,coco-30k,A black duck floating in a wavy pond.,94860,121041
7387,coco-30k,A train sitting on a track in a field near a bridge.,22046,151135
7388,coco-30k,"S&B train number 3815 coming down the track, country area.",79074,238071
7389,coco-30k,People are waiting for the train to arrive,47898,500703
7390,coco-30k,A red and white street sign mounted on a red pole with a pedestrian traffic light.,54001,84982
7391,coco-30k,A red medical ambulance bus parked and waiting for people to board.,36554,49885
7392,coco-30k,An orange fire hydrant with a black hat on top.,60337,84200
7393,coco-30k,Three gray sheep in a field next to their owner.,39621,564301
7394,coco-30k,A bus is going through an intersection in a city.,95815,7355
7395,coco-30k,A street sign slightly knocked over next to a rural road.,97044,176149
7396,coco-30k,"Dull red train, 54,  between grass and trees.",52836,391560
7397,coco-30k,A red stop sign with a white street sign posted under it.,79856,200324
7398,coco-30k,World flags decorate a busy urban street corner. ,31625,540733
7399,coco-30k,Small cars move to pass around a London bus. ,27869,165572
7400,coco-30k,A flock of sheep walking down a road with a man and young girl. ,39262,534336
7401,coco-30k,A group of giraffe Standing up against a dirt wall in front of a crowd of children.,62053,65455
7402,coco-30k,This is a close up photo of a street sign of a cross street.,11954,312549
7403,coco-30k,A red extra long bus driving down a stone covered walkway.,34172,568290
7404,coco-30k,A giraffe standing next to a covered structure.,20783,241691
7405,coco-30k,A group of people waiting to cross a traffic filled street at a crosswalk.,69018,100978
7406,coco-30k,The train on some railroad tracks next to a platform.,7016,330316
7407,coco-30k,A downtown urban street scene with skyscrapers and historic buildings.,40373,533434
7408,coco-30k,A white demon hovering next to a red stop sign under a one way street sign.,58637,97892
7409,coco-30k,A green street sign on a pole in front of a tall building.,99348,268996
7410,coco-30k,Two giraffe standing on a dirt road next to a jungle,70743,567198
7411,coco-30k,A red sign posted to a pole in front of a tall building.,48124,210766
7412,coco-30k,A dumpster sitting in front of a building covered in graffiti.,43047,117079
7413,coco-30k,A family of ducks floating across a lake.,24750,120282
7414,coco-30k,A street sign with mount pleasant rd. and 630.,43271,33123
7415,coco-30k,A giraffe walking through the forest in the wild. ,75055,28110
7416,coco-30k,This is a giraffe standing in an enclosure.,56318,526704
7417,coco-30k,A train traveling past a group of tall residential buildings.,60797,478225
7418,coco-30k,A train coming out of a bridge next to a  river.,14152,181386
7419,coco-30k,A street sign standing on a corner in front of a building.,74918,134001
7420,coco-30k,A small kitten sitting on a chair next to a small dog.,2841,284851
7421,coco-30k,A blue and yellow train coming to a stop at a station.,61813,503939
7422,coco-30k,A woman is standing in front of an old train.,76208,491106
7423,coco-30k,A wooden bench is under the shade of a large tree.,20435,237459
7424,coco-30k,a ram is looking at the camera and standing on some grass,61219,197461
7425,coco-30k,two birds flying over some water and their reflection,47794,325688
7426,coco-30k,a woman is wearing a yellow jacket and a man in a white shirt,52130,460059
7427,coco-30k,an image of two giraffes in a crate,59998,183104
7428,coco-30k,Girl wearing Girl Scouts uniform holding an object in her hand near a fence.,58817,65227
7429,coco-30k,A bird standing alone in the water looking,68591,61836
7430,coco-30k,"Two giraffes in the trees, one standing up.",2995,333069
7431,coco-30k,A dog running around the field with sheep in the background. ,94310,138083
7432,coco-30k,a street image with parked vehicles along side the curb ,16488,430155
7433,coco-30k,"Sheared sheep on roadway taken from vehicle, with green hillside in background.",4167,337826
7434,coco-30k,A lot if birds are standing at the beach shore,37852,1103
7435,coco-30k,Train on track as it approaches a bridge.,3664,11260
7436,coco-30k,there are several stop signs along side the grass,61974,405621
7437,coco-30k,One giraffe laying by a rock while another giraffe looks on.,62052,261461
7438,coco-30k,THERE IS A PARK BENCH FACING A SNOW COVERED MOUNTAIN ,268,96991
7439,coco-30k,Barren mountains dotted with green beneath a cloudy sky.,37321,52851
7440,coco-30k,Two street signs on a post beneath power lines.,78016,301765
7441,coco-30k,A window that looks out onto an intersection with several shops.,42074,260182
7442,coco-30k,Small black bird standing on a wooden table or deck.,31993,452674
7443,coco-30k,AN IMAGE OF A FIRED HYDRANT ON THE STREET,62008,138550
7444,coco-30k,Man in green jacket walking towards bus stop sign.,16289,47191
7445,coco-30k,Street sign for Hollywood Boulevard with a building in background.,67271,351554
7446,coco-30k,A man on a tennis court who has just returned a hit,58466,415885
7447,coco-30k,A double decker bus at night on a London street.,34247,30796
7448,coco-30k,An old luncheonette sign on a corner by a street sign,2214,267184
7449,coco-30k,A plane flying over several houses and lots of trees. ,62398,137950
7450,coco-30k,Two sheep grazing in a green field with trees in the background.,38622,191533
7451,coco-30k,A giraffe cocks it's head towards a noise,68953,539422
7452,coco-30k,Street sign on the corner of Maciel Ln and Wonder Stump Rd.,92674,62805
7453,coco-30k,View of a city skyline and train yard at dusk.,18238,502229
7454,coco-30k,A train is going down a hill through a town,79137,29593
7455,coco-30k,An old woman sits on a bench and raises her hand,60548,10249
7456,coco-30k,A group of guys in  a dugout with their gear ,223,126226
7457,coco-30k,There is a white Vigrin Atlantic Plane on a runway,21017,174284
7458,coco-30k,A watch with a gold design surrounding it. ,99886,504813
7459,coco-30k,A vandalized abandoned building at a stop sign,29767,477741
7460,coco-30k,A car driving through a tunnel under buildings,56435,393266
7461,coco-30k,there is a treat sign says alameda street ,37542,577417
7462,coco-30k,Some people look at sheep on a farm. ,17831,263428
7463,coco-30k,A train in the middle of an area with trees,64314,426061
7464,coco-30k,Two adult pheasants walking slowly across a street,7279,122927
7465,coco-30k,A Spirit airplane takes off in to the air.,49482,60849
7466,coco-30k,Two jumbo jets display their company emblems on a runway.,22450,423837
7467,coco-30k,A large colorful parrot is perched on a tree limb.,11561,475944
7468,coco-30k,A metal park bench sitting next to a small road.,67734,461573
7469,coco-30k,A road with cars on it and a traffic light.,41962,557127
7470,coco-30k,A yellow commuter train parked at a train station.,53650,60090
7471,coco-30k,There is an old multi colored volvo parked next to a motel,2000,347544
7472,coco-30k,A train is pulling in to a train station.,60516,138073
7473,coco-30k,Two men standing next to a busted fire hydrant.,28362,516998
7474,coco-30k,A red double decker bus driving down the street,51477,247576
7475,coco-30k,A large body of water in front of a shoreline with a long train bridge.,94641,170129
7476,coco-30k,A small white bird standing on a beach while pecking at the water.,73989,505333
7477,coco-30k,A large giraffe standing in front of a lush green wilderness.,67983,219904
7478,coco-30k,A bird standing on the shore of the beach,32733,322955
7479,coco-30k,A mother sheep and a baby sheep pictured here.,96731,207728
7480,coco-30k,An Amtrak train traveling under a train bridge.,55053,466239
7481,coco-30k,A train car riding the railroad in a city.,41737,288799
7482,coco-30k,a ram is eating some food from a wood trough,90219,434089
7483,coco-30k,A group of commuters standing around a train station.,96158,82812
7484,coco-30k,"There are trees and benches randomly scattered about in the park, and a green slide as well.",6536,364439
7485,coco-30k,A herd of sheep grazing on a lush green field.,29290,552612
7486,coco-30k,There is a multi colored train pulling into a station.,28021,125513
7487,coco-30k,A street sign set on a steel pole.,4651,578852
7488,coco-30k,A group of people standing around a chicken coup.,48240,232483
7489,coco-30k,A small herd of sheep walking along a grass covered field.,47736,477085
7490,coco-30k,A pair of trains parked at a station.,81953,170651
7491,coco-30k,A snowy scene of trees and a road.,37097,319127
7492,coco-30k,a hummingbird flying above a bunch of small red and white flowers,74139,17778
7493,coco-30k,A red stop sign sitting next to country road.,20870,572427
7494,coco-30k,Signs with red men for go and stop,16003,341635
7495,coco-30k,A yellow fire hydrant sits by the side of the road.,44067,40087
7496,coco-30k,Two giraffe standing next to a chain link fence.,10826,301347
7497,coco-30k,A group of people crossing a street next to tall buildings.,61606,99114
7498,coco-30k,A train crossing a street near train crossing lights.,84593,475238
7499,coco-30k,A couple of birds perched on poles sticking out of a lake.,21838,386146
