case_number,source,prompt,evaluation_seed,coco_id
7500,coco-30k,A man wearing a t-shirt stands in the door way of a white bus.,57519,319534
7501,coco-30k,Two adult sheep lay on the green grass.,52972,547383
7502,coco-30k,A traffic sign sitting next to a sidewalk on a street.,91779,369776
7503,coco-30k,A green an White train car traveling past a road filled with heavy traffic.,9390,13965
7504,coco-30k,A red bus parked in front of a building on the side of a street.,949,236010
7505,coco-30k,A little boy wearing a hat and leather boots.,33397,194499
7506,coco-30k,A black cat wearing a tin foil hat looking off into the distance.,67391,177486
7507,coco-30k,A group of people walking across a crosswalk.,37659,151095
7508,coco-30k,A pizza restaurant sign sitting up against a brick wall.,88179,545235
7509,coco-30k,a bird with a foot on the top of a pole,32271,220716
7510,coco-30k,Two giraffe standing next to each other on a grass covered field.,50899,16193
7511,coco-30k,A bench sitting on the beach near the ocean.,75624,282046
7512,coco-30k,A wooden bench with a black box on top of it.,26531,147058
7513,coco-30k,A small her of sheep gathered on a lawn in front of a large building in the city.,59350,182984
7514,coco-30k,A giraffe standing next to a pile of dead wood.,96955,427471
7515,coco-30k,A wooden bench sitting near a group of buildings.,76319,102858
7516,coco-30k,A red fire hydrant sitting on a sidewalk next to a street.,68705,249273
7517,coco-30k,A group of people standing around a red stop sign.,51338,27441
7518,coco-30k,A bus traveling down a curvy road behind a black car.,74879,303818
7519,coco-30k,A bench next to a stone wall and a dirt road.,5354,79490
7520,coco-30k,A green and white bus pulling into a bus stop.,73625,373422
7521,coco-30k,A white and red traffic sign on top of a metal pole.,92276,325690
7522,coco-30k,A man riding a brown horse in uniform next to tall green trees.,6411,439715
7523,coco-30k,"A stop sign posted in a foreign language
",63142,45966
7524,coco-30k,A large flock of black birds in flight.,36643,267710
7525,coco-30k,A black and white picture of a stop sign.,48422,519555
7526,coco-30k,A train pulling into a train station next to a tall building.,21220,186956
7527,coco-30k,A white bicycle parked next to a brown brick wall.,26911,258860
7528,coco-30k,A single giraffe looks over the green brush.,53458,55072
7529,coco-30k,A city bus is parked along the side of a street.,80377,409138
7530,coco-30k,A large group of sheep in a grassy field.,69090,545959
7531,coco-30k,A freeway sign at freeway entrance detailing 3 freeway options.,41771,84592
7532,coco-30k,"A close up of a country sign, the picture is a personified bus that is freaking out because it is about to hit a biker, and the sign below reads 'danger traversee de route'.",10366,13789
7533,coco-30k,A wooden post showing different paths to be taken,93566,397287
7534,coco-30k,A city bus driving down a city street,90740,213649
7535,coco-30k,Two birds looking at their reflections in side mirror,75044,36414
7536,coco-30k,Three white sheep traveling down a paved residential street.,80416,55053
7537,coco-30k,A street signal with a smiling face for the green light.,8166,540180
7538,coco-30k,A yellow pickup truck stopped at an intersection,52531,547435
7539,coco-30k,A bird sits perched on the edge of an umbrella. ,46744,174423
7540,coco-30k,A black and yellow bird with a colorful beak,54412,167902
7541,coco-30k,a bird standing on a tree limb next to its nest,9124,397403
7542,coco-30k,The four pink sheep are moving away from each other.,10948,173445
7543,coco-30k,A pair of shoes sits on a bench next to a door. ,95046,291932
7544,coco-30k,A wooden bench surrounded by weeds has a dedication plaque,96877,322567
7545,coco-30k,White sheep grazing in a grass pasture near stone walls.,4356,471415
7546,coco-30k,A lone bird contemplates life while resting on top of a mound.,11861,185160
7547,coco-30k,A sheep in the snow with other sheep around him.,6713,361123
7548,coco-30k,A street sign reading Cambridge st and Norfolk st's crossing lies broken on the ground. ,97365,338718
7549,coco-30k,An animal that is on a tree eating some food.,24044,238292
7550,coco-30k,A man with a chef outfit is talking on the phone.,45000,429159
7551,coco-30k,Red street lights on an empty intersection with no traffic,87760,478736
7552,coco-30k,A woman wearing a hat sitting on a park bench.,89017,440060
7553,coco-30k,A stop sign is at an intersection on Morgan Rd.,2548,158952
7554,coco-30k,A picture of a very tall stop sign.,84931,28071
7555,coco-30k,A picture of a giraffe drinking some water.,4697,277208
7556,coco-30k,A group of birds eating at a bird feeder,65901,148309
7557,coco-30k,A bench that is beautifully shaded by a tree.,69120,445179
7558,coco-30k,a public transit bus on a city street,85110,87489
7559,coco-30k,A person and a animal in the daytime.,11787,307547
7560,coco-30k,A set of park benches near a lamp post,55430,4760
7561,coco-30k,A herd of sheep laying next to each other on lush green grass.,47473,91899
7562,coco-30k,A white bus driving past a hillside covered with trees.,68684,491965
7563,coco-30k,A wooden bench sitting on a lush green park.,65995,18485
7564,coco-30k,A bench sits along the side of a lake.,90463,419558
7565,coco-30k,A group of animals such as sheeps are walking together on the grass,72169,407235
7566,coco-30k,a group of people next to a train with a sky background,851,396496
7567,coco-30k,A bamboo bench with a backpack sitting on top of it.,47654,22129
7568,coco-30k,A picture of a broken down stop sign.,78841,88652
7569,coco-30k,A multi colored bus with people loading it,36697,383389
7570,coco-30k,"Groups of people walk around a huge, multi engine airplane.",36153,478862
7571,coco-30k,A large bus parked on a handicapped parking space.,53802,39368
7572,coco-30k,"A white bus has the words, crosstown, on the front while a man walks near the side of the bus which is front of a brick building.",15769,296353
7573,coco-30k,A silver fire hydrant sitting next to a  road on a sidewalk.,11656,372212
7574,coco-30k,a window shoing a man standing alone on a train platform,14653,144365
7575,coco-30k,A picture of two buildings and a street in black-and-white.,8177,264753
7576,coco-30k,A bus stop next to a curvy road surrounded by traffic lights.,44807,9379
7577,coco-30k,A yellow and brown bird perched on a leaf on top of a grass covered field.,72501,431931
7578,coco-30k,Two sexy young women sitting on a metal bench in front of flowers.,24333,548780
7579,coco-30k,A tall building with balconies behind a red and white sign.,72462,444888
7580,coco-30k,Three elderly people sit together and eat desert.,40719,73278
7581,coco-30k,A pretty young lady holding a black umbrella.,90344,347620
7582,coco-30k,A picture of a man sitting in a train.,92774,525777
7583,coco-30k,A close up of the stop sign and to street signs.,35342,579893
7584,coco-30k,A dog is walking past a row of park benches.,20535,107542
7585,coco-30k,A construction crew repairing electrical wires over a busy intersection.,32995,34820
7586,coco-30k,A picture of a person on the side of the road.,7974,34866
7587,coco-30k,A gray and yellow train traveling along the tracks,17829,467990
7588,coco-30k,A close-up of the streetlamp showing to red street signs.,96677,220160
7589,coco-30k,A long white passenger train traveling through lush green countryside.,59035,417217
7590,coco-30k,A train is coming down the track near some trees.,43944,295426
7591,coco-30k,A pond with various birds and ducks swimming.,34059,448278
7592,coco-30k,Two young children sitting side by side while eating food.,29043,347823
7593,coco-30k,A white city bus pulling onto a street near a cross walk.,62796,405614
7594,coco-30k,A white bird flying through a light blue beautiful sky.,67360,389129
7595,coco-30k,A scene featuring a shepard woman is juxtaposed colorful shapes,79401,403885
7596,coco-30k,A picture of a stop sign on a street.,2415,175539
7597,coco-30k,A picture of some people walking across the street.,33744,398246
7598,coco-30k,A building with a grey hound road sign on it,35767,344762
7599,coco-30k,There is a red car parked next to an old bus.,15442,543043
7600,coco-30k,an alley between two buildings with a sky in the background,93669,476491
7601,coco-30k,Two red and yellow trains parked next to each other.,16980,299295
7602,coco-30k,The lady is sitting on the wood bench.,52314,576607
7603,coco-30k,A highway scene with focus on an exit sign.,83734,222724
7604,coco-30k,underside of a plane flying through a cloudy sky,72195,443450
7605,coco-30k,A person that is feeding an animal with her hand.,63571,518716
7606,coco-30k,"A cloudy sky , red traffic lights and power lines",83343,38321
7607,coco-30k,A long passenger train traveling through rural countryside.,76456,5690
7608,coco-30k,A bird sitting on a sandy beach next to the ocean.,26274,398748
7609,coco-30k,A group of three women sitting at a table sharing a cup of tea.,61154,536654
7610,coco-30k,A bench sitting in front of a lush green hillside.,74821,182401
7611,coco-30k,A green and white bus traveling down a road.,25563,65306
7612,coco-30k,A highway sign posted on a pole next to a street sign.,92544,78947
7613,coco-30k,A white city passenger bus traveling down a street surrounded by tall buildings.,26376,549119
7614,coco-30k,A red stop sign on the side of a brick road.,25736,246248
7615,coco-30k,A television screen in an open space at a political function.,26052,527616
7616,coco-30k,A beautiful young lady laying on top of a park bench.,24759,146742
7617,coco-30k,A picture of a road sign labeled bodacious drive.,15099,189698
7618,coco-30k,A red double-decker bus parked on a helicopter pad.,10625,394681
7619,coco-30k,A red and white bus traveling down a street.,94491,87356
7620,coco-30k,A woman pulling her luggage past an orange fire hydrant.,51297,76765
7621,coco-30k,People getting on and off the bus parked by the curb.,16803,188817
7622,coco-30k,a public transit train on a train track with buildings in the background,37346,570826
7623,coco-30k,A woman standing next to a light pole by a street.,24391,198928
7624,coco-30k,Father and son wait on their bicycle at a traffic light.,5136,568972
7625,coco-30k,The man is sitting on a bench and is looking out at the street.,73894,442630
7626,coco-30k,A small red bird sitting on top of a rear view mirror on the side of a car.,44180,217554
7627,coco-30k,A tall giraffe standing next to a tree surrounded by a crowd of people.,1635,578350
7628,coco-30k,An intersection of wires and cables stretching over a traffic light.,21197,76249
7629,coco-30k,Side of meat sitting on a white plate on a dinner table. ,59552,153632
7630,coco-30k,An Asian street scene with many people on the street.,63543,400516
7631,coco-30k,A man carrying a suitcase and a bag at a train station.,7158,227433
7632,coco-30k,Large group of people standing outside a restaurant together. ,68152,247840
7633,coco-30k,A close-up of a hawk with a group of people in the background.,48065,34522
7634,coco-30k,A tropical bird hanging upside down on two wires.,63532,470032
7635,coco-30k,A group of people are on a tour in the jungle.,37976,549448
7636,coco-30k,Two giraffes in an enclosure with their necks and heads touching.,85128,576822
7637,coco-30k,A red train engine parked on top of a snow covered ground.,4145,242513
7638,coco-30k,People standing in front of building holding protest signs.,1714,249757
7639,coco-30k,A couple of large passenger jets flying past each other on an airport.,93290,244487
7640,coco-30k,A white and gray bird soaring over the blue ocean.,77276,236690
7641,coco-30k,a small bird in a bird feeder/house ,96763,572017
7642,coco-30k,A man standing a the front of a passenger bus.,19899,211246
7643,coco-30k,A beautiful woman in a red dress sitting on a bench next to a blue train.,13172,443835
7644,coco-30k,A red fire hydrant sitting on a patch of green grass.,79469,343315
7645,coco-30k,A park bench with two stones piled on top of each other,52365,576927
7646,coco-30k,Bicyclist sign attached to a wall beside a window.,37082,508931
7647,coco-30k,A giraffe looking for food between large rocks.,97723,194167
7648,coco-30k,Two birds sitting on a large rock next to a river.,55460,209728
7649,coco-30k,A close up of the front and of a bus.,56793,557819
7650,coco-30k,A street scene with a double-decker bus on the side of the road.,64913,203478
7651,coco-30k,A ram standing still in an empty pasture.,11728,396410
7652,coco-30k,A cat wearing a Santa suit including a Santa hat.,94439,296907
7653,coco-30k,A sign next to a stone wall stating the road name.,65059,342335
7654,coco-30k,A walkway lined with green trees next to park benches.,32125,558992
7655,coco-30k,A black and brown dog laying on a grass covered ground next to a yellow fire hydrant.,52866,35894
7656,coco-30k,A subway train traveling through a subway station.,53856,256838
7657,coco-30k,A giraffe standing in front of a stone building.,30480,160199
7658,coco-30k,A large white city bus stopped at a bus stop.,9773,239997
7659,coco-30k,A herd of buffalo grazing on grass next to the ocean.,56953,183181
7660,coco-30k,a red and white bus and some cars in the rain,72076,84170
7661,coco-30k,A train traveling through a tree filled countryside.,75957,41300
7662,coco-30k,A large green train traveling past wooden crates.,3570,433154
7663,coco-30k,Two sheep grazing on a lush green grass covered field.,34096,359234
7664,coco-30k,an old man with a white dog on a leash and a bench,38340,328368
7665,coco-30k,a bunch of sheep all chillin together in a bin,62823,343481
7666,coco-30k,A train pulling into a station with a red bench seat.,11981,410912
7667,coco-30k,White birds are gathered around a water puddle.,71230,490125
7668,coco-30k,Two giraffes are in the grass by some rocks.,65830,56768
7669,coco-30k,A woman on a bench reading a book,73652,499268
7670,coco-30k,A plane makes a landing at an airport.,11854,378859
7671,coco-30k,A fire hydrant is standing amid some grass.,9685,15746
7672,coco-30k,The reflection of a bus in a vehicle mirror,99748,291538
7673,coco-30k,an image of taxi cabs parked and stationed thru out the city,84449,12818
7674,coco-30k,a close up of a giraffe behind a fence ,76788,254816
7675,coco-30k,A bus is displaying rider information pamphlets at the front of the bus.,33889,158414
7676,coco-30k,A giraffe is poking its nose into a girl's beverage cup.,14254,75372
7677,coco-30k,Two herds of yak are grazing on a hillside with a snowy bottom landing.,93555,181058
7678,coco-30k,Two cars are waiting at a stop light.,32905,376321
7679,coco-30k,A fighter jet is flying through the air.,50416,275761
7680,coco-30k,The train image on the wall is beautiful.,90753,147577
7681,coco-30k,A cat is playing with a plan in a park.,34246,222235
7682,coco-30k,A giraffe stands in a field as birds perch on its neck.,94956,426629
7683,coco-30k,A bird that is on a tree limb.,54440,15113
7684,coco-30k,A giraffe stands tall beside a tree in a barren area.,23629,271046
7685,coco-30k,a group of giraffes standing near one another with trees in the background,46245,187876
7686,coco-30k,cars wait at red light at an intersection by mountains,79438,119748
7687,coco-30k,Orange seats on a train with Yellow doors and lime green floors.,23305,305876
7688,coco-30k,four coach buses parked in a parking lot,66378,224610
7689,coco-30k,A person wearing orange pants standing on a bench,16920,29397
7690,coco-30k,A lot of people that have some animals.,91056,23660
7691,coco-30k,time shot of cars driving down Asian highway,14044,449198
7692,coco-30k,A small giraffe laying in the sand by a fence,33998,65628
7693,coco-30k,A picture of a train going on the train tracks.,44748,220058
7694,coco-30k,The green bus has a large front window and a yellow license plate.,56600,77837
7695,coco-30k,The picture of three buses on a lot.,4735,90208
7696,coco-30k,A boat traveling into a water filled tunnel.,41724,113051
7697,coco-30k,A long empty road with an over pass bridge.,64772,246348
7698,coco-30k,Two rows of red double decker buses on a green lawn,67398,548159
7699,coco-30k,A picture of a two-story bus by the street.,47281,269926
7700,coco-30k,Up close view of a model train set and its surrounding area,17754,560466
7701,coco-30k,A baby giraffe being licked by a big giraffe.,36730,191675
7702,coco-30k,A rusty old fire hydrant on an inner city street,75769,255718
7703,coco-30k,A red fire hydrant in front of a shopping center.,39355,338562
7704,coco-30k,Three double decker busses are parked in front of a building.,93108,334743
7705,coco-30k,The street sign is standing on the corner.,37710,493774
7706,coco-30k,A trolley is going down the street while a car passes it.,88635,514376
7707,coco-30k,A close-up of a tropical bird with a mirror behind it.,41402,372756
7708,coco-30k,A street post with a one way sign and street name sign along with holiday decorations.,73460,395185
7709,coco-30k,A yellow city bus going to walmart and the hospital,77795,299493
7710,coco-30k,A cargo train is sitting at a train station.,17270,74465
7711,coco-30k,"The road sign says ""East 278 Queens Bronx""",28471,41488
7712,coco-30k,A fire hydrant on the side of the road spraying water.,37341,309696
7713,coco-30k,A street scene with a double decker bus.,12100,67178
7714,coco-30k,An expressway sign is informing of how much further to the next destination.,14958,421970
7715,coco-30k,A tall two story gray house sitting in front of a street sign that readsd Nirvana Dr.,27176,388325
7716,coco-30k,A street scene of a self service parking lot.,71671,499181
7717,coco-30k,A woman with a hat is using an umbrella.,53230,465074
7718,coco-30k,A yellow fire hydrant surrounded by many types of flowers next to an apartment.,52552,351938
7719,coco-30k,Three people in yellow shirts cleaning a park bench.,35276,188735
7720,coco-30k,A very green bench that is in some grass.,21589,282176
7721,coco-30k,Some hot air balloons are in the air above wires.,80420,420852
7722,coco-30k,A bird that is sitting on top of a tree.,4906,278306
7723,coco-30k,A monument of a lion that is in a wall.,98468,162692
7724,coco-30k,A train that is going by some grass.,3075,224554
7725,coco-30k,A photo of chalk writing on the sidewalk next to a white fire hydrant.,91736,145742
7726,coco-30k,Red and blue train sits along the tracks,37024,183666
7727,coco-30k,Multiple train tracks with a train on one of the tracks.,43553,473783
7728,coco-30k,A bird that is sitting on a ledge.,54452,574988
7729,coco-30k,An animal that is licking the neck of another animal.,90336,469713
7730,coco-30k,A bus that is driving on the street.,95434,307442
7731,coco-30k,A parking lot filled with parked cars in a shopping center..,41843,449872
7732,coco-30k,The train is approaching and a man is getting off his bicycle.,84662,185472
7733,coco-30k,A bus that is driving down the road.,54205,344029
7734,coco-30k,A wooden bench sitting in a park covered with leaves.,53642,496093
7735,coco-30k,A beautiful woman sitting on a bench next to a body of water.,54899,235296
7736,coco-30k,Two people resting beneath a tree near several green street signs.,59019,60704
7737,coco-30k,A semi truck riding on top of a faerie.,32122,412373
7738,coco-30k,A group of people standing next to a bus and a flag pole.,54792,347506
7739,coco-30k,A yellow bus carrying passengers riding along the road.,56345,419089
7740,coco-30k,A flock of birds flying over the ocean next to a beach.,73186,315001
7741,coco-30k,A large adorable owl standing on top of a green grass covered park.,30639,454449
7742,coco-30k,A park filled with green grass and a tall leaf filled tree.,62318,195045
7743,coco-30k,"The dog lies on the ground, while the two men talk to each other.",63888,401163
7744,coco-30k,A giraffe is standing under a tall tree.,57359,429283
7745,coco-30k,A sign hanging on a pole by the sidewalk,19116,13992
7746,coco-30k,an image of an aerial view of cars in a parking lot,79811,528951
7747,coco-30k,A large white seagull in flight over blue waters.,32092,388881
7748,coco-30k,"PASSENGER TRAIN WITH SMOKE BILLOWING IN THE WIND,TRAVELING THROUGH THE TREES",97576,400472
7749,coco-30k,A large white airplane flying beneath a blue sky.,70966,121089
7750,coco-30k,An airplane is waiting at the jet bridge,73226,537427
7751,coco-30k,A bright red fire hydrant is in the grass.,65515,458156
7752,coco-30k,Two cats sitting in the dirt under a tree.,74403,117374
7753,coco-30k,A group of giraffes inside of an enclosure.,64928,18874
7754,coco-30k,A giraffe stands between trees while other giraffes walk behind him.,12136,150365
7755,coco-30k,a close up of many toy sheeps on a table ,55505,58146
7756,coco-30k,A train is stopped in front of an industrial area.,19373,257359
7757,coco-30k,A retail sign is hanging above a stop sign alert for added effect.,50599,268049
7758,coco-30k,a bus driving on a city street with trees,89630,564069
7759,coco-30k,A man on motorbike rides in front of a large parade of traffic.,77674,555763
7760,coco-30k,a man is standing by a sign post ,7182,493815
7761,coco-30k,a pole with several street signs by a building,70492,101623
7762,coco-30k,There are people standing on a red double decker bus.,55231,191613
7763,coco-30k,The three giraffe stand next to a pile of logs.,47247,155035
7764,coco-30k,There stoplight in front of the buildings is green. ,87841,74096
7765,coco-30k,A train with steam coming out is on the tracks.,77108,429718
7766,coco-30k,A giraffe cranes its head to look over a canopy.,2364,496309
7767,coco-30k,A green traffic light shines above a street with light traffic.,20486,413172
7768,coco-30k,Two giraffes are in a fenced in area that has a few sparse trees near it.,32132,464178
7769,coco-30k,"A city street scene with a green bus coming up a street, with ocean in the background.",69837,339368
7770,coco-30k,A giraffe points its head towards the sky,97607,289586
7771,coco-30k,three giraffes walking in a field with trees in the background,92093,492506
7772,coco-30k,A little boy dressed up like he is on a safari.,46972,533276
7773,coco-30k,a bench with a wall and pavement ,49312,489920
7774,coco-30k,a green bench sitting on the side of a wall,90702,474188
7775,coco-30k,"A narrow, one-lane street and a stoplight by a low wall",16411,40064
7776,coco-30k,A tall giraffe kissing the bark of a brown tree. ,28128,448426
7777,coco-30k,A traffic light next to a street light below a tall building.,8766,218470
7778,coco-30k,A train parked at a train station next to another train.,78801,58737
7779,coco-30k,A park bench surrounded by a green forest of trees.,97521,195648
7780,coco-30k,A yellow and blue bus traveling down a road next to a park.,85436,55167
7781,coco-30k,A large giraffe standing behind a wire fence.,16782,288983
7782,coco-30k,A silver passenger train with an aids walk poster on it's side.,85667,456833
7783,coco-30k,A bridge filled with blue and white buses.,21493,364919
7784,coco-30k,A red commuter train passing through a train station.,26093,384594
7785,coco-30k,A herd of sheep in an open snowy field,67306,393928
7786,coco-30k,A herd of sheep standing next to each other on dirt ground.,27681,360325
7787,coco-30k,A large goose cleaning itself by the water,52991,400994
7788,coco-30k,A man walking towards a bench from the street,45663,523454
7789,coco-30k,There are two different street signs together in a different language,14960,576017
7790,coco-30k,A black train car with a group of men standing on the back of it.,48314,548538
7791,coco-30k,Man sitting outside in a blue coat about to stand up from lawn bench.,20946,163112
7792,coco-30k,A couple of young men riding bikes down a street in front of a sign.,16843,301746
7793,coco-30k,Two birds sitting on top of a branch on a tree.,9813,44732
7794,coco-30k,Black and white photo of a trolley car.,26896,545093
7795,coco-30k,A long white train traveling through a lush green hillside.,38699,419624
7796,coco-30k,There is a stop sign and two street name signs on one poll,59661,37709
7797,coco-30k,A large United States Air Force plane sitting on a tarmac at an airport.,33513,428357
7798,coco-30k,A bird with a long neck sitting in a tree filled with leaves.,49201,91610
7799,coco-30k,A group of people crossing a street next to a bend traffic light.,39382,284445
7800,coco-30k,An empty plastic container and a plastic fork left on a bench.,33004,254123
7801,coco-30k,A white statue holding open a newspaper while sitting on a bench.,65351,94326
7802,coco-30k,A child's steam engine train sitting on train tracks.,13960,271828
7803,coco-30k,Two decorated cakes in boxes on a table,60917,366931
7804,coco-30k,A road filled with snow and traffic lights.,9132,201670
7805,coco-30k,A street sign posted to a pole that reads no through road.,89512,497348
7806,coco-30k,A train car pulling away from a train station next to a forest.,13158,223777
7807,coco-30k,A red stop sign with a sticker of a man holding up a sword.,61420,82662
7808,coco-30k,A picture of a building and some grass.,399,161962
7809,coco-30k,A wooden bench in the middle of the wild.,76095,38772
7810,coco-30k,Two giraffes at the zoo during the day.,94662,261712
7811,coco-30k,A long passenger train traveling through a rural countryside.,69105,490695
7812,coco-30k,A brown sheep standing in front of a pile of rock.,18889,201916
7813,coco-30k,A set of train tracks with cargo train cars on one side and people on the other side near several buildings.,14623,495557
7814,coco-30k,A herd of giraffe and long horned goats laying in a zoo.,22265,152774
7815,coco-30k,A man is dressed in all black has on a black hat and glasses,88641,450400
7816,coco-30k,A sign warning no camera and no videos on the side of a road.,4142,384528
7817,coco-30k,A red fire hydrant sitting on a sidewalk.,9382,105912
7818,coco-30k,A couple of animals that are walking around the grass.,21403,459176
7819,coco-30k,A white pickup truck parked near a white brick building.,25211,335864
7820,coco-30k,A rear view mirror on the side of a yellow bus.,26465,378809
7821,coco-30k,We are at the intersection of Doyers Street and Chatham Square.,272,509423
7822,coco-30k,The two traffic lights are placed on a pole on the road.,56741,449793
7823,coco-30k,A number 41 bus heading to Mt Airy on a road.,6056,31711
7824,coco-30k,A city with many people waiting for a train.,41650,398007
7825,coco-30k,a white blue and red jet against a blue sky,886,97754
7826,coco-30k,A wooden box filled with birds and rabbits.,9538,388014
7827,coco-30k,A giraffe standing next to a tree with no leaves.,30232,425153
7828,coco-30k,A curvy road line with tall buildings and post.,9732,547597
7829,coco-30k,A long bus drives through a wide city street,61733,425388
7830,coco-30k,A line of decorative benches on a boardwalk.,24590,136464
7831,coco-30k,A advertising billboard next to a street light at night.,46604,172702
7832,coco-30k,A herd of sheep are seen on a farm,87658,525869
7833,coco-30k,A couple of swans swimming in a pond next to two people.,9699,432796
7834,coco-30k,A herd of zebra standing around a tall wooden tree.,60115,172265
7835,coco-30k,A busy street at night with parked cars on the side.,13182,19624
7836,coco-30k,Two little girls sitting on the side of a white boat.,99363,46497
7837,coco-30k,A black lab waits at a picnic table for it's master.,20566,156458
7838,coco-30k,A green motel sign hanging from a fake cactus.,76799,193704
7839,coco-30k,A small group of people standing outside of a train next to  small shops selling fruit.,66594,327807
7840,coco-30k,A bus stopped in front of a building with the Apple logo on it.,6155,306136
7841,coco-30k,A giraffe eating some leaves from a tree at the zoo,16920,101780
7842,coco-30k,A street sign on a tree lined Japanese street.,94806,29852
7843,coco-30k,A green train pulling into a train station.,53746,367511
7844,coco-30k,A man wearing a hat sitting on top of a boat.,20089,395717
7845,coco-30k,A floodway sign sitting on the side of a road in a field.,97820,340781
7846,coco-30k,A baby giraffe standing next to a wire fence.,22118,404886
7847,coco-30k,A western square sign on top of two wooden poles.,48864,162539
7848,coco-30k,Two cops standing in front of a street on a cross walk.,20051,277094
7849,coco-30k,A group of three men standing in front of a double decker bus.,98546,115571
7850,coco-30k,A bench sitting next to a river next to a bridge,92257,386370
7851,coco-30k,A bench overlooks a harbour with a lighthouse.,49584,462105
7852,coco-30k,A train's door is open for its oncoming passengers.,652,69842
7853,coco-30k,Some people that are sitting on a bench.,36781,389174
7854,coco-30k,Two adults and a baby sit on a bench.,29003,519565
7855,coco-30k,A white street sign hanging from the side of a pole.,11263,289943
7856,coco-30k,Man sit on a icy bench with skis on his feet.,11480,348795
7857,coco-30k,A stoplight that is green on the street.,36703,447842
7858,coco-30k,A group of men standing on a street corner next to a stop sign.,27112,121196
7859,coco-30k,A stop sign sitting next to a street sign on the side of a road.,71402,503277
7860,coco-30k,A gray tiger cat sitting underneath a metal bench.,48888,576191
7861,coco-30k,A large white bus stopped at a bus stop covered in snow.,8540,361073
7862,coco-30k,A large double decker bus driving under traffic lights.,114,112372
7863,coco-30k,A family of swans swimming on top of a lake.,63425,23230
7864,coco-30k,A couple of animals that are in the grass.,72074,192894
7865,coco-30k,A cat that is under a bike on the ground.,77241,573881
7866,coco-30k,A red street sign hanging off the side of a building.,46891,92554
7867,coco-30k,A catchers mitt sitting inside of a blue baseball hat.,70134,27932
7868,coco-30k,A crowd of people walking along a river next to street lights.,12424,191300
7869,coco-30k,A sleeping area of a train car with a seat belt buckle.,22244,534128
7870,coco-30k,A cat sitting on top of a bench in a field.,32735,80666
7871,coco-30k,A trian sitting next to three other trains near a field.,10,500335
7872,coco-30k,a yellow tram some mountains snow and trees,98730,87156
7873,coco-30k,A rusted silver fire hydrant next to two poles.,33080,165713
7874,coco-30k,A woman in a wheel chair sitting next to a red fire hydrant.,4229,425555
7875,coco-30k,A busted traffic light sitting next to a red house.,31804,483266
7876,coco-30k,some blurred sheep are running and some green grass,5698,515465
7877,coco-30k,A green park bench underneath a tree in a park.,40573,527960
7878,coco-30k,A tall giraffe standing on a rock on top of a hillside.,55799,332027
7879,coco-30k,A man sitting at a park working on a laptop computer.,46572,170813
7880,coco-30k,A lake with a rail bridge and traffic bridge over it.,69104,253755
7881,coco-30k,A train traveling through a dark tunnel next to green brush..,48933,47718
7882,coco-30k,A red bus driving down a busy city street surrounded by tall buildings.,935,226802
7883,coco-30k,A green and beige bus traveling down a busy city street.,18241,81287
7884,coco-30k,A red fire hydrant sitting on a muddy green hillside.,53616,181742
7885,coco-30k,A crow perched on an empty park bench.,20854,295359
7886,coco-30k,A water foul near the shore in a body of water with an island in the middle of it.,25175,366440
7887,coco-30k,A traffic light with a picture of a coffee cup underneath it.,8455,555390
7888,coco-30k,A man riding a skateboard while wearing an orange hat.,32741,468345
7889,coco-30k,an image of a woman smiling at the camera and behind her is a giraffe,16201,96226
7890,coco-30k,A British bus makes its way down the road. ,88530,39811
7891,coco-30k,two traffic lights in front of a huge building ,99559,503841
7892,coco-30k,A set of train tracks with a street sign next to them that reads 34th Street.,82918,87354
7893,coco-30k,A bird is flying over some rocky water.,57390,495088
7894,coco-30k,A double level bus on a street driving through a construction area.,36847,329900
7895,coco-30k,a group of trams running down tram lines,59220,344205
7896,coco-30k,MTA F train comes rolling through the bridge tracks.,65916,253415
7897,coco-30k,Two bright green passenger trains pass by with people standing in the doorways. ,24899,581899
7898,coco-30k,A river with lots of trees on the river banks and a bridge in the middle of the river.,99322,18771
7899,coco-30k,A man walking across the street without any traffic.,47942,478868
7900,coco-30k,A huge group of scattered out sheep are in the field. ,41701,316112
7901,coco-30k,Three sheep in a pasture with people standing by the fence.,49743,1554
7902,coco-30k,A giraffe in the middle of a field looking astute,65160,487236
7903,coco-30k,a close up of a dog wearing a yellow clone hat,46695,163496
7904,coco-30k,"A street sign for Battery Plaza, and a One Way street sign. ",38845,212675
7905,coco-30k,There is a giraffe facing a brick wall.,79509,292075
7906,coco-30k,A bus pulls up to a group of people and a sidewalk.,90336,256852
7907,coco-30k,There is a bird standing in the sand.,74542,438269
7908,coco-30k,A decorated street sign for Queen Street with two blue signs below. ,56175,186797
7909,coco-30k,Buses of various colors parked in a parking lot. ,94918,334675
7910,coco-30k,A stop sign with graffiti on it nailed to a pole. ,5961,321308
7911,coco-30k,A park bench submerged in water in a flood.,9958,67868
7912,coco-30k,A cardinal perches on the side window mirror of a parked sedan.,614,523782
7913,coco-30k,A bus that is driving down the road.,48236,450313
7914,coco-30k,A giraffe has come to a fence line to greet visitors.,35436,285894
7915,coco-30k,A giraffe looks on as two black birds peck for food on the ground. ,75793,291330
7916,coco-30k,A lone woman stands at an empty train station.,74666,70870
7917,coco-30k,A busy intersection in a city has many tall buildings and advertisements. ,6166,263177
7918,coco-30k,A piece of wood that is on top of a block.,26685,139475
7919,coco-30k,A man standing on the corner with a drink in hand.,34005,332916
7920,coco-30k,"An image of a raptor, possibly an eagle, extending its wings overhead against a yellow and maroon sky.",80548,495852
7921,coco-30k,An empty intersection of a colorful urban area.,36679,332545
7922,coco-30k,A red wall is the collection place for a large collection of colorful ties and hats. ,16816,451798
7923,coco-30k,A rainy day at the bus station in the old section of town. ,45290,258702
7924,coco-30k,A couple of captive giraffes look around the ground in the zoo. ,46958,197745
7925,coco-30k,A truck crosses train tracks near an oncoming train. ,79486,7952
7926,coco-30k,A bird flying over the beach to the water,95592,107468
7927,coco-30k,A bunk bed sits next to an open window. ,8889,574057
7928,coco-30k,Elaborate Toronto Blue Jays professional baseball cap cake,38548,434129
7929,coco-30k,A tent in a forest next to a silver and brown RV.,7706,393254
7930,coco-30k,A herd of animals grazing on the side of a green hill.,75895,545788
7931,coco-30k,An SBS Transit double deck bus on a city street.,1184,233017
7932,coco-30k,A single engine plane in the air right above a grassy field.,70595,494179
7933,coco-30k,A young man kissing the top of a young woman's head.,85768,78843
7934,coco-30k,a red fire hydrant near a dirt road with trees in the background,618,384616
7935,coco-30k,Sign over city street above traffic lights by a building.,87120,140456
7936,coco-30k,a train on a train track with a sky in the background,90002,180510
7937,coco-30k,An American Airlines passenger jet takes off from an airport.,1510,345988
7938,coco-30k,A duck floating on a lake with gray and black feathers.,26998,201765
7939,coco-30k,A lone giraffe stands in the middle of a grassy field.,27747,263520
7940,coco-30k,A green and yellow railroad train pulling into the station,31777,372087
7941,coco-30k,A crows of people standing outside of a train.,35170,441553
7942,coco-30k,Three captive giraffes are standing about in a zoo.,48685,241238
7943,coco-30k,A small white and blue bus traveling down a road.,34292,104734
7944,coco-30k,A city bus parked next to a bus stop.,23172,217825
7945,coco-30k,Many small motorbikes are parked along the street. ,381,19109
7946,coco-30k,A blue and white city bus parked at a bus stop.,43049,558539
7947,coco-30k,A parking lot filled with buses parked next to each other.,6806,21644
7948,coco-30k,A red city bus with a red bow attached.,71683,273067
7949,coco-30k,A railroad conductor looking off the side of the train,1931,13415
7950,coco-30k,A giraffe bending over while standing on green grass.,93539,1448
7951,coco-30k,A flock of birds standing on top of a metal set of bars.,27459,388770
7952,coco-30k,A white passenger train traveling down train tracks.,97320,86472
7953,coco-30k,A giraffe peeks from behind a low-hanging branch.,87378,28649
7954,coco-30k,A double decker bus drives down a street lined with buildings. ,23842,328372
7955,coco-30k,A crowded sidewalk filled with lots of people.,30566,442367
7956,coco-30k,A close up of a street pole with no parking signs.,96688,43947
7957,coco-30k,The giraffes walk next to each other down the wilderness trail.,15584,522315
7958,coco-30k,A cake made to look like a white pimp hat.,39098,420313
7959,coco-30k,A large building with two white towers with a crowd of people next to it..,40857,26201
7960,coco-30k,A giraffe standing next to a tree in front of another giraffe.,90818,227845
7961,coco-30k,A small bird sitting on top of a plastic cup of water.,35551,478518
7962,coco-30k,A b=very large robust giraffe eating leaves from trees,18189,330974
7963,coco-30k,A bird that is playing in the snow.,76535,29465
7964,coco-30k,A railroad train passing a field of cows,55797,78865
7965,coco-30k,A fire hydrant on a cart with a hose attached to it.,54816,147537
7966,coco-30k,A giraffe standing underneath a beautiful rainbow in a cloudy sky..,99918,254568
7967,coco-30k,a car is headed down a street in an asain country,21844,112739
7968,coco-30k,The large aircraft flies through the cloudy sky.,34265,525077
7969,coco-30k,A duck swimming on a lake next to other ducks.,47744,185593
7970,coco-30k,A parking lot filled with large passenger buses.,48654,248488
7971,coco-30k,A yellow taxi cab parked next to a street sign.,13415,351053
7972,coco-30k,A green train traveling through a train yard.,45769,58651
7973,coco-30k,A building shines in the clear sky as cars drive underneath.,3450,242139
7974,coco-30k,A railroad crossing sign next to railroad tracks with someone walking on the tracks.,64057,393942
7975,coco-30k,A white train sitting in a train station next to a Bologna sign.,78896,84693
7976,coco-30k,Park bench on a walkway in a park.,96796,222053
7977,coco-30k,Giraffe standing next to each other at a zoo.,54664,298278
7978,coco-30k,We are looking at a black and white shot of a train platform.,39645,105179
7979,coco-30k,Many street signs are located within close vicinity of each other,5561,424333
7980,coco-30k,A silver and red train traveling down a busy city street.,75575,415840
7981,coco-30k,A lush green hillside covered in cows grazing.,44475,185530
7982,coco-30k,A bus with passengers traveling down a dusty road.,92612,441921
7983,coco-30k,A row of parked bicycles sitting on a side walk.,42328,557644
7984,coco-30k,City neon signs at dusk with a lot of those signs in Chinese.,32238,82731
7985,coco-30k,A fire hydrant that is red on top and says to open.,34397,398097
7986,coco-30k,A small boy leaning up against a window on a train,50782,54955
7987,coco-30k,A pair of fancy chickens among the daffodils.,70055,297419
7988,coco-30k,A red train pulling into a crowded train station.,34038,456584
7989,coco-30k,A stop sign with a green street sign posted above it.,17549,268396
7990,coco-30k,A bird flying in the ocean with the sun in the background.,39069,92167
7991,coco-30k,Two black horses standing next to each other.,93208,255649
7992,coco-30k,A train cake sitting on top of a metal shelf.,52635,576412
7993,coco-30k,A cream color cat sitting on a wooden bench.,71118,363415
7994,coco-30k,A red and gray passenger train traveling on train tracks.,82288,179181
7995,coco-30k,A traffic sign next to a road near a river.,20887,509503
7996,coco-30k,Two giraffe standing on a desert land scape.,56124,434735
7997,coco-30k,A photo of a skinny road between buildings.,60186,84018
7998,coco-30k,A tall giraffe standing in a lush green park.,69830,471184
7999,coco-30k,A red bench sitting below tall neon lit buildings.,49643,403907
8000,coco-30k,A silver and yellow train pulling into a train station.,28097,456053
8001,coco-30k,An old fashioned steam engine train traveling down railroad tracks.,77736,423229
8002,coco-30k,A traffic light with a couple of green street signs mounted to it's sides.,83622,344439
8003,coco-30k,A crowd of people standing near a fire hydrant.,35566,551315
8004,coco-30k,A white and gray bird sitting on a beach next to a body of water.,86333,280017
8005,coco-30k,A street going trough the center of a small town.,55741,563653
8006,coco-30k,Two giraffe on a grassy field on a sunny day.,29666,508291
8007,coco-30k,A long train alongside a brightly it train station. ,49650,422740
8008,coco-30k,A steam engine train traveling down train tracks.,7367,505638
8009,coco-30k,A beautiful woman taking a picture with her smart phone.,79801,1268
8010,coco-30k,A green street sign mounted to a white street light pole.,37308,167894
8011,coco-30k,A traffic light sitting next to a street lined with traffic lights.,92644,228825
8012,coco-30k,A white and blue city bus traveling down a city street.,46724,398148
8013,coco-30k,A baby girl standing in a shopping cart holding an umbrella.,31997,443969
8014,coco-30k,Several goats wearing bell collars standing in a field.,55022,329375
8015,coco-30k,A yellow street light mounted to the top of a pole.,83511,197774
8016,coco-30k,A flock of birds floating on top of a boat.,47247,147675
8017,coco-30k,A city street going through the center of tall buildings.,90220,432333
8018,coco-30k,A woman wearing a fur coat sitting on a wooden bench.,6589,333538
8019,coco-30k,A sign for the Public Car Park entrance,43116,328084
8020,coco-30k,A red stop sign above a no parking sign.,15251,496268
8021,coco-30k,A crowded city street filled with traffic and pedestrians.,78003,373060
8022,coco-30k,A red stop sign at the end of a street.,59342,486388
8023,coco-30k,A man laying on top of a wooden bench next to a can of beer.,60697,280114
8024,coco-30k,A large exit street sign laying on the ground.,85506,45248
8025,coco-30k,A yellow train traveling past a field next to a forest.,49636,384635
8026,coco-30k,A road sign on the side of a road.,39033,41773
8027,coco-30k,A yellow fire hydrant sitting on green grass wearing a white hat.,96164,192763
8028,coco-30k,A large red double decker bus traveling down a road.,50762,499428
8029,coco-30k,A red stop sign in front of a small house surrounded by palm trees.,43587,171678
8030,coco-30k,A man standing on a roof holding an ax.,37647,428885
8031,coco-30k,A railroad train letting off a big black smokecloud,53233,346107
8032,coco-30k,A red and white fire hydrant is on the lawn.,64005,211487
8033,coco-30k,Several birds searching for food at the water's edge,30878,45564
8034,coco-30k,A woman standing on a beach is surrounded by birds.,37702,402000
8035,coco-30k,Colorful passenger cars are parked at an empty station.,82033,28526
8036,coco-30k,We are looking up at a street sign with a building in the background.,65358,449546
8037,coco-30k,A large jumbo jet is flying above trees.,94095,150007
8038,coco-30k,Airplanes are lined up at a small airport.,70441,414813
8039,coco-30k,A man and giraffes are sitting on the grass.,93277,143129
8040,coco-30k,a train on a train track with trees in the background,45048,532580
8041,coco-30k,The city worker is elevated in a machine attached to a truck.,73881,350505
8042,coco-30k,A boy in a blue shirt boarding a school bus.,96259,469119
8043,coco-30k,Two women looking at three giraffes behind a fence.,26355,16238
8044,coco-30k,an image of  a bird that is perched on a tree,58137,222407
8045,coco-30k,Two giraffes standing around on the grassy plains.,7508,163104
8046,coco-30k,Sheep with numbers painted on them in a green grass field together.,1834,152281
8047,coco-30k,"Three sheep in a vineyard, two black faced and one white faced",95155,533140
8048,coco-30k,People sitting on a train with one person looking up at a mirror and taking a photo of the reflection with a camera.,41155,144269
8049,coco-30k,The middle of a highway during a cloudy day.,41693,488567
8050,coco-30k,A fire hydrant that is spewing water in the middle of a city.,69275,173125
8051,coco-30k,A street filled with traffic next to a building.,27397,454661
8052,coco-30k,Tourists with a modern articulated bus in Europe,7810,213728
8053,coco-30k,A black pole with a pepsi sign hanging from it's side.,6586,246237
8054,coco-30k,A train speeding along the railroad tracks during the day.,23129,572303
8055,coco-30k,A man and his dog sit at the park.,61544,88951
8056,coco-30k,A man in front of a Christmas tree with his dog.,15548,117525
8057,coco-30k,A parked silver subway train next to a platform.,60855,17198
8058,coco-30k,A red fire hydrant located beside a river of water.,52927,167422
8059,coco-30k,Fair-goers sit in the shade outside a carnival tent.,66419,309371
8060,coco-30k,A yellow traffic light above a street next to houses.,2531,358817
8061,coco-30k,A couple of long buses stopped at a bus stop next to a bridge.,866,269099
8062,coco-30k,A silver passenger train traveling past another train.,70824,546804
8063,coco-30k,A large white building with a red stop sign in front of it.,3196,245983
8064,coco-30k,A black and white dog wearing a white hat.,3883,181763
8065,coco-30k,A row of wooden benches sitting next to a lake.,82530,423039
8066,coco-30k,A blue sign points the way to the road.,38128,185157
8067,coco-30k,A yellow street sign sitting on the side of a road.,4803,224053
8068,coco-30k,Two green and yellow trains parked near a train station.,24982,330741
8069,coco-30k,A metal street pole with a street sign hanging off the side of it.,30709,432843
8070,coco-30k,A traffic light sitting next to a street sign.,853,284762
8071,coco-30k,A small yellow and grey bird is walking on the ground.,23377,476190
8072,coco-30k,An assortment of vehicles drive down a street filled with stores.,33,519784
8073,coco-30k,A train parked at a train stop next to another train.,3935,448410
8074,coco-30k,A bird is flying next to a ship in the ocean.,94514,331455
8075,coco-30k,A red trolly bus driving down a dirt road.,42772,336464
8076,coco-30k,A giraffe standing on a lush green hillside.,57189,12179
8077,coco-30k,A wooden box with a bird in a tree painted on it.,28738,240082
8078,coco-30k,A passenger train that has had some graffiti written on it.,90277,393411
8079,coco-30k,A highway sign sitting on the side of a highway.,13827,65567
8080,coco-30k,A city street filled with traffic next to buildings.,80805,89743
8081,coco-30k,A yellow schoolbus with a woman spread out in front of it.,17272,382848
8082,coco-30k,A traffic light next to a set of stairs.,47240,179948
8083,coco-30k,A street scene with two buses and a car.,49977,25433
8084,coco-30k,A toddler sitting on a living room floor surrounded by toys.,96016,535106
8085,coco-30k,A painting of a yellow train car sitting on train tracks.,75741,418251
8086,coco-30k,A book on birds located in Australia sitting on a shelf..,18957,5595
8087,coco-30k,A herd of animals laying down in a lush green field.,86266,199247
8088,coco-30k,A large cat sitting on a wooden bench next to a building.,42679,271943
8089,coco-30k,Two street signs with Chinese lettering on them.,7481,547760
8090,coco-30k,A restaurant filled with customers sitting at tables.,86341,172342
8091,coco-30k,A rear view mirror on top of a bus.,90499,505890
8092,coco-30k,A large city bus driving down a street.,87046,443498
8093,coco-30k,A train pulling out of a tunnel near a tall building.,94751,128992
8094,coco-30k,A train traveling through a forest with tall trees.,70984,6180
8095,coco-30k,A row full of wooden benches in a cafeteria.,37857,212939
8096,coco-30k,A group of young kids petting a couple of giraffe.,96502,14470
8097,coco-30k,"Image of a hat on a bed with the caption ""Before The Wedding"".",49440,256160
8098,coco-30k,A no parking sign mounted to the side of a pole.,24885,421558
8099,coco-30k,A passenger train is coming down the tracks,97328,30353
8100,coco-30k,some black and white train cars and some train tracks ,55908,323048
8101,coco-30k,Thomas the tank traveling down train tracks next to a  bush.,11724,349021
8102,coco-30k,Afternoon at a dock with seagulls flying overhead.,6575,520
8103,coco-30k,A shirtless man in a hat making luch,54382,382797
8104,coco-30k,A row of construction cones are lined up behind a fire hydrant.,38010,236246
8105,coco-30k,street lights on a city street with no one around,72413,138768
8106,coco-30k,A city street with a two story bus.,64498,299593
8107,coco-30k,A green pasture with lots of animals in the foreground and mountains in the back.,85942,147835
8108,coco-30k,A stormy looking photo with a cargo train.,96588,378302
8109,coco-30k,A green fire hydrant on a city sidewalk.  ,41592,47204
8110,coco-30k, A white bus parked at a stop next to a crowd.,30867,187144
8111,coco-30k,A red traffic light above a street in down town Los Angeles.,60088,57095
8112,coco-30k,A group of soldiers standing next to a bench.,47869,10040
8113,coco-30k,A close-up of the top of a fire hydrant with a train in the background.,35926,86133
8114,coco-30k,A large cat wearing a santa hat making a funny face.,61622,533239
8115,coco-30k,A road filled with parked cars in front of a shop.,25779,239157
8116,coco-30k,A red fire hydrant sitting in a field next to a white building.,75113,537355
8117,coco-30k,A woman holding an umbrella while walking down a street.,77430,449412
8118,coco-30k,Sheep and lambs with green paint on their backs.,67087,84859
8119,coco-30k,A large and wide street covered in lots of traffic lights.,21028,166391
8120,coco-30k,Two giraffe are standing close together in wet sand.,91850,564142
8121,coco-30k,A large predatory bird sits on a tree branch in an exhibit.,36026,150987
8122,coco-30k,Four giraffe are walking through a field of high shrubs.,70745,539908
8123,coco-30k,A small sheep is standing under a wooden fence post.,87755,278353
8124,coco-30k,A school bus covered in art and a sign.,19839,196843
8125,coco-30k,A duck walking along a paved road next to a patch of grass.,35075,205183
8126,coco-30k,Public bus driving on a street in Hong Kong.,38824,472501
8127,coco-30k,A person holding up a paper with a red stop sign on it.,72813,574216
8128,coco-30k,A beach next to the ocean covered in a rainbow.,34900,156276
8129,coco-30k,A large herd of sheep are walking behind a wire fence.,7673,468933
8130,coco-30k,People sitting on benches next to each other.,66316,134178
8131,coco-30k,A long black train traveling through a train station.,25979,412094
8132,coco-30k,A empty street with a crosswalk at night.,59812,541631
8133,coco-30k,Two giraffe standing next to each other on a lush green field.,39266,234990
8134,coco-30k,A green 7th street sign hanging from a wooden pole.,12539,362986
8135,coco-30k,Many sheep are inside a wire fence near a large hill.,36942,62889
8136,coco-30k,The bedroom has stuffed animals and a stop sign on the wall.,51399,75046
8137,coco-30k,A white and blue buss driving on a cobblestone road.,30932,534673
8138,coco-30k,A close up of a street sign stating street table.,24236,425412
8139,coco-30k,A fire hydrant sitting inside of a building under a window.,44805,310564
8140,coco-30k,A small train traveling past a building surrounded by a fence.,53737,340329
8141,coco-30k,Beautiful gray clouds with light cascading out of them.,93150,316715
8142,coco-30k,Two giraffes are standing outside of a door.,42231,150301
8143,coco-30k,A double-decker bus is parked in a large field.,71807,468124
8144,coco-30k,A giraffe is leaning over a fence looking at people.,11120,268948
8145,coco-30k,A large brown dog standing on the side of a white wood fence.,64503,29393
8146,coco-30k,A green bus next to a shop on a small road.,82245,227893
8147,coco-30k,A train traveling through rural countryside under power lines.,46499,60859
8148,coco-30k,A highway filled with lots of traffic nest to a traffic light.,54984,225532
8149,coco-30k,a close up of a street sign with buildings in the background,78444,75481
8150,coco-30k,A white parrot standing next to a jungle covered hillside.,15431,5694
8151,coco-30k,A closeup of an old and mossy outdoor garden bench.,41856,181572
8152,coco-30k,Two palm trees sitting next to a building.,20251,115222
8153,coco-30k,A red bus driving in front of a double decker bus.,40324,73256
8154,coco-30k,A large cat laying next to a large orange pumpkin.,90596,30156
8155,coco-30k,a red train parked in front of a train station.,37563,10793
8156,coco-30k,A man standing outside of a green train.,56821,363134
8157,coco-30k,A tower towering above a small city under a blue sky.,17274,272610
8158,coco-30k,A train traveling down tracks next to trees.,13160,471737
8159,coco-30k,an empty city street with trees and mountains in the background,91342,69860
8160,coco-30k,a fake sheep on green grass and flowers in the background,59378,148034
8161,coco-30k,A yellow street sign sitting on the side of a road.,83384,252133
8162,coco-30k,A bus is parked in front of a building.,94499,3793
8163,coco-30k,A yellow and red train traveling down train tracks.,53972,165697
8164,coco-30k,A small toy that looks like a witch next to a keyboard.,99774,457735
8165,coco-30k,A herd of giraffe standing next to each other near a forested hillside.,52209,22257
8166,coco-30k,A group of people standing next to each other.,25160,385238
8167,coco-30k,A white and red bus is traveling down a road.,96602,228467
8168,coco-30k,A purple and green fire hydrant next to a black and green fire hydrant.,52612,79924
8169,coco-30k,A red double decker bus parked next to a tall building.,81683,12014
8170,coco-30k,"This is a view inside the cabin of the high speed train, showing relection of the light.",74287,456730
8171,coco-30k,A street sign next to a road in a grave yard.,92435,345063
8172,coco-30k,A train traveling down train tracks next to a building.,32264,14526
8173,coco-30k,A large group of people on a beach that is next to a mountain range.,21482,400851
8174,coco-30k,A group of ducks floating on top of a lake.,25597,558585
8175,coco-30k,A large passenger jet sitting on top of an airport.,93669,516174
8176,coco-30k,A herd of sheep grazing on a lush green hillside.,35144,376371
8177,coco-30k,a street sign with a sky in the background ,42571,266712
8178,coco-30k,A street sign that indicates that you shouldn't turn left.,3416,384970
8179,coco-30k,Multiple cars driving on a road that has snow.,48311,476773
8180,coco-30k,Several calves graze and wander around a snowy field.,68158,567535
8181,coco-30k,Woodpeckers on the side of trees during the day.,14232,253607
8182,coco-30k,A white fire hydrant next to a red newspaper dispenser.,98568,78023
8183,coco-30k,A sea plane about to land on a lake near a boat,63188,112800
8184,coco-30k,A giraffe is standing in front of a wall,35585,546133
8185,coco-30k,Several people stand on a sidewalk by a train next to a cart stacked with materials.,17649,235808
8186,coco-30k,View from a train car of passing tracks and trees.,88829,547738
8187,coco-30k,A woman is leaning against a stop sign next to a road way.,54161,130432
8188,coco-30k,"An orange street sign that reads ""obstruction"" and has a directional arrow.",56164,337443
8189,coco-30k,A ducks is flying over a body of water.,9065,163020
8190,coco-30k,A red and white bus parked under an over pass.,79752,121152
8191,coco-30k,A street corner flanked by a display board.,20123,111030
8192,coco-30k,a sheep with two of her baby lambs in the pasture,80524,251094
8193,coco-30k,two sheep next to a wooden structure behind a fence,49736,517795
8194,coco-30k,A yellow and black train on a track.,20738,123176
8195,coco-30k,People walking down a residential street where cars are parked.,62832,431152
8196,coco-30k,A row of benches on a boat casting a shadow.,5818,292123
8197,coco-30k,A parking sign with an angry birds face.,8648,384827
8198,coco-30k,A sheep standing in a dry grass field.,20171,154947
8199,coco-30k,A couple of men standing near a sailboat.,55538,98048
8200,coco-30k,A bird perched on top of a wooden power pole.,62606,136584
8201,coco-30k,A traffic light over a street surrounded by tall buildings.,79477,359
8202,coco-30k,An orange pedestrian crossing sign next to a tall building.,39968,495612
8203,coco-30k,A silver and green train pulling into a train station.,23448,217400
8204,coco-30k,A bird is standing on top of a picnic table next to some trees.,65145,503660
8205,coco-30k,A tall sign next to a parking lot.,13565,450098
8206,coco-30k,A metal pole covered in different street signs.,46604,477118
8207,coco-30k,An orange fire hydrant sitting next to a stone wall.,43583,440729
8208,coco-30k,A dummy in a display case wearing a suit and tie.,74960,119965
8209,coco-30k,A man riding a bike next to a red stop sign.,64585,391392
8210,coco-30k,A blue airplane with a propeller is sitting on a runway.,89732,148531
8211,coco-30k,A young boy standing on a field next to a giraffe.,59530,449909
8212,coco-30k,A tall giraffe standing next to a tree stump.,25245,156308
8213,coco-30k,A street sign surrounded by a crowd of people.,84090,263668
8214,coco-30k,A giraffe standing outside of a building next to a tree.,19508,27440
8215,coco-30k,A flock of birds sitting on top of a large rock.,1275,294875
8216,coco-30k,A pay phone sitting on the side of a street.,85180,170545
8217,coco-30k,Two blue and white street signs and cars on a street.,78250,308459
8218,coco-30k,A woman with an umbrella is standing by leaves.,50330,356800
8219,coco-30k,Two giraffes in a field between multiple trees.,8393,173897
8220,coco-30k,Black and white photograph of a man sitting at a bench.,48978,209222
8221,coco-30k,A person wears a large cat costume to entertain children.,80420,312081
8222,coco-30k,A double decker bus driving down a street next to tall buildings.,58340,274083
8223,coco-30k,A group of people standing outside of a blue train.,48737,130663
8224,coco-30k,A man sitting on a bench listening to headphones.,326,299986
8225,coco-30k,A bird perched up in a tree covered in green leaves.,63792,125535
8226,coco-30k,A small bird picking at pebbles on a beach.,96086,438707
8227,coco-30k,A street containing various cars and lampposts at night.,2399,372316
8228,coco-30k,"A red, yellow and silver train traveling down train tracks.",76314,572555
8229,coco-30k,Man in hat standing in front of a blue train engine.,61551,527476
8230,coco-30k,Two tall giraffe standing next to each other on a  field.,80431,65490
8231,coco-30k,A white and green bus driving down a street.,51315,316526
8232,coco-30k,A row of palm trees and a traffic night in a rainstorm.,59921,275027
8233,coco-30k,A long blue and white train traveling down a street.,4896,290451
8234,coco-30k,a ram on the side of a mountain on a rock,90641,213758
8235,coco-30k,A herd of giraffe standing next to each other on a  field.,67283,73830
8236,coco-30k,"A brown park bench next to signs reading ""wildwood"" and ""danger.""",35324,473340
8237,coco-30k,A silver and green fire hydrant next to rows of flowers.,1119,401907
8238,coco-30k,A group of women standing at the side of a building,98490,99179
8239,coco-30k,A grey castle with various towers and windows.,61013,434159
8240,coco-30k,a truck and two double deckered busses near a building,16007,149123
8241,coco-30k,A family standing around a small white sheep.,49354,406997
8242,coco-30k,A woman standing next to a traffic signal on a street corner.,96694,447089
8243,coco-30k,A small brown bird standing on a patch of grass.,78465,58210
8244,coco-30k,A train engine traveling down train tracks through a countryside.,95712,194407
8245,coco-30k,A red double decker bus on the street next to a car.,56432,426917
8246,coco-30k,A group of sheep in a grassy area with trees in the back ground.,18409,461405
8247,coco-30k,A yellow and green train pulling out of a tunnel next to a red car.,7689,372794
8248,coco-30k,A little girl in a pink shirt standing near a blue metal sculpture.,70087,455859
8249,coco-30k,A man sitting on green bench on top of a stone walkway.,15163,340308
8250,coco-30k,A green street sign over a street next to a traffic light.,99976,362521
8251,coco-30k,A red street sign next to a no parking sign.,41205,325368
8252,coco-30k,Two giraffe standing next to each other in a field.,51457,508580
8253,coco-30k,A large traffic light suspended over a road.,843,152525
8254,coco-30k,A street sign on a street corner outside of a building.,41787,200152
8255,coco-30k,A fire hydrant that is partially buried in snow.,56988,147289
8256,coco-30k,A yellow and silver fire hydrant on the side of a road.,55738,296136
8257,coco-30k,Three giraffes in a field with trees in the background.,65736,447549
8258,coco-30k,A large jetliner flying over a small farm near a forest.,95105,61207
8259,coco-30k,People standing outside of a blue and white bus.,83662,517296
8260,coco-30k,A train pulling into a train station next to a platform.,26308,433182
8261,coco-30k,A herd of animals in the middle of a grassy field.,16597,373255
8262,coco-30k,a herd of sheep walking across green grass.,10415,342322
8263,coco-30k,A group of young ladies riding on the back of a horse.,12710,212116
8264,coco-30k,a giraffe is standing on some grass and some trees,21993,401820
8265,coco-30k,A bus parked on top of a red bus.,75582,362092
8266,coco-30k,Two tall giraffe standing next to each other.,52197,480842
8267,coco-30k,People are standing in a shopping district with stores.,64780,179151
8268,coco-30k,A man sitting on a bench next to a slug.,73504,38726
8269,coco-30k,A car driving down a street past a tall building.,32891,269038
8270,coco-30k,A fire hydrant covered in snow on a sidewalk.,65667,87481
8271,coco-30k,A bus that is colored in the colors of the Canadian flag.,45487,234182
8272,coco-30k,A woman sitting on a bench reading a paper.,1539,450263
8273,coco-30k,A street going through a city with tall buildings.,97288,61520
8274,coco-30k,a close up of a bird with a blurry background,97069,538423
8275,coco-30k,a close up of a giraffe behind a fence,88033,398519
8276,coco-30k,A cat sleeping on top of a wooden bench.,54334,126324
8277,coco-30k,Two trains traveling down tracks in a station.,19188,420589
8278,coco-30k,A woman sitting on a bench holding a book.,13708,475844
8279,coco-30k,A tall street sign hanging from the sides of a tall metal pole.,36840,539768
8280,coco-30k,A group of three giraffe standing next to each other behind a rock.,52692,286849
8281,coco-30k,The Queen Mary ship sitting in a harbor in Long Beach.,23586,223545
8282,coco-30k,A person holding a red umbrella sitting on a pier.,83880,425472
8283,coco-30k,A silver and red fire hydrant sitting next to a street.,91910,262677
8284,coco-30k,A long green and yellow train traveling down tracks.,80369,127044
8285,coco-30k,A street sign sitting on the side of a road next to a tall brick building.,53607,308828
8286,coco-30k,A traffic light under a cloudy blue sky.,81570,97659
8287,coco-30k,A man riding on the back of a brown horse through a forest.,30608,460129
8288,coco-30k,A city street lined with vintage cars and pedestrians.,67250,416220
8289,coco-30k,A coo coo clock with colorful art painted on top of a clock.,68298,171067
8290,coco-30k,A white city bus traveling down a street with traffic.,93799,93964
8291,coco-30k,A red stop sign sitting on a street topped with two green street signs.,42422,17613
8292,coco-30k,A set of orange road blocks sitting next to a traffic light.,6362,6701
8293,coco-30k,A large clock tower in the middle of a street.,36200,98392
8294,coco-30k,Two giraffe standing next to each other in a forest.,50160,145009
8295,coco-30k,Two giraffes eat from a pot attached to a fence.,75365,499110
8296,coco-30k,Two orange and silver trains passing on a street.,68104,504958
8297,coco-30k,"Various street signs including one that reads ""Newlon Hale Village.""",67976,369812
8298,coco-30k,Several street signs are mounted in an urban neighborhood.,90368,408894
8299,coco-30k,A stop sign with two street signs above it.,99892,117368
8300,coco-30k,"A blue and white street sign that reads ""Othello.""",75352,118405
8301,coco-30k,A group of people walking on a street and sidewalk.,86896,27484
8302,coco-30k,A giraffe walking in a grassy area next to trees.,41436,110759
8303,coco-30k,Multiple street signs on the corner of Park Ave and E 34th St,18584,362696
8304,coco-30k,A street with busses and cars next to a bus stop.,61466,355777
8305,coco-30k,A group of sheep grazing in a grassy valley.,82699,535578
8306,coco-30k,A giraffe with its head cocked walking about a sandy area.,71641,551665
8307,coco-30k,A wire fence with a stop sign and trailer in the background.,61073,502279
8308,coco-30k,"When it's this cold, it's better to stay out of the wind.",33988,239861
8309,coco-30k,A giraffe walks leisurely through the tall grass.,92274,16995
8310,coco-30k,A traffic light on a table with a checkered cloth.,41018,260232
8311,coco-30k,assorted cars and buses sitting in a parking lot,91786,291394
8312,coco-30k,A bus which is part of the Metropolitan Transit System.,53357,27768
8313,coco-30k,A giraffe extending its mouth toward a tree branch.,5825,404889
8314,coco-30k,A giraffe is walking on a roadway with cars on it.,56161,161873
8315,coco-30k,A bus stop sign on a city street.,47196,157726
8316,coco-30k,An orange traffic cone sitting in the middle of traffic.,93293,214255
8317,coco-30k,A blue bird sitting on top of a tree in a forest.,22876,354061
8318,coco-30k,A black and yellow train traveling down train tracks.,96307,347747
8319,coco-30k,A car parked before a red traffic light.,91989,160276
8320,coco-30k,A blue electric train traveling down train tracks.,43531,517596
8321,coco-30k,Red and white plane sitting in a green field.,42444,253557
8322,coco-30k,Closeup of a computer dashboard with flashing lights and numbers.,18768,83452
8323,coco-30k,A tall green street sign sitting on the side of a road.,92059,84123
8324,coco-30k,A city bus driving past a group of men riding skateboards.,48949,412301
8325,coco-30k,A tall giraffe stands alone close to woods.,15750,473673
8326,coco-30k,A lane closed traffic sign sitting next to a no right turn sign.,18035,334642
8327,coco-30k,A man in a fedora sitting on a park bench.,53492,285293
8328,coco-30k,A traffic light with a pedestrian crossing signal.,57723,95063
8329,coco-30k,A group o sheep with blue markings in a grassy field.,16963,474388
8330,coco-30k,A hummingbird sitting on a plant preparing to flap its wings.,74794,478769
8331,coco-30k,A curse word written on a traffic sign.,91816,161128
8332,coco-30k,A young boy holding a baseball bat and a  stick.,67773,54007
8333,coco-30k,A shorn sheep behind a chicken wire fence,44427,20608
8334,coco-30k,A yellow commuter bus leaving a bus stop at sunset,57751,499775
8335,coco-30k,A dirt road with people walking a a motorcycle driving.,29319,85187
8336,coco-30k,A park bench next to a serene lake.,29384,397109
8337,coco-30k,A brown of wooden park benches sitting next to a lake.,2344,509460
8338,coco-30k,Two sheep standing next to each other in the snow.,33669,3926
8339,coco-30k,A view from the inside of a train from a side window.,20290,458790
8340,coco-30k,"A road and traffic sign that reads ""motorcycles use caution.""",63875,390569
8341,coco-30k,A green and yellow train traveling past a platform.,8889,70254
8342,coco-30k,A bird sitting on top of a tree branch in a lake.,95619,516947
8343,coco-30k,Two white birds sitting on sand with water in the background.,23979,72621
8344,coco-30k,A white street sign sitting on the corner on top of a pole.,18127,253520
8345,coco-30k,A factory with a large smoke stack next to a train.,88146,179397
8346,coco-30k,A man walking past a train at a train station.,62780,484166
8347,coco-30k,A group of parked bikes sitting on the side of a road.,85715,572767
8348,coco-30k,Two cups sitting on top of a gray counter.,65013,305343
8349,coco-30k,Two people standing in front of a train on the tracks.,76091,220214
8350,coco-30k,A giraffe standing in a lush green field.,43793,285957
8351,coco-30k,A white bus passing street next to a fence.,11291,199127
8352,coco-30k,A herd of sheep walking across a lush green field.,81177,259253
8353,coco-30k,A giraffe standing in a park next to a rock.,95237,274331
8354,coco-30k,A fighter jet flying through a cloudy sky.,88370,156126
8355,coco-30k,A yellow fire hydrant sitting next to two trash cans.,6075,264201
8356,coco-30k,A city street filled with traffic next to tall buildings.,93276,230915
8357,coco-30k,a red and black miniature train engine is pulling a red train car,75695,406885
8358,coco-30k,A variety of cars on a street with buildings.,91195,39484
8359,coco-30k,A small bird standing on top of a sandy beach.,51084,208473
8360,coco-30k,A group of giraffe standing next to each other in a field.,25724,366115
8361,coco-30k,A pedestrian crossing light in front of an irish store.,17603,455170
8362,coco-30k,Two giraffe standing and sitting next to each other.,62705,254965
8363,coco-30k,A city area with various signage and busses.,61795,101031
8364,coco-30k,A traffic light sitting in the middle of a flooded street.,27199,494404
8365,coco-30k,A group of giraffe standing next to each other on a field.,83925,564109
8366,coco-30k,A green arrow sign pointing up next to a stop sign.,47108,383607
8367,coco-30k,A giraffe standing next to another animal in a field.,87499,196650
8368,coco-30k,A gray fire hydrant sitting in the middle of a field.,74420,332113
8369,coco-30k,An older man standing over a herd of sheep.,58246,298186
8370,coco-30k,a train on a train track at a train station,36869,198550
8371,coco-30k,Group of signs on top of each other on a pole. ,57235,403104
8372,coco-30k,a public transit bus driving on a city street,26449,399864
8373,coco-30k,A yellow sign sitting on the side of a road.,86629,397278
8374,coco-30k,A train traveling through a rural country side covered in grass.,21076,316054
8375,coco-30k,A man sitting on a bench next to the ocean.,19015,525880
8376,coco-30k,Two giraffe walking next to each other in a forest.,7776,62353
8377,coco-30k,A city worker repairing a traffic light over a street.,33648,212288
8378,coco-30k,A herd of sheep walking across a lush green field.,74043,353108
8379,coco-30k,A red traffic light with a sad face drawn over it.,61078,69138
8380,coco-30k,Wooden and black bench on the side of the road. ,95495,491131
8381,coco-30k,Four mountain goats standing on a hill in front of the country side.,35751,157170
8382,coco-30k,People standing in front of a large sign in front of a building. ,80234,190907
8383,coco-30k,A green and light blue bus traveling down a highway.,18962,395113
8384,coco-30k,A woman sitting on top of a bench looking beautiful.,3131,75187
8385,coco-30k,a close up of a street sign with buildings in the background,98682,246973
8386,coco-30k,A bus parked at a bus stop on a city block.,81903,237254
8387,coco-30k,A man sitting on a bench next to pigeons holding a news paper.,8104,249325
8388,coco-30k,A forest filled with lush green leafy trees.,95405,42387
8389,coco-30k,Two giraffe standing next to each other on a field.,50672,165336
8390,coco-30k,A tall giraffe eating leafy greens in a jungle.,84529,544481
8391,coco-30k,Two sheep standing next to each other on a  field.,74743,413260
8392,coco-30k,"A blue, white and red fire hydrant sitting on a sidewalk.",26078,97868
8393,coco-30k,A plate topped with a cake and a hat.,83237,75886
8394,coco-30k,A tall yellow double decker bus parked next to another bus.,71003,318056
8395,coco-30k,A man sitting on a bench next to the ocean.,48148,284152
8396,coco-30k,A red stop sign topped with street signs.,66613,145628
8397,coco-30k,A yellow bus is parked near people on the side of the road.,77710,170629
8398,coco-30k,a train on train tracks at a train station,3711,156696
8399,coco-30k,A stop sign is in a rural setting by grass.,7259,436172
8400,coco-30k,A wooden bench sitting next to a bunch of flowers.,13254,221666
8401,coco-30k,A light pole sitting next to the side of a road.,72843,549568
8402,coco-30k,Unique blue sign hanging from a light post. ,52312,249158
8403,coco-30k,A giraffe standing next to a brick building.,46790,109873
8404,coco-30k,A street filled with buses and a white van.,19932,429109
8405,coco-30k,A flock of birds flying over a beach next to the ocean.,43277,395497
8406,coco-30k,A train traveling down the train tracks next to a train station.,20888,185903
8407,coco-30k,Two giraffe standing next to each other near  brick building.,16983,472557
8408,coco-30k,Two birds are standing in the water together.,48161,153092
8409,coco-30k,A traffic light next to a very tall building near a street.,36268,26017
8410,coco-30k,Two birds sitting a cage perched on top of a branch.,85148,128891
8411,coco-30k,A green street sign sitting on top of a pole.,30886,550939
8412,coco-30k,A giraffe drinking milk from a bottle behind a cage.,84877,302452
8413,coco-30k,A room filled with wooden furniture and white walls.,31201,181488
8414,coco-30k,A red stop sign behind a chain link fence.,72243,11122
8415,coco-30k,A bent traffic light next to the side of a street.,26548,319607
8416,coco-30k,A person in a hat is riding a horse.,34078,170000
8417,coco-30k,A crowd of people standing under a give way sign.,67140,316648
8418,coco-30k,A train traveling down train tracks next to a lush green hillside.,49756,297267
8419,coco-30k,A white tanker truck driving down a street next to a bus.,624,38180
8420,coco-30k,A flock of birds floating on top of a lake.,5376,419309
8421,coco-30k,A giraffe walking across a tall dry grass field.,94452,195172
8422,coco-30k,A white and blue bus parked on the side of a road.,71750,510358
8423,coco-30k,A man cleaning up a mess on a street with a red fire hydrant.,92496,357930
8424,coco-30k,A train traveling on a lush green hillside.,78504,411215
8425,coco-30k,A tall building with a large neon side mounted on it's roof.,10445,399595
8426,coco-30k,a fence some buildings and some different signs,60534,404534
8427,coco-30k,A long train traveling down a city street with tall buildings.,83774,306893
8428,coco-30k,A tall massive clock tower towering over a city.,79643,358342
8429,coco-30k,A blue and yellow bus traveling down a street.,75920,499615
8430,coco-30k,A yellow fire hydrant sitting in front of a building.,89912,418002
8431,coco-30k,Three giraffe standing next to each other on a field.,48345,79011
8432,coco-30k,A small dog wearing a pink and purple dress.,4259,396543
8433,coco-30k,A small dog standing next to a person in blue jeans.,44192,300082
8434,coco-30k,A group of people standing outside of a white store.,79637,156759
8435,coco-30k,A red and black train traveling down train tracks.,94954,284548
8436,coco-30k,A little girl sitting on the side of a fence.,27234,559837
8437,coco-30k,A table that has a cup of coffee and a book set on it.,61306,547630
8438,coco-30k,A couple of birds sitting on a grass covered field.,49401,406744
8439,coco-30k,A man standing next to a yellow fire hydrant.,94397,158563
8440,coco-30k,A parking lot filled with cars next to a large traffic light.,82878,35401
8441,coco-30k,A train filled with lots of sets next to windows.,14612,281028
8442,coco-30k,A blue sign sitting on the side of a road next to a tree.,25337,84968
8443,coco-30k,A street filled with red buses next to tall buildings.,92921,246270
8444,coco-30k,A couple of kids petting sheep inside of a corral,38163,484893
8445,coco-30k,A dog wearing a witches costume standing on a grass field.,51847,366615
8446,coco-30k,A herd of sheep standing next to each other on a lush green field.,62667,99026
8447,coco-30k,A herd of sheep standing in a muddy pen with a chicken.,61412,259858
8448,coco-30k,A young man standing next to a wall with a bird painted on it.,79315,534817
8449,coco-30k,A bench sitting next to a green patch of grass.,23598,158277
8450,coco-30k, bridge spanning over the width of a river next to a city.,99045,137993
8451,coco-30k,A herd of giraffe walking across a grass covered field.,92179,26323
8452,coco-30k,A group of three buses driving down a highway.,41860,203257
8453,coco-30k,A herd of sheep standing next to each other on a field.,99528,366950
8454,coco-30k,A street sign mounted to the side of a traffic light.,49775,579247
8455,coco-30k,A sidewalk next to a brown brick building.,29973,295055
8456,coco-30k,A yellow and blue bus parked at the end of a street.,93966,204036
8457,coco-30k,Two giraffe standing next to each other in a field next to a tree.,33542,183004
8458,coco-30k,A large group of police riding horses down a city street.,96275,432317
8459,coco-30k,A green street sign next to peoples houses.,8632,429386
8460,coco-30k,a couple of sheep walking across a grass covered field.,43017,59393
8461,coco-30k,A green street sign mounted to a traffic light.,10790,335669
8462,coco-30k,A herd of giraffe standing next to each other at a zoo.,69096,337143
8463,coco-30k,A herd of sheep walking around in the snow.,34913,211785
8464,coco-30k,A street sign sitting in the middle of a road.,62131,52871
8465,coco-30k,A green bus driving down a street next to a traffic light.,41437,568554
8466,coco-30k,A group of women and children walking across a street.,72644,93620
8467,coco-30k,A couple of red buses traveling over a bridge spanning a rivers width.,28257,529083
8468,coco-30k,Two birds flying in a gray sky next to a mountain.,29221,76261
8469,coco-30k,A person standing on top of a yellow fire hydrant.,53684,52627
8470,coco-30k,A bird with a fish in its hand on a beach.,37712,284535
8471,coco-30k,A group of sheep in a field with a fence in the background.,2483,513968
8472,coco-30k,"A red, white an blue train next to a train station loading area.",12219,554767
8473,coco-30k,a red fire hydrant in the middle of a green field.,64058,303197
8474,coco-30k,A large herd of sheep crossing over a dirt roadway.,86531,578776
8475,coco-30k,A street filled with advertising signs hanging from the sides buildings.,18065,373284
8476,coco-30k,A woman washing a lam with a hose.,73118,7149
8477,coco-30k,A couple of trains driving past each other near a platform.,42274,310052
8478,coco-30k,A red stop sign sitting under a green street sign.,47757,536366
8479,coco-30k,"A red, black and silver locomotive sitting on a railroad track.",51343,443038
8480,coco-30k,A giraffe standing next to a pile of stones.,96554,49115
8481,coco-30k,a group of cows standing on the side of a road.,92813,136941
8482,coco-30k,A busy street covered in various traffic signs and advertisements.,7321,59660
8483,coco-30k,A red train on tracks next to a building.,87244,17328
8484,coco-30k,A car and a van parked side by side.,87511,12230
8485,coco-30k,The bike appears to be chained to the railing.,61038,92081
8486,coco-30k,two giraffes standing on a dirt  platform in a stone enclosure.,69741,538243
8487,coco-30k,A street light and other road signs. ,44724,206290
8488,coco-30k,A street sign that reads Bush on the side of a pole.,11205,272857
8489,coco-30k,A blue bike parked next to a red fire hydrant.,48,125829
8490,coco-30k,A tall giraffe standing next to a fence under a tree.,28844,44642
8491,coco-30k,A yellow white and green train traveling down train tracks.,78993,155736
8492,coco-30k,An airport runway filled with airplanes under a blue sky.,75450,296996
8493,coco-30k,A green traffic light suspended above a street.,50392,430875
8494,coco-30k,A green truck parked in the middle of a garage.,94186,148395
8495,coco-30k,A white and orange cat sitting on top of a sidewalk.,58689,148458
8496,coco-30k,A group of people standing around a green train car.,78648,509028
8497,coco-30k,A yellow double decker bus driving down a street,26623,240775
8498,coco-30k,A red pedestrian crossing signal with a red hand.,59840,215524
8499,coco-30k,An orange train traveling past tall buildings and a crowd of people..,61891,43286
8500,coco-30k,A couple of sheep standing on a lush green field.,65673,483742
8501,coco-30k,A red fire hydrant in front of a window with large windows.,87127,117792
8502,coco-30k,a lime and green bus parked on a grass field parking lot.,84106,509008
8503,coco-30k,an orange trolley traveling down a brick street.,31309,77405
8504,coco-30k,an image of a tourbus stopping on a route,27469,264454
8505,coco-30k,A bus driving down a street in front of a motorcycle.,95411,321516
8506,coco-30k,A cat laying on to of a white and red chair.,29432,320078
8507,coco-30k,A yellow train traveling down tracks next to a green field.,4525,161161
8508,coco-30k,A train traveling through rural green country side.,34710,486991
8509,coco-30k,A train traveling very close to houses next to a street.,18275,219873
8510,coco-30k,A bus stopped in front of a tall red building.,21442,352481
8511,coco-30k,A wooden park bench with a remote control on top of it.,48381,33753
8512,coco-30k,A black and white train passing over a body of water.,76085,81264
8513,coco-30k,A bus traveling down a road next to a bus stop.,60916,542079
8514,coco-30k,A long horn bull next to two sheep near a stone wall.,66564,351620
8515,coco-30k,A train traveling down tracks near a loading platform.,66559,411958
8516,coco-30k,A gray fire hydrant sitting next to a brick wall.,99921,118715
8517,coco-30k,A woman walking down a flight of stairs.,63028,410339
8518,coco-30k,A red double decker bus driving down a street.,96080,172478
8519,coco-30k,A silver passenger train traveling down train tracks.,99908,280211
8520,coco-30k,a red train on a train track below power lines.,98612,364703
8521,coco-30k,An overhead view shows many busses parked in a lot.,15005,404931
8522,coco-30k,A bus parked next to another bus at a bus stop.,88396,212663
8523,coco-30k,A white bus parked in a parking lot next to a car.,434,36522
8524,coco-30k,A red and white fire hydrant sitting on a field of grass.,32679,483941
8525,coco-30k,A red fire hydrant sitting on a slab of cement in a patch of grass.,49468,317087
8526,coco-30k,A blue street sign next to a power pole.,51792,142323
8527,coco-30k,A street sign on top of two one way arrow signs.,98773,359184
8528,coco-30k,A green rail bridge spanning over the width of a river.,38871,284552
8529,coco-30k,a long wooden bench on a sidewalk next to a street.,35464,126822
8530,coco-30k,a zebra and a giraffe stand next to each other.,59784,433243
8531,coco-30k,A herd of deer walking across a rocky hillside.,4262,507918
8532,coco-30k,A giraffe sitting in the middle of a field.,4654,573778
8533,coco-30k,A wooden bench sitting next to a large body of water.,69883,335529
8534,coco-30k,Two buses parked in a parking lot next to cars.,52949,463730
8535,coco-30k,A yellow train traveling down tracks next to a lush green field.,32895,174329
8536,coco-30k,A traffic light outside of a building next to a street.,71425,372433
8537,coco-30k,A white bus traveling down a road next to a car.,11953,159627
8538,coco-30k,A herd of sheep grazing on a lush green filed.,12438,119469
8539,coco-30k,A street sign in the city giving directions to several intercity areas. ,44259,315846
8540,coco-30k,an image of a train that is going down the tracks,96703,14450
8541,coco-30k,many people walking into an opened air plane,83261,69196
8542,coco-30k,a transit bus on a street under a bridge,15011,365177
8543,coco-30k,a double deckered bus on a city street,30779,229096
8544,coco-30k,A women who is holding the door handle to a truck.,12852,291048
8545,coco-30k,a person wearing a gorilla costume and a suit and tie,3531,240185
8546,coco-30k,A street light in front of a store front window.,39150,542073
8547,coco-30k,A red fire hydrant sitting on the side of a road on a side walk.,49053,558107
8548,coco-30k,A group of buses parked in front of a tall building.,55013,156503
8549,coco-30k,A green bus parked in a parking lot next to others buses.,67852,92131
8550,coco-30k,A red double decker bus traveling down a street.,10919,151844
8551,coco-30k,Zoo visitors look on at an adult and baby giraffe.,46821,317592
8552,coco-30k,a double deckered bus on a city street near a building,37265,412349
8553,coco-30k,A street sign in front of a tall building with lots of windows.,11216,427094
8554,coco-30k,A group of sheep standing in a field.,84286,44860
8555,coco-30k,A young boy holding his hand out to a giraffe sticking it's tongue out.,43421,330065
8556,coco-30k,Blue and orange large birds on tree with metal pot.,74943,129942
8557,coco-30k,Red metropolitan bus at intersection in city environment.,75935,228306
8558,coco-30k,A traffic light sitting next to the side of a building.,4219,49994
8559,coco-30k,A white bus driving down a street next to trees.,40334,299074
8560,coco-30k,A yellow bus with tinted windows driving uphill down a street.,8898,179265
8561,coco-30k,A traffic light surrounded by trees near a tall building.,61516,472101
8562,coco-30k,Two blue park benches on a beach facing the ocean.,221,386661
8563,coco-30k,A bus stops next to a street sign.,19644,212322
8564,coco-30k,Sepia photograph of two women petting a horse.,43665,141634
8565,coco-30k,A black and brown park bench in a grassy area.,58000,450151
8566,coco-30k,a mirror reflecting the platform at a train station,70155,402909
8567,coco-30k,A clock between two bronze flamingo statues on a black box.,47283,459500
8568,coco-30k,A red fire hydrant on a concrete block.,31032,29648
8569,coco-30k,A red double decker bus on a street.,54799,550691
8570,coco-30k,A passenger bus that is parked in a parking lot.,85117,405205
8571,coco-30k,A runway with multiple planes and clouds in the background.,14761,311619
8572,coco-30k,A train with a flag flying near the tracks,93104,116722
8573,coco-30k,"An orange and green train reads ""BNSF"" on the side.",70606,493566
8574,coco-30k,A Street sign standing next to a palm tree.,18200,109942
8575,coco-30k,Birds are eating from a bird feeder with a pine cone on it.,4142,114090
8576,coco-30k,A street sign on the side of a street in front of a building .,48595,316332
8577,coco-30k,A person is on a bench near a grassy field.,5363,249524
8578,coco-30k,"A giraffe stands in front of a verdant, lush group of trees. ",90513,48308
8579,coco-30k,The blue bus is riding across the street.,82907,109340
8580,coco-30k,A tree in bloom with pink flowers near a rural area.,32652,108129
8581,coco-30k,The airplane is taking off the runway at the airport. ,91540,461123
8582,coco-30k,A traffic light at a intersection with vehicles.,72016,487530
8583,coco-30k,The bench with shade in the courtyard is empty.,85131,467468
8584,coco-30k,People seated on wooden chairs and a bicycle parked nearby.,25322,351530
8585,coco-30k,A red and yellow trimmed plane sitting on tarmac.,73191,421169
8586,coco-30k,Cars stopped at an intersection on a dark night,12589,420963
8587,coco-30k,A grey and blue fire hydrant on a sidewalk.,15696,521849
8588,coco-30k,An adult sheep leaning towards a newborn sheep in a hay filled area.,72098,421976
8589,coco-30k,The traffic in this city is busy this time of day. ,16408,12666
8590,coco-30k,The city bus in en route to Graham Street. ,7043,542803
8591,coco-30k,A single park bench is by small trees.,62601,545293
8592,coco-30k,An antique train engine stands proudly in the glow of late afternoon light.,79093,1171
8593,coco-30k,A boy wearing a cap and green t-shirt holds a baseball mitt.,53404,63104
8594,coco-30k,"A fire box with ""ME"" painted on the side.",95140,382089
8595,coco-30k,Street signs for W 53 ST - JERRY ORBACH WAY.,2707,486632
8596,coco-30k,an image of a bus that is going down the tracks,22532,440617
8597,coco-30k,Two sheep in a muddy area with a  wall in the background.,94998,427643
8598,coco-30k,A red light house on pier next to water.,94842,247223
8599,coco-30k,Two triangular street signs on grass next to brick pathway.,57087,262987
8600,coco-30k,A white and blue train heading towards a sign in the foreground.,15539,403481
8601,coco-30k,A grey and white bird in a swampy marsh.,45073,209063
8602,coco-30k,A street sign with flags on it and a building in the background.,15762,335800
8603,coco-30k,Closeup of a logo on a blue and red bus.,2249,253002
8604,coco-30k,The large green train is approaching a platform.,24275,86334
8605,coco-30k,Two people stand by a giraffe enclosure and look at a giraffe.,76479,203697
8606,coco-30k,A green school bus drives down the road with bikes on top.,99546,343059
8607,coco-30k,A white and black bird sitting in grassy area next to water.,2358,269662
8608,coco-30k,a street sign on a city street near some tall bushes,84519,431026
8609,coco-30k,Pedestrian with rolling suitcase heading towards busses in urban setting.,87768,32549
8610,coco-30k,"A building front at the corner of N. Astor and E. Division St.
",43598,507686
8611,coco-30k,Park full of trees with a table and umbrella in the middle.,31717,132689
8612,coco-30k,A bus arrives to the bus stop at two twenty p.m. ,41577,38540
8613,coco-30k,birds on pillars in a body of water,10625,176527
8614,coco-30k,"Many birds fly around, above an empty beach",62301,147498
8615,coco-30k,The entrance for a subway on a city street.,32877,33208
8616,coco-30k,A blue and yellow double decker bus on a street.,64281,482305
8617,coco-30k,A dog standing next to a fire hydrant on a sidewalk.,879,47367
8618,coco-30k,two billboards with a sky background and people walking near by,96304,537889
8619,coco-30k,a red bus standing by the side of the road,10860,283820
8620,coco-30k,A train moving on a remote area with a river flowing next to the railway.,21741,460049
8621,coco-30k,many  birds flying in the air and walking on a beach,67513,432763
8622,coco-30k,A man admiring a dog on a bench made of books.,55377,380828
8623,coco-30k,a large green toy truck on a sidewalk in front of benches.,20566,106641
8624,coco-30k,Man and woman sitting on a wooden park bench together. ,6298,69000
8625,coco-30k,Black and white photograph of officers on horses.,31027,19324
8626,coco-30k,Two small birds on a plate which is sitting on the floor.,50294,200546
8627,coco-30k,"A red, white and blue train next to satellites.",91542,112820
8628,coco-30k,A group of sheep grazing on a roadside,77928,456146
8629,coco-30k,A woman is skateboarding down a hill with a hat on.,46408,189193
8630,coco-30k,a close up of a street sign with trees in the background,6884,402869
8631,coco-30k,a close up of a cat laying on the ground with something on its head,99914,56541
8632,coco-30k,Several hoofed animals much on hay in the stable.  ,75128,341128
8633,coco-30k,A street sign is filled with various stickers.  ,19765,60049
8634,coco-30k,A man walking his dog past a park bench.,59332,506544
8635,coco-30k,A giraffe standing on grass near a wood fence.,71853,548174
8636,coco-30k,Perhaps he's a magician who will pull a rabbit out of that hat.,55468,89839
8637,coco-30k,A street sign and traffic light on a pole.,4768,466449
8638,coco-30k,A green and yellow train riding down the train tracks. ,45667,30267
8639,coco-30k,An orange cat laying in front of  a green wooden bench.,35554,448024
8640,coco-30k,"A large filled with lots of purple flowers behind a blue sign
",40877,395865
8641,coco-30k,A tall giraffe standing in front of two giant stones.,47865,277592
8642,coco-30k,A tall green and yellow double decker bus traveling down a street.,20932,196811
8643,coco-30k,A parrot sitting on a branch looking down.,37320,466965
8644,coco-30k,A red and silver fire hydrant sitting on top of a sidewalk.,72809,189226
8645,coco-30k,A park covered in leaves filled with lots of trees.,67134,72011
8646,coco-30k,a bird ready to take off an edge made of cement ,58751,39798
8647,coco-30k,A large bus driving down a city street.,96655,274272
8648,coco-30k,A long yellow bus advertising a musical play,56928,48196
8649,coco-30k,a little locomotive in a museum all shined up,76098,160872
8650,coco-30k,A gentleman and child in a vintage picture with a horse. ,56188,136285
8651,coco-30k,A train pulling passenger cars on a train track.,52905,72507
8652,coco-30k,a red fire hydrogen next to a road in front of a bus,72993,125524
8653,coco-30k,A big blue two level bus at a bus stop with people.,80280,44494
8654,coco-30k, A sidewalk with street sings next to a road.,84274,525050
8655,coco-30k,A woman hitchhiking while another woman sits on a suitcase,84507,49450
8656,coco-30k,a couple of cars parked next to a fire hydran.,7203,455515
8657,coco-30k,"Two giraffes standing up next to one another, in between two tree and in the grass.",29917,575209
8658,coco-30k,Black bird with red eyes as seen sitting on branch.,70176,580084
8659,coco-30k,Traffic on a road in winter with some snow on the ground.,44098,484215
8660,coco-30k,A train pulls up as a man stands waiting alongside snack machines.,15281,520918
8661,coco-30k,Two people are sitting at a picnic table by a lake.,69373,173997
8662,coco-30k,"The birds are sitting next to each other on a tree branch,",52912,149622
8663,coco-30k,A double decker bus sitting in front of a bus stop.,10007,22236
8664,coco-30k,A green street sign mounted to a metal pole,60379,405104
8665,coco-30k,A lamb standing next to a very tall building.,63151,503490
8666,coco-30k,A traffic light in front of a road through a tunnel.,81163,100016
8667,coco-30k,A group of small birds walking on top of a beach.,6544,504891
8668,coco-30k,A red stop sign next to a blue street sign.,10496,95899
8669,coco-30k,A gray and silver fire hydrant sitting next to a rock.,23520,244235
8670,coco-30k,A person standing in front of a bus on a street.,47435,556101
8671,coco-30k,A traffic light with a busy city street behind it.,19083,174721
8672,coco-30k,A person holding birds in an aquarium full of spectators.,78442,151130
8673,coco-30k,A stop sign and other signage at the corner of a street.,72947,543393
8674,coco-30k,Two giraffes in a room with people looking at them.,9820,136
8675,coco-30k,A park bench on rocks next to a grassy field.,8569,333106
8676,coco-30k,A hummingbird sits perched alone on a branch. ,14986,52322
8677,coco-30k,two giraffes playing in their sandbox exhibit ,61442,73981
8678,coco-30k,"2 people take a stroll, as a stop sign looms in the foreground.",31567,477974
8679,coco-30k,A white fire hydrant sitting on a  sidewalk.,26363,439623
8680,coco-30k,"A green, yellow and blue truck driving down a street.",38858,124756
8681,coco-30k,A man sitting on a wooden bench near a lake.,16502,19322
8682,coco-30k,A small bird sitting on a beach next to the ocean.,15236,123598
8683,coco-30k,A red stop sign under a green street sign.,96692,482233
8684,coco-30k,A truck parked on the side of a road next to another truck.,73162,81054
8685,coco-30k,A large bird perched on top of a tree branch.,19573,129362
8686,coco-30k,A street next to two road blocks and a blurry object.,79804,549560
8687,coco-30k,A yellow school bus driving past a red brick building.,70045,399905
8688,coco-30k,Man with hat and umbrella holding object in left hand against modern background.,49088,328409
8689,coco-30k,A school bus on the road with traffic lights next to a forest.,46702,150129
8690,coco-30k,A small black airplane sitting on top of a runway.,42122,510942
8691,coco-30k,A trash can is sitting next to a lowered curb.,17418,513690
8692,coco-30k,The road sign is visible for all to see. ,57597,260433
8693,coco-30k,A white street sign sitting on the side of a road.,73817,390368
8694,coco-30k,A group of people sitting around a  table having a meal.,27803,340179
8695,coco-30k,Three giraffe sitting and standing on a lush green forest.,53779,515962
8696,coco-30k,A green bus with a red top traveling down a street.,32941,321307
8697,coco-30k,A large jet flying over some small foothills.,80750,146986
8698,coco-30k,A fire hydrant sitting on the side of a street.,57148,17859
8699,coco-30k,A man with a snowboard next to a man with a mask.,1309,165029
8700,coco-30k,A man in a dress and two men in pants with a bus.,57708,279521
8701,coco-30k,A large gray stone bridge spanning a river.,40161,481563
8702,coco-30k,A large jetliner sitting on top of an airport runway.,11791,140826
8703,coco-30k,A frozen fire hydrant spewing ice out into a street.,75261,35814
8704,coco-30k,The would is dressed up wearing a hat and tie. ,86374,443160
8705,coco-30k,A train traveling down train tracks next to traffic signals.,81087,253940
8706,coco-30k,A lamb standing in the middle of a lush green field.,74427,472416
8707,coco-30k,A giraffe walking through a tree filled forest.,41502,526645
8708,coco-30k,A man sitting on a bench surrounded by pigeons.,61573,374052
8709,coco-30k,This airplane is start to fly in the air.,64717,547431
8710,coco-30k,Two sheep standing next to each other on a grass field.,78824,281448
8711,coco-30k,A street sign sitting on the side of a road.,21858,36557
8712,coco-30k,A child's train sitting on top of snow near a building.,11727,303704
8713,coco-30k,A giraffe examining the back of another giraffe.,20412,577862
8714,coco-30k,A red and yellow bus parked in front of a tall building.,71982,355817
8715,coco-30k,A building with a large circular window that has a designed iron bar cover on it and a pigeon flying from it.,31845,236049
8716,coco-30k,A group of planes flying in sequence in the sky.,17689,513098
8717,coco-30k,a giraffe is looking over a fence at a man in sunglasses,42407,204994
8718,coco-30k,A couple of sheep walking across a lush green field.,21559,563381
8719,coco-30k,A model of a group of cars traveling into a tunnel.,12923,130528
8720,coco-30k,A train traveling down train tracks near a forest.,16910,381646
8721,coco-30k,The infamous Big Ben clock tower towering over the city of London.,66113,242644
8722,coco-30k,There is a crowd of people waiting for the train. ,5378,168811
8723,coco-30k,A blue bus is parked on the parking lot next to another bus. ,49315,132189
8724,coco-30k,Man sitting on park bench waving and wearing water protective clothing. ,54273,340451
8725,coco-30k,A man holding a bottle and a group of people near an umbrella. ,55138,423395
8726,coco-30k,A sheep lying on a hill side next to a tree.,24482,273052
8727,coco-30k,A transit bus stopped at a street side that's filled with snow.,26630,99584
8728,coco-30k,"A goat alongside a house, trying to go through the bushes",9496,176606
8729,coco-30k,A woman holding a umbrella next to a man holding a baby and several other people waiting to cross a street. ,22136,318200
8730,coco-30k,An adult giraffe sits down while a baby giraffe investigates.,16085,122987
8731,coco-30k,A pair of horses grazing in a field behind a fence.,90903,134034
8732,coco-30k,The side of a bus parked on the side of a street.,97051,455085
8733,coco-30k,Several street signs posted together on a poll.,66780,305871
8734,coco-30k,A corner of a building contains a large red sign.,74001,529578
8735,coco-30k,Black and white photo of a clocktower and a bird.,17627,541593
8736,coco-30k,a white red and blue jet some lights water and a hill,93610,21496
8737,coco-30k,A red do not enter sign under a green street sign.,30064,447789
8738,coco-30k,An orange stripe cat sitting on top of a wooden bench.,61906,171058
8739,coco-30k,A construction sign sitting in the middle of a road.,2835,338067
8740,coco-30k,A crowded city filled with lots of people and traffic.,47227,259683
8741,coco-30k,A street sign with six different locations on it.,6423,448810
8742,coco-30k,Two buses hitched together sitting on the street.,89707,424155
8743,coco-30k,A giraffe standing at attention in a zoo pin.,35890,312316
8744,coco-30k,A goat with very long horns standing in front of a tree.,15096,48738
8745,coco-30k,A yellow school bus filled entirely with dogs.,78774,70493
8746,coco-30k,A woman standing in front of window next to a bug and a stop sign.,19878,66144
8747,coco-30k,A white bird sitting inside of a pond surrounded by greens.,23077,442968
8748,coco-30k,A green street sign on top of a metal pool.,97801,79913
8749,coco-30k,A flock of white birds flying over small boats.,71935,155885
8750,coco-30k,A highway with a Rue Paul St. sign beside it.,1236,156487
8751,coco-30k,Three giraffe's leaning over to get a sip of water.,38296,284296
8752,coco-30k,A yellow fire hydrant sitting in front of a white fence.,78033,489346
8753,coco-30k,Two ducklings sit next to each other in grass.,87628,9145
8754,coco-30k,A city street has cars and buses with a green traffic light near a street sign.,80811,518574
8755,coco-30k,A transporting cart parked in a street while passengers board.,68606,227399
8756,coco-30k,A red fire hydrant sitting in a parking lot next to a metal post.,47259,314430
8757,coco-30k,A blue train car sitting on top of train tracks.,77706,513260
8758,coco-30k,A train traveling down a track past another train.,84550,194634
8759,coco-30k,A white van parked in a parking lot next to a forest of trees.,84071,436162
8760,coco-30k,A next of bird feeders filled with lots of birds.,34061,243401
8761,coco-30k,A man and his little dog outside protesting Petland,4367,370701
8762,coco-30k,A herd of animals walking and laying on a lush green field.,31406,241064
8763,coco-30k,Vehicles on a street near a green traffic light.,36919,269942
8764,coco-30k,Two large birds sitting on top of large rocks.,40744,498228
8765,coco-30k,An old tour bus for Buddy Holly and the Crickets,90344,314836
8766,coco-30k,An older woman riding a train while sitting under it's window.,83908,308394
8767,coco-30k,A stone bench in front of a fallen tree.,92472,454348
8768,coco-30k,A train riding over a stone bridge near some steps.,47265,186428
8769,coco-30k,A giraffe lowering its head to graze on some grass.,52014,262900
8770,coco-30k,Many sheep are grazing for food in the grass.,15951,51984
8771,coco-30k,A black bird sitting on top of a wooden fence.,70534,372249
8772,coco-30k,A couple of people sitting on top of a wooden bench.,83912,211119
8773,coco-30k,A street sign that reads Sparta sitting next to a tall building.,64902,516708
8774,coco-30k,The cops in the city are riding horses threw the streets. ,11396,431876
8775,coco-30k,A large white red and purple bus driving down a street.,42843,547744
8776,coco-30k,The nose of a high-speed train that is sitting on the tracks. ,36748,186472
8777,coco-30k,A long white red and blue bus driving down a street next to trees.,26726,205247
8778,coco-30k,A stop sign on the corner of a street.,63360,266115
8779,coco-30k,Two big white city buses parked near the curb.,38905,158994
8780,coco-30k,Three birds eat from a hanging bird feeder.,43643,35887
8781,coco-30k,A man in a suit and top had holds a monacle as two people sitting next to him laugh.,47233,345993
8782,coco-30k,Two giraffes grazing on some green leaves in the field.,3381,448448
8783,coco-30k,A grey train passing by a stadium in the distance.,34100,215549
8784,coco-30k,A couch and table sits outside with fake sheep.,35062,324710
8785,coco-30k,A city street sign warning of a hill in different languages.,91074,176649
8786,coco-30k,Signs at a resort pointing in many directions,96281,401384
8787,coco-30k,A pelican on the shore near a body of water.,41987,64300
8788,coco-30k,A blue and orange bus on street next to buildings.,51914,387082
8789,coco-30k,"A double deck bus, with a convertible top.",6499,230177
8790,coco-30k,an image of a street sign on the street,24292,233164
8791,coco-30k,There is a map in the street of the city.,70131,532530
8792,coco-30k,"A steam engine strain is decorated to look like a character from ""Thomas the Train"" books. ",6276,403862
8793,coco-30k,"A green and white street sign reading ""flaming lips alley.""",96518,383950
8794,coco-30k,an image of a tourbus picking up passengers ,44281,38817
8795,coco-30k,A bus pulled up to the curb along a road.,38286,498120
8796,coco-30k,an image of a bird perched in a tree,22193,181601
8797,coco-30k,A man is approaching a seagull on the beach.,76463,60456
8798,coco-30k,A flamingo standing in front of water and plants.,276,156751
8799,coco-30k,A distant shot of a beautiful looking boat area outside of two buildings. ,20243,280293
8800,coco-30k,A train is traveling across a bridge over a lake. ,17133,310906
8801,coco-30k,People sit together on benches in a park. ,29831,531917
8802,coco-30k,A giraffe stands near a tree in the wilderness. ,89927,475150
8803,coco-30k,White wooden bench next to reddish orange bricked wall.,30865,156466
8804,coco-30k,A stop sign with a suggestive sticker below it.,43063,15157
8805,coco-30k,A road sign and traffic lights next to it,23813,540176
8806,coco-30k,A bright red fire hydrant near a stop sign.,19146,165298
8807,coco-30k,Orange and black uniformed worker standing outside of moving train.,50824,547224
8808,coco-30k,A double deck bus parked along the curb in front of a building.,66558,333135
8809,coco-30k,A train coming up to an intersection of rails,86232,6153
8810,coco-30k,A very blurry image of a person sitting on a bench.,13354,160726
8811,coco-30k,There are stop signs and one way signs at this intersection.,71005,59152
8812,coco-30k,A bird with a berry in its mouth sits on a rock,42520,43610
8813,coco-30k,Woman waiting at end of curb for train to open its doors.,33457,178516
8814,coco-30k,A train with lights on riding down a track in front of buildings.,37589,28115
8815,coco-30k,A giraffe and a gazelle that are grazing together in a zoo.,5951,214701
8816,coco-30k,Two buses are parked against a curb in front of a building.,38719,297323
8817,coco-30k,Small bird sitting on a skateboard posed in front of dark blue background cloth.,80255,1561
8818,coco-30k,A red fire hydrant between some yellow poles,49034,333826
8819,coco-30k,A giraffe is standing between two trees and some rocks. ,28039,187610
8820,coco-30k,A string of stoplights is going across the street.,30368,518438
8821,coco-30k,A blue bus sitting in the middle of a street.,99221,58174
8822,coco-30k,There is a yellow and green train seen riding on the tracks,48128,247543
8823,coco-30k,A group of men on a city side walk.,86380,443492
8824,coco-30k,A woman walking down a street next to a blurry man.,10650,328836
8825,coco-30k,A double decker bus driving down a street.,12864,252970
8826,coco-30k,A giraffe is peeking around the side of a wall at the camera.,61851,299720
8827,coco-30k,A hand holding a carrot feeding a giraffe under a tent,20393,518721
8828,coco-30k,A car is stopped for a red light at an intersection. ,81752,191474
8829,coco-30k,There is a red fire hydrant in the middle of a sidewalk,77695,326312
8830,coco-30k,A bench partially buried in sand on a beach near the ocean.,2937,28826
8831,coco-30k,"Dog statue wearing a hat, sunglasses and stars and strips bunting.",71163,153783
8832,coco-30k,A long bus driving on a city street past a building.,10662,308362
8833,coco-30k,An orange and grey trolley on street next to a building.,14485,434867
8834,coco-30k,There is a blue and yellow train stopped at a train stop,80145,563641
8835,coco-30k,There are two giraffes sitting together in the wild,24467,79188
8836,coco-30k,A very large train is traveling down the railroad tracks. ,48270,126131
8837,coco-30k,Two giraffe standing next to each other on top of a field.,76808,299573
8838,coco-30k,A gas station on the corner of a street next to a traffic light.,48712,306230
8839,coco-30k,A bird aggressively protects his patch of turf.,4049,41867
8840,coco-30k,There is a stop sign with a factory in the distance.,75353,368302
8841,coco-30k,People walking in the dirt where buses and vehicles are parked.,20739,43561
8842,coco-30k,A man riding a bike down a street next to a street sign.,77482,128920
8843,coco-30k,People standing on a sidewalk near a parked bus at night.,41673,258350
8844,coco-30k,A cat sitting on a wooden bench outside.,16712,412807
8845,coco-30k,A bird is standing upright in the water and leaves.,31058,338452
8846,coco-30k,A train is going down the track under a bridge.,84443,299448
8847,coco-30k,A couple sitting on a park bench looking at the city.,24912,313627
8848,coco-30k,A yellow and green fire hydrant in Canada.,30518,137634
8849,coco-30k,A large white airplane in a stationary position.,5376,333365
8850,coco-30k,A small bird on a wooden board on the water.,55805,290741
8851,coco-30k,Two giraffes are standing next to each other by trees.,94774,526341
8852,coco-30k,A man in black hoodie playing with a dog.,83197,71004
8853,coco-30k,A group of giraffes in a fenced in enclosure.,21455,108088
8854,coco-30k,A group of sheep in front of a building.,43056,521465
8855,coco-30k,A long large train on a steel track.,19019,112212
8856,coco-30k,A bird flying outside the window of a building.,13442,356241
8857,coco-30k,An airplane at the gate in an airport. ,63318,475710
8858,coco-30k,A group of giraffes walking in the sand.,95976,221281
8859,coco-30k,A flock of small birds flying in the sky over the water.,56364,281455
8860,coco-30k,"A group of pigeons, swans and ducks clustering around water. ",67798,303439
8861,coco-30k,A Cat looking at a bird that is on the other side of a window.,76075,543497
8862,coco-30k,a little bird taking a bath in a bird bath ,43995,161470
8863,coco-30k,A giraffe standing next to a log in a fenced in enclosure with people walking on the other side of the fence.,34444,361439
8864,coco-30k,Two giraffes are standing together outside near a wall.,92704,417876
8865,coco-30k,Two ducks floating together on a body of water. ,30439,74711
8866,coco-30k,A shot of several cars in front of a gas station.,2022,450223
8867,coco-30k,Two black birds sit on a log bench near the ocean.,58446,484026
8868,coco-30k,A train traveling down the train tracks along the country side. ,40927,18295
8869,coco-30k,A shot of a road in a city with a no peddling sign.,83290,521141
8870,coco-30k,Upward view of street sign and traffic light in front of office building.,55472,129699
8871,coco-30k,A airplane is taking off near a grassy area.,2205,342490
8872,coco-30k,A train with headlights traveling on a track past pedestrians.,27196,76625
8873,coco-30k,A yellow bird sitting on an oddly curved branch.,9319,233327
8874,coco-30k,A group of people walking down a city street near a bus.,77936,280710
8875,coco-30k,A black bird that is sitting on a branch.,9398,375087
8876,coco-30k,A black and yellow fire hydrant on a city sidewalk.,6897,18191
8877,coco-30k,A forest with many tall trees all around.,86695,325152
8878,coco-30k,A single giraffe that is walking in a field. ,90304,492544
8879,coco-30k,A fire hydrant that has the stars and stripes on it.,53811,580757
8880,coco-30k,A yellow and rd train parked in a train station.,20537,175994
8881,coco-30k,A close up of a fire hydrant with a skyscraper in the background.,49249,348793
8882,coco-30k,A man with a wrench turning off a fire hydrant.,26011,114313
8883,coco-30k,A large blue and white bus parked on the road.,97116,503197
8884,coco-30k,A school bus that has a great deal of graffiti on it.,81441,435324
8885,coco-30k,Street signs for 92nd and Bayview in front of utility wires against the sky.,33933,350334
8886,coco-30k,a couple is waving a flag while stanidg on a pole,44323,517890
8887,coco-30k,Two birds that are sitting next to each other.,2260,503951
8888,coco-30k,Three birds sitting next to each other on an electrical wire.,10536,580931
8889,coco-30k,A small bird perched on a piece of wood.,35718,523811
8890,coco-30k,a single giraffe standing in the middle of a field ,171,212895
8891,coco-30k,A passenger train is sitting at a station.,89079,369675
8892,coco-30k,A woman is holding an perched owl above her head.,98459,308764
8893,coco-30k,"A sign sitting next to a sidewalk with a garbage can, traffic cone, and several fire hydrants on it.",38117,419080
8894,coco-30k,a man assisting a woman shearing a sheep with several children watching,21536,33830
8895,coco-30k,A train traveling past a factory with tons of smoke pouring out of it's stacks.,39669,211054
8896,coco-30k,Some street signs near a road with a truck.,49054,88432
8897,coco-30k,A train passing through the greenery and a person standing in engine.,62549,575428
8898,coco-30k,An airplane crossing above a metal structure on a cloudy day.,77963,332502
8899,coco-30k,A fire hydrant sitting in front of a group of flowers.,32154,220621
8900,coco-30k,A stop sign that is right by a road.,57706,233963
8901,coco-30k,A stop sign that is by a road by the beach.,54134,345823
8902,coco-30k,A large white bus and many cars on a road.,88801,216618
8903,coco-30k,A train with passengers is standing on the track while some people are resting in the shade.,1739,527580
8904,coco-30k,a group of giraffes run across a field,27930,32724
8905,coco-30k,Fancy traffic light with arrows and a mirror.,56721,228122
8906,coco-30k,Black and white picture of of a Southern Pacific locomotive. ,92473,361221
8907,coco-30k,A little girl climbing up steps to touch a giraffe.,31876,536720
8908,coco-30k,A giraffe grazing from shrubs next to the road,39090,249909
8909,coco-30k,A city view of an E-train on a track,48857,133000
8910,coco-30k,A monorail train is traveling on a track.,96080,91359
8911,coco-30k,A traffic light with car passing underneath on the road.,23023,260275
8912,coco-30k,A car and a train on a city street.,6914,450458
8913,coco-30k,A traffic light and many cars on a road.,40611,181948
8914,coco-30k,A bench on top of stone tiles surrounded by trees.,86792,84389
8915,coco-30k,A telephone booth and a red bus on the side of the street.,98005,185941
8916,coco-30k,A distant airplane flying between two large buildings.,21984,141587
8917,coco-30k,A man walking towards a stop sign on the sidewalk.,48056,281512
8918,coco-30k,Crowds of people have lined a street to watch a parade.,54552,463151
8919,coco-30k,A group of people are unloading from a bus.,35863,22979
8920,coco-30k,A vintage red tour bus parked on the side of the street.,96316,372317
8921,coco-30k,A man hangs off a stationary train indoors.,81266,552752
8922,coco-30k,A bus that has been burned is sitting in pieces on the street.,32680,51119
8923,coco-30k,A giraffe standing in a lush green field with lots of plants.,39420,32682
8924,coco-30k,A young man sitting on a bus up against a window.,85106,53580
8925,coco-30k,A red stop sign sitting on the side of a road.,99201,410932
8926,coco-30k,A load of trash or work supplies in a dumpster outside.,57633,1590
8927,coco-30k,A group of young men standing outside of a subway train.,96377,543577
8928,coco-30k,A street sign sitting on the corner of a sidewalk.,96854,35940
8929,coco-30k,A group of people walking down a street next to a tall building.,21544,502336
8930,coco-30k,A silver rusted looking fire hydrant sitting in the middle of a walkway.,30662,186322
8931,coco-30k,The bird is perched alone on the bannister. ,1485,289855
8932,coco-30k,Three red two deck buses along a city street.,58088,517623
8933,coco-30k,a street sign on a pole against the sky,23951,274957
8934,coco-30k,several men on a street corner repairing a street sign,33074,157269
8935,coco-30k,"A policeman, cameraman, and reporter stand near a police checkpoint.",1500,108272
8936,coco-30k,Pickup truck on a ramp preparing to merge with heavy Interstate highway traffic.,23399,79955
8937,coco-30k,A woman feeding a giraffe under a tent. ,61498,186497
8938,coco-30k,A street light and some trees on a street.,79375,56821
8939,coco-30k,an image of a street scene with traffic lights,55150,248771
8940,coco-30k,Two giraffes in a zoo look at their surroundings,69867,493805
8941,coco-30k,Young woman with sheep on straw covered floor.,98457,458755
8942,coco-30k,A train travels through a rural area as it blows smoke,49142,575410
8943,coco-30k,"A street sign with the name of a street on it, and next to it is a post with various names up and down the post.",21021,68715
8944,coco-30k,Red wrong way sign in front of a church,1487,52726
8945,coco-30k,"Several benches in a park area, with flowers and an umbrella above a table",40916,52368
8946,coco-30k,"A blue, orange and white double decker bus on a road.",18156,433124
8947,coco-30k,Pair of giraffes walking on grassy area in enclosure.,43751,150726
8948,coco-30k,A person wearing a backpack stands in front of a bus driving by on a city street.,45636,296775
8949,coco-30k,A German language street directional sign that reads Bauminghausstrasse. ,3442,113185
8950,coco-30k,"A green, orange and white train in a train station.",87658,174198
8951,coco-30k,an image of a subway bus going thru the subway station,44517,482978
8952,coco-30k,a park with flowers on a sunny day.,83262,172319
8953,coco-30k,A close up of a giraffe's face standing in front of a tree and another giraffe.,18181,457060
8954,coco-30k,A red white and blue fire hydrant on the sidewalk.,39823,469803
8955,coco-30k,A white pickup truck waiting at a red light.,73282,236457
8956,coco-30k,The electronic light has many tiny green dots.,12511,458221
8957,coco-30k,Decorative pedestal water fountain located near the beach. ,62507,89395
8958,coco-30k,Many cars are parked along the sidewalk of a narrow street.,40411,565563
8959,coco-30k,A close up of a giraffes head and face,55903,449011
8960,coco-30k,A cute fuzzy sheep standing in a very big field.,42575,109888
8961,coco-30k,An older Dodge pickup sits parked next to another older pickup.,51971,148719
8962,coco-30k,One way signs at N 11 St and Brewers Row near a brick building.,53273,127626
8963,coco-30k,A swan is swimming near snow covered rocks.,98175,472833
8964,coco-30k,Many flowers are decorated outside of a building.,83632,25660
8965,coco-30k,A sign in the grass stating the next highway. ,32119,147300
8966,coco-30k,A passenger train stopped at a stop next to a grassy field.,73742,139623
8967,coco-30k,Men standing and one pointing to an object on a street.,80938,391199
8968,coco-30k,A large white dog is sitting on a bench beside an elderly man.,46672,334321
8969,coco-30k,A dog anchored to a fire hydrant by his leash.,92450,224200
8970,coco-30k,A train sits on the tracks under an overcast sky. ,86696,472569
8971,coco-30k,"A grey, white and black duck next to water.",70700,344773
8972,coco-30k,Various birds flying over a body of water next to trees.,26806,312509
8973,coco-30k,A train passing through a city street. ,81739,581458
8974,coco-30k,A row of empty benches alongside a road.,93042,386967
8975,coco-30k,A green bus is turning in front of a grey car.,75573,541132
8976,coco-30k,Four lambs standing on a hill top with trees.,16409,308235
8977,coco-30k,A stop sign along an empty road lined with a green fence.,68861,393583
8978,coco-30k,An intersection with a post showing street signs.,46062,418512
8979,coco-30k,A black steam engine pulling a small passenger car.,78181,343031
8980,coco-30k,An elephant with a man and three children on its back drinking water in the jungle.,93992,974
8981,coco-30k,A commercial passenger airplane sitting on the landing strip by the terminal.,60679,532390
8982,coco-30k,A train travels down the tracks of a covered bridge.,67063,545309
8983,coco-30k,Person in profile and sunlight at a barred window.,75142,268620
8984,coco-30k,A traffic light sitting next to a cluster of traffic cones.,17686,126046
8985,coco-30k,A seagull standing on the sand of a beach,10956,404568
8986,coco-30k,a sign on a beach at sun set,97261,547047
8987,coco-30k,A bird watches a cow eating grass in a field,70611,523137
8988,coco-30k,A road work sign stands near a curb on a residential street.,39865,124991
8989,coco-30k,Two giraffes stand in a dirt yard next to a wooden structure.,27740,460126
8990,coco-30k,A city bus driving on the street in the snow.,71794,453954
8991,coco-30k,a close up of a street sign with a mountain in the background,38267,578221
8992,coco-30k,There is a very large white plane at the airport,22837,61624
8993,coco-30k,A cat sitting up on its hind feet on a park bench,89865,74268
8994,coco-30k,Giraffes leaning down to scratch faces in their zoo enclosure,93414,318039
8995,coco-30k,A small yellow bird sits on a dried up flower near a man in a gray t-shirt.,12627,446517
8996,coco-30k,There is a zebra standing alone in the zoo,81344,302160
8997,coco-30k,There is a small yellow bird standing on a fence,22308,358254
8998,coco-30k,The large green city bus is driving on a road.,451,106722
8999,coco-30k,Antique black and white photograph of people walking by large stone buildings,61788,412455
9000,coco-30k,A small white bird flying over the water.,9331,494584
9001,coco-30k,A view of a bus traveling on top of a bridge.,74301,236739
9002,coco-30k,A large long train with man inside on the track.,1806,426268
9003,coco-30k,A car and traffic light on a city street.,19026,10920
9004,coco-30k,A man is smiling while sitting on a horse.,87380,273728
9005,coco-30k,The side of a chartered bus painted with a red horse.,47602,18046
9006,coco-30k,A lit street lamp at an intersection with a stop sign.,65936,167964
9007,coco-30k,an open fire hydrant near a city street,76924,209824
9008,coco-30k,People are sitting and standing outside between train cars.,2923,216327
9009,coco-30k,A picture of a dog is centered on a stop sign.,85136,268755
9010,coco-30k,A bird sitting on top of a park bench.,52989,577182
9011,coco-30k,A man with safety equipment next to a fallen tree and red fire hydrant.,55644,148392
9012,coco-30k,A street that goes on to a high way with the light on red.,68797,375130
9013,coco-30k,A train traveling down train tracks next to a small building.,87585,197420
9014,coco-30k,Horses are standing in an open field in the grass.,6223,298697
9015,coco-30k,A couple of giraffe standing next to a tree.,29864,91520
9016,coco-30k,Many different signs cover a post next to a bus stop.,91555,336777
9017,coco-30k,A stop sign sits in front of a brown and white house as snow lies on the ground.,74862,476873
9018,coco-30k,A street sign posted at an empty city intersection.,82190,570998
9019,coco-30k,Two little birds with white chests sit on barbed wire.,18236,395378
9020,coco-30k,A view out of a window that shows a winding river.,57784,120235
9021,coco-30k,A post with a no right turn sign and a stop signs with stickers,65820,221820
9022,coco-30k,A close up of the green light on a traffic light,78145,307438
9023,coco-30k,A plane with water skies for landing gear coming in for a landing at a lake.,24675,556901
9024,coco-30k,The reflection of a woman is in a window and beyond her is a white and red train.,66631,450932
9025,coco-30k,A dog wearing a hat standing on some grass.,11420,361571
9026,coco-30k,a number of animals in a field near some trees,53365,452027
9027,coco-30k,A bus is coming around a bend near a traffic light.,24903,312559
9028,coco-30k,A street sign at an intersection with tropical trees in the background.,52675,274233
9029,coco-30k,A large red and white bus on a city street.,84340,303305
9030,coco-30k,A couple posing with two giraffes in the background.,45116,243464
9031,coco-30k,There are two birds sitting on a branch by the water,67446,209940
9032,coco-30k,a woman stares as a bird flys through the air ,25243,56983
9033,coco-30k,A couple of trucks on a city street.,64783,8204
9034,coco-30k,There is a white and black desk with shelves  and a computer,24568,279561
9035,coco-30k,there are people sitting on the ground painting the street,71139,322654
9036,coco-30k,a small girl and two giraffes and some trees,39224,172553
9037,coco-30k,A street sign next to a large building.,99795,130712
9038,coco-30k,a woman posing on a wooden bench in the woods,72085,303026
9039,coco-30k,A group of men standing inside of a bus.,53448,463199
9040,coco-30k,A red kite sitting on top of a lush green field.,88658,342380
9041,coco-30k,A white dog standing on top of a wooden bench.,40408,452891
9042,coco-30k,Sheep are in a field near a fence and on a tractor.,92937,40946
9043,coco-30k,there are several street signs on the same pole,35411,294431
9044,coco-30k,this is a close up picture of a roosters neck,89457,363812
9045,coco-30k,A pile of dirty clothing stacked on top of the floor.,22974,275253
9046,coco-30k,A red stop sign mounted to the top of a metal pole.,20419,522406
9047,coco-30k,A faded red fire hydrant sitting on the side of a street.,92967,415408
9048,coco-30k,A group of ducks swimming on top of a lake.,39249,83483
9049,coco-30k,a subway train at a station filled with people,56345,241155
9050,coco-30k,a pair of giraffe standing in a big open area,75165,79565
9051,coco-30k,A double decker bus stopped at an intersection.,53144,275843
9052,coco-30k,A two way street sign picture from a piece camera film,54148,209420
9053,coco-30k,A woman sitting on a wooden bench on a wall.,99026,67180
9054,coco-30k,A cow standing next to a shelf with many drinks.,14586,301977
9055,coco-30k,A young male sitting on a park bench typing on a laptop. ,495,459153
9056,coco-30k,A boy sipping a milk bottle while lying on a bed.,98908,532058
9057,coco-30k,A school bus and pedestrians crossing a bridge in a city.,79473,130352
9058,coco-30k,A traffic light with a building in the background.,86688,492472
9059,coco-30k,A reflection of a large building in a window.,58311,44858
9060,coco-30k,A large long train on a steel track.,99831,265579
9061,coco-30k,Car parked in the parking lot next to the pier,41036,328301
9062,coco-30k,A motorcycle drives on the street beside a city bus.,47076,438811
9063,coco-30k,A small brown bird is sitting inside by a window.,81927,57390
9064,coco-30k,A small train going down a steel track.,33317,270297
9065,coco-30k,A street sign near many cars at a stop.,84413,156370
9066,coco-30k,A fire hydrant in the grass behind a fence.,65652,469721
9067,coco-30k,"A green and white street sign that reads ""pee wee reese rd.""",37729,311068
9068,coco-30k,A group of street signs casting a shadow on a white wall.,39172,572349
9069,coco-30k,The small bird is perched on the branch of the tree. ,94860,492349
9070,coco-30k,a man standing next to a pink bus in front of a building,82156,364009
9071,coco-30k,The lower half of a very tall giraffe in a grassy area.,62808,304828
9072,coco-30k,Signs point the way to a cemetery on a quiet road,60978,543215
9073,coco-30k,Three gray and white baby birds are sitting in a nest.,95059,152823
9074,coco-30k,A fire hydrant by a sidewalk marked with paint.,15973,427376
9075,coco-30k,a traffic light above a road with a building in the background,321,501116
9076,coco-30k,The shoreline of a beach on a cloudy day. ,16556,451915
9077,coco-30k,People boarding a bus at a bus stop.,10963,490008
9078,coco-30k,A house and a lighthouse is located near the water.,51833,52827
9079,coco-30k,"In the evening, a store front sign sits on the sidewalk near a blue car parked at the curb. ",52125,67757
9080,coco-30k,Group of protesters with red and white signs on concrete steps. ,57800,348379
9081,coco-30k,A red bus on side of street next to a building.,56292,108224
9082,coco-30k,a sign out side a very tall building.,36495,231984
9083,coco-30k,A blue and white train engine pulling a red train car.,91324,429558
9084,coco-30k,A semi busy street in a delightful neighborhood,21334,479727
9085,coco-30k,A woman in yellow shirt and skirt with cats in grass.,21435,375493
9086,coco-30k,A street with traffic lights and cars at night.,85424,354753
9087,coco-30k,A train on bridge passing over water with city in the background.,33264,56544
9088,coco-30k,A boy covering his face as a fire hydrant blows water at him.,79453,455435
9089,coco-30k,A girl and boy sitting at a wooden table with the boy looking at the girl.,87866,232894
9090,coco-30k,A blue and white train is moving on the rails. ,18949,6040
9091,coco-30k,The cake is in the shape of a long train. ,93443,109924
9092,coco-30k,This bird is looking at a toy photographer.,51377,75719
9093,coco-30k,The single train car is painted purple and yellow.,56823,101145
9094,coco-30k,A foggy day shows buildings in the background as a woman in a blue jacket has skates on in a brick courtyard.,84097,406729
9095,coco-30k,a large giraffe eating  something off of a branch.,85333,526143
9096,coco-30k,a number of small birds on a body of water,67562,158254
9097,coco-30k,"Several giraffes, including an infant, stand in an exhibit.",85305,267812
9098,coco-30k,seven airplanes all decorated the same flying in unison ,6194,467142
9099,coco-30k,a decorative seat sitting inside cut out bushes,53084,378672
9100,coco-30k,Two street lights on a corner pole in a town.,6857,542077
9101,coco-30k,Several green buses parked in a parking lot with people walking by,9401,192406
9102,coco-30k,There are several people standing at the end of a train going to Rockaway.,75515,550980
9103,coco-30k,A silver train passing under high beams and trees.,37306,74789
9104,coco-30k,A yellow double decker bus on street next to buildings.,26100,400202
9105,coco-30k,A man in a black shirt rides an elephant as a man walks near it down a street.,76949,450728
9106,coco-30k,A large white sheep and two baby black sheep in barn,71470,496541
9107,coco-30k,This man is sitting on a bench next to a tree.,73222,401403
9108,coco-30k,A boy with red shirt and hat holding a baseball bat.,99806,508787
9109,coco-30k,Three people are sitting on a bench looking over a pier.,35531,328352
9110,coco-30k,a street sign on a sidewalk next to a stone wall,55759,66543
9111,coco-30k,Three giraffe standing next to two zebra on a lush green field.,82883,32193
9112,coco-30k,A man standing in front of the open door of a bus.,33715,333402
9113,coco-30k,The view from a platform at a train station.,78402,39628
9114,coco-30k,A man standing near a fire hydrant next to a city street.,5704,90351
9115,coco-30k,A large green field with a bench in the foreground.,81871,314541
9116,coco-30k,A close up of a school bus parked on the side of the road.,72268,340386
9117,coco-30k,A colorful cuckoo clock with the clock hands at six o'clock.,65163,254119
9118,coco-30k,A red stop sign sitting on the side of a road.,33443,487076
9119,coco-30k,A  single street sign with information regarding parking.,98493,24499
9120,coco-30k,The long metro train is moving along an elevated track.,78282,400152
9121,coco-30k,A boy holding a baseball glove at a baseball game,58476,363902
9122,coco-30k,A truck and bus on a street under bridge,76157,496313
9123,coco-30k,A couple of dogs standing and laying on top of a deck.,76618,230150
9124,coco-30k,A man standing next to a woman in a living room.,31202,151657
9125,coco-30k,A yellow train traveling down tracks surrounded by large bushes.,85532,80096
9126,coco-30k,A girl sitting on a brown and white giraffe,18769,138656
9127,coco-30k,A red and white wings black bird sitting on wood,70622,38355
9128,coco-30k,Two giraffe standing next to each other around a tree.,78502,116289
9129,coco-30k,A man flying through the air while swinging from a pole.,41116,233711
9130,coco-30k,A doughnut shop sign hanging off the side of a building.,50961,244636
9131,coco-30k,an odd looking red and yellow train sitting on the track,19819,346517
9132,coco-30k,An empty street with brick buildings and cars.,19410,276720
9133,coco-30k,A grey and white bus parked on the grass.,51105,542042
9134,coco-30k,A green cake that is shaped to be a train,34414,29346
9135,coco-30k,Two multicolored birds perched on a wooden branch.,9050,218310
9136,coco-30k,Some brown and white giraffes standing and sitting together.,27836,308420
9137,coco-30k,A traffic light sitting above a street with lots of traffic.,8276,277521
9138,coco-30k,A grey bird on beach with water and pier in the background.,93529,76918
9139,coco-30k,Three immature gulls are wading in shallow water.,70071,507766
9140,coco-30k,A red train car parked in front of a red brick building.,6251,248711
9141,coco-30k,A park bench that is sitting in grass under a tree.,63637,506454
9142,coco-30k,A wildebeest walking with a giraffe in the distance.,57527,286794
9143,coco-30k,A dilapidated bicycle frame underneath a Pedestrian Zone Sign.,21918,72852
9144,coco-30k,Two giraffe standing next to each other on a lush green field.,88833,561050
9145,coco-30k,A bench in some grass that is next to a building.,87254,83557
9146,coco-30k,Lit traffic signs are displaying words regarding different roads.,2776,570110
9147,coco-30k,Two birds who are looking out of the cage they are in.,51018,520482
9148,coco-30k,A full view of a long train traveling on the railroad. ,99032,349324
9149,coco-30k,A passenger train that is leaving from the station.,53791,91063
9150,coco-30k,A red stop sign sitting next to a green street sign.,78182,487551
9151,coco-30k,A man standing in an airport with lots of luggage.,3567,155449
9152,coco-30k,The street signs are clearly posted on the street for people to see. ,14590,573527
9153,coco-30k,A train moving along a track during the day.,46353,311883
9154,coco-30k,Black birds on a wood fence near the ocean.,10550,494731
9155,coco-30k,The fire hydrant on the side of the road is painted a bright yellow and orange.,14904,405675
9156,coco-30k,A train engine and passenger cars pulling in to a station.,8008,245793
9157,coco-30k,"There are buses, bicycle riders, and Christmas lights on the street.",17899,451228
9158,coco-30k,A toy train is crossing a bridge near pine trees.,94602,101969
9159,coco-30k,two little sparrows standing on a table by a knife,48971,277051
9160,coco-30k,A bench with potted plants sitting on top of it. ,21454,125476
9161,coco-30k,In a grassy field stand 2 giraffes and 2 llamas.,42992,231161
9162,coco-30k,A sign is welcoming vehicles to the business being advertised,3127,488788
9163,coco-30k,A bus on the street next to the lamp post.  ,61238,476704
9164,coco-30k,A mirror reflecting a crowd of different people.,48572,21378
9165,coco-30k,A bench outside near a body of water during the day.,88571,303908
9166,coco-30k,A red pole with multiple street signs hanging from it's sides.,3565,29252
9167,coco-30k,A group of fire fighters working on a fire hydrant.,80357,80013
9168,coco-30k,A bird sitting at the top of a tree on a branch.,39441,522478
9169,coco-30k,A train yard with carts and tanks on two tracks.,729,323758
9170,coco-30k,A train pulling past a church with a large clock tower.,36094,277614
9171,coco-30k,A fire hydrant and a car parked near a house.,52679,425898
9172,coco-30k,People standing on the corner with lights and pedestrian crossing near a construction site.,24460,248767
9173,coco-30k,A grey duck flowing in water next to branches.,37420,393811
9174,coco-30k,A woman on a cell phone running by a fire hydrant.,96106,487698
9175,coco-30k,Two white sheep in grassy area with mountains in background.,52380,353695
9176,coco-30k,A bus is stopping to pick up a passenger.,88374,219144
9177,coco-30k,A metal bench between two white flowering bushes.,7863,262347
9178,coco-30k,A public bus driving on a city street.,78748,349841
9179,coco-30k,Street lights over a dark street and a bright sun in the sky.,37510,479805
9180,coco-30k,The fire hydrant on the side of the street has lots of litter all over it. ,72422,363652
9181,coco-30k,A giraffe sticks his nose and tongue out of a wire fence to accept something a man is offering him.,79497,575187
9182,coco-30k,A red fire hydrant along the curb at night.,15464,407072
9183,coco-30k,Some signs on a street corner near some buildings.,14995,502317
9184,coco-30k,The men are working on the yellow fire hydrant. ,4584,80010
9185,coco-30k,A big orange sign about street maintenance near a street.,36103,561679
9186,coco-30k,A train traveling down a set of tracks.,66016,220339
9187,coco-30k,A train on a track near a bridge.,49018,435742
9188,coco-30k,A fire hydrant on the side of a road.,40742,523194
9189,coco-30k,A yellow bus in parking lot with power lines above.,81845,290896
9190,coco-30k,A locomotive train driving down railroad tracks by water.,85923,167084
9191,coco-30k,A stop sign with a dead end sign near a construction site.,20150,448053
9192,coco-30k,A train is going through a big city.,81491,257940
9193,coco-30k,A busy city street at night time as some people cross the street.,31679,490338
9194,coco-30k,Airplanes on landing strips waiting to take off.,95216,548363
9195,coco-30k,A row of park benches with flower beds hanging next to them.,72827,356379
9196,coco-30k,A train and its operators going down the track.,89434,298718
9197,coco-30k,A bus going to crosstown parked on side of road.,82454,122606
9198,coco-30k,a street sign on the corner with buildings in the background,14491,380842
9199,coco-30k,A road sign next to a car in a city,38159,27917
9200,coco-30k,"Two Giraffes are in the wilderness, possibly eating. ",5619,460379
9201,coco-30k,a man sitting on a bench in a slightly flooded area ,65659,534194
9202,coco-30k,A view of a street at night shows a yellow fire hydrant.,32047,412551
9203,coco-30k,A boy sits on a rock in a hat as he holds a trumpet near an old barn and some farm animals.,21775,279824
9204,coco-30k,a public transit bus on a city street,83978,533408
9205,coco-30k,The sign is in clear view by the traffic lights. ,90764,527164
9206,coco-30k,There is a wooden decoration on the desk. ,48670,568529
9207,coco-30k,A street and the buildings on it and some construction.,84686,124128
9208,coco-30k,A vehicle mirror reflecting a white bus on a road.,30873,496632
9209,coco-30k,A pond of water with three giraffe walking in the dirt.,50912,47010
9210,coco-30k,Two busses on street next to cars with buildings in the background.,36791,38357
9211,coco-30k,A brown and gold fire hydrant in front of a brick building.,39123,171050
9212,coco-30k,A blue and white train passing by other trains and buildings.,65857,118778
9213,coco-30k,a long line of red white and blue tourist buses ,43410,544533
9214,coco-30k,There is a green bus on a narrow street,87345,442701
9215,coco-30k,There's a yellow fire hydrant with blue trim o ntop,63059,131969
9216,coco-30k,In a large area many giraffes stand behind a fenced area.,22263,528862
9217,coco-30k,A large wooden pole with a green street sign hanging from it.,97943,58636
9218,coco-30k,A black train engine pulling a white train in the rain.,92757,161187
9219,coco-30k,"Two very large birds pose outside on white chairs, side by side",59457,82174
9220,coco-30k,a public transit bus on a city street,35595,42137
9221,coco-30k,Four giraffes huddling around a tree inside a fenced area.,62061,295336
9222,coco-30k,A man taking a picture of two giraffes,23352,349676
9223,coco-30k,A car is traveling under a traffic light. ,1799,217156
9224,coco-30k,A grey and white bird in water with a fish in its beak.,48709,149909
9225,coco-30k,An image of a car in a side mirror.,32684,484754
9226,coco-30k,A jet in the air flying in a dark sky.,53730,62741
9227,coco-30k,A yellow street sign that reads safe passage,60679,415325
9228,coco-30k,A blue and white sign that doesn't allow something,72144,396736
9229,coco-30k,An empty intersection with two red lights glowing,79033,423005
9230,coco-30k,A rusty old red fire hydrant in the weeds.,23531,430583
9231,coco-30k,a number of sheeo in a field standing close to one another,94456,46418
9232,coco-30k,Doors open to the train to let people board and unboard,87093,331667
9233,coco-30k,a hard covered book whose binder has fallen off placed on a table,99184,354369
9234,coco-30k,many black and white ducks are walking on a road,45226,230593
9235,coco-30k,The trolley is picking up passengers along the road.,11425,395752
9236,coco-30k,A red stop sign mounted on the side of a light pole.,77890,424293
9237,coco-30k,Two sheep standing next to each other in a field.,12615,250745
9238,coco-30k,An advertising column with advertising posters on it.,1106,282098
9239,coco-30k,The park bench sits along the path under the trees.,58405,347210
9240,coco-30k,A little girl sitting on top of a bench in a  park.,49319,169690
9241,coco-30k,A vase filled with flowers sitting on top of a window sill.,93987,331307
9242,coco-30k,A man in an English suit and bowler riding a horse.,50529,41011
9243,coco-30k,A woman in white and black dress with suitcase on train.,89239,4980
9244,coco-30k,A train sits on a train track against a shrub,20605,405355
9245,coco-30k,A double decker bus on a road next to a cyclist and two people walking.,50193,411674
9246,coco-30k,The high speed passenger train is bound for New York.,72193,13168
9247,coco-30k,Two trains passing each other on seperate tacks.,81031,106281
9248,coco-30k,Cows and sheep graze a snowy field on a cloudy day,42964,386227
9249,coco-30k,there is a bus that is stopped and is very dark,62216,248396
9250,coco-30k,A happy man on a bus with other passangers.,28844,328008
9251,coco-30k,two giraffes standing together beside a fence and wall,19918,506224
9252,coco-30k,Five birds nestled together on a tree branch sleeping.,72631,170788
9253,coco-30k,a public transportation bus with an advertisement on the side ,40535,542856
9254,coco-30k,A large black bird flying over a snow covered mountain.,10857,341567
9255,coco-30k,A white road sign suspended over a highway.,84454,121153
9256,coco-30k,A group of white herons nesting in a marshy area.,87228,515727
9257,coco-30k,A stop sign that has been tagged with graffiti.,61406,286361
9258,coco-30k,A red and silver train traveling past a train station.,33172,210501
9259,coco-30k,there is a side of a building with many pictures on it,22317,113333
9260,coco-30k,A close up of the back of a stop sign and two street names.,14990,332489
9261,coco-30k,A couple of airplanes sitting on top of an airport.,36554,188077
9262,coco-30k,A man herding a large flock of sheep down a street.,19555,367610
9263,coco-30k,A train moving along a track near a field.,81238,365047
9264,coco-30k,A small bird standing on a rocky ground.,88269,186938
9265,coco-30k,this school bus is yellow and black with dark windows ,77122,278161
9266,coco-30k,a black red and green train engine on a track,1198,65357
9267,coco-30k,A small propeller airplane flying through a cloudy sky.,60174,14567
9268,coco-30k,A steel bench sitting next to a wall.,54978,459136
9269,coco-30k,A herd of wooly sheep graze on short grass.,6891,547338
9270,coco-30k,A modern train running on tracks near a station.,60215,534639
9271,coco-30k,People sitting and standing on a bus at night.,56688,566757
9272,coco-30k,Three passenger airplanes parked on a airport runway.,91883,224247
9273,coco-30k,a purple red and white bus a man walking and some buildings,47165,75600
9274,coco-30k,A person with an umbrella near a building.,4030,202470
9275,coco-30k,A couple of giraffe in a field near some trees.,96696,43266
9276,coco-30k,A hipster carrying an umbrella and a white hat.,76026,80613
9277,coco-30k,A group of giraffe standing next to each other.,52038,107511
9278,coco-30k,A group of four street signs stacked on top of each other.,60448,262189
9279,coco-30k,A park bench sitting in the middle of a forest.,4434,62500
9280,coco-30k,A cat laying on a bed by a window.,3337,132578
9281,coco-30k,A street filled with lots of double decker buses.,46470,444703
9282,coco-30k,A guitar case rests on an empty bench,69298,353320
9283,coco-30k,A group of people petting giraffes at a zoo.,13309,231616
9284,coco-30k,Two giraffe standing next to each other on a dirt field.,24332,442614
9285,coco-30k,A speed limit sign mounted beneath a green street sign.,85879,389811
9286,coco-30k,A man standing next to an elephant who stole his hat with it's trunk.,4436,22423
9287,coco-30k,A bench sitting next to the ocean with purple bows on it.,97553,380906
9288,coco-30k,"A sign that says ""stop"" with another sign underneath it .",90023,180095
9289,coco-30k,"Street signs, graffiti, old buildings and a bridge.",50559,528977
9290,coco-30k,a jacket sits on a bench in a park,69470,36331
9291,coco-30k,Train with four cars traveling through the wooded area.,97430,161990
9292,coco-30k,Young Elephant Training Center with elephants and trainers.,20918,431432
9293,coco-30k,A large long train on a steel track.,6892,565971
9294,coco-30k,A traffic light over a city street with cars.,5501,487217
9295,coco-30k,A person giving a giraffe some food with his hand.,50727,230679
9296,coco-30k,A fire hydrant and some cars on the side of the street.,4030,283318
9297,coco-30k,A large red bus on the side of a city street.,61951,524140
9298,coco-30k,Two women sitting on a bench on an open boat.,23178,163929
9299,coco-30k,A sign is next to an ornate white gazebo.,92523,104198
9300,coco-30k,Two black cows behind a gate near a red fire hydrant. ,76823,334614
9301,coco-30k,A green sign says Thruway one fourth mile.,68891,550084
9302,coco-30k,A old train station with trains on the tracks.,63729,413779
9303,coco-30k,There's a crossing sign that shows you can't make left turns,49688,170072
9304,coco-30k,A fire hydrant stands alone in the middle of the concrete.,78466,34847
9305,coco-30k,A stable full of lambs standing and laying around.,4710,212559
9306,coco-30k,a big red fire hydrant on the side of a building.,1967,198811
9307,coco-30k,A black cat wearing a little party hat.,37569,453507
9308,coco-30k,A model train on a model bridge decorated with christmas lights.,6227,251232
9309,coco-30k,Some old buildings have street signs next to them.,31893,283147
9310,coco-30k,An aeroplane soaring high in a clear sky.,75552,482777
9311,coco-30k,A large commercial airline taking off from the airport.,80420,445295
9312,coco-30k,Two sheep one with a bell tied to its neck walking in a green field.,97749,27438
9313,coco-30k,A train next to a train station with city in background.,70633,127624
9314,coco-30k,a train on a train track on an elevated bridge,86591,257887
9315,coco-30k,A plane flying between two large buildings in black and white.,46615,136218
9316,coco-30k,A red double decker bus next to another bus in warehouse.,76924,440043
9317,coco-30k,A field with a cat and chicken next to a fence.,36004,258789
9318,coco-30k,Three giraffes feed from a basket hanging off a tree.,35003,530163
9319,coco-30k,a young female siting on a bench near a small stagnant lake,54167,204059
9320,coco-30k,Large commuter train parked on the track with no people around.,20941,559790
9321,coco-30k,A person on a motor bike on the water.,25359,297956
9322,coco-30k,A line of buses in a parking lot with people standing around.,31699,317622
9323,coco-30k,a train sitting on a train track next to some trees,55611,119345
9324,coco-30k,An airplane taking off from an airport at night.,40790,163132
9325,coco-30k,A giraffe caged in while grass falling from his mouth. ,9726,301981
9326,coco-30k,A red bus going down a busy city road.,58352,503238
9327,coco-30k,A cat looks at a computer screen while snuggled against a keyboard.,75505,569272
9328,coco-30k,A passenger train pulling into the train station.,34299,34950
9329,coco-30k,A one way sign pointing to the left; the sky is blue in the background. ,43262,311877
9330,coco-30k,A street sign on the street near a building.,3465,323571
9331,coco-30k,A large green airplane has it's landing gear down.,75151,327186
9332,coco-30k,A picture of a stone bench in a park.,67755,385781
9333,coco-30k,A tall giraffe in a green grassy field.,77268,487422
9334,coco-30k,a close up of a street sign near a building,14083,322845
9335,coco-30k,A black and white fire hydrant stands on a brick sidewalk.,82603,385042
9336,coco-30k,A close up of a red fire hydrant next to a light pole.,89978,289073
9337,coco-30k,a close up of two giraffes with a rock background,35374,89121
9338,coco-30k,"a red humming bird outside at a humming bird feeder
",35087,168416
9339,coco-30k,An otherwise charming old section of town is nonetheless assaulted by a massive billboard attached to the side of a building. ,68123,495626
9340,coco-30k,A silver fire hydrant by a manmade path and lake,76299,466263
9341,coco-30k,A stop sign has been placed upside-down in the grass beside a building. ,79172,297343
9342,coco-30k,a red fire hidrent with red leaves everywhere surrounding it ,51042,10256
9343,coco-30k,A black bird sitting in grass by water,19674,245431
9344,coco-30k,A giraffe stretching outs its tongue to get a carrot being held out by a woman.,16310,166060
9345,coco-30k,A sign on a road that resembles a chess board.,31129,400178
9346,coco-30k,The double decker bus is heading south through the mountainous region of California.,43712,107247
9347,coco-30k,there is a very tall giraffe standing in the wild,68110,134689
9348,coco-30k,A giraffe is eating leaves off of a tree,34373,360132
9349,coco-30k,A group of people next to a bus with skis and backpacks.,68856,3983
9350,coco-30k,train pulling up on the tracks next to a stationary double decker train,72393,114941
9351,coco-30k,A blue fighter plane on runway with trees in the background.,43835,280271
9352,coco-30k,Two brown and black birds staring on a curved wire.,35069,98261
9353,coco-30k,A row of wooden poles with seagulls resting on them.,93399,100811
9354,coco-30k,A platform at a train station with a train on either side.,4765,559955
9355,coco-30k,Two giraffe standing next to each other in a field.,86041,122007
9356,coco-30k,A bird floating on top of a body of water.,28895,55272
9357,coco-30k,A long yellow train traveling down train tracks.,49545,248193
9358,coco-30k,a sign on a fence with trees on the other side,11359,329379
9359,coco-30k,bench located near the side of a ship,79834,347422
9360,coco-30k,A woman sitting next to a  man on top of a purple bench.,99902,353321
9361,coco-30k,There is a broken pink fire hydrant on a sidewalk,83422,21671
9362,coco-30k,There are some cars and trucks parked at a bus depot,40282,372706
9363,coco-30k,two giraffes and an elk in the brush,4842,539302
9364,coco-30k,A giraffe and a zebra are in a grassy field.,81373,28758
9365,coco-30k,A bird is standing on a rock by the water.,19236,328018
9366,coco-30k,A chalk sign is placed outside on a wall advertising a restaurant. ,38757,230976
9367,coco-30k,Sepia photograph of a stop sign next to row of mailboxes.,19977,234463
9368,coco-30k,two black and white skate boards under a black steel bench,13076,164464
9369,coco-30k,A red fire hydrant stands on the sidewalk by the street.,30240,229385
9370,coco-30k,There are four sheep in the grassy field. ,7286,190776
9371,coco-30k,A traffic light is showing a green arrow.,22693,361400
9372,coco-30k,A gray bird is standing on small brown branch.,4096,56545
9373,coco-30k,A street light stands in front of a Best Buy.,59235,299045
9374,coco-30k,a close up of a person and a sheep,22667,445682
9375,coco-30k,A stop sign has some graffiti on it.,46110,279136
9376,coco-30k,A pole that has a bunch of street signs on it.,74140,469609
9377,coco-30k,A tray topped with a Micheal Jackson hat and matching glove.,3671,38574
9378,coco-30k,A parking lot has many school buses parked in it.,18879,574200
9379,coco-30k,a green double Decker bus stopped on the street,66881,61938
9380,coco-30k,A long orange train traveling through a rural green countryside.,21531,440508
9381,coco-30k,A bus parked next to a white building with red trimming. ,35654,213605
9382,coco-30k,A giraffe is crossing the road by some shrubbery.,10744,330931
9383,coco-30k,an old black and white photo of a train,91088,300479
9384,coco-30k,A person walking by stop sign at street intersection.,51476,343496
9385,coco-30k,A white bus on street next to sidewalk and buildings.,88803,549048
9386,coco-30k,A green fire hydrant next to field of colorful flowers.,65167,565607
9387,coco-30k,A goat is standing in a barn by some hay.,58118,233567
9388,coco-30k,A small red fire hydrant in grassy field.,41878,191296
9389,coco-30k,A black and white photograph of people at a bus stop.,98066,559315
9390,coco-30k,A yellow and black traffic sign with buildings in background.,26364,410712
9391,coco-30k,A train sitting on train tracks next to a  small rural road.,91225,241948
9392,coco-30k,A blue and silver fire hydrant sitting on a field of dirt.,94205,345535
9393,coco-30k,A giraffe walking through a lush green field.,87425,263211
9394,coco-30k,A traffic light sitting next to a chair on a hard wood floor.,15063,304725
9395,coco-30k,A bird flying through the air while flapping it's wings.,4993,469687
9396,coco-30k,A stop light that is green that also has various other street markers on it.,7827,279596
9397,coco-30k,A herd of sheep that are grazing in a field.,36858,290981
9398,coco-30k,Two white vans of some sort parked near a mountain.,78297,448626
9399,coco-30k,A group of three giraffe standing inside of a cage.,2495,454444
9400,coco-30k,Two men are talking to each other near a fish tank. ,98312,476597
9401,coco-30k,A small white bird standing on top of a dirt field.,32248,155087
9402,coco-30k,A group of boats floating on a body of water next to shore.,72832,111867
9403,coco-30k,A small red plane sitting on top of an airport tarmac.,47582,233882
9404,coco-30k,A large gray elephant standing on top of a field.,77103,388674
9405,coco-30k,A red traffic light sitting over the top of a street.,32768,79836
9406,coco-30k,A giraffe grazing from tree with brick wall in background.,39687,317732
9407,coco-30k,A parked snow mobile siting on the side of a train.,66135,36768
9408,coco-30k,A commuter train going across a bridge next to a road,69273,420710
9409,coco-30k,"A green and white street sign that reads ""lincoln av e.""",98581,220739
9410,coco-30k,There is a yellow fire hydrant on the side of a street.,76589,15667
9411,coco-30k,There is a car on a street and some traffic lights.,98123,198477
9412,coco-30k,A couple of traffic lights hanging over a city street.,613,134863
9413,coco-30k,A blue and white double decker bus parked in a parking lot.,59956,358750
9414,coco-30k,A bus sitting on the side of a road.,83235,460646
9415,coco-30k,Five jumbo jets are parked at a large airport.,60380,381599
9416,coco-30k,The little girl poses with her dog for a photo. ,58479,425136
9417,coco-30k,An empty train station with a train parked in waiting.,25880,496765
9418,coco-30k,An adult and baby giraffe walking through a field.,29088,8603
9419,coco-30k,A fighter jet flying through a cloudy blue sky.,969,547790
9420,coco-30k,A train traveling down tracks next to lights.,91178,184321
9421,coco-30k,A man near a red fire-hydrant during the day.,59260,335839
9422,coco-30k,A mother sheep feeding her baby on a lush green field.,48727,178435
9423,coco-30k,The long steam train sits at the station.,36962,523252
9424,coco-30k,A train traveling down train tracks near a building.,97728,258136
9425,coco-30k,A blue street sign sitting next to a road.,57964,533896
9426,coco-30k,A couple of dogs viewing something as a person sits in a chair.,98781,432553
9427,coco-30k,Two cars driving down a street next to a green bus.,41940,458613
9428,coco-30k,"A street sign reads ""Rue Paul St"" in the snow.",48606,286654
9429,coco-30k,A blue and white bus parked in front of a brick house.,49930,406329
9430,coco-30k,Six sheep stand close together near a grassy hill.,43438,206473
9431,coco-30k,a sidewalk with standing street lights on at night.,86322,252101
9432,coco-30k,A train pulled into a train station next to a loading platform.,39962,525361
9433,coco-30k,A lady doing something with animals in an enclosed area.,81693,261068
9434,coco-30k,A woman who is holding her little dog.,34597,468487
9435,coco-30k,A man walking across a street near a traffic light.,60898,361993
9436,coco-30k,A red fire hydrant sitting in a lush green field.,67191,135763
9437,coco-30k,A man wearing sunglasses and a black hat.,68809,456559
9438,coco-30k,A tall church tower sitting on the side of a road.,68372,339870
9439,coco-30k,A red stop sign sitting on the side of a tall building.,45387,213593
9440,coco-30k,A woman holding a baby next to a bird cage.,96991,463618
9441,coco-30k,A red fire hydrant sitting on top of a lush green hillside.,61768,27658
9442,coco-30k,A herd of giraffe standing next to each other next to a pond.,79651,563603
9443,coco-30k,A person holding an umbrella above their head.,52261,281837
9444,coco-30k,A red fire hydrant with a green cap with a bird on top of it.,64998,120905
9445,coco-30k,A flock of seagulls walking along a beach.,18640,50277
9446,coco-30k,Wild bird standing out at the water's edge,43596,96505
9447,coco-30k,View of a train coming in on the far side tracks,94798,11269
9448,coco-30k,A red stop sign sitting on the side of a street.,75191,24629
9449,coco-30k,A herd of sheep grazing on a lush green hillside.,77021,181065
9450,coco-30k,A bottle sitting on a window sill next to a window.,55042,507361
9451,coco-30k,"Street full of cars, double decker buses, and someone on a bike",8700,485887
9452,coco-30k,A bus driving down a street next to a lush green forest.,28102,400189
9453,coco-30k,A wooden bench sitting next to a fence near a forest.,54672,395928
9454,coco-30k,A tall giraffe walking through lush green forest.,7803,193121
9455,coco-30k,A group of three dummy heads covered in hats.,33633,328921
9456,coco-30k,A giraffe standing in the middle of a field.,67652,79589
9457,coco-30k,A group of people walking down a sidewalk.,18131,150265
9458,coco-30k,Two large giraffes inside a fenced area interact with one another,82864,288882
9459,coco-30k,People are feeding a giraffe in an enclosure.,75738,533872
9460,coco-30k,A large building has a Glass business logo on it.,82876,401212
9461,coco-30k,A view of birds gliding through the air.,61935,564563
9462,coco-30k,The street sign is clearly visible for all to see. ,42560,365511
9463,coco-30k,Black birds picking berries out of the tree,80429,176847
9464,coco-30k,A picture of the sun setting in the trees. ,26628,473171
9465,coco-30k,Cars riding on the street across a train on the tracks,38473,130437
9466,coco-30k,Two green buses parked along the side of a city street.,17808,412757
9467,coco-30k,Street signs from the corner of 8th ave. and 22 3/4 st.,81111,560371
9468,coco-30k,A bright blue fire hydrant is on a brick sidewalk.,3527,177419
9469,coco-30k,there is a small seagull standing by the water,80847,227691
9470,coco-30k,there is a train and a person walking on rail road tracks,7624,462342
9471,coco-30k,this stop sign has many stickers on it,44962,486162
9472,coco-30k,A close up view of a giraffe in front of a palm tree.,66442,24530
9473,coco-30k,A city train as it travels down the tracks.,31848,468499
9474,coco-30k,Graffiti stains the surface of a green and white sign.,75753,370095
9475,coco-30k,A red fancy bus is parked by a standing man.,2773,7325
9476,coco-30k,A traffic light is standing in the middle of the street as buses are driving in the background.,30372,371139
9477,coco-30k,Pair of scantily clad adults resting on red benches across of city skyline.,41448,292945
9478,coco-30k,Many cages of birds are stacked at a pet store.,91828,309264
9479,coco-30k,A fire hydrant is in the dark by a sidewalk.,43179,375128
9480,coco-30k,A young woman sits on a bench with shopping bags.,20118,155644
9481,coco-30k,dogs standing around with someone watching them ,79302,477202
9482,coco-30k,Tourists watching a man running with horned sheep down a dirt road,16090,436511
9483,coco-30k,A white an blue fire hydrant on grassy yard next to sidewalk.,37362,314200
9484,coco-30k,A man in white shirt standing outside of a building with a yellow fire hydrant in the foreground.,10013,520338
9485,coco-30k,Three street signs located next to a brick building.,51075,432647
9486,coco-30k,Small black and white pig on wheeled cart with protest sign.,9761,127135
9487,coco-30k,A fire truck parked next to a fire hydrant.,27990,214732
9488,coco-30k,The yellow mustang car is sitting on the side of the sign.,22901,251181
9489,coco-30k,An announcer with a microphone talking to a crowd.,41910,185989
9490,coco-30k,An enclose in a building with a giraffe in the background.,29161,306952
9491,coco-30k,A goat standing next to a tree in the open.,74943,243316
9492,coco-30k,A man works on landscaping a tree near a giraffe.,79621,468993
9493,coco-30k,A taxi cab parked next to a fire hydrant.,33337,62661
9494,coco-30k,A fire hydrant next to an old brick building.,59553,291028
9495,coco-30k,A small herd of buffalo resting on the ither side of the stream.,9869,247838
9496,coco-30k,Subway train pulling into the station for boarding.,72392,286493
9497,coco-30k,A bird is trying to find food in the water. ,99046,357060
9498,coco-30k,The stop sign at the corner of North Main and Schoolhouse,87757,105291
9499,coco-30k,A group of elephants are standing under a roof cover.,97753,456192
9500,coco-30k,A train station with a few people standing beside the train.,429,528142
9501,coco-30k,A very short van is parked with a surfboard leaning against it.,66247,522566
9502,coco-30k,There is a one way street at the corner of Henry St. and Love La.,42251,493503
9503,coco-30k,A group of birds foraging in a grassy field.,13499,342476
9504,coco-30k,City bus loading on a busy metropolitan street. ,7392,408047
9505,coco-30k,A street sign on a city street with tall buildings.,73902,280413
9506,coco-30k,a big bus is parked as a some people ride by in a cart ,41604,577036
9507,coco-30k,two trains sit motionless at a train depot,83041,205190
9508,coco-30k,A plane that is flying high up in the air.,26053,423187
9509,coco-30k,An older black and white picture of a cue of people boarding a bus,50047,105872
9510,coco-30k,A bus parks close to a truck in front of a church.,46133,8080
9511,coco-30k,many fire hydrants made to look like cartoon characters,22335,208318
9512,coco-30k,An old rusty fire hydrant standing on a cracked sidewalk.,40456,195444
9513,coco-30k,Many posters are placed on a wall near a busy street.,81197,380057
9514,coco-30k,People get on a bus on a street next to a building. ,30266,121503
9515,coco-30k,A man sitting on a chair next to a black dog.,15569,442695
9516,coco-30k,"A man is standing near some graves, water, and a bus. ",26334,475466
9517,coco-30k,A young woman reading while laying down on a park bench.,98120,310035
9518,coco-30k,"A street sign with the name of two streets and a stop sign, and parked cars and buildings in the distance.",7658,199339
9519,coco-30k,A train as it travels down the tracks over a bridge.,19934,184400
9520,coco-30k,A crossroads sign with a car parked nearby. ,32975,578522
9521,coco-30k,A group of people getting onto a bush carrying surfboards.,14185,394535
9522,coco-30k,A tall giraffe standing next to a tree filled forest.,33254,40896
9523,coco-30k,Bus 811 is pulling into a bus stop. ,7339,419544
9524,coco-30k,A cat sits on a bench next to another bench.,82218,488206
9525,coco-30k,There is no pattern to these four photos.,38087,227878
9526,coco-30k,train pulling up the track while people wait on the sidewalk,77298,26393
9527,coco-30k,A man stands next to a bird on a rock.,52694,566729
9528,coco-30k,A stop sign is shown among foliage and grass.,15330,252332
9529,coco-30k,big city with tall buildings and lots of people on the street,95574,51702
9530,coco-30k,a store sits in front of a fire hydrant ,18958,355756
9531,coco-30k,A seagull sitting on the pier with the light house behind him.,60103,324670
9532,coco-30k,A small bird sitting on a tree branch.,87986,108353
9533,coco-30k,A city street with buildings and cars on a rainy day.,35178,287291
9534,coco-30k,A bird is perched by a leaf on a tree branch.,55280,232614
9535,coco-30k,A large bus driving past a few stores.,19081,116848
9536,coco-30k,A dog is sitting near a bench alone.,90078,504194
9537,coco-30k,A couple are approaching a man sitting down outside of a small shop. ,85161,176031
9538,coco-30k,A traffic signal showing that it is safe for horses to cross.,73557,338153
9539,coco-30k,A patch of wild flowers growing next to a stop sign.,85095,388487
9540,coco-30k,A street sign with a one way arrow on it.,97248,503860
9541,coco-30k,A train travels over a tunnel with lights in it.,15659,310902
9542,coco-30k,A man standing next to a boy in front of a tree.,22480,91949
9543,coco-30k,A dark blue parrot holding a gray lizard in its mouth.,17754,371256
9544,coco-30k,A young person in a hoodie with headphones in on a laptop. ,94438,494782
9545,coco-30k,A wooden bench near two barrels with flowers. ,67466,424258
9546,coco-30k,A train station with a few passengers waiting for the train to arrive.,50712,346343
9547,coco-30k,A train moving down the rail road tracks .,26444,233834
9548,coco-30k,Two benches on opposite sides of a grave pathway in a park with flowers in bloom.,92672,348991
9549,coco-30k,Large blue passenger bus parked in front of large building. ,86282,316522
9550,coco-30k,City posts with street signs and lights on it. ,99367,558594
9551,coco-30k,a home made stop sign in the middle of nowhere,76902,330681
9552,coco-30k,The wooden bench is near a busy stream.,58119,336340
9553,coco-30k,The large passenger train is painted maroon and gold.,2260,511420
9554,coco-30k,Two ducks are swimming in the water of a pond.,46996,167810
9555,coco-30k,Three men all walking in the middle of the road .,31405,191047
9556,coco-30k,a train on a train track at a train station,74828,469242
9557,coco-30k,A garden is surrounded by a train and phone booth. ,20766,226256
9558,coco-30k,A passenger train at the end of a set of tracks in a building .,28924,231476
9559,coco-30k,A bench next to three potted plants. ,1821,386650
9560,coco-30k,a red blue and yellow bus and a green and white bus and some people,35857,524992
9561,coco-30k,A passenger bus is parked on the side of a road. ,42809,211386
9562,coco-30k,Large tree with wooden picnic bench in wilderness area,34950,5076
9563,coco-30k,Snow piled high around pipes with people walking in background,49941,42628
9564,coco-30k,The three green buses are parked next to each other.,59654,238045
9565,coco-30k,There are a lot of animals on the hills.,67318,542451
9566,coco-30k,a bus taped off so it can be painted,21141,535326
9567,coco-30k,Three people stand in front of the giraffe zoo section.,25197,577712
9568,coco-30k,Two giraffes are standing next to a building.,15980,33707
9569,coco-30k,Two red buses are passing on the street.,16930,171915
9570,coco-30k,Man in boxers on couch with two laptops,45289,441518
9571,coco-30k,two orange gray and black birds sitting in a tree,90673,534983
9572,coco-30k,A train on track passing through a small station.,26348,287318
9573,coco-30k,A book on a wooden bench on a street.,37721,34904
9574,coco-30k,A small white dog on a wooden bench.,55689,546829
9575,coco-30k,A city street with many different cars driving.,84328,261471
9576,coco-30k,"A white, red and blue bus on street next to people walking.",84520,218134
9577,coco-30k,Guy sitting on ground in the middle of the street with traffic light behind him,74105,395289
9578,coco-30k,"Non passenger train, slowly coming down the tracks",47869,380388
9579,coco-30k,A small calf is in a pen with bails of hay.,91838,516602
9580,coco-30k,A girl chatting with a mother goat while her baby goat looks on.,9234,206381
9581,coco-30k,Small bird hanging off the side of a cage bird feeder,41739,235902
9582,coco-30k,A red stop sign and some tall grass.,61733,361830
9583,coco-30k,A train next to a station as a man walks beside it,18151,407168
9584,coco-30k,A black and white photo of a pair of shoes on a bench.,2470,417586
9585,coco-30k,A close up of a stop sign on a public street.,40595,390685
9586,coco-30k,A zeppelin flying in the air as a water spouts occurs in a city lake.,7000,407180
9587,coco-30k,A blue and white street sign next to a white building.,91959,303942
9588,coco-30k,A group of sheep in grassy area with tree in the background.,67519,331816
9589,coco-30k,A group of sheep in grassy area next to a fence.,1312,536195
9590,coco-30k,"A mountain area with rocks and grass, and a large ram standing in the grass.",49149,58933
9591,coco-30k,People standing outside a train at a snowy train stop.,41589,349098
9592,coco-30k,A black and red small train in shopping area.,86189,261721
9593,coco-30k,An area with rocks on the ground and a dog sitting on them. ,53553,369547
9594,coco-30k,People are gathered under a female impersonators sign.,29572,573549
9595,coco-30k,A tall giraffe is standing by a fence.,85637,388212
9596,coco-30k,Some sheep are next to a hay pile.,47783,271900
9597,coco-30k,Air force jet in a take off position above the tree line.,18536,490275
9598,coco-30k,Miniature trains on tracks with miniature person standing in the middle.,10852,313342
9599,coco-30k,A red fire hydrant on a city sidewalk.,95555,38048
9600,coco-30k,Black and white photograph of people standing in shore next to bus in water.,84305,213280
9601,coco-30k,"A man in tie, black coat and a hat.",76845,288553
9602,coco-30k,A giraffe standing in front of green brush.,68367,519046
9603,coco-30k,An elderly giraffe with a mottled forehead looks at the camera.,87604,363508
9604,coco-30k,A traffic light glows red on a cloudy day,99353,27756
9605,coco-30k,A white and grey train car with graffiti on it.,35435,437284
9606,coco-30k,A giraffe standing in dirt field next to trees.,76224,276066
9607,coco-30k,A giraffe sticking its head in a feeding basket with trees in background.,55784,91857
9608,coco-30k,"Man standing under banner that reads ""Run for Rights""",65674,97988
9609,coco-30k,A group of children sit at a craft table.,14779,513765
9610,coco-30k,A white and black bird on a chimney next to sky.,7997,74798
9611,coco-30k,Bench and window with shutters with bricked wall,32721,197941
9612,coco-30k,A busy street on the side of the hill ,99290,335521
9613,coco-30k,The large city bus is painted bright yellow.,36289,449031
9614,coco-30k,A room with various blue and white signs and a television.,30957,408789
9615,coco-30k,A black and red bus turning on street next to a building.,48124,290026
9616,coco-30k,A blue and white train on tracks with blue sky in background.,97783,275237
9617,coco-30k,A white and blue train with various graffiti on it.,48690,67704
9618,coco-30k,A fire truck near a yellow fire hydrant. ,72547,142207
9619,coco-30k,A stop sign over a grassy area next to trees.,31754,304929
9620,coco-30k,A vast and grassy field with sheep grazing.,96479,565742
9621,coco-30k,A skier standing in the snow next to a yellow and blue train.,78411,532876
9622,coco-30k,Two wooden benches with a tree in background.,98767,500559
9623,coco-30k,Dude on horseback leads herd of sheep with two dogs,40289,394840
9624,coco-30k,A herd of sheep grazing in a snow covered field.,756,203063
9625,coco-30k,The train is traveling across the high bridge.,1936,478286
9626,coco-30k,An eating area with a table and a few chairs.,95299,165547
9627,coco-30k,White truck parked on street with trees and man,69952,425447
9628,coco-30k,A herd of sheep moving up over a wall to a field from a sidewalk.,24704,534394
9629,coco-30k,A city scene is shown with stop lights is shown.,13875,506401
9630,coco-30k,A group of seats are placed on steps.,64821,350988
9631,coco-30k,A silver miniature train with trees in background.,16564,294865
9632,coco-30k,a yellow and white concrete truck next to a bus,7714,397117
9633,coco-30k,four scenes with each showing a smiley face doll,45582,428125
9634,coco-30k,An intersection with antique cars and a bus at it.,40218,436738
9635,coco-30k,A stop sign at an empty intersection in the country side.,53316,99186
9636,coco-30k,A group of various farm animals together in front of a barn.,20135,274599
9637,coco-30k,a close up of a bench with a dog laying on the ground,4405,423036
9638,coco-30k,A row of wooden cages with white sheets over them.,25122,322226
9639,coco-30k,Two very cute fuzzy young sheep on  a grassy hill.,92917,57548
9640,coco-30k,a close up of two people sitting near one another,97510,154497
9641,coco-30k,A group of sheep is standing in a grassy field.,37785,237256
9642,coco-30k,Giraffe inside rock walls standing and bowing its head.,21010,259382
9643,coco-30k,A city street with cars and a bus on it.,12173,312384
9644,coco-30k,A wooden bench is sitting next to a grassy field.,32578,162130
9645,coco-30k,A railroad train heading toward a traffic light on the tracks,70481,450464
9646,coco-30k,Two photos of an airplane in the air.,51602,189203
9647,coco-30k,A large sign and some cars on a street.,59349,305135
9648,coco-30k,A large long train on a steel track.,68522,308894
9649,coco-30k,"Two trains in an urban station with people waiting.

",42633,312692
9650,coco-30k,A bus parked on a street next to a tree.,15233,197716
9651,coco-30k,A passenger train crossing a bridge by the beach,40219,329486
9652,coco-30k,A lamp above a sign on a building with flowers.,85639,356091
9653,coco-30k,A small bus parked in front of a bus stop.,58004,147223
9654,coco-30k,A photo of a giraffe standing next to trees.,3791,117015
9655,coco-30k,A street sign sitting on top of a snow covered traffic lights.,55347,125286
9656,coco-30k,A photo of a bus driving down the road.,940,61959
9657,coco-30k,A group of donkeys on the side of the road.,54737,140583
9658,coco-30k,A duck standing on a pile of debris in water,78906,418959
9659,coco-30k,An orange and black train with train cars passing trees.,77565,396568
9660,coco-30k,Three giraffes grazing from a bush over a fence.,6001,190056
9661,coco-30k,A stop and street sign on a pole.,94793,260020
9662,coco-30k,Small red propeller airplane sitting on an airport runway. ,51343,396903
9663,coco-30k,A red bus on street next to buildings.,44034,90442
9664,coco-30k,A giraffe grazing from feeder in dirt area next to trees.,83239,490991
9665,coco-30k,A red and white bus on street next to a building.,36127,151733
9666,coco-30k,A group of small birds in the water.,64847,468354
9667,coco-30k,A silver bus on street next to buildings.,80592,293841
9668,coco-30k,Two buses parked next to each other in front of a building.,87450,507797
9669,coco-30k,A red and white train with graffiti on it.,40230,23051
9670,coco-30k,A group of red trains parked in a train lot next to a mountain.,74421,362391
9671,coco-30k,A stop sign that has some graffiti on it.,58448,147915
9672,coco-30k,A giraffe stands next to a tree and a lake.,32354,30925
9673,coco-30k,A red fire hydrant is leaking onto a side walk.,80739,431573
9674,coco-30k,A cat curled up in a sunny spot on a table sleeping.,27067,323128
9675,coco-30k,"The boy is wearing a party hat, and entertaining the table with his noisemaker.",6578,389206
9676,coco-30k,A stop sign sitting above a road barricade.,78932,182469
9677,coco-30k,Two children sit on a wooden bench in a forest.,16050,207548
9678,coco-30k,A giraffe drinking water from a pond with it's legs spread,88188,450719
9679,coco-30k,A herd of sheep in an open field.,96464,318561
9680,coco-30k,The pedestrian is walking down the side of the highway by the bus.,84278,389684
9681,coco-30k,A sheep standing in a open grass field.,77335,576714
9682,coco-30k,A close up of two birds on a tray with bananas peels.,25295,201756
9683,coco-30k,a red fire hyrdant next to two red poles ,63832,164420
9684,coco-30k,a whole lot of signs written in  an asian language,40047,356314
9685,coco-30k,A red double decker bus driving past very tall buildings.,20327,269006
9686,coco-30k,A train caravan passes by a small town.,28478,372070
9687,coco-30k,A large blue bus on a city street.,12842,76595
9688,coco-30k,a red bus with an open upper deck,99230,579036
9689,coco-30k,a bicycle leaning against a stop and a yellow car,4608,44045
9690,coco-30k,a green bus from a foreign country coming down the road,36620,361947
9691,coco-30k,A person on a surfboard with a paddle in the water.,44368,433787
9692,coco-30k,A large blue train on a steel track.,48258,22215
9693,coco-30k,A woman sitting on a bench next to a child in a stroller.,28304,128586
9694,coco-30k,A cat in a birthday hat is lying on a couch.,1149,297108
9695,coco-30k,A flock of birds flying over a beach near the ocean.,670,141143
9696,coco-30k,A yellow fire hydrant sitting in a patch of green grass.,33874,156809
9697,coco-30k,A herd of sheep grazing on a lush green field.,18432,548267
9698,coco-30k,A golden bus driving over a bridge spanning a river.,34308,199842
9699,coco-30k,A red double decker bus driving down a city street.,76132,438364
9700,coco-30k,A bicycle parking sign on a pole at the corner of a street.,44628,45959
9701,coco-30k,man is walking in the street carrying a sign that says smile,52385,341487
9702,coco-30k,A stop sign and a fire hydrant on the corner of a grassy sidewalk.,21661,84168
9703,coco-30k,A yellow and red fire hydrant in grassy area next to a street.,43147,453390
9704,coco-30k,A white and grey bird in tree with green leaves.,87681,453452
9705,coco-30k,A red train leaving a train station with man watching.,28691,465566
9706,coco-30k,A large white sheep next to a small black one,88699,397639
9707,coco-30k,A burnt out cement building is next to a stop sign.,96450,490491
9708,coco-30k,A group of sheep in grassy area next to trees.,24321,99928
9709,coco-30k,A pole with traffic signs and street signs. ,76453,382115
9710,coco-30k,Train stopped at a depot with people milling about.,15124,231163
9711,coco-30k,A road filled with traffic led by a big blue bus.,69984,160031
9712,coco-30k,A stop light on a oriental city street. ,61601,219014
9713,coco-30k,A dog with a hat on top of his head.,71682,93201
9714,coco-30k,There are two signs on the traffic signal.,75968,440409
9715,coco-30k,two green and one grey parrot perched on a branch.,2942,183469
9716,coco-30k,A flock of cute sheep in a rocky field at twilight.,72118,86467
9717,coco-30k,A large train is passing over a set of tracks. ,35978,502895
9718,coco-30k,Closeup of a button in front of the Louisville Slugger factory in KY.,72280,279714
9719,coco-30k,A double decker bus travelling on a city street.,89241,199578
9720,coco-30k,two red shuttle buses riding down a street next to a blue pole.,25795,274947
9721,coco-30k,These are a few animals out in a field. ,73796,116244
9722,coco-30k,This is a bird looking in the direction of a tree. ,37399,137619
9723,coco-30k,There are a lot of buses lined up on the street,41691,310473
9724,coco-30k,The large blue train is covered with rust.,31528,434279
9725,coco-30k,a large blue and white house on a hill near cattle pastures ,79964,264506
9726,coco-30k,View of high rises on a city street.,39145,553511
9727,coco-30k,Picture of a stop sign with graffiti written on it.,94778,541887
9728,coco-30k,A blue train rides down a wooded track.,23619,130508
9729,coco-30k,A giraffe in front of a field of sheep.,43621,451940
9730,coco-30k,A group of birds sitting on a horizontal pole.,16931,573484
9731,coco-30k,Two trains pass each other near some buildings.,29321,496800
9732,coco-30k,A street intersection with old buildings in the background.,23017,115946
9733,coco-30k,Two giraffes eat grass out of a cage hanging from the ceiling.,98954,492075
9734,coco-30k,A white bus is driving down the street,84407,562448
9735,coco-30k,Some people are riding along in a horse drawn Carriage,68043,569841
9736,coco-30k,a number of benches next to a tree,56104,282871
9737,coco-30k,a bird flying thru the sky with mountains in the background,23073,137677
9738,coco-30k,two giraffes in a field with many trees,88769,380106
9739,coco-30k,a car driving on a road with decorations avobe,83220,341838
9740,coco-30k,A park bench overlooks the ocean in the snow.,3187,150013
9741,coco-30k,a close up of a street sign near buildings,43890,2521
9742,coco-30k,A group of people on motorcycles waiting at a traffic light,47458,331289
9743,coco-30k,A stop sign and a no access sign in the grass.,34172,553678
9744,coco-30k,A wooden bench covered with pots and containers of plants.,11579,405248
9745,coco-30k,Two men smiling while they are in a car with a dog.,25425,234136
9746,coco-30k,Looking out of a commuter bus at a small town grocery,56693,56248
9747,coco-30k,A large circular building with a bridge connecting it,31797,338941
9748,coco-30k,Traffic is stopped on the road because of a red light.,96798,87429
9749,coco-30k,A sidewalk outside of a winery with tables,5879,580856
9750,coco-30k,A cat standing near a dead bird with some words on the picture,10246,482350
9751,coco-30k,A bicycle is lying on the sidewalk beside a fire hydrant.,81252,29913
9752,coco-30k,A custom cake featuring a fisherman for a man's 65th birthday. ,28897,126877
9753,coco-30k,a bus and some cars at a park like setting,53934,134255
9754,coco-30k,A shiny antique bus coming though a gate by a brick building,71632,236161
9755,coco-30k,A couple of men sailing on a sailboat out in the harbor. ,74071,513555
9756,coco-30k,Styrofoam coffee cup laying on an metal bench.,73174,236714
9757,coco-30k,a close up of two sheep laying on hay,65666,114616
9758,coco-30k,A large pillar with a stop sign on top,25422,256552
9759,coco-30k,A train is moving along the tracks beside a house.,44745,461628
9760,coco-30k,The airplane is about ready to get take off from the runway. ,77566,36528
9761,coco-30k,two giraffes near a tree in a field,85189,493161
9762,coco-30k,A train is moving on tracks beside a sidewalk.,2098,234164
9763,coco-30k,A street post with three different street signs on it,96683,317120
9764,coco-30k,a large air plane flying in the air,24328,513882
9765,coco-30k,A bus is passing through an intersection beside a building.,78130,233977
9766,coco-30k,All of the children are gathered around Santa Claus.,80316,489842
9767,coco-30k,Giraffes standing in and around a cave area.,24649,173142
9768,coco-30k,A fire hydrant in front of an empty sidewalk.,66401,370448
9769,coco-30k,Old blue bus with bicycles parked on roadway near green space.,35385,197997
9770,coco-30k,The big bird is on the beach and the dog is barking at it.,62069,301735
9771,coco-30k,Three white storks with black legs and beaks wading in some water.,41917,495541
9772,coco-30k,A red stop light across from a brick building,21144,404781
9773,coco-30k,The two white birds are flying in the clear sky.,1308,420929
9774,coco-30k,Oval shaped picture of buildings with a truck outside and blue sky.,44929,53956
9775,coco-30k,A low flying commercial plane passing tall  buildings,17438,16241
9776,coco-30k,A yellow train on the tracks with several cars,55844,130566
9777,coco-30k,A bright patio umbrella stands out against the plain white building.,96667,10681
9778,coco-30k,A train is moving along train tracks through the woods.,95782,25747
9779,coco-30k,A large commercial airplane parked on the runway,74637,521472
9780,coco-30k,A busy airport with planes parked  on the runway,62076,373846
9781,coco-30k,A herd of sheep are grazing in a green field.,61021,410428
9782,coco-30k,"A city street corner with a street pole that has one way signs and a light on the top, and a building in the background.",25505,514540
9783,coco-30k,A young woman underneath a clear bubble umbrella,85856,321176
9784,coco-30k,The red fire hydrant is next to a caution partition.,21645,331223
9785,coco-30k,A stop sign is fashioned into a snack store sign.,35256,216972
9786,coco-30k,A stop sign is mounted upside-down on it's post. ,56313,724
9787,coco-30k,A woman with an umbrella hat talks on her cell phone. ,3510,358923
9788,coco-30k,A professional tennis match from very high up in the stands,29423,193480
9789,coco-30k,A marsh area with egrets and shrimp boats,55740,2923
9790,coco-30k,The sign is clearly visible for all of us to see. ,73897,500079
9791,coco-30k,A train traveling down train tracks near a train station.,778,249643
9792,coco-30k,a man sitting on a bench with a backpack and a cane ,62844,227463
9793,coco-30k,A mother bird and her offspring walk in a meadow.,49615,228290
9794,coco-30k,A small plane flying over the woods near a mountain,49780,552153
9795,coco-30k,A giraffe standing next to a tall tree.,33106,325198
9796,coco-30k,one plane flies upside down over another plane ,23620,560272
9797,coco-30k,A herd of sheep walking down a rural country road.,56518,189885
9798,coco-30k,Two giraffes that are standing in the grass.,82710,15614
9799,coco-30k,four adult giraffes and one smaller giraffe all in captivity ,54782,522665
9800,coco-30k,Two giraffes are looking at each other in a wooden room.,13719,102654
9801,coco-30k,Two buses driving by people in a city.,30909,71752
9802,coco-30k,a bench in the woods covered in snow ,30975,401124
9803,coco-30k,A cat lying next to someone sitting on a bench.,49801,379210
9804,coco-30k,a brown and white dog is sitting in some grass and a red and white fire hydrant,22870,300000
9805,coco-30k,The decorated bench is sitting among the flowers.,77401,163339
9806,coco-30k,The two yellow trains are coming down from the mountain.,92042,46526
9807,coco-30k,a stuffed animal and a figurine are sitting on a bench and water,92175,418933
9808,coco-30k,Street signs at an intersection of roads in front of a brick building.,11167,53229
9809,coco-30k,A large boat floating down a river next to a walkway.,6113,160927
9810,coco-30k,A herd of animals walking along a lush green field.,3271,192247
9811,coco-30k,A black and white photo of four young children.,63367,103431
9812,coco-30k,an orange and white double decker bus and a woman and child crossing the street,79514,354027
9813,coco-30k,A train with bright lights on it under utility wires.,16388,462584
9814,coco-30k,A street scene with focus on the street signs on an overpass.,57109,1532
9815,coco-30k,A RED BIRD PERCHED ON A BRANCH IN A TREE.,94809,323810
9816,coco-30k,A red stop sign sitting next to a forest.,28872,79408
9817,coco-30k,A train traveling down train tracks through a countryside.,96764,279933
9818,coco-30k,A giraffe standing on top of a lush green field.,52437,92680
9819,coco-30k,A blue train traveling along a very long bridge.,50303,353489
9820,coco-30k,A giraffe eating food from a very large rock.,44129,524694
9821,coco-30k,A family of giraffe standing next to each other.,73567,276549
9822,coco-30k,A double decker bus driving down a street next to a tall building.,91633,133999
9823,coco-30k,a black and white double decker bus and some cars,80760,180541
9824,coco-30k,A tall sign sitting next to a traffic light at night.,55151,379014
9825,coco-30k,A yellow train traveling down tracks next to a train station.,76697,190546
9826,coco-30k,A yellow school bus with a creepy eye shaped rear view mirror.,6130,484816
9827,coco-30k,A walking street sign under traffic light covered with stickers,74269,89459
9828,coco-30k,A bus stopped at a curb to allow people to board the bus. ,1919,255749
9829,coco-30k,A bird standing in the wooded area with leaves all around. ,65161,307790
9830,coco-30k,a double bus driving through a parking lot,90340,566823
9831,coco-30k,A bench sits in the a garden park. ,9215,29406
9832,coco-30k,An old bus is next to an old train.,49218,85381
9833,coco-30k,"A No bicycles, skates or skateboards sign on a pole.",6013,226111
9834,coco-30k,A rain soaked pigeon sitting on a fence.,60019,333808
9835,coco-30k,Two birds sitting on a branch in the woods.,94457,67342
9836,coco-30k,A cat sitting on the back of a bench while looking upward. ,87046,397045
9837,coco-30k,a sign for prospect and brady st on a street with a light post,86405,293296
9838,coco-30k,"a red, blue and tour bus with people standing outside of them",60601,69944
9839,coco-30k,a number of people sitting at tables in a train,61372,532983
9840,coco-30k,a person standing in an alley with sheep,26318,561670
9841,coco-30k,Red double decker bus with people standing on top.,57624,211674
9842,coco-30k,A giraffe is standing outside in the woods.,62064,352576
9843,coco-30k,a close up of a street sign with a moon in the background,45118,412015
9844,coco-30k,a close up of a dog sitting wearing a hat,26441,90367
9845,coco-30k,a close up of three birds in a tree branch,77758,574074
9846,coco-30k,A train is on the track waiting in the middle of the afternoon.,91198,120826
9847,coco-30k,Two orange cats on steps with a  bench in the background.,26663,115070
9848,coco-30k,The sun shines brightly behind a stop sign.,97317,243027
9849,coco-30k,A green train is rolling down the tracks,83055,379183
9850,coco-30k,A baby with blue shirt carrying a shovel next to two birds.,79912,567536
9851,coco-30k,The green and white city bus is parked a the curb.,90584,386777
9852,coco-30k,A street sign showing they are making improvements,94300,26767
9853,coco-30k,Two double-decker buses followed by two smaller trucks.,67445,440461
9854,coco-30k,The small dog sitting in the center of the walkway.,254,384308
9855,coco-30k,A man wearing ties and rainbow sun glasses,4496,204943
9856,coco-30k,A street with street lights and palm trees. ,69715,425644
9857,coco-30k,A cat sits between a window and a large birdcage.,65687,84783
9858,coco-30k,Three geese eating out of a parking lot grassy field. ,75687,578703
9859,coco-30k,The school bus is remodeled with bright paint.,7012,128168
9860,coco-30k,"A carpet with various items that includes shoes, clothing and toiletries.",99016,183204
9861,coco-30k,A few porcelain plates with birds Hand-painted on them.,48942,439709
9862,coco-30k,A man with a brown bag and blue jacket stands by a train that is moving.,10692,503585
9863,coco-30k,A dog with a leash on is sitting near a park bench,8371,261161
9864,coco-30k,A blue and yellow city bus driving down the street,47674,549718
9865,coco-30k,A yellow bus is on a street near a black guard rail.,54000,15338
9866,coco-30k,A traffic signal flashing red at dusk with a building behind it. ,35046,116295
9867,coco-30k,A building with a red hand rail sitting next to a street.,83700,297944
9868,coco-30k,Two trains traveling down a street lined with tall buildings.,54429,415530
9869,coco-30k,A rear view mirror sitting on the side of a yellow bus.,4439,22755
9870,coco-30k,a stop and go light on red out side of a building,55987,267840
9871,coco-30k,a red and blue fire hydrant and people walking in the rain,68988,268717
9872,coco-30k,a man standing on top of a steam engine train,5760,483550
9873,coco-30k,Two giraffes eating leaves at a watering hole. ,75872,335033
9874,coco-30k,A building and a road sign in front of a bridge,56284,137612
9875,coco-30k,A road sign warns there is a curve in the road.,99873,339740
9876,coco-30k,A train traveling down train tracks next to two buildings.,62466,409856
9877,coco-30k,Two long buses parked on the side of a road.,6061,212507
9878,coco-30k,Two giraffes standing next to each other looking over a fence.,40485,461522
9879,coco-30k,A large silver double decker bus driving down a street.,52756,60610
9880,coco-30k,The giraffe is resting while waiting for food to be served.,2086,532989
9881,coco-30k,Two giraffes standing very close to one another in an enclosure,75535,573291
9882,coco-30k,A bus and car wait at an intersection on a city street.,89505,139549
9883,coco-30k,a white bird sitting on a grassy hill,15060,49633
9884,coco-30k,A Virgin Airlines plane and an American Airlines plane. ,85668,353964
9885,coco-30k,Couple of Seagulls stand next to each other watching the same thing,72986,250205
9886,coco-30k,A giraffe in front of a large amount of plant life. ,47812,265059
9887,coco-30k,"A sign hanging on a wall says ""Don't STOP drinking""",61754,368807
9888,coco-30k,A rainbow in the sky over a street. ,79874,337653
9889,coco-30k,A yellow and green object with a brown bird perched on top of it.,55148,65288
9890,coco-30k,Three birds walking around a dry grass field.,78695,41888
9891,coco-30k,A giraffe walking across a lush green field.,33801,121260
9892,coco-30k,Two giraffes standing in grass surrounded by trees,61524,476109
9893,coco-30k,A red brick building with a graffiti covered front.,3113,8899
9894,coco-30k,A rusty fire hydrant sitting on a city sidewalk.,77921,427956
9895,coco-30k,Four giraffes walking along the ground next to a little lake,97167,443006
9896,coco-30k,Two trains riding side by side on two tracks,93574,430273
9897,coco-30k,a train sitting on the rails under power lines,19163,425634
9898,coco-30k,The brown cows walking along a path in the field.,44368,528524
9899,coco-30k,A bus and taxis on the road in the city. ,67187,27946
9900,coco-30k,A group of people and a large truck on a street.,22914,186821
9901,coco-30k,A large trains travels past a river that contains several different boats,46882,275791
9902,coco-30k,A pretty bird is sitting on a tree branch.,61302,330018
9903,coco-30k,A child on a toy is approaching a fire hydrant.,55120,252201
9904,coco-30k,A narrow street has numerous blue pointing signs.,18691,404620
9905,coco-30k,A painting of a man herding sheep in the field.,93288,527022
9906,coco-30k,Several trams are parked with electric lines above them.,30891,200212
9907,coco-30k,a green and black train on a track with smoke coming from the top,19443,226820
9908,coco-30k,Smoggy picture of many trains in a busy train station.,60074,42178
9909,coco-30k,a herd of sheep standing around in a big grassy field ,17519,574928
9910,coco-30k,a person sitting on a bench reading a book,16728,314193
9911,coco-30k,Two red buses driving in a black and white photo of a mostly empty street.,44047,31748
9912,coco-30k,A pink city bus at a bus stop.,41618,357748
9913,coco-30k,red and yellow train on a train track,92907,550452
9914,coco-30k,A pigeon is sitting on a stone ledge.,37385,20371
9915,coco-30k,Odd red fire hydrant with an Asian lady standing next to it.,73398,117674
9916,coco-30k,a close up of street signs with buildings in the background,70159,75083
9917,coco-30k,A flock of birds gathered on and around some people in the rain.,69743,568956
9918,coco-30k,Two puffins sitting in some grass on a mountain.,64594,245153
9919,coco-30k,Two people have a conversation at an intersection,68150,505942
9920,coco-30k,a close up of a bowl with wood and screws inside,3418,176168
9921,coco-30k,several ducks in front of a placid river,17146,231471
9922,coco-30k,Woman pushing a stroller into a blue building.,4995,254917
9923,coco-30k,A stop sign is viewed from a low angle.,70815,85529
9924,coco-30k,two people standing near a pole outside of a building ,47276,325623
9925,coco-30k,A person sitting on a bench in a park.,12120,566436
9926,coco-30k,A flock of sheep in a mown field under telegraph wires,71781,512545
9927,coco-30k,Four kids playing in the leaves on a fall day.,24147,163782
9928,coco-30k,A bird sits on a parking meter with several parked cars in the street.,7495,542625
9929,coco-30k,A city bus is slowly making its way down a very crowded street. ,43688,386592
9930,coco-30k,a close up of a box wit ha sign on it on a bench,54202,48795
9931,coco-30k, A city bus parked on a very steep hill,1526,363881
9932,coco-30k,Four birds are walking on the sand near water.,54337,363344
9933,coco-30k,The SWAT team approaching a school parking lot.,94705,419235
9934,coco-30k,a close up of a small bird on a tree branch,69397,440706
9935,coco-30k,A bird is walking toward the camera beside a fence post.,62822,562851
9936,coco-30k,The walk light is lit on this street.,28196,567801
9937,coco-30k,a giraffe walking on a street with trees,49119,332777
9938,coco-30k,Boy sitting on a bench with an angry birds toy reading a book.,76539,252468
9939,coco-30k,A blue and yellow fire hydrant next to a yellow cone.,75465,125643
9940,coco-30k,a train on a train track near hills ,32577,505040
9941,coco-30k,A large herd of sheep stands on the edge of a field.,73925,536486
9942,coco-30k,Colorful bird sitting on a branch of a tree.,17747,337987
9943,coco-30k,Night scene of an on ramp with traffic light and assorted street lights.,47436,434316
9944,coco-30k,A man in blue hat pointing towards a street.,30649,14392
9945,coco-30k,A red and gold painted fire hydrant on the street,95859,344909
9946,coco-30k,A silver and black train passing under a bridge.,53122,483722
9947,coco-30k,A giraffe is walking in some tall grass,11545,217614
9948,coco-30k,A group of people at a train station with a passing train.,40396,577924
9949,coco-30k,a close up of graffiti written on a train,78320,289630
9950,coco-30k,A man with umbrella is exiting a triple-decker bus.,14676,83736
9951,coco-30k,A black bird landing on the leaves in the water,69327,156858
9952,coco-30k,"A toy train track is set up with two trains, houses, and a tractor.",94873,256003
9953,coco-30k,Red fire hydrant on grass in front of a black street.,99247,35105
9954,coco-30k,A rusted pink fire hydrant in the grass,66216,439969
9955,coco-30k,A street sign surrounded by orange and red leaves,27317,192062
9956,coco-30k,A very big city bus on a big street.,75478,42070
9957,coco-30k,A no parking sign posed on the side of a street.,21821,393982
9958,coco-30k,A group of people are sitting on a bench,58162,8445
9959,coco-30k,A large white airplane with blue tail parked.,23434,540697
9960,coco-30k,A myriad of stop signs that are black and white and red and white stand clustered together.,36762,473260
9961,coco-30k,A cat and some people on a grass field.,75843,345434
9962,coco-30k,A large long train on a steel track.,20736,253342
9963,coco-30k,Sheep in field by barn with fence and car.,33035,98416
9964,coco-30k,some people are running on a road and a green and white sign,33686,477305
9965,coco-30k,Street sign on overhanging post displayed above roadway.,33494,120478
9966,coco-30k,A wooden bench and a fire hydrant on a field.,2315,372203
9967,coco-30k,Two trains near railway stops on the tracks. ,91380,387855
9968,coco-30k,a man standing on the side walk while holding a sign ,65349,474110
9969,coco-30k,Intersection and lights for Queen St and Bay St.,56803,490153
9970,coco-30k,Street with light traffic at intersection in large city.,77494,497158
9971,coco-30k,A bird that is standing on a concrete ledge over the water.,11462,537652
9972,coco-30k,A white and black bird perched on a wooden fence rail.,42798,382214
9973,coco-30k,A cake made to look like a colorful train ,2720,564418
9974,coco-30k,A couple riding on the back of a horse drawn carriage.,42711,313359
9975,coco-30k,A blue bird is sitting on a wooden post.,58790,191126
9976,coco-30k,A large bus on the side of the road.,61730,452321
9977,coco-30k,A herd of sheep walking across a snow covered field.,20785,509116
9978,coco-30k,Two giraffe standing next to each other on a field.,63313,440842
9979,coco-30k,A man gets a French kiss from a giraffe ,88533,208494
9980,coco-30k,A stop and street sign on the side of the street.,79161,107939
9981,coco-30k,A very tall building with a plaque hanging off of it's side.,76982,190323
9982,coco-30k,A stop sign and street sign encased in snow and ice.,68051,271240
9983,coco-30k,People loading onto a orange and silver metro bus.,26141,128372
9984,coco-30k,A group of people walking on a street by some cars.,35676,205676
9985,coco-30k,A small bird standing on a dock on the water.,85754,333294
9986,coco-30k,A street sign is posted near the two story building.,79539,419680
9987,coco-30k,Twin baby girls wearing hats eat ice cream.,54406,63521
9988,coco-30k,Red and white fire hydrant sitting on the side of a city street. ,26160,123053
9989,coco-30k,A grey discolored fire hydrants stands on the street.,48896,435703
9990,coco-30k,A green shuttle bus taking a turn on a mountain road.,75269,32648
9991,coco-30k,A street sign for Jack Kerouac (Adler) Road,95404,564317
9992,coco-30k,A trolley for Adventure World on its track,57838,532142
9993,coco-30k,Several sheep are standing beside a road while one walks on it.,51216,46962
9994,coco-30k,some cars on a wet street buildings and traffic lights,60782,168096
9995,coco-30k,a giraffe staring right into the camera ,6898,486046
9996,coco-30k,A row of several purple buses at a bus station,8008,46405
9997,coco-30k,A sign on small post in grass corner of residential parking lot.,12688,414133
9998,coco-30k,people at costume party dressed up in costumes,61270,398045
9999,coco-30k,two giraffes are walking around in their pen ,52123,30967
