case_number,source,prompt,evaluation_seed,celebrity
290261,mscoco,A train going down the tracks that has just gone under a bridge.,57454,
24921,mscoco,A small white boat floating on top of a river.,73132,
974,mscoco,An elephant with a man and three children on its back drinking water in the jungle.,93992,
431256,mscoco,A man on a snowboard in the mountains.,32171,
265001,mscoco,"A couple of birds sitting on a tree, with a blurry background.",96270,
425578,mscoco,A shack with a  floor covered with dirt and straws.,73292,
162685,mscoco,A group of people standing in a bathroom while man puts on a tie.,27194,
64196,mscoco,A woman standing at a table preparing food.,92636,
70870,mscoco,A lone woman stands at an empty train station.,74666,
121242,mscoco,A horse drawn carriage parked on top of a field.,96429,
23899,mscoco,Three young men playing Wii on a projection television.,78150,
468525,mscoco,a large plane is taking off near a field,87448,
306931,mscoco,a baseball catcher is walking with his glove on,54331,
557829,mscoco,Female snowboarder in the motion of landing on a log on a snow course.,51165,
132703,mscoco,A man who is performing a trick on a skateboard.,44929,
69106,mscoco,Three zebras standing in front of a wall.,80932,
156687,mscoco,a large pizza is in a cardboard box,64993,
25430,mscoco,"A bench overlooks a lush, green valley below.",95100,
251119,mscoco,"The lunchbox has a cold sandwich, strawberry yogurt and orange juice.",56460,
56768,mscoco,Two giraffes are in the grass by some rocks.,65830,
369647,mscoco,A man with a suit and tie about to speak,73832,
73009,mscoco,a man sits on a toilet in a bathroom.,70730,
93331,mscoco,A white toilet sitting next to a window in a bathroom.,10644,
467092,mscoco,A bus riding pass a tower with a crane attached to it.,54326,
172977,mscoco,A zebra chews a flower in a fenced in field.,10832,
97048,mscoco,Athlete on red clay court preparing to return ball.,93355,
57843,mscoco,some dessert is laying out on a yellow and white plate,30877,
327807,mscoco,A small group of people standing outside of a train next to  small shops selling fruit.,66594,
576607,mscoco,The lady is sitting on the wood bench.,52314,
319743,mscoco,A man in a chair holding a Wii remote.,64735,
404655,mscoco,The people are walking the the street and some are wearing ties.,12621,
453341,mscoco,The living room in a house with many figurines on the shelf,35371,
387506,mscoco,A sandy beach covered in umbrellas near the ocean.,1344,
92416,mscoco,A young man holding a bottle of beer while wearing a suit.,8045,
81103,mscoco,A man leans over his motorcycle and rests one hand on the leather seat.,80926,
531852,mscoco,Two guys holding wii remotes standing up playing.,98865,
231450,mscoco,A kitchen with a freezer refrigerator next to counters.,24863,
296426,mscoco,A very tall building with people walking around below it.,4559,
14600,mscoco,A picture painting on a wall of a man with an umbrella.,82493,
400046,mscoco,A couple of brown cows walking across a green field.,6989,
346089,mscoco,A  young girl slicing up a cake on a wooden table.,96219,
290093,mscoco,A young man is doing something in his small room.,64801,
434098,mscoco,"A tiled bathroom with a single vanity, toilet and shower.",40382,
522393,mscoco,two people in a wooden boat with sails on some water,22996,
262900,mscoco,A giraffe lowering its head to graze on some grass.,52014,
337011,mscoco,A bike parked in front of a store with a basket.,34337,
313166,mscoco,A man in a yellow and black ski suit skiing down a mountain.,64982,
393942,mscoco,A railroad crossing sign next to railroad tracks with someone walking on the tracks.,64057,
313916,mscoco,As two skiers make their way downhill a pair of skis are left vacant in the back.,7298,
387478,mscoco,There is a black and white photo of a cat behind a fence,63768,
230862,mscoco,A man sitting on a couch using a laptop.,39639,
293907,mscoco,A bright yellow railroad car on the tracks.,97419,
421889,mscoco,A muffin sitting on a plate with a fork while customers sit in the background.,40660,
502749,mscoco,A kitchen with a center island with wooden stools.,98358,
282871,mscoco,a number of benches next to a tree,56104,
232597,mscoco,An old man wearing a red tie and a black vest.,45692,
2759,mscoco,Two bowls filled with broccoli soup on top of a table.,43694,
449793,mscoco,The two traffic lights are placed on a pole on the road.,56741,
356967,mscoco,an elephant has face paint on walking around,74438,
256552,mscoco,A large pillar with a stop sign on top,25422,
181572,mscoco,A closeup of an old and mossy outdoor garden bench.,41856,
571059,mscoco,two people holding hands while on surfboards in the water,22270,
516143,mscoco,a green and white bus is on the street,75022,
205513,mscoco,A bowl filled with a cake topped with vegetables.,28781,
191964,mscoco,A cat stares forward over the corner of a keyboard.,84590,
240287,mscoco,A man with a beard standing on the beach with a surfboard under his right arm and he is looking out into the ocean.,81853,
569722,mscoco,"A floral plate with greens, carrots and potatoes.",47959,
494998,mscoco,A brown bear walking next to two small bears.,90381,
175212,mscoco,A bathroom with a low roof diagonally located above it,54291,
159044,mscoco,a surfer wearing a wet suit is surfing on a sunny day,36672,
519838,mscoco,A bicycle leaning up against a tree in a park.,86350,
558128,mscoco,A white walled bedroom has added flair with pastel quilted bedding.,26434,
464737,mscoco,A pack of zebra standing in a field next to an ostrich.,23847,
264940,mscoco,A fire hydrant is painted in a patriotic theme.,37431,
362941,mscoco,A man is standing next to a zebra with another man riding the zebra.,15646,
382438,mscoco,A large bathroom with a row of white sinks in it,26308,
547421,mscoco,Black and white photograph of dog walking and person on skateboard.,29461,
23411,mscoco,A group of zebras are standing in a field.,26634,
133645,mscoco,a small boat in a body of water,10673,
411187,mscoco,A small dog on a leach sitting near a window.,23884,
446354,mscoco,A pan of mini vegetables is being cooked on a stove.,64689,
382462,mscoco,A bunch of soccer players in uniform playing soccer.,91507,
62889,mscoco,Many sheep are inside a wire fence near a large hill.,36942,
363072,mscoco,this trains station has a white building in the background,82832,
410533,mscoco,a cat that is sitting in a sink,98041,
311385,mscoco,This Asian dish has both meat and broccoli,81599,
379580,mscoco,a bath room with a toilet a sink and stand up shower,50934,
290170,mscoco,A person is riding a small motorcycle in a parking lot.,38847,
201925,mscoco,A cake inside of a pan sitting in an oven.,23134,
538595,mscoco,a group of horses graze on some grass,8491,
486118,mscoco,"Some girls who are standing together, two of them have umbrellas.",69161,
263668,mscoco,A street sign surrounded by a crowd of people.,84090,
492349,mscoco,The small bird is perched on the branch of the tree.,94860,
93333,mscoco,A cowboy leads a cow through a paddock.,60264,
494731,mscoco,Black birds on a wood fence near the ocean.,10550,
539838,mscoco,A boat sitting on a beach next to an ocean.,49600,
226346,mscoco,Some clothing is being sold outside of a building.,58039,
77951,mscoco,"A plate with a slice of bread, green peppers and meat on it.",40094,
21994,mscoco,A large elephant standing on the side of a lake.,98029,
317254,mscoco,"Someone is on their motorcycle, in his gear.",11258,
420466,mscoco,A giraffe out in the wild on a cloudy day,96973,
30478,mscoco,A train in a trainstation with many people nearby.,44450,
441247,mscoco,A woman standing in a kitchen next to a table.,44415,
457943,mscoco,A dog carrying a Frisbee at a dog competition.,88796,
12471,mscoco,That small plane looks like it is ready for takeoff.,6885,
415904,mscoco,A car with an argyle racing stripe in the rain.,69547,
116848,mscoco,A large bus driving past a few stores.,19081,
183348,mscoco,A entrance into a building next to a parking meter.,50923,
467062,mscoco,A picture of two expire time meters on the street,53512,
321064,mscoco,A small wooden table covered with delicious vegetables.,72342,
197280,mscoco,A teenager riding a skateboard on a half pipe.,19315,
158887,mscoco,A man and child wearing skis in the snow.,32243,
27982,mscoco,A small bathroom with marble tiles and counter.,26580,
193021,mscoco,A hall way with family photos on the wall leading to a kitchen and dining area with wood floors.,23749,
172993,mscoco,A black cat laying on top of a bed next to pillows.,98865,
78499,mscoco,Horses standing and laying down in the grass on a hill above a lake.,86405,
472046,mscoco,"A kitchen with a stove, sink, table, chairs and couches.",50866,
507663,mscoco,People are on grass playing some sort of game.,8535,
22775,mscoco,An orange carved to look like a jack-o-lantern is next to a knife.,17047,
241273,mscoco,A convoy of dump trucks make their way past the supermarket.,76147,
362123,mscoco,A wet street with a stop sign on the corner.,46985,
324785,mscoco,A group of cages stacked on top of each other near a body of water.,87945,
563730,mscoco,An orange lying next to a green utensil.,12242,
151130,mscoco,A person holding birds in an aquarium full of spectators.,78442,
119308,mscoco,"A young man jumping up, doing a trick on a skateboard.",40915,
188946,mscoco,The man is posing before he skis down the hill.,3032,
144269,mscoco,People sitting on a train with one person looking up at a mirror and taking a photo of the reflection with a camera.,41155,
153734,mscoco,A brown cow walking along side of a man.,81521,
304917,mscoco,a dump truck carrying a car a building and a street,63871,
245460,mscoco,a small boy with a hat playing with a remote,91271,
572733,mscoco,A large airliner jet flying through the blue sky.,75688,
562090,mscoco,A bathroom with all black fixtures in it.,41285,
242465,mscoco,A red stop sign sitting on the side of a road.,8342,
413043,mscoco,A young man riding a skateboard down a street.,16208,
568259,mscoco,A male tennis player swinging his tennis racquet.,94073,
32944,mscoco,An older man standing next to a woman.,20811,
173445,mscoco,The four pink sheep are moving away from each other.,10948,
92534,mscoco,A baby elephant walking in sand at the zoo,53111,
267946,mscoco,A blue sign giving directions to a public toilet.,45646,
54329,mscoco,A professional baseball player getting ready to throw the ball,46781,
169505,mscoco,A person flying a kite high in the sky.,29152,
493864,mscoco,A man standing on a wet beach holding a blue board.,50409,
552395,mscoco,A cat is perched upon a wooden bench that sits on a stone patio.,90584,
472828,mscoco,A man selling oranges and juice to a bunch of people.,58724,
254644,mscoco,A country charm type of kitchen is equipped with greenery and nick nacks.,65831,
535952,mscoco,Three chocolate cupcakes sitting on a wooden cutting board.,74087,
360371,mscoco,A toilet sitting in a bathroom next to a scale.,15527,
63740,mscoco,Two computers sitting on top of a desk.,38201,
135604,mscoco,A young man about to kick a soccer ball on a green field,1236,
531324,mscoco,The retro bicycle shop is actually three stories high.,2066,
574241,mscoco,A couple of kitten drinking water from a bowl.,80065,
533032,mscoco,An individual is gotten in the quiet of the picture.,13273,
22090,mscoco,Orange sitting on a plate next to bananas on top of a table.,14843,
450488,mscoco,Small bedroom with a bed and dresser with a small monitor on top of it.,28373,
314986,mscoco,A black and white photo of a bicyclist.,84305,
100811,mscoco,A row of wooden poles with seagulls resting on them.,93399,
151657,mscoco,A man standing next to a woman in a living room.,31202,
177811,mscoco,A dirty bathroom with paper and dirt covering the floor.,69708,
291038,mscoco,"A pair of zebras standing in pen, in the grass.",4712,
232376,mscoco,A laptop computer sitting on a wooden desk next to a monitor.,42152,
429836,mscoco,Spectators are watching a baseball game in the stands.,47772,
423971,mscoco,A toilet with an illuminated seat in a restroom.,3459,
423519,mscoco,a public transit bus on a city street,1637,
283698,mscoco,There are women wearing glove handling different breads.,43064,
538163,mscoco,A man and woman that are around a table.,41592,
114090,mscoco,Birds are eating from a bird feeder with a pine cone on it.,4142,
92177,mscoco,Advertising photograph of a surf-themed birthday cake from a bakery,54162,
539124,mscoco,A young girl riding a skateboard next to two guys.,19234,
287725,mscoco,A train riding through tracks in a large train station.,56939,
213693,mscoco,A blonde woman standing in front of a red double decker bus.,7986,
105658,mscoco,a bottle of tequila sitting next to an orange cat.,85551,
234169,mscoco,Dozens of donuts are under a glass display case.,88389,
328683,mscoco,A parking meter decorated with different colors of paper.,22373,
476856,mscoco,A cat drinking water out of a white cup.,38702,
34811,mscoco,A bathroom sink underneath a medicine cabinet next to a window.,85411,
331242,mscoco,A brown and white horse standing on top of a beach.,27726,
5213,mscoco,Atv parked alongside rural roadway with trees lining landscape.,67464,
376677,mscoco,A large construction site for a bridge build.,79466,
502136,mscoco,"A building wall and pair of doors that are open, along with vases of flowers on the outside of the building.",97868,
169089,mscoco,A couple of girls riding on top of surfboards on a wave.,83988,
509460,mscoco,A brown of wooden park benches sitting next to a lake.,2344,
98283,mscoco,A person riding a skateboard on top of a blue floor.,71124,
302842,mscoco,a man sits by himself on a bench in a stone-paved square in front of a large bed of flowers,31009,
265462,mscoco,A man riding a skateboard down a bunch of steps.,66539,
153207,mscoco,A stop sign before a traffic control booth on a highway.,97859,
77415,mscoco,Someone is holding a container of garlic mayo near his sandwich.,68476,
377882,mscoco,Boats docked on land sitting side by side next to a lake.,12971,
261062,mscoco,the door to the room is open to the outside,5551,
400950,mscoco,a small child riding a horse on a city street,59932,
207431,mscoco,There is a plate of mushroom pizza on a table.,9605,
19308,mscoco,An adorable cat rolling around on it's back while holding a toothbrush in it's mouth.,56680,
140295,mscoco,Couple of zebras eating out of the food bin at the zoo,54899,
239395,mscoco,An old motorcycle parked on the side street with an umbrella over it.,31536,
517029,mscoco,A giraffe grazing from a tree with rock wall in background.,17220,
469343,mscoco,A herd of elephants walking across a field.,29012,
289337,mscoco,Giraffe with large trees grazing in gray sky,7185,
253171,mscoco,A couple of glasses next to a  bottle.,87118,
388873,mscoco,There is a big stop sign colored in red and white,43750,
44269,mscoco,A metro bus at night at a bus stop letting people off on the sidewalk.,63854,
464522,mscoco,A brown and white dog standing next to another dog.,90254,
358086,mscoco,There are some female athletes playing frisbee together,94185,
522613,mscoco,A tall giraffe standing in a forest on a grassy ground.,87457,
524725,mscoco,two parking meters connectec onto one pole,12625,
154971,mscoco,A man kicking a soccer ball whle standing on a field.,27831,
228306,mscoco,Red metropolitan bus at intersection in city environment.,75935,
503841,mscoco,two traffic lights in front of a huge building,99559,
334521,mscoco,Giraffes and a bird behind a chain link fence at a zoo,10409,
288591,mscoco,We are looking at a large truck parked in a garage.,1978,
180953,mscoco,A large purple and red passenger jet flying through a blue sky..,17427,
166165,mscoco,A woman standing on a tennis court holding a racquet.,99170,
167700,mscoco,a silver toilet and some toilet paper and a green switch,35917,
474526,mscoco,A collection of various cars stopped at a stop light.,98137,
316054,mscoco,A train traveling through a rural country side covered in grass.,21076,
291144,mscoco,Two parking meters with a woolen glove on one of them,56985,
544365,mscoco,a living room with a tv on top of a stand with a guitars sitting next to,88326,
409156,mscoco,A woman is making her way out of a rather large suitcase.,23150,
272048,mscoco,A man sitting on top of a purple bench on a tennis court.,66003,
481010,mscoco,A woman in white dress playing a game of tennis.,52991,
491481,mscoco,A large giraffe is standing in a vast green field.,18884,
35599,mscoco,Cafe tables with table cloths and orange umbrellas over them.,64141,
329011,mscoco,"A dog being washed in a tub, with a sad look on its face.",95428,
418226,mscoco,A row of wall mounted urinals under aquariums.,58999,
111014,mscoco,The modern made toilet is next to a small bidet.,93490,
217228,mscoco,a zebra grazing on grass in an open field,46309,
568111,mscoco,A bedroom with a bed under a window next to a green rug.,56705,
277208,mscoco,A picture of a giraffe drinking some water.,4697,
170739,mscoco,a couple of elephants are standing behind a fence,16850,
333683,mscoco,A kitchen with a metallic refrigerator freezer next to a sink.,44351,
377652,mscoco,A couple of people are kiteboarding in the water.,96372,
243218,mscoco,a black cat is laying on a bed,51991,
98636,mscoco,A large white bird standing next to a large body of water.,3623,
552320,mscoco,Two smiling men posing with a tasty looking pizza.,31179,
259233,mscoco,a variety of a different type of vegetables,18292,
210098,mscoco,A sky view looking at a large parachute in the sky.,99112,
242270,mscoco,a red and yellow bus is parked some people and cars on a street,40201,
463825,mscoco,A cat climbing into a bathroom sink looking at someone,30811,
44075,mscoco,A large truck on the side of a street.,2103,
347216,mscoco,Lunch with salad and dressing with pita bread.,84097,
306495,mscoco,A woman is standing on cobblestone with an umbrella.,47210,
81956,mscoco,A red umbrella is an asian garden setting.,41621,
246576,mscoco,A young man brushing his teeth in front of a mirror.,71563,
11149,mscoco,A man standing next to a bikes and a motorcycle.,67619,
119445,mscoco,A batter misses a baseball while a empire tries to catch it .,50132,
105264,mscoco,A group of young men standing on top of a sandy beach.,28529,
55694,mscoco,A black cow standing next to a brown cow on a lush green hillside.,13436,
16817,mscoco,A person walking through the snow near a fence.,35521,
355860,mscoco,Two giraffes rubbing on a tree beside two giraffes.,61972,
282155,mscoco,A big dog is resting halfway out of the window.,35083,
232614,mscoco,A bird is perched by a leaf on a tree branch.,55280,
458401,mscoco,Dog standing on top of cow inside the fenced area,79190,
311789,mscoco,The black cat with white patches is sleeping on a computer keyboard.,69259,
89781,mscoco,A plate of food with a bite taken out of the hamburger.,6544,
119181,mscoco,Two wine glasses and bread on top of a piece of paper,50263,
505242,mscoco,A snowboarder with goggles stands still on the slope.,24101,
409117,mscoco,A man in yellow jacket skiing on a snowy trail.,3141,
221754,mscoco,There is very little traffic at this city intersection.,1066,
543090,mscoco,The inside of a small building with a brown couch.,46920,
465806,mscoco,A woman touching a plastic container sitting on a table.,24968,
441863,mscoco,Two street signs showing names of cross streets.,16098,
190236,mscoco,An office cubicle with four different types of computers.,48295,
370657,mscoco,A motorcycle has three people riding on it.,11500,
127259,mscoco,A block of pigeons gathered  around a person sitting on a park bench.,2914,
306812,mscoco,A man standing on a tennis court serving a ball to a group of kids.,40501,
421478,mscoco,A man in a tie with a shirt jacket thrown over his shoulder.,77608,
202587,mscoco,A group of three zebra standing next to a tree.,65900,
143217,mscoco,A yellow and blue train traveling along tracks.,3650,
386204,mscoco,Woman with a backpack on sits on the curb moving her skateboard,90106,
466222,mscoco,"Doughnuts, which are labeled accidentally vegan, sit on a box.",49022,
396687,mscoco,Three women that are finishing a skiing tournament,14871,
169800,mscoco,A woman walking a dog down a street.,73335,
432553,mscoco,A couple of dogs viewing something as a person sits in a chair.,98781,
579664,mscoco,Vegetables are displayed in a wooden barrel outdoors.,43903,
20459,mscoco,Two men playing a game of frisbee together.,57699,
534421,mscoco,A group of young children playing in the snow next to each other.,18246,
221543,mscoco,A clock displaying the time in a passenger bus.,45005,
527573,mscoco,a man is standing near a yellow fire hydrant outside,80691,
125983,mscoco,A woman dancing in front of a large mirror.,64890,
512796,mscoco,A side view mirror hanging off the side of a door.,40278,
275448,mscoco,A man that is on a board in the water.,78964,
327306,mscoco,"Skateboarder and his shadow, performing the same trick",62474,
218476,mscoco,A man riding on the back of a blue motorcycle.,5249,
33939,mscoco,The pink Frisbee is laying on the snow covered ground.,67934,
53263,mscoco,A pretty young girl standing next to a boy in front of a birthday cake.,26928,
129587,mscoco,a large elephant that is standing up eating,66332,
534349,mscoco,"Many objects, such as a shirt and shoes are in the briefcase.",24002,
108243,mscoco,a dried out tree with fruit hanging on it,38288,
567253,mscoco,A cow with black spots all over eating grass.,50579,
488386,mscoco,The cat fell asleep on the laptop's keyboard.,6698,
316499,mscoco,Two bulls who are walking on a street.,60253,
492102,mscoco,A passenger train traveling through a tunnel covered with a forest.,39603,
356241,mscoco,A bird flying outside the window of a building.,13442,
222094,mscoco,Road is littered with old cars and some wrecked trucks with a lone red and white stop sign at a grassy lot,82612,
425472,mscoco,A person holding a red umbrella sitting on a pier.,83880,
480226,mscoco,A close up view of a very cute furry dog.,24745,
66556,mscoco,A young cat sitting on a wooden and metal chair on top of leaves.,43602,
359148,mscoco,a clock on top of a building indicating that it is eleven o'clock,514,
272673,mscoco,A bathroom with a marble counter top under a  mirror.,85045,
134103,mscoco,Four people on horses walk down a trail.,62195,
337502,mscoco,a pizza with a lot of cheese on it on a oven board,79331,
65258,mscoco,A makeshift tent is constructed at a camp site.,26765,
424351,mscoco,A large group of people cleaning up a large mess.,96842,
508731,mscoco,A group of baby elephants standing next to each other.,58611,
330201,mscoco,A piece of metal sitting on top of a grass covered field.,18914,
467135,mscoco,A person driving while eating a slice of pizza.,90195,
352748,mscoco,A train with brown cars on train tracks.,65937,
495048,mscoco,A dog in on a surfboard on the back of a truck.,74645,
353067,mscoco,A man riding a skateboard through the air at a skate park.,40319,
104198,mscoco,A sign is next to an ornate white gazebo.,92523,
517938,mscoco,A baseball player hitting a pitch with catcher and umpire behind him.,90104,
20273,mscoco,a bus that is parked next to a street,68314,
375461,mscoco,A man selling bananas and other fruits in a street market to passerbys.,8904,
544639,mscoco,a black and white zebra some rocks and plants,13723,
350388,mscoco,A cream based soup in a while bowl with a chopped green vegetable on top.,9444,
142207,mscoco,A fire truck near a yellow fire hydrant.,72547,
83067,mscoco,Couple sailing a large sailboat on calm water.,99176,
90349,mscoco,Two cats are laying down together sleeping.,7274,
542570,mscoco,A man and a woman standing in front of a kitchen table.,15667,
279203,mscoco,A couple of people putting away ski equipment next to parked cars.,66654,
131557,mscoco,A pizza sitting on top of a plate on a table.,83678,
393115,mscoco,Nan or woman is enjoying a day of surfboarding on a brown/orange board.,87185,
156113,mscoco,An edible teddy bear is sitting on a small cupcake.,482,
82696,mscoco,A bird is walking right through a dining room.,29648,
352481,mscoco,A bus stopped in front of a tall red building.,21442,
572303,mscoco,A train speeding along the railroad tracks during the day.,23129,
85434,mscoco,Cross country skiers on snow covered course during race.,2238,
555894,mscoco,A pair of conjoined stalls in a public restroom,9839,
479099,mscoco,A tree standing in the middle of a grass circle.,63452,
302219,mscoco,A trunk full of backpacks and other bags.,73985,
490491,mscoco,A burnt out cement building is next to a stop sign.,96450,
377588,mscoco,Professional baseball players in the middle of a game.,54560,
175642,mscoco,A woman riding a wave on top of a blue surfboard.,59530,
284605,mscoco,A cat under a blanket looking at something.,51228,
20395,mscoco,A photo of a marina with boats at dusk.,28978,
378502,mscoco,A person on a motor bike and a car on the street.,98503,
115930,mscoco,A group of men standing in front of a bar having a conversation.,29444,
244878,mscoco,This is a wall to hold dental tools.,61490,
250309,mscoco,A woman in a white shirt is playing tennis.,48630,
298637,mscoco,A person flying through the air while riding skis.,15079,
518605,mscoco,Giraffes and zebras graze in a field with trees.,20646,
164924,mscoco,"A man's legs are laying on a bed as he watches a game called ""Avengers"" on the screen.",53265,
288202,mscoco,A polar bear laying on a large stack of ice.,96814,
206496,mscoco,an elephant carrying some people on its back,94438,
578984,mscoco,A lawn chair sitting on a beach covered by an umbrella.,8507,
471858,mscoco,A middle aged man standing next to a parked motorcycle,25385,
147223,mscoco,A small bus parked in front of a bus stop.,58004,
218947,mscoco,A photograph of a cross country skier in a greenish tint light.,76786,
419503,mscoco,A restaurant employee is serving food at a buffet.,33513,
441453,mscoco,A man is sitting on a motorcycle while a young girl looks at a helmet.,17266,
404635,mscoco,A group of elephants standing together in a field of grass.,78426,
301581,mscoco,A skier skiing down a snowy ski slope.,18379,
323067,mscoco,a man laying on a pile of snow next to a snowboard inside of a building.,86753,
573181,mscoco,a cat on a couch near a window,52630,
516408,mscoco,A cat standing on two legs near a tv.,18936,
240718,mscoco,The pizza looks like it may be ready to come out.,37166,
32766,mscoco,An air plane wing flying over a very large mountain.,45673,
190995,mscoco,A man is riding his skateboard down the road.,16133,
431952,mscoco,Several girls are playing with a frisbee while others watch.,44537,
299089,mscoco,There's a field of brown grass with zebras in it,8135,
186797,mscoco,A decorated street sign for Queen Street with two blue signs below.,56175,
328403,mscoco,A couple of umbrellas on top of a sandy beach.,22152,
539784,mscoco,A large herd of sheep are grazing by the busy road.,7481,
273617,mscoco,a street light is on at the top of a hilll,94552,
304159,mscoco,an old fashioned table holding onto some suitcases,27832,
435358,mscoco,a man is skiing in a snowy hill,54114,
268215,mscoco,A glass plate that has food on it sitting on a table.,34835,
505849,mscoco,"A bathroom has a toilet, sink, mirror and bidet.",59206,
378467,mscoco,The eccentric group of girls carry their luggage up the street.,46732,
288860,mscoco,An elephant walking in a dirt area next to a fence.,9831,
244575,mscoco,Two horses in a wooded area amongst bushes,67041,
468548,mscoco,Factory where bananas are being prepared for market,86014,
359851,mscoco,A Pokemon and Mickey Mouse standing next to a light pole.,45030,
236845,mscoco,a red and white sign a car and some buildings,87263,
157955,mscoco,a table that has a train model on it with other cars and things,67819,
330205,mscoco,A snowboarder is airborne grabbing is board.,39071,
33208,mscoco,The entrance for a subway on a city street.,32877,
536708,mscoco,a plate filled with sausages sitting on an outdoor table,96720,
394133,mscoco,A bedroom with a bed and chair along with a nightstand with lamp on top of it.,62142,
276706,mscoco,A cat laying in a box full of bubble wrap.,81942,
377368,mscoco,A cake shaped as a Teddy Bear on a wooden table.,44359,
149912,mscoco,A man kneeling down next to a brown cow.,58142,
315195,mscoco,People are running through the water spraying from a fire hydrant.,52142,
232894,mscoco,A girl and boy sitting at a wooden table with the boy looking at the girl.,87866,
400803,mscoco,A man standing on top of an orange boat on a river.,86856,
158846,mscoco,A man serving the ball to the opponent in a tennis match.,76711,
212363,mscoco,A dish of food including tomatoes and pickles and something on flat-bread.,68298,
382210,mscoco,A table topped with a pile of vegetables and a book.,34207,
397278,mscoco,A yellow sign sitting on the side of a road.,86629,
301928,mscoco,An equestrian in riding clothes jumps a horse over a post,68364,
339823,mscoco,A young woman in an orange dress holds a black umbrella,17248,
26803,mscoco,A cat sitting on a window sill near a window.,18439,
402619,mscoco,A group of giraffes in a grassy area by fences.,46822,
404988,mscoco,A line of benches that are snow covered,78117,
20912,mscoco,A collection of several items that are placed near each other.,43032,
493435,mscoco,An umbrella lies behind a park bench that a small television is on.,39108,
538242,mscoco,A man riding a motorcycle approaching a man wearing camouflage clothing.,3016,
378561,mscoco,A red headed boy sits hugging his Black Labrador dog.,28874,
42622,mscoco,A person riding the waves on surf board.,34842,
389273,mscoco,A woman throwing a frisbee on a field.,9924,
121384,mscoco,A seagull swims toward a rocky shore in a lake.,25417,
208132,mscoco,A plate of food and ketchup bottle are on a table.,70712,
301061,mscoco,A person is moving green hay towards an elephant that is inside the back of a white truck.,37475,
255401,mscoco,A bathroom filled with toilets and a tub next to a sink.,62612,
6415,mscoco,A knife sitting next to carrots on top of a cutting board.,1402,
141453,mscoco,A group of horses carrying a back hoe with a seat.,53362,
81274,mscoco,A girl in pink shirt sitting at a table with green cup.,22166,
136734,mscoco,A person on a skate board in a very dark room.,91441,
467988,mscoco,A small desk is in the corner with a laptop.,24654,
461973,mscoco,People on a platform watch a train go by,31947,
240158,mscoco,A man tossing a white frisbee on top of a grassy park.,95462,
248167,mscoco,"A bedroom complete with a bed, dresser and ceiling fan.",1985,
548361,mscoco,A baseball player is squatting down with his mitt raised.,63522,
432702,mscoco,A man with an umbrella sits on the hood of a car.,26789,
344611,mscoco,A yellow hazard sign sitting on the side of a road.,36538,
185936,mscoco,A man holding a banana in his hand.,6709,
577277,mscoco,A woman strikes a funny pose while holding a book.,66661,
158548,mscoco,Outdoor show with sheep prominent on grass field.,43680,
396404,mscoco,A picture of a shaded walk way and benches.,10125,
313055,mscoco,A blocked view of the Eiffel Tower in France.,1425,
346934,mscoco,a female in a white shirt  is playing tennis,65978,
565622,mscoco,A close-up of flat bread garnished with herbs and olive oil.,62132,
212646,mscoco,A white stove top oven sitting inside of a kitchen.,61918,
14175,mscoco,A woman walks past street posters and graffiti.,94491,
128034,mscoco,Late night food carts are open for business.,32052,
233963,mscoco,A stop sign that is right by a road.,57706,
297037,mscoco,A horse is running near a body of water.,42393,
163290,mscoco,A giraffe standing next to a zebra on a field.,88234,
80737,mscoco,A parked black motorcycle in front of a brown house.,80641,
16961,mscoco,A guy riding a skateboard on the road with a long pole.,40650,
478386,mscoco,An old truck is parked in front of the station,93593,
319706,mscoco,A cat sits on a desk in front of a computer.,9152,
404249,mscoco,A kid in a camo shirt riding a skateboard down the street.,51103,
386879,mscoco,A woman wearing a red tennis outfit holding onto a racquet.,76294,
436273,mscoco,a man sitting at the end of a counter using a couple of tablets,65298,
360064,mscoco,A row of vintage cars in a grassy field.,93685,
538741,mscoco,A ski instructor is getting two people set up in their skis.,49805,
526706,mscoco,a small calf nursing a cow in a pasture,30386,
301799,mscoco,"A sandwich, carrots and strawberries in a lunch box.",34296,
188752,mscoco,Two bunches of bananas at a market stand.,78597,
213579,mscoco,a person sitting and holding a mug and a book next to a table with a slice of cake on it.,78501,
407274,mscoco,a girl jumping in the air to catch a frisbee,64544,
356507,mscoco,A yellow dump truck parked on a lot.,95975,
34820,mscoco,A construction crew repairing electrical wires over a busy intersection.,32995,
577212,mscoco,"A kitchen area is being built that contains a deep sink, a dishwasher, and cabinets.",45774,
24061,mscoco,A picture of a bathroom with a sink and tolet.,88368,
36196,mscoco,A airplane moving on the run way of a air port.,7589,
231655,mscoco,The man is driving a small boat on the water with his dog.,50668,
548159,mscoco,Two rows of red double decker buses on a green lawn,67398,
162855,mscoco,A young woman holding a white frisbee while standing on a grass field.,45698,
147488,mscoco,A woman with outstretched hands and an umbrella above her head.,34549,
468169,mscoco,A hitter swings his bat to hit the ball.,59823,
35279,mscoco,there is a tennis racket and a laptop on the floor,10311,
120632,mscoco,A group of people skiing around a snow covered slope.,2830,
199055,mscoco,A person on skateboard skating on the pavement.,70782,
219261,mscoco,The people is riding the horse and carriage in town.,48304,
360943,mscoco,An orange cat sitting in front of a door to a house.,78915,
197745,mscoco,A couple of captive giraffes look around the ground in the zoo.,46958,
261981,mscoco,A black cat with crazy eyes wearing a bib.,41376,
72018,mscoco,A picture of a room with a TV and a bathroom.,74612,
112988,mscoco,A half eaten cake with a rabbit drawn on top sits on a dish.,58600,
259049,mscoco,a bus traveling down the street next to  tree lined sidewalk,13688,
577564,mscoco,A white toilet sitting next to a white sink.,85874,
359039,mscoco,A group of young children sitting on a bench,94381,
69366,mscoco,there is a stop sign at the end of this cross walk,12272,
325157,mscoco,A group of men in uniform standing next to each other.,63375,
318464,mscoco,A couple of bicycles sitting in a large garden.,28296,
466085,mscoco,A bathroom that has been gutted with the shower basin the only thing left.,34729,
99741,mscoco,nice picture of two signs in front of mountains,9765,
15778,mscoco,A young boy rides his skateboard amongst pedestrians.,13575,
522156,mscoco,A cracker is on a plate next to some mint.,49314,
297046,mscoco,A train crosses an intersection while cars wait.,74088,
80733,mscoco,A man standing in front of a mirror above a counter.,96230,
252495,mscoco,two people riding surf boards with sails,10648,
213276,mscoco,A man standing near an intersection with street lights.,26670,
455044,mscoco,Heavy snow covers a picnic bench next to a tree.,49582,
14567,mscoco,A small propeller airplane flying through a cloudy sky.,60174,
283187,mscoco,A group of young guys playing frisbee in a field.,82477,
261645,mscoco,Plane in the sky flying sideways all by itself.,27087,
275219,mscoco,a gray cat is seen laying on top of a blue tube,69164,
455004,mscoco,She is holding up a peace sign in the snow.,32800,
302089,mscoco,A red fire hydrant next to a h sign,49217,
534554,mscoco,Baked dish on long metal serving dish on wooden table.,30462,
484026,mscoco,Two black birds sit on a log bench near the ocean.,58446,
386841,mscoco,A fanciful dressed piece of pizza on a plate.,6619,
423617,mscoco,a wet road busy with traffic like a taxi and bus,73782,
100021,mscoco,A cutting board topped with vegetables and a jar.,59232,
203641,mscoco,a person is skiing and flipping on a mountain,74297,
405222,mscoco,Black and white photograph of battle reenactment with men on horses,83150,
198972,mscoco,A person riding a speed motorcycle on a track.,12606,
318777,mscoco,A picture of a baseball game from just behind the left fielder.,39559,
164255,mscoco,An umbrella that is standing in the sand.,83489,
138730,mscoco,A truck kicking up dust from driving on the desert. People standing near the road waving.,13754,
108056,mscoco,A man riding a skateboard down a set of steps.,58546,
159606,mscoco,an image of a bedroom scene with furniture,94275,
11198,mscoco,Someone prepares salads as part of a healthy meal.,9843,
291209,mscoco,A man walking on top of a baseball field wearing a catchers mitt.,76380,
198495,mscoco,A BMW motorcycle parked on a brick street.,35877,
551334,mscoco,the person is sitting at a desk  with a television behind him,63116,
545924,mscoco,A boat leans sideways as it is sinking into the river.,23933,
281924,mscoco,There is one slice of pizza left on the plate.,14786,
140435,mscoco,An old mattress near parked trucks in the grass,64185,
295675,mscoco,"A blue, yellow and red train travels across the tracks near a depot",20836,
25864,mscoco,A pretty young lady riding a pink scooter on a street.,77573,
515785,mscoco,A young man is playing frisbee in the park.,84126,
438737,mscoco,A grocery store filled with lots of fresh produce.,55409,
382737,mscoco,A woman resting her head up against a cat.,32047,
504977,mscoco,A lady sitting on a bench in a very open field.,78810,
383470,mscoco,A freshly plowed street is a winter wonderland.,97146,
109873,mscoco,A giraffe standing next to a brick building.,46790,
330449,mscoco,A famers market filled with lots of fresh produce.,53737,
271844,mscoco,A woman walks down an alley with an umbrella.,32552,
388026,mscoco,Light poles in the snow with yellow traffic lights mounted on them.,42819,
349199,mscoco,A group of people enjoying a day at the beach.,88972,
430670,mscoco,A man riding a skateboard down a set of steps.,23136,
169996,mscoco,Men on bikes riding alongside a car on the street,8738,
83639,mscoco,a clear desk with a laptop and computer on it,70932,
378723,mscoco,Three giraffes stand in the clearing. by the edge of the grass.,9528,
152776,mscoco,fresh vegetables picked from a garden and a gardening tool,99717,
186950,mscoco,A train with many cars is rolling on the tracks.,40085,
170700,mscoco,A building sitting along side of a street.,16395,
310703,mscoco,An old abandoned train at the bottom of a mountain.,99650,
119166,mscoco,A man in a red shirt leaning up against a road sign with a camel on it.,11007,
124416,mscoco,A woman straddling a surfboard in the water with a camera on the surfboard.,44984,
368663,mscoco,A person driving a car towards an overpass.,969,
477946,mscoco,A man flying through the air while riding a skateboard.,91857,
446409,mscoco,A tabby cat laying on a cat scratcher in front of a bicycle wheel.,47435,
358231,mscoco,The two little girls are snuggling under the covers in their parents' bed.,7273,
428403,mscoco,A view of a person walking towards a house boat.,75458,
283945,mscoco,Three large trucks are parked near houses and a lighthouse.,37772,
575357,mscoco,A dog that is jumping in the air looking at a frisbee.,32675,
273859,mscoco,"A kitchen area with stove, shoveling and a dishwasher.",10423,
235564,mscoco,A white plate topped with food next to a fork and drink.,79054,
286813,mscoco,A child in a cart behind small pony on race track.,19860,
368648,mscoco,a white and blue bus is by a curb,96911,
555357,mscoco,A herd of cattle grazing on a lush green hillside under storm clouds.,81106,
348474,mscoco,A woman standing next to a group of horses on a field.,96153,
410951,mscoco,two trains parked on the tracks next to some platforms,39077,
505440,mscoco,A couple of giraffes that are standing in the grass.,99108,
60347,mscoco,A man sitting on the park bench in the forest,90076,
419089,mscoco,A yellow bus carrying passengers riding along the road.,56345,
19444,mscoco,A young man jumps to catch a Frisbee on a playing field.,39696,
448600,mscoco,There is one piece of cake on the plate.,12299,
207151,mscoco,A vegetarian pizza is half eaten on a pizza holder.,84007,
386677,mscoco,A man carrying a surfboard out of the ocean.,9585,
435880,mscoco,A refrigerator next to a red wall in the kitchen.,58673,
408364,mscoco,A young man standing next to a race car with the red sox logo on it's hood.,47749,
300000,mscoco,a brown and white dog is sitting in some grass and a red and white fire hydrant,22870,
319423,mscoco,A person squatted on skis in the snow.,72910,
217468,mscoco,A man riding on the back of a small boat.,49040,
381968,mscoco,A red carrier of some sort with a brown handle,74105,
12375,mscoco,A plate of food sits on a white table.,52385,
495687,mscoco,Someone riding a skateboard down a bunch of stairs,88790,
231828,mscoco,A close up view of a giraffe's face.,17935,
420840,mscoco,A female toddler who just finished eating with a bow in her hair,65575,
317732,mscoco,A giraffe grazing from tree with brick wall in background.,39687,
230679,mscoco,A person giving a giraffe some food with his hand.,50727,
468354,mscoco,A group of small birds in the water.,64847,
454576,mscoco,"The german shepherd is guarding the front of the barred door,",98433,
227884,mscoco,A pianist in a suit and glasses playing a keyboard.,82200,
86334,mscoco,The large green train is approaching a platform.,24275,
6347,mscoco,A brown horse with blonde hair standing behind a fence.,31868,
263961,mscoco,A bike leans on a wooden fence on a hill.,6897,
251344,mscoco,Cupcakes with white frosting and different colored star frosting decoration on each.,7863,
5992,mscoco,A small group of sheep standing together next to a building.,61148,
418959,mscoco,A duck standing on a pile of debris in water,78906,
499842,mscoco,a computer desk with a computer and laptop on top,61596,
100274,mscoco,A long train traveling through a train yard.,19611,
534915,mscoco,The man is running with a Frisbee while others cheer.,58570,
57353,mscoco,"Bananas, Coconuts, and other fruits at a market stand.",62663,
328409,mscoco,Man with hat and umbrella holding object in left hand against modern background.,49088,
457249,mscoco,A woman tossing a frisbee while wearing a bikini top.,63589,
160482,mscoco,A couple of people on a small boat in the water.,10790,
14743,mscoco,Three light sheep are grazing on grass in a ring and a dark sheep is eating by himself.,75479,
185327,mscoco,A group of cows on street next to building and bus.,86049,
410339,mscoco,A woman walking down a flight of stairs.,63028,
401197,mscoco,Numerous individuals are appreciating life and having an incredible time.,8822,
420347,mscoco,The man is going over the speech that he will be giving in a few hours.,70286,
340329,mscoco,A small train traveling past a building surrounded by a fence.,53737,
442724,mscoco,a mixture of different substances in a big bowl,30230,
198625,mscoco,The person in the blue shirt has a plaid neck tie on.,3020,
318571,mscoco,A black cat sitting in front of a mirror next to a picture frame.,70808,
276892,mscoco,A giraffe and a zebra stand on a concrete area near rocks.,18235,
55722,mscoco,A group of cows stand next to a fence.,74903,
563938,mscoco,Two woman and a man are seen engaging in a conversation,16609,
394131,mscoco,Lufthansa has been a recognizable airline for many years.,86739,
337443,mscoco,"An orange street sign that reads ""obstruction"" and has a directional arrow.",56164,
343073,mscoco,A mirror and soap dispenser in a bathroom.,14045,
581357,mscoco,Skate boarder hang time with young man appearing to streak though the air.,6722,
559773,mscoco,A skier jumps while going down a snow slope.,75150,
257529,mscoco,"A pile of oranges, blue berries and raspberries.",42100,
476704,mscoco,A bus on the street next to the lamp post.,61238,
18149,mscoco,A dog in a cage looking out of the cage.,90992,
290827,mscoco,A train pulls up to an empty platform.,99171,
185030,mscoco,A cat sleeps on a pile of discarded shoes.,33170,
249443,mscoco,a black bench is in front of a window,44391,
308504,mscoco,A white table topped with different colored vegetables.,36741,
5728,mscoco,Several views of mean playing with a white disc on grass.,34880,
372258,mscoco,A man in green shirt catching a white frisbee.,18261,
386716,mscoco,An adorable child brushing it's teeth with a toothbrush.,14324,
222322,mscoco,A group of people walking along  a beach covered in umbrellas.,68754,
123213,mscoco,a baseball player on a field with a bat,12326,
11742,mscoco,A glass of red wine sits beside the bottle for a refill as a piece of cake goes untouched in the back.,93128,
437494,mscoco,a man and his dog are standing on his paddle board,24859,
151558,mscoco,A traffic light hanging from the side of a wooden pole.,93566,
280619,mscoco,A bathroom with a white toilet and a white toilet seat.,368,
469859,mscoco,Three mature men wearing suit and tie sitting at a table.,54764,
578467,mscoco,A man riding an elephant through a forest filled with trees.,14455,
327479,mscoco,An old train sits alone on the train tracks.,22882,
466965,mscoco,A parrot sitting on a branch looking down.,37320,
96107,mscoco,A kitchen filled with appliances and track lighting.,280,
398628,mscoco,A group of giraffes hang around in the zoo.,32599,
233090,mscoco,A boat floating in a harbor of a very large city.,17379,
283833,mscoco,An adorable small dog wearing sunglasses while sitting in a back seat.,13154,
424039,mscoco,Two zebra standing next to each other on a dry grass field.,2017,
407198,mscoco,One giraffe sitting on the grass and another giraffe standing up.,40715,
402233,mscoco,Many people are together in the kitchen.,18964,
474471,mscoco,Two different giraffes standing around doing nothing.,37567,
238472,mscoco,A group of people riding on top of a snow covered slope.,73419,
366111,mscoco,A black and white photograph of men on bicycles in a city.,70052,
418637,mscoco,Four elephants partake in shade underneath a tree.,56833,
484816,mscoco,A yellow school bus with a creepy eye shaped rear view mirror.,6130,
99114,mscoco,A group of people crossing a street next to tall buildings.,61606,
232949,mscoco,The van is driving down the street in traffic.,65790,
80096,mscoco,A yellow train traveling down tracks surrounded by large bushes.,85532,
336695,mscoco,A person riding a motorcycle down a rural country road.,73657,
97679,mscoco,A car with a snowboard on it's ski rack parked in a foggy parking lot next to two cars with empty ski racks.,33208,
493797,mscoco,A dog sitting on the side of an area where boats are docked in the water.,18660,
399129,mscoco,Surfer heads to the sea with his surfboard,54847,
72052,mscoco,a bright yellow restaurant sign with a green dragon on it,2295,
470984,mscoco,Man skiers make their way down a snowy ski hill.,89106,
398507,mscoco,A fleet of green army trucks parked on a grass covered field.,658,
456816,mscoco,A cream puff sitting on top of a small white plate.,51705,
293858,mscoco,"A sandwich on toasted bread, with a salad and a bottle of water.",3283,
341838,mscoco,a car driving on a road with decorations avobe,83220,
316672,mscoco,a train on a train track near many trees,51373,
356505,mscoco,A woman in a bikini riding a wave on a surfboard.,11733,
127313,mscoco,A woman standing around a group of dogs.,15545,
507533,mscoco,A cluster of bananas are hanging from a tree.,40996,
212945,mscoco,a train on a track near a building,81120,
537954,mscoco,A black and white image of a farmer with small children.,12271,
581394,mscoco,Group of people standing outside of a green bus.,10354,
258516,mscoco,A cricket inside of a small cage on a table..,96300,
71027,mscoco,There are horses pulling a man and a cart.,50471,
379183,mscoco,A green train is rolling down the tracks,83055,
302787,mscoco,A city at night filled with lots of traffic.,79649,
417416,mscoco,A skateboarder salutes the sky as he jumps his board.,96845,
120388,mscoco,A survival kit containing a variety of items.,88259,
312406,mscoco,A couple of blocks of chocolate sitting next to bananas and pudding.,19575,
165257,mscoco,A large black counter top sitting next to a sink.,11876,
431047,mscoco,A baby boy sitting on top of a toilet reading a book.,95509,
361919,mscoco,A group of people skiing down the side of a snow covered mountain.,42854,
24391,mscoco,A couple of men standing next to each other at a ribbon cutting ceremony.,30638,
227073,mscoco,A woman standing on a beach near the water,26899,
332292,mscoco,The skateboarder is checking his technique in the mirror.,24924,
80367,mscoco,"A white plate topped with meat, rice and veggies.",73151,
439537,mscoco,Two donuts sitting on a brown paper wrapper.,20752,
310564,mscoco,A fire hydrant sitting inside of a building under a window.,44805,
248334,mscoco,a boat filled with people going down a river,71607,
82765,mscoco,A bed and window in a small room.,42225,
55295,mscoco,a person in front of a tv with a gun,38532,
51089,mscoco,A street view of on coming traffic underneath a street light.,35967,
449302,mscoco,A black and white photo of a man sitting by the water holding an umbrella to give him shade.,50059,
430788,mscoco,a lady petting a white horse that is pulling a carriage,87091,
114549,mscoco,Set of bananas hanging off of a banana tree.,90353,
510992,mscoco,A picture of a white gas range with figurines above.,35501,
221044,mscoco,A woman going down the stairs with a backpack on and a suitcase in her hand.,20290,
198397,mscoco,A man hitting a tennis ball with a tennis racquet.,45735,
449485,mscoco,Is this picture of a girl and her suitcase hand tinted?,92377,
296848,mscoco,A man in ski gear skiing on snow.,49040,
436603,mscoco,A brown teddy bear laying in bed under a blanket.,31132,
350799,mscoco,"A bathroom with sink, toilet, and bathtub and black and white floor tiles.",70250,
447787,mscoco,A lady holding up a pot roast while posing for a photo.,62660,
388601,mscoco,A woman sleeping on a giant piece of pizza.,74416,
260994,mscoco,A chef is holding a hot dog in a container.,81929,
67558,mscoco,A white toilet sitting in a bathroom next to a tp dispenser.,56777,
41839,mscoco,A bathroom with a walk in shower next to a toilet and a sink.,48529,
427782,mscoco,The orange peal is on the wooden bench,18478,
405205,mscoco,A passenger bus that is parked in a parking lot.,85117,
504498,mscoco,"The rider, clothed in camoflague and ski boots, is sure to blend into the grassy area on his motorbike.",23551,
544590,mscoco,a close up of a cat laying on a couch,23075,
133104,mscoco,A white parking meter sitting on the side of a road.,40644,
69646,mscoco,A man jumped into the air at an angle.,33376,
281534,mscoco,A man sitting on a bench reading in a city.,90045,
75886,mscoco,A plate topped with a cake and a hat.,83237,
28002,mscoco,a large castle in front of a clear sky,50621,
338065,mscoco,a large air plane on a run way,35782,
511453,mscoco,A pizza with french fries on it on a table.,8598,
562121,mscoco,Two zebras fighting in a cloud of dust,75538,
441432,mscoco,An umbrella and other things in a trash can.,76981,
82229,mscoco,A modern flatscreen television sits upon a nostalgic console model.,9103,
204609,mscoco,An amateur snowboarder attempting a small practice jump in his off time.,94720,
205729,mscoco,A group of people that are skiing down a mountain.,60518,
223243,mscoco,A baseball player catching a baseball with his glove.,23057,
152326,mscoco,A man and woman cutting a cake near a window.,3983,
235000,mscoco,A man with a helmet riding on a motorcycle with a basket on it.,20881,
175310,mscoco,A large bathroom has white walls and cabinets and blue wall tiles and countertops.,78881,
123570,mscoco,A man and woman under an umbrella on a sidewalk at night.,88011,
89225,mscoco,A pole with a speed limit traffic sign posted on it.,32977,
473974,mscoco,A group of zebra standing in the tall grass.,85532,
536274,mscoco,a horror themed double tier cake with a bloody knife and an arm reaching into the cake,93920,
534308,mscoco,Three elephants walking in their designated area in a zoo.,9677,
432529,mscoco,there are two giraffes standing very close to each other,10344,
283849,mscoco,A brown bear walks through a grassy field.,67646,
535050,mscoco,Two brown boxes are next to a suitcase.,7619,
159223,mscoco,A couple of men standing next to a blue truck.,7555,
453040,mscoco,White flowers on a white decorative wedding cake.,96849,
136596,mscoco,A few people are participating in water sports and some are in a boat.,45900,
258674,mscoco,A parking meter lies askew on a street.,17782,
580540,mscoco,Inside of a living room with a cat watching a tv.,4203,
255747,mscoco,Two  beige plates with thick sandwich and mustard.,36205,
250258,mscoco,an image of a professional baseball game being played,98635,
346482,mscoco,the propeller of a plane flying in the air,56431,
297220,mscoco,A woman in white shirt holding bananas next to door.,87656,
115314,mscoco,He does have control of the motorcycle while pulling a wheelie.,76761,
534151,mscoco,an elephant in a field of grass with trees near by,12107,
50655,mscoco,A bathroom with a narrow toilet and hanging towels.,33539,
134288,mscoco,An single orange is sitting on a table.,91671,
296523,mscoco,Two mean in uniform are riding horses side by side on a sandy beach.,53904,
380247,mscoco,A small kitchen inside of a dark office,84952,
463618,mscoco,A woman holding a baby next to a bird cage.,96991,
107108,mscoco,A bowl contains baby carrots and other food.,11714,
551596,mscoco,"A big, fat bird has some crazy hair",34793,
308115,mscoco,A group of skiers watch as one members does a trick.,2137,
279499,mscoco,Two buses parked next to each other in a parking lot.,77717,
247576,mscoco,A red double decker bus driving down the street,51477,
280888,mscoco,A group of people on a field playing soccer.,61629,
245852,mscoco,"Two side by side elephants, one with a trunk full of grass, are enjoying a water spray.",65131,
143769,mscoco,A brown miniature pony next to a wooden fence.,15799,
553867,mscoco,A herd of Giraffes and a herd of Zebra's running together across a field.,43655,
313922,mscoco,A man in brown jacket holding two pieces of luggage.,17989,
202507,mscoco,a lot of buckets of fruits including red and green apples,8858,
473767,mscoco,Railway crossing sign and vacant train tracks and road,76799,
96991,mscoco,THERE IS A PARK BENCH FACING A SNOW COVERED MOUNTAIN,268,
557163,mscoco,A red double decker bus parks next to a large white awning.,99111,
304984,mscoco,A white plate with a sandwich and sides on it,21181,
54485,mscoco,A trolley stopping at the curb to pick up two passengers.,16474,
102235,mscoco,Young girl gets ready to blow out candles as family watches,44554,
367843,mscoco,A traffic light with four signals sitting next to a tall building.,12824,
400547,mscoco,A number of unmanned small boats tied together.,97165,
76257,mscoco,a man on a motorcycle driving down a track,11012,
247764,mscoco,a large leafy plant coming up out of the soil,82139,
385119,mscoco,A couple of elephants standing next to each other.,36396,
282841,mscoco,there is a mirror and several other things on this table,25161,
131661,mscoco,A man standing at a kitchen counter working.,91613,
71724,mscoco,a small boat in a body of water,41352,
202656,mscoco,Sheep are gathered around a lone tree on the hill,3715,
450464,mscoco,A railroad train heading toward a traffic light on the tracks,70481,
390569,mscoco,"A road and traffic sign that reads ""motorcycles use caution.""",63875,
313872,mscoco,"A young man is standing with a skateboard on a sidewalk with the chalk message, ""life is beautiful"".",50499,
79472,mscoco,Office space with office equipment on desk top.,11131,
341137,mscoco,A parking meter covered in graffiti sitting on a  sidewalk.,79044,
61418,mscoco,Several children attentively play a game of curling together.,98513,
247407,mscoco,A small child in white shirt and tie with pacifier.,91214,
525600,mscoco,a number of giraffes near one another,88170,
67590,mscoco,A group of horse back riders on a wooded trail.,93319,
381482,mscoco,Black and white motorcycle parked on a sidewalk.,11598,
362159,mscoco,A traffic light hanging over a street next to tall buildings.,56272,
480509,mscoco,A crowd watches as a man rides a skateboard in a skate park.,89489,
342380,mscoco,A red kite sitting on top of a lush green field.,88658,
393814,mscoco,A white table topped with a laptop computer next to bowls of food.,25687,
515226,mscoco,two brown dogs seated on a bench with their string,18107,
120509,mscoco,A woman smiling while holding a sandwich while sitting down.,42467,
473153,mscoco,a building with some trees surrounding it,64120,
385669,mscoco,A woman standing on a sidewalk near some water holding an animal print umbrella.,68788,
362306,mscoco,A man holding a large knife on top of a table.,12587,
90659,mscoco,a blonde cat is standing by a laptop,40758,
346880,mscoco,A half eaten hot dog sitting on a paper napkin,81934,
382625,mscoco,A group of people standing behind a blue table topped with sheet cakes.,60697,
10324,mscoco,a fridge is open with some food inside of it,37167,
183895,mscoco,People watching a plane take off from a runway.,10092,
79878,mscoco,The interior of a bathroom with crumpled and torn toilet paper on the floor along with a toilet roll that has been pulled.,48065,
293125,mscoco,A person wearing skis bent over looking through a backpack.,52187,
493376,mscoco,a fire place in a house that is behind a rope,86985,
434746,mscoco,A person is doing a skateboard trick outdoors.,66926,
127842,mscoco,a man surfing a small wave on part of a river,27928,
194216,mscoco,An outdoor area with a large bear and two smaller bears facing the wooded tree area.,646,
3501,mscoco,"A bowl with rice, broccoli and a purple relish.",17281,
302512,mscoco,a person sleeping on a side walk near a fire hydrant,85525,
112816,mscoco,A man stands on skis on a snowy hill.,1409,
299838,mscoco,A man wearing a blue shirt and white shorts playing tennis.,28437,
312306,mscoco,Various animals graze in a pasture surrounded by woods.,8116,
187241,mscoco,A man speaking at a public event behind a pitcher of ice water,61649,
365208,mscoco,A black and white photo shows someone standing on a beach behind a curtain,3756,
298994,mscoco,The vegetable are laid out neatly at the table.,88563,
482539,mscoco,Two people riding the waves on their surf boards.,68154,
114352,mscoco,A man holding a white frisbee while standing on a field.,7183,
214363,mscoco,A woman with an umbrella on a bicycle,76690,
360899,mscoco,A row of parked motorcycles sitting next to a white double decker bus.,54441,
15746,mscoco,A fire hydrant is standing amid some grass.,9685,
91063,mscoco,A passenger train that is leaving from the station.,53791,
429580,mscoco,People playing Frisbee with a drown and white dog.,93570,
235833,mscoco,A toilet is shown against a wall with wires.,79885,
30685,mscoco,Motor vehicles on roadway in urban city setting.,66343,
337563,mscoco,Two girls sitting on a bed eating bananas together.,17790,
310262,mscoco,A dog leaping into the air to catch a yellow frisbee.,78725,
497441,mscoco,A blue car and white truck next to bushes in yard.,38545,
480720,mscoco,A cat looking at his reflection in the mirror.,8149,
310052,mscoco,A couple of trains driving past each other near a platform.,42274,
507249,mscoco,Two bikes parked next to each other on a bike rack.,94634,
177173,mscoco,a double decker red bus stopped outside of a brick building,16461,
52726,mscoco,Red wrong way sign in front of a church,1487,
480345,mscoco,An adult giraffe grazing on tree leaves in a grassy field.,22630,
360767,mscoco,some people riding some bikes right by some boats,13704,
479195,mscoco,"A fire hydrant on the side of the road, it looks old.",53999,
374241,mscoco,a directory next to some snow covered benches,31625,
267343,mscoco,An adult giraffe standing in a field of tall grass.,61092,
402123,mscoco,A baby elephant walks in a fenced area next to old wood and a purple sun umbrella on the other side on the fence.,21512,
528604,mscoco,A man holding a child with a toothbrush in its mouth.,78253,
553761,mscoco,Two very pretty cats on the floor near each other.,60610,
140556,mscoco,these man are standing near a fire hydrant,19169,
491470,mscoco,"A snowy, icy, empty city street and a stoplight.",5226,
461248,mscoco,The crowd is waiting for the event to begin.,60474,
495311,mscoco,A small jet plane getting ready to be fueled at the airport.,65824,
106453,mscoco,A group of horse drawn carriages line up with each other.,91208,
269006,mscoco,A red double decker bus driving past very tall buildings.,20327,
277051,mscoco,two little sparrows standing on a table by a knife,48971,
148329,mscoco,A man holding a tooth brush up to his face.,6811,
332654,mscoco,A yellow and blue fire hydrant sitting on a sidewalk.,82168,
80756,mscoco,"A table is set with the fixings for bacon, lettuce and tomato sandwiches.",21368,
503668,mscoco,A shaggy dog lying on a green and blue blanket.,39868,
88513,mscoco,A graffiti covered truck parked in front of a building.,40588,
300903,mscoco,Two men in orange shirts and two men in white shirts diving for a white frisbee.,90573,
115006,mscoco,A baseball player swinging a bat with the catcher and umpire behind him.,79506,
550423,mscoco,Two men in suits look like they are singing,7650,
463653,mscoco,A herd of elephants walking around a river.,18114,
531299,mscoco,a person riding a skate board on a city street,59834,
30828,mscoco,"A person with an orange blanket covering them, sleeping on a wooden park bench.",94070,
297439,mscoco,Some cows in the grass by some water.,48457,
506416,mscoco,A train is travelling on a railroad track.,21553,
97924,mscoco,Three people are loading a horse into a horse trailer.,91846,
85772,mscoco,A young man taking a swing at a tennis ball.,44867,
116786,mscoco,Commode in brightly lit  area of old building.,90131,
19456,mscoco,A man carefully places the food on the pan as a small crowd watches.,31930,
267840,mscoco,a stop and go light on red out side of a building,55987,
113387,mscoco,a close up of a plate of food on a wooden table,7433,
406555,mscoco,a person sitting down in front of a couch,27644,
534275,mscoco,a person riding a small horse with a bus in the background,44016,
85823,mscoco,Two horses grazing on grass in the sun,48354,
315450,mscoco,Two large buses traveling down a busy city street.,74647,
499198,mscoco,A person holding a surfboard while standing in the ocean.,69417,
260433,mscoco,The road sign is visible for all to see.,57597,
170729,mscoco,A young lady sitting at a table covered in food.,24791,
126260,mscoco,A vintage photo from the 1950's of a small town street lined with parked cars.,65549,
241453,mscoco,A number of cattle outside some houses,19392,
373034,mscoco,"A girl laying in a hospital bed, a bandage on her arm.",61385,
282600,mscoco,A black bird eating an apple on the ground in the woods.,27527,
85338,mscoco,A white plate topped with bread covered in leafy greens.,3043,
176863,mscoco,The two zebra are walking in a single file line.,71470,
31817,mscoco,A man riding a motorcycle while eating food.,28948,
327590,mscoco,A red tray topped with three chili cheese and bacon covered hot dogs.,49439,
342442,mscoco,A couple of pieces of luggage sitting on the ground.,90564,
253520,mscoco,A white street sign sitting on the corner on top of a pole.,18127,
347557,mscoco,Three elephants in sandy area next to trees.,10528,
407225,mscoco,A women riding a bike with an umbrella.,57821,
574725,mscoco,A giraffe trying to cross a dirt road quickly.,15821,
166391,mscoco,A large and wide street covered in lots of traffic lights.,21028,
494480,mscoco,A brown dog standing next to a black dog as they fight over a frisbee.,41700,
272391,mscoco,lots of men in suits and one boy is sitting on some luggage,61141,
7050,mscoco,a woman in glasses and hat paddles a canoe,51499,
75600,mscoco,a purple red and white bus a man walking and some buildings,47165,
308889,mscoco,A black and white view of a double decked bus on the street.,7995,
122252,mscoco,a vehicle got an accident and a police officer looking,22117,
227044,mscoco,A black and white cat standing in a white bathroom sink.,78745,
134255,mscoco,a bus and some cars at a park like setting,53934,
161124,mscoco,Two skiers sliding down the hill on the pathway.,14174,
548223,mscoco,A woman taking a selfie while brushing her teeth with a tooth brush.,39795,
443499,mscoco,a couple of cats that are standing next to a building,19374,
249025,mscoco,An orange reddish rose in a vase filled with water on top of a table.,68992,
324927,mscoco,A plate of two slices of pizza and a cup of juice.,80658,
190160,mscoco,"Three with colored birds standing on a wet surface, each bird standing on one leg.",62975,
366822,mscoco,A group of friends huddled next to each other while holding snowboards.,10241,
368442,mscoco,A giraffe and ostriches that are in the grass.,90290,
574823,mscoco,A baseball player standing on the field in uniform.,87075,
129855,mscoco,A bare-chested man on turbulent ocean waves surfing,70588,
254930,mscoco,A man holding two cups filled with dessert.,15520,
88021,mscoco,An old time car with a suitcase on the back is on the field with other car.,82135,
275515,mscoco,A truck driving through a lush green field.,57222,
424521,mscoco,A shirtless man doing skateboarding tricks near a stream,38411,
159667,mscoco,A laptop computer sitting on top of a wooden table.,49770,
164095,mscoco,A zebra and an elephant investigating each other in a grassy area.,17896,
545288,mscoco,A person with some skis in the snow.,85897,
341719,mscoco,A group of people riding skis across a snow covered slope.,31528,
175994,mscoco,A yellow and rd train parked in a train station.,20537,
509590,mscoco,a little kid is holding an umbrella outside,15612,
196342,mscoco,An empty narrow bathroom with the sink outside of the door.,38516,
67608,mscoco,A large jet flying through a cloudy blue sky.,82714,
194724,mscoco,A pizza sitting on top of a plate next to a foil bag of food.,47837,
536166,mscoco,A cowboy riding a horse rustles up some cattle as other horses look on.,99714,
505455,mscoco,A group of people hiking up the side of a snow covered mountain.,1091,
272688,mscoco,The woman and baby are watching the elephant.,5130,
28039,mscoco,A herd of zebra standing next to each other drinking from a river.,63480,
547336,mscoco,The woman sits on the curb writing on a notepad near a fire hydrant.,15428,
163076,mscoco,There's an outdoor dining area featuring a fountain.,71571,
1153,mscoco,A banana that is sitting in a bowl on the table.,99647,
268049,mscoco,A retail sign is hanging above a stop sign alert for added effect.,50599,
291528,mscoco,A delicious banana and peanut butter sandwich is on display.,84768,
206933,mscoco,"lots of sheep grazing on a hillside, with people in background",94588,
304555,mscoco,A person on skis in the air during a jump.,66422,
329562,mscoco,The jet is about ready to take off from the runway.,85367,
110559,mscoco,"A tiled bathroom containing a vanity sink, toilet and bathtub.",55526,
522418,mscoco,A woman wearing a net on her head cutting a cake.,61187,
203024,mscoco,this is a man talking wearing a suit,78474,
393226,mscoco,A man who is walking across the street.,41649,
146831,mscoco,A person is riding a skateboard on a curved ramp.,44015,
31736,mscoco,"A field filled full of sheep, grazing and eating in the pasture.",37540,
218183,mscoco,a small child standing in a living room eating something,19671,
463599,mscoco,A man brushing his teeth while taking a selfie.,16117,
189376,mscoco,a room filled desks and computers a man and woman sitting listening and anther man with a camera,65870,
77648,mscoco,A couch and television in a small room.,4462,
373193,mscoco,A girl is sitting by her dog on the stairs.,55112,
571196,mscoco,The book is laying open on the bed.,2092,
150686,mscoco,A bus sitting parked on the cement near a building.,20557,
519088,mscoco,A garbage man is working down a street with his red garbage truck.,19516,
508538,mscoco,A group of people are meeting to discuss future plans about their skateboarding.,70909,
200116,mscoco,A beautiful kitchen with lots of windows and wooden cabinets.,17376,
28982,mscoco,A red stop sign sitting on the side of a road.,73970,
37751,mscoco,A person on dirt bike riding down a hill with mountains in background.,4728,
52949,mscoco,A sign warning drivers that there are children at play.,50736,
21779,mscoco,A woman is laying on top of a suitcase.,91469,
311922,mscoco,The two girls are in a photo booth trying on hats and  different fake ties.,97272,
79144,mscoco,Bear cubs play among the fallen tree limbs.,38500,
100895,mscoco,These children are sleeping in the same bed.,90049,
196355,mscoco,Two young boys on horses wearing pith helmets.,76840,
519853,mscoco,three people wading in shallow waters with a frisbee flying by,68010,
295668,mscoco,A pizza with several toppings sliced and ready to eat.,99143,
205451,mscoco,A boy attempting to mount an elephant in a wooded area.,68310,
466960,mscoco,Food sits on plates lined up on a counter.,86235,
421569,mscoco,A brown and white dog on street next to a blue car.,53008,
432120,mscoco,A dog hanging out of back door window in a car.,14351,
39368,mscoco,A large bus parked on a handicapped parking space.,53802,
451391,mscoco,A pile of leafy greens sitting on top of a table.,60487,
371945,mscoco,A train that is sitting on the tracks under wires.,6634,
426972,mscoco,A sparse room with a bed sitting in the corner.,9543,
439007,mscoco,a polar bear fully submerged in a small body of water,1581,
319721,mscoco,A brown horse standing next to a woman in front of a house.,91031,
460145,mscoco,A herd of sheep walking down a road in front of a silver truck.,98379,
104669,mscoco,A white plate served on a multi colored table cloth,34691,
34830,mscoco,A white urinal in a small red tiled bathroom.,73502,
448078,mscoco,a couple of vehicles are driving down the street,87122,
314396,mscoco,A case filled with different colored Frisbee on top of a table.,68482,
254033,mscoco,A black and white photograph of two zebras.,95001,
493641,mscoco,Two men are riding on horses in the middle of a field.,10770,
222054,mscoco,a large citi bus in the street around some trees,30329,
215324,mscoco,a couple of birds are standing in a field,33487,
301908,mscoco,An elephant puts his feet on the back of another elephant on a dry grassy field.,4406,
421834,mscoco,A large green bird feeder with a bird on it.,66034,
503837,mscoco,A group of young people riding motorcycles down a street.,53586,
326592,mscoco,A goat in a field with a dog running beside it.,63514,
514681,mscoco,A body of water with boats in city buildings in the background.,69673,
277390,mscoco,A group of people standing around a center kitchen island.,35014,
44244,mscoco,A young boy sitting on the back of a cart filled with luggage.,94813,
76249,mscoco,An intersection of wires and cables stretching over a traffic light.,21197,
434263,mscoco,Three sheep eating hay in a fenced in pen.,43025,
450324,mscoco,A train signal sitting on the side of train tracks.,91839,
515347,mscoco,A man wearing a tie and a jacket.,20015,
290165,mscoco,A large elephant standing on top of a grass covered field.,77171,
313718,mscoco,A man tending to a brown horse next to a white trailer.,78014,
522554,mscoco,A bench in a park covered in lots of snow.,73770,
401758,mscoco,A dog kissing a cat on top of a cement road.,82011,
344222,mscoco,A jar filled with different types of fruit on a table.,62922,
227227,mscoco,A woman sitting in a car holding a small white dog.,6664,
493205,mscoco,"A white toilet with its seat up, and a roll of toilet paper",4015,
298316,mscoco,A statue of Fry form Futurama holding a skateboard.,19506,
449296,mscoco,A kitchen sink with cupboards of dishes stored above it.,39397,
138086,mscoco,Two pizzas on wooden plates on a table with a pizza cutter and drinks,23906,
62540,mscoco,A polar bear sticks its head in another polar bear's butt.,50585,
253732,mscoco,A plate with half a sandwich and an ear of corn still in the husk.,84509,
199257,mscoco,a green sign on a pole with a street light,50953,
512985,mscoco,A person standing on a beach with surfboard.,23009,
283054,mscoco,A fire hydrant placed in the street just off the curb.,75004,
158384,mscoco,A desk that has two computer monitors on it.,30234,
569893,mscoco,A horse attached to a carriage on a street.,73583,
411065,mscoco,A cat on a bed looking at a laptop,97437,
43305,mscoco,A baseball player is in mid air jumping toward a base.,43303,
27569,mscoco,Three people standing next to each other holding ski equipment.,26445,
461009,mscoco,A man holding an apple between his fingers.,16252,
529981,mscoco,Many horses stand in a field and eat grass,26721,
71357,mscoco,a big train passes next to a side walk,1419,
338949,mscoco,Ingredients for making sandwiches are displayed on a plate.,12877,
345881,mscoco,a plate with a sandwich and chips on a table,4255,
78260,mscoco,A clean kitchen island with plants on the island.,57552,
284465,mscoco,A group of children playing a game of soccer.,5313,
572399,mscoco,A toilet in a bathroom suspended in the air,24185,
171595,mscoco,The brown dog looks threw the diamond openings on the bench.,47397,
214671,mscoco,A cat sitting on a blanket on a table.,59407,
460390,mscoco,Many skiers are descending the snow covered slope.,83213,
91349,mscoco,A group of baseball players standing on top of a field.,87422,
499388,mscoco,A car driving down the road in a neighborhood.,19805,
351477,mscoco,Four children in the snow learning to ski.,42894,
239980,mscoco,A stoplight and a street sign in California.,45432,
568238,mscoco,Two dogs playing with a disc in the grass.,28428,
132702,mscoco,Two vegetables are lying on a napkin on a table.,57783,
19443,mscoco,a motorcycle is hanging in the air with plants on it,17353,
269417,mscoco,The dog is wondering if he will get to have a piece of the roast tonight.,82843,
347650,mscoco,A dog is laying in a chair in front of a book shelf.,50749,
238228,mscoco,An old photo of a man playing tennis on a grass court.,11250,
402433,mscoco,A pizza sitting on top of a pan in the oven.,11229,
282365,mscoco,An elephant walks through th ejungle to eat.,35036,
46323,mscoco,a close up of two zebras in a field with trees,50750,
524061,mscoco,A skateboarder performing a trick on the edge of a ramp.,26052,
69698,mscoco,A slice of pizza sits on top of a plate.,9211,
283412,mscoco,A little poodle puppy laying near a newspaper with a look of guilt.,44983,
370210,mscoco,Two dogs in a car looking out the window.,72155,
153797,mscoco,A baseball player throwing a pitch onto the field,73709,
358103,mscoco,A lucky bamboo plant in the window of a small bathroom.,28360,
517946,mscoco,THERE ARE PEOPLE THAT ARE TAKING A WATER RAFT,55914,
94113,mscoco,"The bathroom is multi-colored containing black, white, and green.",57186,
167792,mscoco,The skateboarder is trying his trick in the garage.,98425,
35694,mscoco,'A pizza topped with cheese and meat with bacon.,86522,
92675,mscoco,"Man in white suit, riding white horse in ceremonial procession.",21664,
572453,mscoco,Women holding a toddler looking at a horse.,53115,
186130,mscoco,A person cutting up an ice cream cake sitting in the box on a table.,2367,
311309,mscoco,A woman holding an orange frisbee standing on a lush green field.,90087,
314836,mscoco,An old tour bus for Buddy Holly and the Crickets,90344,
58139,mscoco,A cat laying on top of a pillow on a bed.,83015,
183715,mscoco,"A frosted cake that reads ""congratulations kate and luke on your upcoming arrival.""",10810,
87481,mscoco,A fire hydrant covered in snow on a sidewalk.,65667,
85097,mscoco,A train parked in front of a train station.,49127,
397109,mscoco,A park bench next to a serene lake.,29384,
430791,mscoco,Red ties hanging like nooses in a museum.,88826,
91912,mscoco,A swimming pool with lanes marked for racing on the water's edge across from a large city.,47839,
11340,mscoco,A large elephant walking next to a man,68700,
466652,mscoco,A white bus parked on the side of a road.,32882,
516879,mscoco,A cat laying on top of a wooden cutting board next to a knife.,91825,
178618,mscoco,A dust cloud has formed in front of an elephant.,93360,
378765,mscoco,a black bear rests it's head on a tipped over log,55191,
538828,mscoco,A traffic light sitting next to a tree near a sign.,61937,
364009,mscoco,a man standing next to a pink bus in front of a building,82156,
185633,mscoco,"A bathroom has a bathtub, sink and window in it.",31420,
34193,mscoco,A painting of two bears with a mountain in the background.,25855,
24396,mscoco,"On a small stage, a stylish motorcycle sits on display.",5641,
144941,mscoco,This is an image of the inside of a nice bathroom.,75142,
263966,mscoco,A large grey horse is behind a wooden fence.,60237,
105622,mscoco,A man walking next to a bench holding a colorful umbrella.,11577,
141317,mscoco,A pan with three pieces of pepperoni pizza.,46675,
88682,mscoco,A group of people set on the ground talking in a park.,33358,
310669,mscoco,Two big brown horses pulling a cart filled with people.,96758,
249532,mscoco,a man pets a horse as others look on,80216,
506279,mscoco,a close up of a glass of wine on a table,31497,
438269,mscoco,There is a bird standing in the sand.,74542,
115709,mscoco,A photo of a restroom containing two toilets.,1999,
214646,mscoco,A man with white shirt and lose tie with messed up hair.,69806,
78371,mscoco,A small airplane taking off from an airport runway.,7993,
408138,mscoco,A blue and white double decker bus next to a barrier.,37264,
83462,mscoco,A cluttered desk in an office cubicle near other cubicles.,37593,
485710,mscoco,A skier is turning a corner while going downhill.,77607,
538858,mscoco,A baseball player pitching a ball on a field.,99767,
413404,mscoco,A park with lots of benches under trees.,14597,
368088,mscoco,A herd of horses standing on the beach near the water,12322,
122745,mscoco,A stop sign is lit up in the dark of night.,4162,
98392,mscoco,A large clock tower in the middle of a street.,36200,
52232,mscoco,A bed in a hotel room with doors leading to a balcony.,78861,
54967,mscoco,A city street with cars and street lights.,15245,
188386,mscoco,Antique black and white photograph of two men sitting in a field,79776,
126192,mscoco,A giraffe running across a grass covered field.,63360,
223959,mscoco,A man holding a tennis racquet on a tennis court.,4217,
397135,mscoco,several horses pulling two carriages across sand next to a body of water,39748,
72839,mscoco,A person who is playing piano under an umbrella.,3146,
432732,mscoco,A deer standing next to a zebra on a field.,86937,
43165,mscoco,Two zebra standing next to each other on a field.,60753,
424392,mscoco,A closeup of two zebras standing near one another,26108,
339022,mscoco,The two men are riding their motorcycles in the parking lot.,64880,
322887,mscoco,An orange road construction sign near a curve in the road.,34211,
104676,mscoco,a small herd of sheep and a ram eating grass,99956,
423810,mscoco,A few Zebras are standing in the wild together.,52223,
127660,mscoco,A girl with a black eye and pig tails sits in a suitcase.,54514,
545407,mscoco,A side view of a plane flying in the clear blue sky,47664,
178592,mscoco,An elephant leading a baby through a Savannah plain.,33553,
540449,mscoco,A medium-sized black dog lies in the back of a car.,46896,
251379,mscoco,A parking meter with two heads stands on the street.,10804,
49761,mscoco,A herd of cattle and zebra standing next to each other on a  field.,17403,
327005,mscoco,A man standing on surf board holding a paddle in a harbor.,62464,
504452,mscoco,A man riding a bike down a street next to a giant panting.,9990,
240972,mscoco,The bedroom has a chair and a fireplace.,23743,
414481,mscoco,A black and white cat sleeps next to a stuffed bear.,3457,
158354,mscoco,a white cat sits underneath an umbrella,95781,
518850,mscoco,A motor cycle rider riding on a street with bikes parked on either sides,11624,
472860,mscoco,A boy is soaking wet yet still jumping high for a frisbee catch.,24002,
304560,mscoco,A black ct with green eyes sitting in the sun.,29615,
182233,mscoco,A aqua colored truck carrying a wide load down the street.,26207,
278705,mscoco,Two young men skate down an urban road.,78736,
475359,mscoco,Someone is stuffed in the black suitcase on the floor,31537,
368940,mscoco,a bathroom with a mirror and a sink,25715,
406873,mscoco,a large elephant that has people on its back,96906,
285599,mscoco,An elephant and birds in a grassy area by trees.,66841,
436555,mscoco,Person holding an umbrella in the shape of a frog.,68310,
142318,mscoco,A large horse in an enclosed field eating grass,98605,
138527,mscoco,a long train going along the train tracks,79731,
153011,mscoco,A couple of food trucks parked in a parking lot.,9296,
438107,mscoco,White swans in the water and on the grass with one taking a close eye on the camera.,7198,
475667,mscoco,a giraffe in a field with another in the background,66650,
335585,mscoco,A person selling some food on the side of the road.,61588,
153832,mscoco,A small train ride with little tracks through the grass,85657,
563926,mscoco,a truck getting something dumped into it with a sky in the background,650,
488693,mscoco,A man standing over a white bucket on top of a sandy beach.,74595,
234387,mscoco,Three donuts in a box that is open and on a bike.,31782,
391735,mscoco,A man kneeling down beside the street and a yellow building.,84625,
319342,mscoco,Adult surfer riding small breaking wave on open ocean.,83884,
337160,mscoco,there is a baseball game on and many people watching it,99904,
232598,mscoco,A man holding a pizza pie with a section missing.,64347,
283984,mscoco,A bunch of packages are sitting outside of a building.,16164,
151299,mscoco,a man flying through the air while riding a snowboard.,37288,
499989,mscoco,Giraffe in its natural habitat snacking on a tree,85908,
54513,mscoco,A bunch of ripe bananas sitting on a plate.,96598,
14278,mscoco,A blurry image of a busy city street at night,31477,
110138,mscoco,A group of red and yellow buses parked side by side in a parking lot.,18420,
15667,mscoco,There is a yellow fire hydrant on the side of a street.,76589,
483742,mscoco,A couple of sheep standing on a lush green field.,65673,
40937,mscoco,A car with a wheel lock on its wheel next to a parking meter.,30452,
344773,mscoco,"A grey, white and black duck next to water.",70700,
416256,mscoco,A cat laying on the floor next to a keyboard.,24876,
81943,mscoco,There is a white toilet with red tiled floors,32459,
566998,mscoco,A cat holding a remote control while laying on a couch.,75825,
192594,mscoco,A view of an empty city street at night,61973,
134285,mscoco,A man on skis gliding through the snow.,58749,
87476,mscoco,A young man riding a skateboard with an older man.,31054,
308630,mscoco,Person with cross-country skies and poles standing in the middle of a trail.,48902,
322106,mscoco,A woman sitting next to a man next to luggage.,98383,
69535,mscoco,Two halves of an orange sit on wood.,40855,
70636,mscoco,Several brown horses are standing in a field.,44217,
576084,mscoco,A man milking a cow during the day.,25381,
522703,mscoco,Looking down at a cheese and broccoli pizza on the stovetop,94309,
45105,mscoco,A couple of men riding on the back of an old truck.,7093,
30353,mscoco,A passenger train is coming down the tracks,97328,
419363,mscoco,A little girl sitting on a plastic elephant toy.,97395,
460967,mscoco,A colorful bus parked in a lot beside a tall building with many windows.,21165,
190041,mscoco,A man riding a skateboard down a brick sidewalk.,55979,
219216,mscoco,a large lake and a forest behind it,56420,
387355,mscoco,A polar bear in a zoo nibbling on a branch,9184,
474680,mscoco,A  nice looking motorcycle in a cityscape,91539,
399666,mscoco,A man jumping through the air catching a frisbee.,71398,
17667,mscoco,A long red boat traveling under a bridge on a river.,73964,
309317,mscoco,there is a woman posing with a very large sandwich,70443,
456865,mscoco,An airplane just landed on the runway,75710,
166056,mscoco,A picture of water with an intersection as a backdrop.,80112,
503404,mscoco,A couple of semi trucks parked next to each other.,91473,
365945,mscoco,A bed with a red flowery blanket in a bedroom topped with pillows.,2953,
492067,mscoco,An airplane flying over a man standing in the ocean.,89762,
459967,mscoco,A group of carrots are displayed on a counter.,41607,
466921,mscoco,A street with market door openings is empty.,45188,
401221,mscoco,An airplane in the sky with a group of clouds behind it.,17125,
226220,mscoco,A cat is sleeping on the arm of a couch.,70855,
8211,mscoco,Two men talking to each other on a street corner,91655,
312559,mscoco,A bus is coming around a bend near a traffic light.,24903,
134537,mscoco,Center city street lit up by a series of light displays.,50217,
322791,mscoco,An airplane is doing tricks and emitting smoke.,65938,
245818,mscoco,a man in a uniform checking out the wreckage of a bus crash,15155,
25165,mscoco,A hand holding a remote control next to a bottle of pills.,56743,
151670,mscoco,A white toilet sitting in front of a brick wall.,14269,
441287,mscoco,A couple of men walking with a large elephant.,15611,
17364,mscoco,A woman and a man walking down a street carrying luggage.,21663,
511546,mscoco,The colorful cake with candles is shaped like a horse.,3419,
288824,mscoco,A city street with a firetruck driving down it,86414,
219315,mscoco,Pastry and bottle of liquid on table with various bottles,92848,
184446,mscoco,Two baby elephants laying in a puddle of mud,2772,
121677,mscoco,A cake sitting on top of a table next to a pie.,56746,
42267,mscoco,A baby elephant is nursing while another elephant eats hay.,62796,
396432,mscoco,A small black pug is wearing a sweater and Santa Claus hot.,65009,
190204,mscoco,A train with people sitting on it traveling through a countryside.,41886,
427865,mscoco,Some cows are hanging out on the beach.,3762,
350488,mscoco,A zebra grazing on grass near a river.,79312,
580983,mscoco,there is a man on a skate board doing a trick,63119,
496264,mscoco,A giraffe stand in front of large rocks and looks at a tree.,46500,
73503,mscoco,A woman in black jacket next to a black horse.,43704,
6180,mscoco,A train traveling through a forest with tall trees.,70984,
199989,mscoco,A group of four people standing next to each other.,98513,
421009,mscoco,A giraffe is standing erect on a dirt path and grass and trees are in the background.,32672,
359925,mscoco,A horse is pulling two people in a carriage on a street.,7402,
287846,mscoco,"A dog holding a ball in its mouth, near the water.",45243,
352895,mscoco,a parked train sits next to some people walking in a depot,91404,
166840,mscoco,a person riding a skate board at a skate park,37741,
465092,mscoco,A hallway with two wooden benches and large windows.,84338,
167122,mscoco,an image of a night scene with a cat on top of a car,75175,
341857,mscoco,Two men and a woman posing for a picture.,60842,
499716,mscoco,a herd of zebras sniff around a caged area,52158,
485142,mscoco,A female skateboarding barefoot with a purple effect applied to background.,80204,
551692,mscoco,A ship traveling along a body of water.,10385,
203539,mscoco,people that have their face painted holding a cell phone,73622,
172710,mscoco,A woman kisses a man as they sit on a motorcycle.,7315,
548878,mscoco,A snowboarder doing a trick in the air with a building behind,23920,
278749,mscoco,a black and white photo of a person holding a sign,59218,
574413,mscoco,Three people standing on the back of an elephant.,18811,
365766,mscoco,"A kitchen area with a stove, sink and microwave.",33812,
454818,mscoco,A large brown dog laying inside of a car.,8029,
39484,mscoco,A variety of cars on a street with buildings.,91195,
25158,mscoco,A little girl holding a red frisbee while wearing a pink visor.,1132,
329827,mscoco,A person on skis skiing down a mountain.,75362,
253755,mscoco,A lake with a rail bridge and traffic bridge over it.,69104,
497664,mscoco,A white and blue bus sitting on the side of tall buildings.,83297,
557127,mscoco,A road with cars on it and a traffic light.,41962,
562101,mscoco,white snowy mountain with a man stand in skies with a yellow jacket and red black pants,52670,
172319,mscoco,a park with flowers on a sunny day.,83262,
290595,mscoco,A simple wooden bench is in the woods.,45791,
577949,mscoco,a street pole with some signs sitting on them,71820,
164104,mscoco,An ostrich and zebra fenced in with each other.,51396,
350833,mscoco,A cream colored bathroom is clean and empty.,12802,
409239,mscoco,An uneaten traditional pizza served at a table.,26379,
397719,mscoco,A rear view of some drinks on a sandy beach.,17245,
236308,mscoco,A couple of people riding skis down a snow covered slope.,83760,
490702,mscoco,A cat wearing a collar is looking in a mirror.,31138,
117725,mscoco,A view of a building with two clocks on it.,26047,
236690,mscoco,A white and gray bird soaring over the blue ocean.,77276,
448657,mscoco,there is a horse and a jockey jumping over a obstacle,53888,
133537,mscoco,People walk down the platform next to an Amtrak train.,4421,
273772,mscoco,a small pamphlet is sitting on a benches arm,6992,
358247,mscoco,A bunch of bananas bundles together with a lady taking pictures,31287,
163260,mscoco,Two people pose for a picture while holding up their skis.,72535,
195079,mscoco,A pile of luggage sitting behind a parked car.,51010,
571596,mscoco,"The view through the door of a small, tiled bathroom.",28466,
16977,mscoco,A car that seems to be parked illegally behind a legally parked car,19959,
284772,mscoco,A dog swimming in a poop with a Frisbee.,41271,
92016,mscoco,A bathroom mirror with a chrome towel holder and faucet and a window above.,49332,
526962,mscoco,A cat laying on it's back playing with a yellow toy.,94000,
504635,mscoco,Three zebras are standing in the grass by the trees.,85033,
383389,mscoco,A multi colored bus with people loading it,36697,
92028,mscoco,a man well dressed posing at the photo,28264,
347819,mscoco,There is some tuna and a potato on a white plate.,88169,
144058,mscoco,A view of the harbor with ships moored on a very foggy day.,3777,
223033,mscoco,Two hot dogs on buns sitting on top of a paper plate.,63540,
544009,mscoco,A small grey rat floating in the bowl of a toilet.,12028,
452461,mscoco,A couple of trains traveling down the tracks.,42073,
488278,mscoco,China Airlines plain on the ground at an airport with baggage cars nearby.,66120,
381925,mscoco,A woman sits on a bench with her hand up.,2544,
244303,mscoco,a few men play drums in a big celebration,6235,
65170,mscoco,A woman is sitting on a bench in front of the water.,3722,
161772,mscoco,A large sliced pizza on a plate on a table.,5825,
253693,mscoco,Three zebras in a field of dry brush.,8113,
418933,mscoco,a stuffed animal and a figurine are sitting on a bench and water,92175,
559614,mscoco,a rusty flatbed truck sitting by a building,75080,
423165,mscoco,a barthroom with green walls and a  purple rug,21104,
125182,mscoco,A large neon sign sitting next to a green traffic sign.,27028,
296014,mscoco,a couple of people on a boat on a river,12479,
245242,mscoco,"a wooden cutting board with cheese, bread and a knife on it.",24318,
45746,mscoco,An updated kitchen with modern stainless steel appliances.,92722,
44732,mscoco,Two birds sitting on top of a branch on a tree.,9813,
168243,mscoco,The girl with blue hair stands under the umbrella,78146,
386633,mscoco,A stop sign is hanging from a metal post.,32959,
115182,mscoco,Three zebras walking in a row through dirt.,89300,
231895,mscoco,A cute little white cat sitting on a keyboard.,56758,
562686,mscoco,A train crosses a bridge in a large city.,87380,
365623,mscoco,a jet airliner wing that has two jet engines,90407,
527962,mscoco,a narrow alley with signs and buildings down it,52876,
99177,mscoco,Two people laying on top of green grass under a white umbrella.,24140,
413358,mscoco,A person holding a sausage on a bun with peppers.,87229,
213171,mscoco,a boy dressed in a baseball uniform standing in a field.,66375,
485413,mscoco,A person on a horse jumping over a rail.,4931,
14450,mscoco,an image of a train that is going down the tracks,96703,
18442,mscoco,A close-up of a plate of pasta containing broccoli.,88668,
232900,mscoco,"A red and white bus sits in front of a large, stone house.",66035,
257421,mscoco,A man sitting at a table in front of a laptop computer.,54244,
73665,mscoco,Man on street appearing to be dancing or skipping sideways. .,28462,
4592,mscoco,a woman with a hat swinging a tennis racquet,79305,
84389,mscoco,A bench on top of stone tiles surrounded by trees.,86792,
22718,mscoco,The airplane flies low to the ground during sunset.,76120,
213023,mscoco,A zebra standing on the grass holding its head near the ground.,27941,
342770,mscoco,Young man on side of the road pointing at a truck.,37468,
315565,mscoco,Two aging gentlemen of religious persuasion smile kindly.,11747,
264044,mscoco,A couple of red umbrellas sitting outside of a small brick building.,33136,
240605,mscoco,Here is a scale weighing a tan piece of luggage.,97103,
343481,mscoco,a bunch of sheep all chillin together in a bin,62823,
252280,mscoco,A bunch of bikes parked in bike racks.,86269,
4069,mscoco,Black and white photo of two men riding bikes.,57295,
139734,mscoco,A close up view of some fresh produce.,83178,
105303,mscoco,A person that is sitting on a bench.,82758,
349021,mscoco,Thomas the tank traveling down train tracks next to a  bush.,11724,
458424,mscoco,A dog  seated on a car parked near the road,82598,
234500,mscoco,A child eating a sandwich with relish on it.,86693,
391214,mscoco,A red surfboard is sticking up from the ocean waves.,92379,
288799,mscoco,A train car riding the railroad in a city.,41737,
404338,mscoco,A pole with multiple traffic signs near trees and bushes.,42564,
9679,mscoco,A suitcase bag packed with roller skates hanging from the top and back of it.,67282,
92377,mscoco,A bird is perched on the arm of a bench.,82830,
104965,mscoco,A stop sign and a cart on the side of the road.,31129,
84767,mscoco,Two people on skies in the snow,83476,
517623,mscoco,Three red two deck buses along a city street.,58088,
575205,mscoco,A small plane is preparing to land on the strip,11137,
373060,mscoco,A crowded city street filled with traffic and pedestrians.,78003,
403950,mscoco,A group of zebras grazing in a field.,35304,
451798,mscoco,A red wall is the collection place for a large collection of colorful ties and hats.,16816,
460294,mscoco,A group of women walking across a parking lot with umbrellas.,90104,
480275,mscoco,A wooden wagon with wheels topped with bunches of bananas.,91972,
298689,mscoco,A man grabs the back end of his snowboard as he soars off a jump.,56178,
408439,mscoco,Cliffs rise on the edge of a placid lake.,54646,
31390,mscoco,Young men playing frisbee in a grassy field.,98233,
441245,mscoco,A row of motorcycles are parked in a parking garage.,54502,
127535,mscoco,A big basket that is holding a lot of ripe bananas in it..,63544,
581913,mscoco,Four donuts in a box with a variety of frostings.,18732,
18654,mscoco,A man that has fallen off a bucking horse at a rodeo.,50723,
89541,mscoco,A tray of fruit and a muffin on a table.,22411,
409221,mscoco,a person on his back on the ground playing with a frisbee,96524,
298697,mscoco,Horses are standing in an open field in the grass.,6223,
112582,mscoco,a young boy in blue is standing in the snow,1367,
180357,mscoco,Three women perform a dance with traditional umbrellas.,86701,
153717,mscoco,A man tossing a frisbee on top of a green park.,33721,
566771,mscoco,A man is excited as he stands up and delivers a speech.,16196,
315769,mscoco,"A double decker bus traveling down he street, past a Ferris wheel.",94990,
52638,mscoco,Children taking a ride on an enjoyable ride on an elephant.,34889,
267088,mscoco,A couple of giraffe standing next to each other.,31184,
488697,mscoco,A couple of young men playing a game of frisbee.,98848,
343680,mscoco,a small white dog is standing up against a table,79318,
22420,mscoco,A library or store is full of books.,77542,
365540,mscoco,Statue artwork carrying red umbrella in man made pond.,91521,
34662,mscoco,A couple of sheep sitting on top of a lush green grass covered hill.,95120,
425634,mscoco,a train sitting on the rails under power lines,19163,
10977,mscoco,A bath and a toilet in a small room.,90771,
379585,mscoco,The man in a sweater vest is smiling for a pose.,52391,
517795,mscoco,two sheep next to a wooden structure behind a fence,49736,
419223,mscoco,Several young soccer players playing soccer on a field.,81416,
84492,mscoco,A skateboarder grinds down a railing in front of buildings.,40372,
474920,mscoco,A duck walking in the dry grass near a lake.,8201,
309510,mscoco,A man riding skis down the side of a snow covered mountain.,10277,
193069,mscoco,A blue and white train engine pulling lots of brown train cars through a rural area.,34485,
282804,mscoco,Cows standing next to a brick wall on top of straw.,6756,
569705,mscoco,A plane sitting on top of a dirt field next to another plane.,19972,
442175,mscoco,"Old, tusked elephant eating grass with his buddies",48980,
515577,mscoco,Two skiers prepare to make their way past an embankment,35281,
6437,mscoco,A polar bear licking its paw while grooming.,13494,
103127,mscoco,A car's side mirror shows a dog sticking his head out of the window.,50781,
105234,mscoco,A man and woman standing in front of a cake.,30940,
318200,mscoco,A woman holding a umbrella next to a man holding a baby and several other people waiting to cross a street.,22136,
518440,mscoco,Hot dogs in buns with fruit salad on a plate,97221,
203478,mscoco,A street scene with a double-decker bus on the side of the road.,64913,
460507,mscoco,A plate topped with a cut in half sandwich and a bowl of soup,98413,
61782,mscoco,A walk in a shower sitting next to a sink under a mirror.,97510,
237881,mscoco,A person leading a herd of sheep with a dog.,3361,
342814,mscoco,A couple of green buses driving next to a roller coaster.,47360,
161990,mscoco,Train with four cars traveling through the wooded area.,97430,
577995,mscoco,A bed with two books and pillows on it.,89020,
181601,mscoco,an image of a bird perched in a tree,22193,
269606,mscoco,the animals are walking and grazing on the grass,90852,
556597,mscoco,a big jumbo jet sits parked next to another plane,79240,
182469,mscoco,A stop sign sitting above a road barricade.,78932,
154607,mscoco,"An old, rickety wooden  bench near the woods.",89541,
309938,mscoco,The brown fuzzy dog has round blue eyes.,88896,
534983,mscoco,two orange gray and black birds sitting in a tree,90673,
304875,mscoco,Two zebras grazing in a grassy field with a forest behind them.,40992,
217936,mscoco,Women are playing tennis on a blue court.,36038,
51948,mscoco,Two zebra standing next to each other on a  hillside.,48642,
386032,mscoco,A bus drives through an intersection in a suburban area.,57928,
84889,mscoco,Bunches of bananas are displayed in a shop.,44962,
120357,mscoco,A man cutting a wedding cake in a kilt with his bride.,18595,
431197,mscoco,"A bathroom with a sink, paper roll, toilet, towel rack and mirror.",72863,
6861,mscoco,A white toilet bowl with a plunger standing near it,25196,
199977,mscoco,The airplane in the sky is doing tricks while spitting out smoke.,45429,
407386,mscoco,A black and white cat in front of a laptop and a monitor.,501,
310072,mscoco,a metal bench resting on a sidewalk with cars on a street in the background,91900,
455966,mscoco,Variety of fresh vegetables displayed on white surface.,844,
9801,mscoco,A person near a bike and a car on a street.,57407,
478550,mscoco,A man riding skis down a snow covered ski slope.,78369,
116521,mscoco,A large cheese pizza coming out of an oven.,18019,
267837,mscoco,A person snowboarding down a snow covered mountain.,17635,
323853,mscoco,A closeup of pink and yellow fruit in a tree.,17025,
259513,mscoco,a  man shearing the wool off a sheep,94009,
392108,mscoco,A beautiful woman in a bikini surfing with her dog.,87404,
155617,mscoco,A small bathroom with a checker board  wall.,86039,
124013,mscoco,Two young girls riding on a horse together with an older girl walking next to the horse.,40408,
211063,mscoco,A humming bird mid flight preparing to land on a tree,68714,
244550,mscoco,This is a picture of horse going over a obstacle in a race.,38769,
388298,mscoco,A white toilet sitting next to a wall outdoors.,42668,
93534,mscoco,A woman holding a birthday cake with lit candles.,94703,
522443,mscoco,Dessert and a bottle of alcohol sitting on a table.,87976,
106150,mscoco,A chicken dish with broccoli and mashed vegetable with bordeaux wine,58634,
38919,mscoco,Those horses have stopped to rest along the side of the road.,20358,
38732,mscoco,A towel rack in a bathroom topped with two stuffed animals.,52341,
95283,mscoco,A red fire truck driving into a parking lot.,57498,
408363,mscoco,A parking meter with a no parking sign on it.,46882,
439651,mscoco,A cup of coffee sitting next to a computer keyboard.,84555,
380828,mscoco,A man admiring a dog on a bench made of books.,55377,
34452,mscoco,A man bending over in the woods with a frisbee in each hand.,20056,
21604,mscoco,A man in a suit is wearing a lit up tie.,42802,
478407,mscoco,A nerd eating a slice of pizza on a paper plate.,78954,
214255,mscoco,An orange traffic cone sitting in the middle of traffic.,93293,
376233,mscoco,A girl eating a sandwich in a public place.,94852,
87681,mscoco,A boy in a white shirt jumping a gap on a skateboard.,84513,
485731,mscoco,A small kitchen with a stove and counters.,5637,
14869,mscoco,A park bench siting next to a tree next to a  park.,14001,
109488,mscoco,A case with a pink and green pattern.,21659,
497392,mscoco,There are bag on a bed in a hotel room.,23433,
485219,mscoco,A baby elephant standing next to a small watering hole.,81410,
123663,mscoco,A train is traveling fast down a track.,57432,
455203,mscoco,a cat laying on a laptop and looking like it has glowing eyes,62200,
93068,mscoco,A cart full of bananas next to boy in red hat.,99588,
549937,mscoco,A boy in a white shirt does a skate board jump.,27850,
292456,mscoco,A man and a woman on a blue motorbike are picking up a piece of luggage from a man.,35043,
178761,mscoco,A dog and a goat with their noses touching at fence.,58805,
443952,mscoco,Inside of a bathroom with a sink and toilet.,6800,
534270,mscoco,Man and woman with umbrella hats sitting on top of a bridge.,5175,
121826,mscoco,a close up of a tray of food with a sandwich on a table,22771,
409842,mscoco,A shower door with a white towel hanging from it.,85216,
416220,mscoco,A city street lined with vintage cars and pedestrians.,67250,
283858,mscoco,A little boy riding a skateboard down the side of a ramp.,83880,
243912,mscoco,A man sitting down holding a brown dog wearing a blue tie.,92720,
208311,mscoco,Small skateboarder taking a jump on top of his board.,4525,
527447,mscoco,a mountain that has some skiiers on it,31314,
139740,mscoco,A train engine at a station with vehicles beside it.,50981,
547309,mscoco,a night time photo of a cab over truck,73521,
579008,mscoco,A very cute cat laying in a very small sink.,63958,
216333,mscoco,A large tower of different sized and colored luggage.,1307,
546626,mscoco,A smart phone sitting on top sitting on top of a wooden table.,94620,
467821,mscoco,A man standing on top of a skateboard ramp.,69742,
568150,mscoco,Inside of a bathroom with an incomplete toilet and bathtub.,44266,
7394,mscoco,A man walking down a street holding an umbrella.,49229,
93140,mscoco,A kitchen filled with hard wood flooring and appliances.,8331,
372161,mscoco,The two zebras are standing together outside by the dirt road.,86325,
396338,mscoco,A couple of cars on a city street.,84912,
100245,mscoco,A crowded ski slope filled with people riding snowboards and skis.,16024,
153543,mscoco,A woman riding a paddle board with a little boy.,89550,
309391,mscoco,Many electronic wires pass over the road with few cars on it.,91057,
62220,mscoco,two animals grazing in an open field next to some trees,56903,
191218,mscoco,"A Philly steak sandwich with sliced beef, onions, and cheese on a bun.",72510,
65124,mscoco,a messy bathroom with a toilet and toilet paper,50357,
147685,mscoco,A man holding a pizza paddle taking a pizza out of an outdoor oven,21725,
212384,mscoco,A giraffe and zebra cake sits against a neutral backdrop.,88157,
348216,mscoco,Your guess is as good as mine as to what these objects are.,96459,
137369,mscoco,A silver motorcycle parked next to a forest filled with lots of trees.,56832,
130225,mscoco,Two people standing in the grass flying a kite.,16727,
306949,mscoco,"a cat takes over a human's chair, and their book.",88017,
312724,mscoco,A group of different animals are grazing in the wild.,39079,
507042,mscoco,Three giraffes stand near the fence of their enclosure.,827,
152771,mscoco,A bike in the middle of an empty parking lot next to trees,36126,
248129,mscoco,A red and blue truck driving down a street.,72028,
260765,mscoco,A young colt is running beside an adult horse.,92557,
478155,mscoco,Trays of snacks and a bottle of wine.,32814,
250745,mscoco,Two sheep standing next to each other in a field.,12615,
220255,mscoco,A large commercial airplane sitting on the runway.,43305,
414133,mscoco,A sign on small post in grass corner of residential parking lot.,12688,
199641,mscoco,A dog leaping outside to catch a frisbee.,34955,
384594,mscoco,A red commuter train passing through a train station.,26093,
328818,mscoco,The woman is tying her shoe on a bench next to a parked bicycle.,10036,
530367,mscoco,A white cat laying on a zebra striped blanket.,92919,
107853,mscoco,A woman flying through the air while riding a skateboard.,55588,
279136,mscoco,A stop sign has some graffiti on it.,46110,
536366,mscoco,A red stop sign sitting under a green street sign.,47757,
324789,mscoco,A paper plate with coleslaw and a half sandwich with red onions and a fork.,40239,
358901,mscoco,A white truck driving down a curvy road near trees.,5515,
467467,mscoco,A group of elephants standing behind a wire fence.,80588,
225784,mscoco,this is a white bike with a light on it,52789,
45603,mscoco,A brown cat is sitting in front of a mirror.,24301,
121260,mscoco,A giraffe walking across a lush green field.,33801,
323528,mscoco,A city bus crosses an intersection of a crowded neighborhood.,21167,
167529,mscoco,A bathroom sink sitting under a bathroom mirror.,62480,
196047,mscoco,a bathroom with a toilet and a bath tub,69806,
120441,mscoco,A man in a baseball uniform throwing a baseball bat.,79157,
71573,mscoco,A man doing a jump on a skateboard,90337,
308466,mscoco,"A bathroom containing a toilet, sink and bathtub with shower, with no accessories.",79241,
360902,mscoco,A sandwich with meat next to a pickle and a cup of potatoes.,93923,
406997,mscoco,A family standing around a small white sheep.,49354,
219485,mscoco,Cat in window sill of colored panes on building,865,
459665,mscoco,A shot from behind home plate of children playing baseball.,89528,
396274,mscoco,A plant in a garden near a white building.,59117,
354753,mscoco,A street with traffic lights and cars at night.,85424,
92181,mscoco,A few sliced of olive pizza sitting on a white plate.,90189,
555686,mscoco,A woman posing and riding on a red motorcycle,79760,
298773,mscoco,A toilet with a hammer on it in a small room.,37417,
372495,mscoco,"An odd bathroom with stone walls, and two rolls of toilet paper",15329,
42757,mscoco,A black and white picture showing small children in a dormitory setting.,98797,
213309,mscoco,a pink toilet in a small flower patterned bathroom stall,56358,
120021,mscoco,A motorcycle with a red seat is on top of a stand.,28927,
323564,mscoco,A yellow ten speed bike parked on a bridge.,2056,
227691,mscoco,there is a small seagull standing by the water,80847,
390134,mscoco,A white cake decorated with flowers containing a slice of cake and a fork.,22707,
251206,mscoco,A group of sheep standing on a road and a road side.,18508,
425077,mscoco,Various types of animals standing in a fenced in area.,87530,
124659,mscoco,A living room with a large green couch and office desk.,6215,
274272,mscoco,A large bus driving down a city street.,96655,
102996,mscoco,a close up of two elephants rear end,44737,
134459,mscoco,A group of people playing Frisbee in a field.,12877,
284064,mscoco,A person holding a racquet on a tennis court.,53583,
463134,mscoco,a room showing a wooden table and a capboard,11742,
433373,mscoco,two plates of food on a table with chairs,94758,
12455,mscoco,three empty docks some water and some clouds,66475,
67218,mscoco,A group of people riding snow boards on top of a slope.,81493,
319933,mscoco,A cook is seen in a open kitchen making donuts,99143,
416745,mscoco,A white toilet sitting in a bathroom next to a sink.,81761,
496152,mscoco,A female tennis player about to hit a ball.,98242,
104015,mscoco,Two urinals in wall with a white divider.,59905,
15862,mscoco,A red fire hydrant sitting in the middle of a sidewalk.,79920,
176120,mscoco,A bathroom with a shower covered in a curtain next to a toilet.,84994,
96075,mscoco,Lots of boats anchored in a harbor.,2232,
555066,mscoco,The green traffic signals are near two parked vehicles.,64539,
234633,mscoco,the birds are flying next to the boat,19954,
283286,mscoco,A cat is sleeping with his head resting on an electronics box.,78198,
12153,mscoco,A toddler eating food with a bib on the table.,75072,
176168,mscoco,a close up of a bowl with wood and screws inside,3418,
334530,mscoco,A man riding a surfboard inside of a wave.,84714,
567390,mscoco,"A white plate topped with meat, veggies and gravy.",49173,
40011,mscoco,"A yellow, blue, and purple train passes on the tracks.",14764,
80306,mscoco,a close up of a tennis player holding a racket and a ball,64680,
185360,mscoco,A cow standing next to a damaged car on a dirty lot.,79355,
574063,mscoco,A man standing in front of a mirror with a light around them.,59218,
218886,mscoco,Two pizzas sitting on top of a wooden cutting board.,40811,
449039,mscoco,Two people on horses walk down the middle of a street,41557,
139261,mscoco,A man on skies skiing down slope wearing protective gear.,72456,
274014,mscoco,a number of people riding skis on a snowy surface,69701,
14733,mscoco,Many cows laying down in a dirt parking lot.,87743,
361153,mscoco,A white rectangle plate holds vegetables near small bowl of red sauce.,54032,
284279,mscoco,A humming bird standing on top of a green feeder.,15627,
151084,mscoco,A man winding up to throw a frisbee in the park,33016,
183014,mscoco,A cup of food in a persons hand.,38513,
424744,mscoco,a bench in the middle of a field with trees near by,78448,
258541,mscoco,Man in dress shirt and orange tie standing inside a building.,92715,
489924,mscoco,A girl on top of skate board on a street.,45391,
141219,mscoco,Zebras eat from a trough set up in their zoo enclosure,78684,
480181,mscoco,There is a sculpture of pig's head surrounded by applies.,54867,
211837,mscoco,A large number of zebras running in the wild.,82273,
388534,mscoco,A large sink next to a kitchen in a hotel room.,37492,
122046,mscoco,A woman is sitting in a chair with an umbrella.,66448,
278134,mscoco,Two DVD cases with both of them relating to cats.,44276,
251531,mscoco,Many people prefer a rare steak when eating out.,87481,
481130,mscoco,A long row of nice looking chairs in the sand.,83888,
95908,mscoco,A mug sitting on a warmer next to a mouse.,38690,
275496,mscoco,Water reflects in the panels of a building as a skateboarder rides on the boardwalk.,29682,
556726,mscoco,These broccoli are bright green and laying before dark green broccoli.,46665,
567944,mscoco,A couple of people that are sitting on mopeds.,74272,
143370,mscoco,A bathroom with a poster of an ugly face above the toilette.,4419,
579415,mscoco,Many people with umbrellas are waiting to cross the street.,86213,
91110,mscoco,A man standing on top of a green soccer field.,57853,
109888,mscoco,A cute fuzzy sheep standing in a very big field.,42575,
288729,mscoco,THERE IS A DESIGN OF AN ELEPHANT ON THE SHELF,59724,
116696,mscoco,a cake made with diapers for a baby shower,58067,
504902,mscoco,A truck is shown with a group of dogs laying down.,35463,
545101,mscoco,A kitchen that is ready to have appliances put into it.,57708,
211054,mscoco,A train traveling past a factory with tons of smoke pouring out of it's stacks.,39669,
577527,mscoco,A boat with a bed set by a set of windows.,61466,
483587,mscoco,A small black dog walking across a grass covered yard.,87027,
244468,mscoco,an image of a cat looking out the window,5340,
200234,mscoco,A child with a purple frisbee near large rocks.,49493,
529096,mscoco,A baby cow standing next to it's mother next to a pool of water.,78203,
6019,mscoco,A red bicycle is parked near a red fire hydrant.,89337,
56898,mscoco,a black and white cat looks at the camera and there is a TV in the background,37987,
70240,mscoco,a lady that is standing by some flowers,88811,
370935,mscoco,a male skateboarder in a black shirt is doing a trick,2525,
183379,mscoco,Large jetliners parked on an airport tarmac outside of an airport.,77328,
50811,mscoco,am empty bowl and three empty beer bottles in front of a man,22984,
396851,mscoco,Crowd of people walking near trucks outside of large complex.,79381,
565650,mscoco,A scooter parked with a purple umbrella over the seat.,83421,
214192,mscoco,two motocross racers in the middle of a race,9208,
423256,mscoco,Top of a fire hydrant covered in pink paint.,12175,
152740,mscoco,A herd of animals grazing on a dry grass field.,79289,
511138,mscoco,A giraffe that is standing in the grass.,51089,
183302,mscoco,Two zebras stand in front of a large building.,3861,
442952,mscoco,A bench sitting in the middle of a lake.,85786,
300244,mscoco,A black and white cat laying on top of a computer keyboard.,20843,
404479,mscoco,A large jetliner sitting on top of an airport runway.,80416,
290828,mscoco,A giraffe eating grass from a stick near a bridge.,33618,
24996,mscoco,A bathroom with a glass door and a sink.,48794,
346071,mscoco,Two husky's hanging out of the car windows.,54741,
298526,mscoco,A man doing a skateboard jump trick in front of spectators.,24132,
523580,mscoco,A single zebra bends down to eat some grass.,36938,
555622,mscoco,A tie-dyed cyclist stands beside his bicycle in front of fellow cyclists.,31948,
263474,mscoco,"A bathroom area with a toilet, trashcan and dresser.",12754,
322285,mscoco,A public bus stopping on a street corner,18587,
263177,mscoco,A busy intersection in a city has many tall buildings and advertisements.,6166,
327177,mscoco,A cat sitting on top of a green car.,20564,
544605,mscoco,A bunch of brown signs on a pole.,25265,
280858,mscoco,A dog is sitting by a person on a porch.,88412,
162939,mscoco,A plane is parked near the pretty blue ocean.,63,
477441,mscoco,A large passenger jet sitting on top of an airport tarmac.,58215,
364243,mscoco,A man rides a silver motorcycle down the street in town.,47233,
239274,mscoco,A yacht with people is near a pier on clear water.,37840,
128051,mscoco,A green bus with a smaller bus sitting on top of it.,35439,
32965,mscoco,A woman staniding on the shore holding two umbrellas.,94132,
262394,mscoco,Motorcycle parked along the street next to a building.,42565,
383549,mscoco,"A living room with a large picture window features a flat screen television set, red dog bed, chair, coffee table and couch.",49146,
224289,mscoco,A brown basket filled with bananas and apples.,9280,
522940,mscoco,a close up of a vandalized stop sign,14056,
101959,mscoco,A mother elephant leading a baby elephant on a clear day.,91655,
148909,mscoco,A street light sitting next to a building on the side of a road.,1090,
79188,mscoco,There are two giraffes sitting together in the wild,24467,
103509,mscoco,A young man seems to be holding a Wii remote near the flower.,73664,
5314,mscoco,"A bathroom area with toilet, sink and black curtain.",87234,
196212,mscoco,A man flying through the air while riding skis.,93555,
194288,mscoco,A bathroom filled with a messy toilet and a sink.,67778,
430961,mscoco,A baseball player preparing to throw a pitch during a game.,75985,
357944,mscoco,A tall green building with a massive tall brown clock tower behind it.,87727,
237942,mscoco,A man is standing in the shade of the tree near a large field.,92393,
100166,mscoco,Three small items sit on an outside bench.,99691,
137118,mscoco,An empty living room in an apartment with several chairs sitting in the middle of it.,91179,
188173,mscoco,A giraffe and zebras mingle as cars drive out of an animal park.,20368,
469713,mscoco,An animal that is licking the neck of another animal.,90336,
418563,mscoco,A cat bites into a doughnut offered by a person's hand.,5215,
10039,mscoco,A very large tower has a clock on it.,61284,
294247,mscoco,A passenger jet in flight in a clear blue sky.,84994,
10764,mscoco,A catches crouches on a patch of dirt.,58862,
561004,mscoco,Two pizzas sitting on pizza pans on a oven.,16686,
466015,mscoco,A dip surrounded by vegetables such as celery and broccoli.,60474,
580975,mscoco,Motorcycles parked in a row in the street.,19307,
372294,mscoco,A brown and white dog sitting in a black leather chair.,75664,
419867,mscoco,A store with a display with lots of yellow bananas.,29936,
387328,mscoco,This must be the Boston Commons on a  spring day when there is a light drizzle.,9057,
419856,mscoco,a black bicycle parked near a large branch carrying bananas,5949,
44952,mscoco,three men dressed like cowboys riding on horses,5821,
440617,mscoco,an image of a bus that is going down the tracks,22532,
534516,mscoco,there is a police man that is talking to people,77766,
156607,mscoco,A couple of cows standing and sitting on top of a field.,99533,
45587,mscoco,A group of people and  dog riding surfboards in the ocean.,55692,
66567,mscoco,a bathroom with a toilet and a stand up shower,35705,
60932,mscoco,A group of people standing in a room.,8580,
335885,mscoco,A parking meter sitting on the side of a sidewalk.,28514,
67776,mscoco,Two yellow pieces of luggage sitting on a sidewalk.,8146,
50025,mscoco,Two young boys sitting in bed together under blankets.,99176,
345993,mscoco,A man in a suit and top had holds a monacle as two people sitting next to him laugh.,47233,
75713,mscoco,A man leads a long-haired bull with a rope in a competition.,13604,
505385,mscoco,A man is in a black and white public restroom.,36324,
100723,mscoco,A large group of people standing in the street.,91620,
63290,mscoco,a hotdog on a bun with a pickle and brown mustard,92752,
291742,mscoco,A kitchen filled with metallic appliances and a stove top.,91526,
6763,mscoco,A man and a women posing next to one another in front of a table.,96694,
321332,mscoco,A group of men standing around a table with pizza.,35021,
159898,mscoco,A man in a white shirt riding on a skateboard.,4699,
163929,mscoco,Two women sitting on a bench on an open boat.,23178,
511724,mscoco,A family of elephants standing next to each other.,34744,
43585,mscoco,Two small dogs playing on the grass covered ground.,48407,
340844,mscoco,A little boy wearing a tie and a blue sweater.,13108,
404484,mscoco,A woman bending over in a living room to pet her dog.,55102,
440840,mscoco,A man riding a snowboard down a snow covered slope.,4642,
14004,mscoco,A man sits at a full dining table.,71758,
228300,mscoco,A group of young men sitting next to each other on a wall.,64052,
180560,mscoco,Two women in a room with one of them holding a cake.,77607,
308332,mscoco,A bedroom decorated with a blue underwater theme.,46159,
58117,mscoco,different slices of banana cut in halve length wise,31063,
291634,mscoco,One bicycle is parked next to many motorcycles.,78148,
225130,mscoco,The statue of a painted elephant with a target on it.,74518,
162634,mscoco,A wild animal on a rocky hill with a few plants,84766,
9270,mscoco,A young girl eating a piece of cake off of a plate.,60430,
361258,mscoco,The beach is filled with blue tents and umbrellas.,83682,
64703,mscoco,A large sandwich filled with meat on a plate.,33366,
413871,mscoco,A large brown bear on a rock slab.,58476,
514826,mscoco,"a man in a dress shirt, tie, and a trucker hat",91328,
356528,mscoco,Three monitors sitting on a table one with a view of a baseball game.,53659,
310543,mscoco,A person standing in a bathroom next to a white toilet.,43056,
33377,mscoco,two people with two dogs on a surf board and one dog swimming,83718,
458950,mscoco,A very skinny red fire hydrant with silver top and sides.,77791,
446920,mscoco,A couple of baseball players standing on top of a field.,12150,
170178,mscoco,The men are in the kitchen preparing the meal.,33465,
231028,mscoco,Three skiers preparing to ski and posing for the camera.,54149,
64629,mscoco,A large propeller airplane flying through a blue sky.,67724,
434968,mscoco,A dog walking in the snow with booties on.,51892,
462953,mscoco,Two teddy bears sitting on top of a pile of suitcases.,86337,
510579,mscoco,two surfers looking at the dark stormy looking sky,81964,
141651,mscoco,A woman that is sitting on the back of a horse.,22963,
395364,mscoco,Several people riding on a motorcycle with an umbrella open.,59787,
503600,mscoco,A man kicking his leg into the air while standing next to a neon frisbee.,59965,
503490,mscoco,A lamb standing next to a very tall building.,63151,
183306,mscoco,A United jet liner flying through the air.,43772,
248427,mscoco,Two people are standing at a street corner and one of them is using an umbrella.,91653,
549268,mscoco,A man and woman riding on an elephant.,8853,
190081,mscoco,A  young woman holding a giant tennis racquet,17002,
221083,mscoco,Two horses are standing in a snowy pasture,72279,
6040,mscoco,A blue and white train is moving on the rails.,18949,
87444,mscoco,A cow sitting in a penn inside of a building.,39089,
206851,mscoco,A man riding on top of a snowboard in the snow.,90660,
352151,mscoco,a plane on an air port run way,34026,
12547,mscoco,Two elderly people are sitting on a city bench.,10335,
521587,mscoco,A bathroom filled with a white toilet next to a sink.,17171,
554273,mscoco,A young man jumping over a group of other young people to catch a frisbee.,56344,
577403,mscoco,A couple of young boys with skateboards pass a city bus,88861,
125643,mscoco,A blue and yellow fire hydrant next to a yellow cone.,75465,
83049,mscoco,Two people sitting and laying on top of a park bench.,62904,
553436,mscoco,Two men and a dog in a kitchen.,27431,
439868,mscoco,A man on a skateboard in a skate park,69941,
236714,mscoco,Styrofoam coffee cup laying on an metal bench.,73174,
185197,mscoco,A baby laying on a bed looking at a stuffed elephant.,40325,
244151,mscoco,a person riding a skate board on a city street,28349,
450247,mscoco,A cat laying on top of a plastic container next to a bottle.,15600,
516893,mscoco,Group of men all playing a soccer match together.,19147,
210273,mscoco,Buses and cars on interstate going both ways.,2425,
135023,mscoco,A parking meter on the side of a road.,99070,
200961,mscoco,A man holding a white frisbee walking on top of a green grass covered field.,63383,
538259,mscoco,A brown teddy bear sitting on top of a chair.,38697,
209102,mscoco,A boat traverses the ocean in the midst of fog.,37961,
59108,mscoco,This photo shows four copies of the same fire hydrant.,60568,
203690,mscoco,A person walking across a beach holding a surfboard.,90841,
65443,mscoco,a dog with spots on a bed and a stuffed animal,82297,
258330,mscoco,A man is jumping on a ski board across some snow.,6520,
185930,mscoco,This is a public bathroom with  soap dispensers installed on the wall.,65090,
495808,mscoco,a person has a bag on wheels in a room,26282,
312632,mscoco,A white toilet sitting in a bathroom next to a counter.,53153,
352377,mscoco,A close up of green apples with other fruit out of focus in the background,97015,
185622,mscoco,A large jetliner taking off from a runway.,21137,
289474,mscoco,A start of an outdoor winter sport taking place.,49103,
111211,mscoco,A television sits on the counter in a small room.,39880,
498557,mscoco,Train cars and a dry stream-bed along a roadside.,94799,
102353,mscoco,A couple of people standing in a large kitchen.,65386,
558587,mscoco,a woman riding a little pink motorcycle by a car,44011,
249969,mscoco,"Meat with chutney, green beans, broccoli, stuffing, carrots and potatoes on a dish.",34395,
442929,mscoco,A crab cake on a bun with lettuce and tomato and a side of cole slaw.,98312,
352206,mscoco,a bunch of people are taking a photo together,58610,
422655,mscoco,A cat walking under a black open umbrella.,84225,
74001,mscoco,a dog is getting petted in front of a book case,84636,
21588,mscoco,An opened fire hydrant spewing water into the street.,88022,
301963,mscoco,"A living area with a rocking chair, dog in bed and fireplace.",52199,
214698,mscoco,A red stop sign leaning over on it's side.,42515,
283318,mscoco,A fire hydrant and some cars on the side of the street.,4030,
117690,mscoco,A man on pier with dog jumping for frisbee into water.,65649,
25139,mscoco,A zebra grazing on food behind a metal fence.,5924,
332087,mscoco,A surfer is on top of a wave.,23212,
531163,mscoco,A passenger bus that is making a turn.,90787,
205776,mscoco,A bear laying in a canvas type net,37130,
318204,mscoco,A man walking an animal across a beach.,34733,
229311,mscoco,A stainless steel kitchen sink on a black granite countertop.,35961,
346275,mscoco,a boy jumping his skate board over some steps,27295,
57363,mscoco,a red and yellow fire truck and some buildings,27793,
102478,mscoco,A group of baseball players with a bat and ball at the pitch,85133,
399416,mscoco,An airplane on a runway getting some work done.,33925,
332901,mscoco,a few animals that are in side a fence,16828,
495438,mscoco,A shirtless person cutting a heart shaped cake with a knife.,20799,
98328,mscoco,Two zebras pushing against each other in a field.,58802,
351559,mscoco,A traffic light in front of a tall building with red lights at the top.,88356,
72105,mscoco,A woman works the counter at a bakery.,45512,
370401,mscoco,A woman in red sitting on a park bench.,17658,
16005,mscoco,A woman holding a child and standing near a bull.,46491,
424284,mscoco,Flowers sitting on the deck of a light green boat.,77550,
222330,mscoco,"Two signs in front of a red brick building that say ""Tow Away No Stopping from 4pm to 6pm"" and ""No Parking from 2am to 6am"".",6491,
185590,mscoco,a giraffe walks across the grass looking for food,7014,
491203,mscoco,A white toilet sitting under a window next to a chair.,24999,
47632,mscoco,A broken bathroom with a white sink and toilet.,77486,
261182,mscoco,Extremely ripe banana being put into a saucepan in a kitchen,12563,
480379,mscoco,A man standing on top of a  oat in a river.,75836,
412966,mscoco,A man on skis stands on the hill.,31744,
541631,mscoco,A empty street with a crosswalk at night.,59812,
487583,mscoco,A white toilet and cup in a room.,24567,
207826,mscoco,A woman holds up a book as she attempts to read in bed.,37388,
383494,mscoco,A small cat laying in the arms of a large teddy bear.,32180,
105872,mscoco,An older black and white picture of a cue of people boarding a bus,50047,
130875,mscoco,A tray full of food including orange juice and bananas.,83066,
88902,mscoco,A red light and street sign in front of a palm tree,37125,
429386,mscoco,A green street sign next to peoples houses.,8632,
339890,mscoco,A woman is standing in the kitchen and holding a thermometer.,10908,
219487,mscoco,a couple of men are playing with a frisbee,44787,
572349,mscoco,A group of street signs casting a shadow on a white wall.,39172,
465422,mscoco,A man riding a snowboard down the side of a mountain.,98414,
330432,mscoco,Vibrant photo of a train sitting at a train station,11998,
225076,mscoco,A airplane that is sitting on a tarmac.,56665,
293474,mscoco,a yellow and black fire hydrant on the sidewalk,27577,
396518,mscoco,A woman is steering a boat with a pole.,52266,
174231,mscoco,A dark cat hiding in between a laptop.,68028,
464006,mscoco,A motorcycle that is on the ground sideways.,91954,
42737,mscoco,Man doing a skate trick during a competition event with a audience.,11293,
94774,mscoco,Group of people in dress clothes sitting around a conference table.,97038,
285433,mscoco,A toilet with a black seat cover next to a sink.,19419,
421307,mscoco,Two airplane shaped kites flying through a blue sky.,25498,
357459,mscoco,A small white dog catching a green frisbee on a lush green field.,40495,
235517,mscoco,A parked motorcycle sitting next to a store front.,91379,
150342,mscoco,A person with a hooded jacket is working on a laptop while sitting on a bench in the park.,4602,
326995,mscoco,A couple of ducks standing on the side of a road.,81899,
441225,mscoco,A bathroom with a tub and his and her sinks.,47193,
70258,mscoco,Five kids playing with frisbees on a sunny day.,2768,
252403,mscoco,A woman brushing her teeth with a blue and white tooth brush.,4133,
469857,mscoco,A bed with a blanket underneath a window.,423,
147128,mscoco,"A man wearing a black jacket, tie and sunglasses.",12322,
283055,mscoco,there is a young boy wearing a tie and holding a bear,93070,
235241,mscoco,Woman and man playing with a disk toy outside on the beach.,76518,
196853,mscoco,Two guys standing around with the same colored tie on.,83051,
168619,mscoco,A road traveling along a field under a cloudy sky.,37183,
61624,mscoco,There is a very large white plane at the airport,22837,
127668,mscoco,A large truck drives up to an airplane.,75226,
158708,mscoco,A bike sitting next to a cup filled with coffee.,78994,
100000,mscoco,"A cat sitting next to  a wii controller, upside down.",8323,
221966,mscoco,That is something being here taken in the picture.,97559,
188918,mscoco,A train coming up to a railroad crossing.,22607,
273556,mscoco,An image looking down in to a toilet.,91725,
378823,mscoco,Man herding some skinny cows in a street.,65986,
223327,mscoco,a couple of people making their way through the snow,98188,
212895,mscoco,a single giraffe standing in the middle of a field,171,
413295,mscoco,A beautiful women holding a large yellow banana with her mouth wide open.,18107,
205253,mscoco,Adults enjoying time at sandy beach with sun and shade.,79569,
167894,mscoco,A green street sign mounted to a white street light pole.,37308,
253699,mscoco,A piece of cake sitting on top of a plate covered in marshmallow with a lit candle sticking out of it.,37874,
455859,mscoco,A little girl in a pink shirt standing near a blue metal sculpture.,70087,
421457,mscoco,A cat that is on top of a microwave.,9072,
242510,mscoco,A large white dog statue sitting next to a clock.,24265,
446603,mscoco,A view of a few bags of luggage sitting on the ground.,48407,
294484,mscoco,The giraffe eats from a reachable limb of the tree.,3601,
501039,mscoco,a black animal in water looking up with teeth out,44770,
463781,mscoco,one airplane on a landing strip next to a green field,8781,
560332,mscoco,A suitcase sitting on a bench in front of a bed.,73939,
344029,mscoco,A bus that is driving down the road.,54205,
286903,mscoco,Herd of zebras walking single file in grass land.,25829,
117380,mscoco,A motor bike stationary in a parking lot.,93875,
196344,mscoco,"A group of horses standing around in a field, grazing.",90296,
124760,mscoco,a person in a dress on top of a horse,28901,
32331,mscoco,A couple of people with snowboards in the snow.,1199,
230232,mscoco,A picture of a group of fighter jets flying together.,18530,
543686,mscoco,A cat that is standing over a bowl.,68079,
256838,mscoco,A subway train traveling through a subway station.,53856,
303549,mscoco,A white toilet with a black lid and red painting on it.,42417,
162156,mscoco,A narrow white room with a white mattress on the floor.,30103,
346185,mscoco,A man holding a Nintendo Wii controller in front of a TV.,30405,
457907,mscoco,Two adults and two children sitting on an elephant,62281,
392665,mscoco,Two young girls in snow-boarding gear sitting down,56614,
320696,mscoco,"A man on a surfboard, who is riding a wave.",61003,
194188,mscoco,An elephant is walking around his exhibit at the zoo,80958,
546896,mscoco,A siamese cat sleeping next to a brown teddy bear.,74072,
305437,mscoco,A teenaged girl at a booth at an educational fair,1395,
463802,mscoco,A teddy bear watching a man with a tennis racket.,92157,
111909,mscoco,man riding on water skis being towed behind a boat.,10351,
330356,mscoco,Giraffe walking around a grassy field under a cloudy sky.,48060,
275717,mscoco,A person wearing a vest and tie in a yearbook photo,9441,
424819,mscoco,"A woman posing for a pic in front of a mountain, near the water.",31408,
551188,mscoco,a large group of bags that are on a convorbelt,5339,
381385,mscoco,A mother and baby zebra standing in their enclosure.,3270,
433652,mscoco,A small teddy bear is on a strange chair.,57711,
166320,mscoco,A display at grocery store filled with fruits and vegetables next to jars.,79359,
229481,mscoco,A woman cooking in a skillet on the stove.,99186,
278401,mscoco,a truck is parked at the end of a street,33353,
560757,mscoco,a person riding a surf board on a small wave,76670,
10395,mscoco,A stuffed bear sitting on the pillow of a bed.,38923,
238039,mscoco,there is a goat that has a leash on,66531,
221869,mscoco,A shot of an empty bathroom with a walkin shower.,18434,
241677,mscoco,The pack mules carrying loads on their backs are ascending the stairway.,94366,
137330,mscoco,Black and white photo of a boat full of rowers.,1181,
35429,mscoco,A young boy seems to be trying to feed a giraffe.,80448,
169226,mscoco,A busy city street with dimly lit trees at night.,25519,
476279,mscoco,A subway pulls into a quiet subway station.,38947,
448627,mscoco,A cat that is laying on a computer keyboard.,44008,
495996,mscoco,A brown and white cat sitting in a chair.,28554,
302137,mscoco,A bus that is sitting in the street.,39422,
388881,mscoco,A large white seagull in flight over blue waters.,32092,
581654,mscoco,A dog approaches two sheep in front of onlookers.,8030,
258472,mscoco,A group of people walking across a bridge over a river.,18413,
218220,mscoco,Cows and caves behind barbed wire fence on a pasture.,83793,
54761,mscoco,Three young boys sitting down with some luggage.,22160,
1700,mscoco,A man riding a snow board on top of a snow covered slope.,90578,
478731,mscoco,A man with glasses and a tie on staring.,16551,
572081,mscoco,a tennis player swinging a racket at a ball,69553,
506196,mscoco,black bullet train waiting at the station in outside terminal,91884,
125829,mscoco,A blue bike parked next to a red fire hydrant.,48,
391347,mscoco,Intersection of two street signs and a stop sign.,16916,
511251,mscoco,A stack of black bags sitting on top of an airport floor.,14994,
558234,mscoco,A woman in a white dress standing over a multi layered cake.,72059,
354369,mscoco,a hard covered book whose binder has fallen off placed on a table,99184,
104326,mscoco,A pinewood and green modern themed kitchen area.,33034,
332221,mscoco,People walk by a row of parked motorcycles.,63342,
337453,mscoco,a snow skier doing a trick some snow and trees,7310,
55118,mscoco,Skateboarder practicing on homemade wooden obstacles in a grassy field.,96078,
473171,mscoco,A picture of the sun setting in the trees.,26628,
469338,mscoco,Many people wait on surfboards in the calm water for a wave.,93617,
327623,mscoco,A black cat laying under a green chair.,33398,
580255,mscoco,Two big dogs ride beside one another on the same vehicle seat.,15245,
233005,mscoco,A tiger striped cat being petted on a wooden bench.,98730,
220344,mscoco,Zebra stripes very up close and very perfect.,82684,
527038,mscoco,Heavy rain falls on a man holding a black umbrella.,32786,
571835,mscoco,A grey tabby kitten inside a black suit case.,30447,
109869,mscoco,A cat standing on top of a wooden bench.,42945,
86136,mscoco,A cat standing over a blue plate with food on top of it.,30365,
303264,mscoco,people in a terminal with suitcases taking some pictures,90715,
531061,mscoco,two people riding on a motorcycle on a road,29611,
13432,mscoco,Several sinks lined up by a brick wall,7552,
344744,mscoco,A brown bear walking along the waters edge,91668,
275015,mscoco,a man is flying a kite in a field,72562,
214447,mscoco,this image has no pictures displayed to describe,38137,
408789,mscoco,A room with various blue and white signs and a television.,30957,
19716,mscoco,a business man posing for a stock photo and cheesin mad hard,46582,
231476,mscoco,A passenger train at the end of a set of tracks in a building .,28924,
310059,mscoco,A television playing Battlestar Galactica with pizza on a plate on the floor.,29301,
14297,mscoco,A house boat along the water has bicycles on deck.,84693,
221829,mscoco,A single serve cup cake in a white dish.,79619,
2139,mscoco,A bike leaning against an unmade and dirty bed.,23664,
383527,mscoco,A long boat on churning waters next to a bouy,38814,
492284,mscoco,A woman pets the cat that is standing on the rocks.,27759,
299039,mscoco,A plate with three sandwiches sitting next to shoestring fried potatoes.,14064,
71384,mscoco,an over head view of cars parked below,3955,
73634,mscoco,A small blue and yellow plane sits at an airfield.,23420,
66072,mscoco,A surfer surfing on the surfboard with an oar in the ocean.,62285,
1064,mscoco,A close up of a plate of food containing broccoli.,73357,
518287,mscoco,A toothbrush in a the toothpaste section of a toothbrush holder.,72921,
11034,mscoco,A father and son play Wii in the living room.,60559,
350035,mscoco,Food in a dutch oven sitting next to a fire.,31646,
142718,mscoco,A red motorcycle riding down one side of the street and a cow walking down the other side of the street.,90129,
103134,mscoco,Two ladies are standing near a few toilets.,58174,
578350,mscoco,A tall giraffe standing next to a tree surrounded by a crowd of people.,1635,
499591,mscoco,Two black and white Clydesdale horses in a field.,29223,
471251,mscoco,Stripped kitty finds a comfy place in the bathroom for a nap,47205,
373574,mscoco,A TV sitting on top of a table next to a laptop computer.,7642,
224777,mscoco,a large elephant that is standing next to some trees,21755,
8676,mscoco,"A bedroom with a bed, lamps and a balcony.",10105,
351057,mscoco,A glass dish filled with a banana split.,44843,
408955,mscoco,A couple of couches and a coffee table sitting by a window in the living room.,42411,
434805,mscoco,a person riding a skate board wearing a suit,45189,
242287,mscoco,A bicycle that is resting upon the wall of a building.,15727,
5503,mscoco,a man standing in front of a toilet taking a piss,67451,
59920,mscoco,a bathroom with a both a toilet and bidet,66768,
97580,mscoco,a guy and his dog sitting on a surf board,18375,
211743,mscoco,A man riding skis down a snow covered slope.,13596,
26946,mscoco,A giraffe looking over a bar inside a building.,32032,
378667,mscoco,a person in orange is standing in skies,26863,
350019,mscoco,A little boy is playing with a suitcase.,69273,
551129,mscoco,Heart shaped hot dogs and some pizzas on a big tray.,30843,
505728,mscoco,A woman prepares to pour batter into lined muffin tins.,46891,
65455,mscoco,A group of giraffe Standing up against a dirt wall in front of a crowd of children.,62053,
317049,mscoco,A man snowboard down the side of a snow covered slope.,20260,
348519,mscoco,A sandwich filled with meat on a plate with salad.,18533,
87483,mscoco,Sheep grazing on a grass covered field side by side.,47405,
417946,mscoco,A lone zebra is grazing in the large open field.,79987,
65383,mscoco,A football game is going on in a park.,30787,
575293,mscoco,A couch sitting next to a white fire hydrant.,43210,
372894,mscoco,A room filled with a row of brown toilets,43656,
561856,mscoco,Several people walking in the rain with umbrellas.,93287,
509116,mscoco,A herd of sheep walking across a snow covered field.,20785,
213399,mscoco,a little giraffe sitting on the ground next to a somewhat bigger one,82192,
300718,mscoco,A living room with a hard wood floor and a dinning room table nearby.,34935,
255795,mscoco,A woman walking across the street looking at a Car Quest vehicle.,3549,
268322,mscoco,A cabana-styled bedroom looks light and airy.,89508,
352334,mscoco,A bathtub with candles lit up around it and a stool next to it.,83183,
348913,mscoco,A white couch with a mattress sitting before a blue wall.,50623,
29431,mscoco,The dark skinned man is throwing a fresbee in the park.,99717,
175942,mscoco,A street view with a plane flying ahead.,78653,
114399,mscoco,A bed sitting in a room with a white covering.,56981,
480551,mscoco,close up of the edges of a pizza and words printed on the plate its sitting on,23111,
530987,mscoco,A group of people riding on top of three elephants.,7345,
403693,mscoco,A young boy sitting on the floor at the food of a bed.,12719,
439837,mscoco,This kitchen has a blue sink with many plants hanging around,50026,
127475,mscoco,A cow standing in the shade of a tree.,47832,
53916,mscoco,Two zebra standing next to each other in a park.,53200,
375376,mscoco,Three zebra stand close together in tall grass.,23957,
113251,mscoco,An evening city scene with blurred images of cars driving by,76281,
391548,mscoco,A person that is posing for a picture.,42969,
134160,mscoco,A giraffe laying on the ground next to birds on rocky ground.,30317,
83217,mscoco,Two big plates filled with some tasty looking food.,78707,
93766,mscoco,A bronze horse and fountain decorate this old palace.,6772,
19025,mscoco,There is a two level tour bus in the street.,58611,
157214,mscoco,A man at a podium with another holding an umbrella over him.,41395,
356043,mscoco,A formally dressed man is on state singing.,10065,
26183,mscoco,An ornate set of towers n an old church.,11741,
552977,mscoco,A white urinal mounted to a wall under a flushing mechanism.,15414,
60093,mscoco,Cars driving on a road near a traffic light.,72199,
264454,mscoco,an image of a tourbus stopping on a route,27469,
224742,mscoco,A view of a couple types of toilet items.,47816,
422893,mscoco,Two people laying on surfboards riding a wave.,26290,
505967,mscoco,An intersection on the strip in Las Vegas.,93367,
403295,mscoco,A bicycle locked up to a metal pole.,13976,
576875,mscoco,A baseball player swinging a baseball bat on a baseball field.,20601,
93156,mscoco,"A blue sky and a line of hills loom in the distance before a pair of young skateboarders, one of whom is much further ahead of the other.",16205,
501523,mscoco,A black cat is sitting in a bathroom sink.,11541,
518729,mscoco,An animal is walking along in a wooded area.,15431,
207264,mscoco,HERD OF ELEPHANTS IN THE WILD GRAZING AMONG THE TREES,82287,
49190,mscoco,A white sink sitting under a bathroom mirror.,35993,
403378,mscoco,A crying woman looking at herself in a mirror.,31586,
290515,mscoco,A persona putting tooth past on their toothbrush over a sink.,29020,
79836,mscoco,A red traffic light sitting over the top of a street.,32768,
545235,mscoco,A pizza restaurant sign sitting up against a brick wall.,88179,
135161,mscoco,A toilet sits next to a window and in front of a shower.,94272,
479586,mscoco,A cat sits on a bookshelf next to a television.,57022,
218224,mscoco,A large white airplane sits on the runway.,17480,
222866,mscoco,"A bowl filled with pasta, sauce and vegetables.",28811,
95051,mscoco,A man on skis is posing on a ski slope.,45035,
229575,mscoco,A man with a green tie and eyes.,33837,
128704,mscoco,A man picking up trash with a garbage bag at a food court.,83381,
88360,mscoco,A duo of women playing against each other in frisbee.,61234,
281475,mscoco,A vintage photo of a girl and her dog hugging on a bed.,15167,
383026,mscoco,A bench sitting in a park next to a tree.,44798,
218215,mscoco,A large white polar bear rolling around in a body of water.,96737,
39430,mscoco,Two sheep are looking over a cement wall.,39121,
513016,mscoco,A beach on a sunny day with a bunch of people on it.,2879,
47010,mscoco,A pond of water with three giraffe walking in the dirt.,50912,
485139,mscoco,a close up of a cat laying on a laptop,32056,
463932,mscoco,Construction worker near digging equipment and unearthed fire hydrant.,11529,
209682,mscoco,A white toilet in a bathroom next to a white sink.,20078,
287099,mscoco,A street sign is at an intersection by tracks.,55514,
246040,mscoco,A man throwing a baseball at a baseball game,66917,
504970,mscoco,A toilet that is outside next to a fence.,44344,
22979,mscoco,A group of people are unloading from a bus.,35863,
87038,mscoco,A person on a skateboard and bike at a skate park.,55193,
279940,mscoco,A man loosing his skateboard from the back.,31094,
38769,mscoco,A cat perched on a car dashboard travelling on a street.,95458,
152823,mscoco,Three gray and white baby birds are sitting in a nest.,95059,
115229,mscoco,A  lawn sitting on a snowy sidewalk by a hydrant.,97276,
261563,mscoco,A brown dog and a black dog play with a yellow frisbee in a field.,8460,
283190,mscoco,A kitchen with a white stove and oven.,17934,
327565,mscoco,A collection of photos of an old motorcycle and parts.,74967,
486203,mscoco,Two cows are in an open field in front of a mountain range.,11989,
149017,mscoco,There is a mountain behind the light house.,26613,
191425,mscoco,A black and white picture of a bird flying over a ocean,51929,
453302,mscoco,"A kitchen that has a tile floor, a refrigerator, a microwave, and a toaster.",91184,
361885,mscoco,A man standing in a room with a remote.,19998,
15956,mscoco,A woman exercising a brown horse in a riding ring.,99032,
513585,mscoco,A cat laying on the seat of a motorcycle,58481,
264683,mscoco,Many planes are arranged in a large building.,74729,
14352,mscoco,A modern bathroom design with a skylight above the toilet.,68977,
121534,mscoco,A couple of hipsters standing next to each other.,57265,
286362,mscoco,two men looking angry at each other.,39893,
118515,mscoco,A spotted kitten sitting on a wooden bench.,87176,
98159,mscoco,A group of friends standing next to each other.,76338,
450081,mscoco,A young woman pets and kisses a giraffe.,79795,
292005,mscoco,a bathroom with a tub and a shower curtain,11308,
124452,mscoco,A man is jumping in the air catching a Frisbee.,12327,
62500,mscoco,A park bench sitting in the middle of a forest.,4434,
82836,mscoco,Several seagulls sitting on a sandy beach looking at the ocean.,40236,
463836,mscoco,A man looking down with a backpack on in a house.,33585,
443492,mscoco,A group of men on a city side walk.,86380,
164325,mscoco,A group of people with luggage waiting by a door,52916,
216581,mscoco,this is a photo of a large crowd of young adults sitting on a long row of park benches,5084,
575776,mscoco,A zebra and a rhino interacting in the wild.,37007,
242100,mscoco,a couple of zebras are in a field,40256,
507797,mscoco,Two buses parked next to each other in front of a building.,87450,
562160,mscoco,a bookshelf with books and a small statue of a bicycle with a basket.,70922,
538879,mscoco,some fog traffic lights street lights and buildings,88195,
479448,mscoco,Belgium waffle loaded with bananas topped with powdered sugar with syrup and more fruit as a garnish.,10141,
512722,mscoco,A man holding a doughnut with pink icing and sprinkles.,17188,
26204,mscoco,A street filled with lots of traffic next to tall buildings.,2344,
162495,mscoco,Tall building with clock and spire behind white bricked building.,54064,
12993,mscoco,A cyclist and bus splash past one another on the street.,7370,
45536,mscoco,I hope the surfboarder does not fall under that huge wave.,50615,
3134,mscoco,A bus turning a corner on a city street.,34123,
80613,mscoco,A hipster carrying an umbrella and a white hat.,76026,
566941,mscoco,People laugh at the antics of an elephant.,24960,
42628,mscoco,Snow piled high around pipes with people walking in background,49941,
399864,mscoco,a public transit bus driving on a city street,26449,
166532,mscoco,A white bath tub sitting next to a bathroom sink.,19354,
67178,mscoco,A street scene with a double decker bus.,12100,
284286,mscoco,A group of children  hanging around a umbrella.,67912,
490695,mscoco,A long passenger train traveling through a rural countryside.,69105,
399384,mscoco,A beautiful young lady standing in front of a shower.,13117,
482350,mscoco,A cat standing near a dead bird with some words on the picture,10246,
223955,mscoco,A man holding a red frisbee while standing on lush green field.,54593,
135671,mscoco,The motorcycle procession made their way down the crowded street.,95371,
228411,mscoco,A truck driving down the street near many vehicles.,43348,
55528,mscoco,A man holding a paper bag while showing the camera a toothbrush.,23123,
341567,mscoco,A large black bird flying over a snow covered mountain.,10857,
24097,mscoco,A group of people and elephants on a street.,21043,
133418,mscoco,A man holding a tennis racquet on a tennis court.,88469,
206231,mscoco,A woman lugging a bag of luggage down an alley behind her.,90683,
440110,mscoco,A woman walking down a street pulling a piece of luggage behind her.,50221,
120566,mscoco,A bathroom that has a microphone and amplifier in it.,52043,
231855,mscoco,A group of people riding on the backs of motorcycles.,24381,
443240,mscoco,A couch on the side of the street with a television on it.,47034,
104880,mscoco,A humorous street sign is pictured in this image.,32500,
46877,mscoco,A grey and white cat outside looking into a window.,16215,
97423,mscoco,a baseball player is running down a field,25556,
562443,mscoco,A group of zebras standing and grazing in a grass field.,2671,
487289,mscoco,A pan of brownies has several cut pieces and a fork in it.,63891,
324595,mscoco,A couple of young men playing a game of frisbee.,99543,
355168,mscoco,A tennis player is taking a swing at a ball near an audience.,86962,
458156,mscoco,A bright red fire hydrant is in the grass.,65515,
432373,mscoco,a sign hanging up that says waterman ave,82255,
570579,mscoco,A baby boy sits in a high chair next to a green and white cake.,1648,
237772,mscoco,A cat that is laying down on a couch.,66979,
17282,mscoco,a large gray elephant standing next to a crowd of people.,29271,
294712,mscoco,Two young child skiers are headed down a small slope.,65747,
350167,mscoco,A man running on the beach with a surfboard.,18394,
224554,mscoco,A train that is going by some grass.,3075,
450169,mscoco,A little kid that is in a bath tub.,6860,
12269,mscoco,A little girl is in store with an umbrella.,89765,
328464,mscoco,Lone ice boat sailing near a dock on wide frozen water.,49956,
305978,mscoco,A giraffe is walking in a grassy field as a cow is laying down.,79337,
169198,mscoco,"A man in sunglasses, a suit and rope noose tie wearing black gloves.",16988,
79651,mscoco,a close up of two bananas with bottles in the background,88395,
80219,mscoco,A sink with cups and towel next to it,73784,
9941,mscoco,A guy on a skateboard and pushing a stroller on the sidewalk.,23341,
192788,mscoco,A commercial airplane ascending in to the sky,86059,
128058,mscoco,A tennis player prepares his swing by extending his arm up.,65621,
528351,mscoco,A white expensive car parked on top of a cement slab.,40940,
131063,mscoco,"A large bathroom features tiled walls, two mirrors and two sinks.",27481,
360818,mscoco,A boy is laying on a bench in a park.,31225,
348483,mscoco,An old wooden bench sitting under a tree on a field.,97321,
37513,mscoco,An adorable little girl riding on the back of a brown horse.,32564,
457693,mscoco,wild animals graze in fields in front of a lake and snow-covered mountains,68726,
542676,mscoco,A woman is looking at a grey horse in the eye.,20680,
156704,mscoco,a crowd of people on a beach by the ocean,90978,
283186,mscoco,A helmeted and goggled skier leans to get around an obstacle.,83480,
442614,mscoco,Two giraffe standing next to each other on a dirt field.,24332,
104563,mscoco,A boy jumping his skateboard over a tilted iron post.,89506,
38572,mscoco,A man is performing in a tank with dolphins,52859,
133680,mscoco,A man is sitting on a bench next to a bike.,84823,
250155,mscoco,Two people are sitting on the head of an elephant as it eats.,35613,
525354,mscoco,A man wearing glasses and a stripped tie.,98694,
50956,mscoco,Person with a red and blue umbrella by a small pond.,29328,
291791,mscoco,A green motorcycle parked on top of a green lawn.,7494,
63309,mscoco,A big rock walkway is on a hill beside the ocean.,63532,
431996,mscoco,A man on a white boat in the middle of an ocean.,79870,
465267,mscoco,A cat is sitting in front of a tv looking at a similar cat on screen.,74155,
299776,mscoco,An unfinished kitchen that has a refrigerator and cabinets.,71041,
345071,mscoco,There are several people standing next to motor cycles.,51475,
466774,mscoco,A young elephant walks with two older elephants in a gated area.,11039,
221190,mscoco,A large building that has a train passing by it.,68337,
68375,mscoco,A white sail boat sailing towards a desert island.,99864,
228867,mscoco,A group of people standing around a bed in a bedroom.,92346,
61316,mscoco,a kitchen with a nasty dirty kitchen with a light beam through the window,4026,
552654,mscoco,A group of people playing with snowboards in the snow.,85524,
235914,mscoco,Two zebras playing together on a dirt road.,53599,
136227,mscoco,A large pizza with topping served on a wooden board,26152,
528232,mscoco,A couple of giraffe standing on top of a field near a rock mountain.,54982,
141468,mscoco,A bear is taking a walk through the forest.,28367,
269105,mscoco,A white toilet sitting next to a green wall under a picture.,9052,
565624,mscoco,Two elephants walking around inside of a grassy enclosure.,86802,
488571,mscoco,A couple of kids hovering over a pizza sitting on top of a wooden cutting board.,20252,
553588,mscoco,A tall building with a lot of windows and a clock.,64722,
541879,mscoco,Two double decker buses sit parked as tourists walk nearby.,12406,
204162,mscoco,A young man riding a skateboard on top of a skate park.,94172,
70774,mscoco,Small motorcycle with several bicycles tied to the back of it.,22416,
168375,mscoco,A black and white cat sitting inside of a cage.,50750,
266176,mscoco,in this picture you can see that there are bananas in a tray,7670,
533488,mscoco,a person riding a skate board in a pool,44463,
95620,mscoco,A plate of food with a cream sauce on it,29622,
77953,mscoco,A few boats are parked near the shore line.,35388,
381630,mscoco,Subway train and tracks in an urban environment.,57723,
340778,mscoco,Adults on motorcycles with car and crowd on street,96888,
547597,mscoco,A curvy road line with tall buildings and post.,9732,
136328,mscoco,a women that is posing for the camera,54830,
49891,mscoco,A person sitting down and eating some pizza.,34035,
296816,mscoco,A group of giraffe eating food from a tree.,90411,
554620,mscoco,A woman with blonde hair holding an open umbrella.,69957,
338625,mscoco,A double city bus is pulled up to a bus stop.,26745,
396608,mscoco,"A cup of coffee sitting next to a banana, apple and glass of orange juice.",6531,
54671,mscoco,A couple laying on a big bed in a bedroom.,32296,
396754,mscoco,A group of people horse back riding on a sandy beach.,20363,
304083,mscoco,a baseball player swinging a bat at a ball,47967,
408008,mscoco,The dog is laying in the green grass with a red frisbee.,74860,
93703,mscoco,a white and blue jet is flying in some clouds,10547,
477477,mscoco,A man and a woman riding skis down the slide of a snow covered slope.,83284,
90366,mscoco,A dog sitting on the grass looking at a fake cow that is lit up at night.,27002,
350855,mscoco,A woman covers her mouth as she is presented a birthday cake.,40774,
293425,mscoco,A few people are getting to know one another in affection.,75176,
101715,mscoco,a close up of banana peels near a drink,42249,
279809,mscoco,A pair of black cats display a menacing stare.,28700,
249883,mscoco,Person skateboarding up a sidewalk in a green sweatshirt.,12075,
346633,mscoco,A plate that has different kinds of food on it.,75955,
521472,mscoco,A large commercial airplane parked on the runway,74637,
78243,mscoco,A group of elephants in a grassy area next to a tree.,1805,
473850,mscoco,"A female wearing a red shirt lies on a bed, resting",63268,
182840,mscoco,A woman sitting in a chair using a cell phone.,77978,
573968,mscoco,A person on a snowboard is standing on a rail.,19497,
243694,mscoco,A long boat filled with people sitting on top of a body of water.,16971,
38190,mscoco,A pan with a pastry covered in meat and veggies.,1990,
461256,mscoco,Woman stirring boiling pan of food on back burner.,75669,
303937,mscoco,Apples and oranges sitting next to each other on a shelf.,42685,
73521,mscoco,A few pieces of luggage sitting on top of a chair in an airport.,19890,
150098,mscoco,A horse standing in the grass in a fenced in area.,29729,
579247,mscoco,A street sign mounted to the side of a traffic light.,49775,
399284,mscoco,A man on a surfboard riding a wave.,67319,
235522,mscoco,Three giraffe eating greens in a field next to lots of trees.,54097,
7787,mscoco,"Fresh pizza sits on plates, ready to be eaten.",32305,
249964,mscoco,A group of brown cows standing on top of a lush green field.,14733,
116182,mscoco,meat and veggies in a wavy purple bowl,13010,
206770,mscoco,A house with a large hole in the side of it.,46097,
51495,mscoco,The wing of an airplane flying above a beach.,65515,
54955,mscoco,A small boy leaning up against a window on a train,50782,
11181,mscoco,Someone walking down the street while holding a pink umbrella,15399,
495054,mscoco,a big airplane that is on a runway,76634,
282674,mscoco,a dog that is laying down next to a truck,62315,
304347,mscoco,Parked vehicles and a crane on a road in the woods.,56292,
366529,mscoco,A man in white jacket and red tie and a woman in a white headdress.,71378,
7789,mscoco,a person laying in a bed with a window,27083,
390759,mscoco,A group of three cows eating food while standing behind bars.,24762,
222500,mscoco,A kitchen with lots of wooden cabinetry and a stove top oven.,88726,
307611,mscoco,two people laying in bed operating separate laptops,90045,
352422,mscoco,A very dingy and grime bathroom that's in someone's house.,27781,
556278,mscoco,A street intersection at night with no vehicles on the road.,17878,
271452,mscoco,A couple of blue street signs hanging off the sides of a pole.,81234,
554374,mscoco,A person that is riding a wave on a surf board.,37616,
51476,mscoco,A series of images of pots filled with chocolate and desert.,87349,
7214,mscoco,"the sink, mirror and toilet in a white bathroom",17963,
127474,mscoco,A couple of kids standing around a red fire hydrant.,33932,
487131,mscoco,Four men standing outside a brick building with trucks.,48636,
390052,mscoco,A pair of fathers and sons playing outdoors in the daytime.,65514,
387098,mscoco,a computer desk with a laptop another monitor with a keyboard and mouse,80705,
85735,mscoco,A picture of a birthday cake on a kitchen counter.,26099,
164568,mscoco,Four cows standing in the grass near mountains.,50738,
578807,mscoco,A person sitting outdoors with a Frisbee in front of their face.,56734,
394259,mscoco,A pot that has food inside of it.,84240,
487222,mscoco,there's and airplane in the sky flying over some trees,52936,
577149,mscoco,there are many zebras walking on the side of this road,21412,
536654,mscoco,A group of three women sitting at a table sharing a cup of tea.,61154,
551796,mscoco,A chocolate cake with nuts on top on a cake plate in the grass.,91525,
305060,mscoco,a person getting a piece of pizza pie,93737,
8005,mscoco,A light blue airplane sits in the airport waiting to depart,40627,
306733,mscoco,"Bathroom with sink, shower, towels, curtain, and more with window",84358,
73119,mscoco,People standing around looking at a small train on a track,25022,
109819,mscoco,An elephant walks next to a bus down a busy street.,97713,
225133,mscoco,A bunch of very pretty umbrellas displayed in a tree.,99861,
436280,mscoco,A british airways passenger jet in the sky.,34677,
189600,mscoco,A long haired dog with their face out the window of a car.,27951,
576080,mscoco,A white toilet sitting up against a yellow wall.,61682,
520043,mscoco,A truck parked by other vehicles covered in graffiti.,69388,
238013,mscoco,"A man is playing tennis, the ball is coming toward him.",75010,
384635,mscoco,A yellow train traveling past a field next to a forest.,49636,
450674,mscoco,A pair of racing motorcycles coming to a start line.,88384,
435569,mscoco,a zebra a giraffe and some birds by some water,21145,
42433,mscoco,an overhead view of many people on motorcycles,33644,
331280,mscoco,A couple of women and one man kneeling down before two horses.,36229,
372620,mscoco,A young man riding a skateboard in a car garage.,7516,
97767,mscoco,a yellow pipe next to a bricked pavement and a bush.,94319,
493652,mscoco,Living room decorated for Christmas with gifts galore,15218,
300357,mscoco,A woman in a skirt and colorful shirt kneeling down on floral fabric.,25682,
384553,mscoco,A man riding an elephant into some water of a creek.,9918,
557633,mscoco,A couple of women standing next to each other.,62021,
392915,mscoco,"A neat and tidy, modern, residential, family kitchen",12419,
172686,mscoco,A table topped with oranges and a bowl of salad.,72862,
62151,mscoco,Horses stand and drink from pond water near the road.,87600,
241668,mscoco,There are two people enjoying a wedding reception,17032,
298190,mscoco,a sign that is hanging on a white wall,69315,
527022,mscoco,A painting of a man herding sheep in the field.,93288,
371176,mscoco,Two guys on an orange rescue boat near land.,62672,
117718,mscoco,A row of urinals stand on a wall in a bathroom area.,43323,
358136,mscoco,A couple of dogs lying on a bed in a trailer.,87310,
52700,mscoco,A group of people standing around a table with plates of food.,83551,
358596,mscoco,A group of men riding skateboards up the side of a wooden ramp.,38153,
76956,mscoco,The baseball pitcher has wound up his arm to pitch that ball.,39076,
436848,mscoco,A black and white of a small bathroom.,77272,
562229,mscoco,a child riding a skate board on a city street,14111,
42694,mscoco,a number of people washing an elephant,53710,
371427,mscoco,A picture of a person a dog and a horse.,58744,
84447,mscoco,A motorcycle driver sitting next to his motorcycle.,28051,
480311,mscoco,Many children are posing together outside of the building window.,20006,
425722,mscoco,An animal surrounded by a flock of birds,72190,
553075,mscoco,A white plate holding a cheese pizza on a table.,50976,
3209,mscoco,A woman riding a horse next to a group of people.,90904,
11081,mscoco,An experimental airplane flying through a  cloudy blue sky.,59577,
39770,mscoco,A pot on top of a stove next to a large metal ladle.,2862,
488710,mscoco,A woman standing next to a princess parking only sign.,69787,
379085,mscoco,A boat that has blue covers sitting on the side of the water,54413,
13415,mscoco,A railroad conductor looking off the side of the train,1931,
439654,mscoco,A group of teddy bears sitting on top of a bunk bed.,35608,
334161,mscoco,"A bathroom with a toilet, a sink and a mirror.",80073,
158956,mscoco,A woman is cutting into a cake with a large knife.,67419,
182696,mscoco,A large black cat laying on top of a pink laptop.,33206,
381021,mscoco,a woman is on a poster hanging outside,41567,
211690,mscoco,Two girls in a library seated at a table cutting large brown paper.,6508,
372580,mscoco,A person on a board in the water.,18249,
233112,mscoco,Colorful post notes are placed all over the bathroom and shower walls.,31379,
178156,mscoco,A truck stopped at an intersection where construction barriers are up.,80900,
251343,mscoco,A kitchen with a black stove top oven and white cabinets.,58643,
31601,mscoco,I am unable to see the image above.,98098,
416885,mscoco,Three pastry desserts and two glasses of wine are on a table.,64329,
537955,mscoco,A brown dog standing on the kitchen floor looking up.,21474,
78381,mscoco,A baseball player is being tagged out during a game.,83582,
505386,mscoco,four urinals in a public restroom with a window,25477,
429025,mscoco,A group of people walk around in a business area.,67763,
428336,mscoco,This is an image of a woman with an umbrella with a sign on it.,5762,
38531,mscoco,A downtown area with cars parked at parking meters.,12678,
541017,mscoco,A skateboarder is about to go down a platform.,60240,
209299,mscoco,A large black cat sits on a desk near a laptop.,82709,
2532,mscoco,A person standing on top of a ski covered slope.,37963,
263588,mscoco,A cat pawing at a television picture of some penguins.,19983,
565085,mscoco,a couple of people are sitting on a wood bench,86124,
333290,mscoco,A group of giraffe standing on top of a dirt field.,54342,
102421,mscoco,THERE IS AN ADULT CAT THAT IS LOOKING AT SOMETHING,78694,
466585,mscoco,A pier stands in the ocean while people wade in the water.,68821,
497719,mscoco,A man riding a snowboard down a slope with many hills.,47280,
285751,mscoco,person on skate board jumping in air one hand on the bottom of skate board,97893,
26907,mscoco,a small boy in an orange shirt a baseball glove and ball,15869,
191691,mscoco,A man is shaving while looking in a mirror of a cluttered bathroom.,39439,
562496,mscoco,A dark bedroom with an unmade bed and a turned on bedside lamp.,97548,
571450,mscoco,A woman laying in bed while reading a book.,53262,
438907,mscoco,A man is doing a trick on a skateboard.,22656,
188818,mscoco,a painting is hanging over a television in a room,19930,
328536,mscoco,A plate of broccoli covered in cheeto's with a utensil on it.,26689,
410632,mscoco,A group of three men standing on a baseball field.,21934,
503595,mscoco,A piece of meat on a plate next to broccoli.,19963,
550452,mscoco,red and yellow train on a train track,92907,
68203,mscoco,A giraffe stands with several birds resting on it's neck.,59985,
215826,mscoco,An empty park bench next to a park under a blue sky.,63552,
145620,mscoco,a black and white photo of a person riding a dirt bike,67572,
272736,mscoco,A plane flies high in the middle of a dark sky.,5527,
362275,mscoco,A zebra walking through a field of tall grass,96114,
161720,mscoco,The bathroom is in the middle of a renovation project.,9129,
385181,mscoco,A white dish with a tomato based casserole,30400,
428399,mscoco,A sign near a wooden fence and a tree.,81232,
347664,mscoco,A herd of cattle walking across a sandy beach near the ocean.,92772,
92543,mscoco,A little girl standing beside a dirty fire hyrdrant,72953,
264201,mscoco,A yellow fire hydrant sitting next to two trash cans.,6075,
559252,mscoco,A grey van in front if a parking meter that takes credit cards.,88755,
419117,mscoco,A plate topped with lots of food on a table.,25493,
165818,mscoco,A spiral of bananas sitting inside of a large bowl.,21450,
202981,mscoco,Group of people standing on a Snowmountain with skis on.,84871,
315249,mscoco,A man riding a wave on a surfboard.,38255,
65604,mscoco,A painting of a zebra on a concrete wall.,91018,
350639,mscoco,A woman standing in a kitchen preparing food.,69142,
296871,mscoco,a cat resting on the ground next to some beer bottles and a table,40040,
150088,mscoco,A woman standing in front of a bathroom mirror taking a picture of herself.,54749,
154154,mscoco,A man riding a skateboard up the side of a ramp.,20944,
56874,mscoco,a man in a chefs outfit standing by a big donut,67647,
36844,mscoco,A spacious living room with three windows and a wooden floor.,5019,
302531,mscoco,a giraffe stands looking over a watering hole,13456,
3466,mscoco,The man is wearing orange and black shoes.,15450,
382172,mscoco,A horse wearing a protective cover stands in a grassy field.,71550,
206541,mscoco,A couple of zebra standing on a lush green field.,13550,
208549,mscoco,A woman standing next to a white cow with long horns.,28661,
340637,mscoco,a pink hat and a cellphone on some weaved basket,98527,
547062,mscoco,A small white and black dog standing next to a  busted up ship.,5291,
253964,mscoco,A man popping a wheelie on a motorcycle on a street.,78648,
47596,mscoco,A line of people is getting on to a bus.,50763,
535183,mscoco,A group of people standing outside of a food truck,82542,
191515,mscoco,A pile of black luggage sitting inside of a room.,22887,
434219,mscoco,A catcher and player holding a baseball bat near home plate.,67668,
478356,mscoco,A woman holding a sign sitting on top of a truck.,70350,
102367,mscoco,A white dog walking on a beach in front of a black dog.,64724,
48731,mscoco,two dogs sharing a frisby in their mouth in the snow,80686,
461405,mscoco,A group of sheep in a grassy area with trees in the back ground.,18409,
104494,mscoco,A basket filled with ripe bananas sitting on a counter.,67369,
482022,mscoco,The kitchen has shiny counter tops and brown wood-grain cabinets.,26172,
572229,mscoco,A man riding a wave on top of a surfboard.,56635,
15968,mscoco,A man sitting on a couch in a black suit and tie looking impatient.,54288,
131494,mscoco,A man riding a motorcycle down a street with a person.,91367,
515247,mscoco,A man sitting on the back of an elephant sitting on the ground reaching for the man with its trunk.,51970,
51500,mscoco,a couple of kids are standing by the bushes,11417,
73622,mscoco,a couple of people in uniforms are sitting together,77347,
321071,mscoco,A couple of white plates with sandwiches on top of them.,53792,
192079,mscoco,A woman preparing food inside of a kitchen.,8440,
501172,mscoco,A young man wearing a baseball uniform on top of a field.,94140,
191705,mscoco,A white toilet sitting on the floor next to a tiled wall.,29893,
181870,mscoco,this lady is standing next to her brown horse,26183,
307989,mscoco,A couple of kittens standing around metal bowls on a tray.,23453,
12166,mscoco,A couple of horses grazing in a grass field.,44000,
121716,mscoco,A man riding skis down a snow covered slope.,13438,
199553,mscoco,A man smiling on skis in the snow.,61380,
503980,mscoco,a person holding a clear piece of glass or plastic,655,
299045,mscoco,A street light stands in front of a Best Buy.,59235,
490842,mscoco,a half eaten pizza on a tray,36769,
79465,mscoco,A bathroom toilet nestled in a cubby is turned into a room for darts.,18621,
527846,mscoco,A farmers market fulled of fresh fruits and vegetables.,79183,
237428,mscoco,A blonde woman sitting on a park bench next to a green bike.,75142,
322816,mscoco,a cake with some figures made out of frosting on it,33946,
479057,mscoco,A largge polar bear smelling the grass looking for food.,47520,
38465,mscoco,Traffic on a busy city street at night.,91504,
470624,mscoco,A boat traveling across a large body of water near a large mountain.,18787,
104112,mscoco,A toilet in a bathroom next to a window and toilet paper dispenser.,36768,
390555,mscoco,The black and white photograph of a classroom of schoolchildren is a bit out of focus on the right side of the picture.,59556,
318721,mscoco,A woman looking at a polar bear through glass.,41697,
408039,mscoco,A boy in a white shirt and jeans standing in front of people.,51615,
434297,mscoco,A white plate topped with food on a counter.,61036,
76918,mscoco,A grey bird on beach with water and pier in the background.,93529,
426283,mscoco,A cat sitting on top of a bed with a purple blanket.,23585,
53484,mscoco,A red painted wall is against a television.,55882,
17244,mscoco,A man riding a bike next to a bus down a street.,39511,
564123,mscoco,A large cathedral with a clock towards the top of it.,22079,
214832,mscoco,Line of black cows eating hay from a hay bale.,57761,
454661,mscoco,A street filled with traffic next to a building.,27397,
91617,mscoco,a desk with a monitor and keyboard and mouse,34696,
70619,mscoco,A train parked in front of a train station.,46920,
568893,mscoco,"A hotel room with a flat screen tv, chair, and bed.",84139,
493862,mscoco,A person standing on top of a green grass hillside.,61455,
259614,mscoco,A lone zebra standing near some water and bushes.,48244,
384204,mscoco,A cat sitting on top of a window sill near a phone.,48675,
156445,mscoco,A large passenger jet with it's landing gear down.,52599,
396200,mscoco,A person on a skateboard on a street.,3493,
70943,mscoco,a person is holding up a small child,895,
71752,mscoco,Two buses driving by people in a city.,30909,
334332,mscoco,A man holding a gigantic donut in a napkin.,4681,
110200,mscoco,a bunch of food is loaded on to a plate,31777,
347179,mscoco,Black and white photo of people looking at animals grazing.,15934,
65567,mscoco,A highway sign sitting on the side of a highway.,13827,
458558,mscoco,A person in green body suit jumping on skis.,13229,
451559,mscoco,A bicycle sits next to an empty park bench.,69458,
468297,mscoco,a group of teens standing around holding onto skateboards,72559,
23879,mscoco,A train traveling down train tracks near a city.,54626,
532580,mscoco,a train on a train track with trees in the background,45048,
566656,mscoco,"An antique picture of a man, woman, cat, and dog.",13891,
113860,mscoco,A large boat with people on the back in the water.,86050,
283940,mscoco,a puppy sleeping on the floor by a remote control,86780,
399905,mscoco,A yellow school bus driving past a red brick building.,70045,
98284,mscoco,a young child holding a ball and a catchers mitt.,25317,
488270,mscoco,An airplane with wheels wheels barely off ground tilted slightly upward from the pavement to the blue sky.,43637,
192153,mscoco,A wooden swings hangs in a park next to a river.,6699,
379584,mscoco,Two sheep standing next to each other in a barn.,88490,
331875,mscoco,A group of school children pose for a class picture.,72554,
447762,mscoco,A young man riding a skateboard up into the air.,88228,
251124,mscoco,A bike parked next to a street in a city at night.,25200,
130966,mscoco,A large black steer walking away with a small stuffed teddy bear in a pile of brush.,4146,
513039,mscoco,A man surfing along a small wave in the ocean.,76198,
449950,mscoco,A basket of flowers on the counter of a bathroom.,1872,
507081,mscoco,"A kitchen with its light's off, with light coming from an open door.",51366,
95417,mscoco,A man in black shirt riding a skateboard on a sidewalk.,73579,
414522,mscoco,A snowboarder looks at the camera while on the slopes.,81374,
310407,mscoco,A man watching a single engine plane make an approach to land.,15168,
357899,mscoco,A commercial airplane at the gate being serviced,17498,
262460,mscoco,Neatly folded dress shirts and a tie sit on top of a counter.,61590,
227220,mscoco,A kitchen with a white tile wall and a chrome counter with a built in oven.,74563,
214701,mscoco,A giraffe and a gazelle that are grazing together in a zoo.,5951,
434700,mscoco,A ground tennis match between two guys while a bunch of people are watching in a stadium.,4833,
23126,mscoco,A man is standing on top of two horses and holding the reigns.,80383,
292209,mscoco,The big truck is parked in the parking lot by itself.,37554,
522791,mscoco,A man with tongs in front of hot dogs and buns.,48137,
118579,mscoco,An elephant with a large trunk sitting on top of a ground.,16247,
471737,mscoco,A train traveling down tracks next to trees.,13160,
139623,mscoco,A passenger train stopped at a stop next to a grassy field.,73742,
78495,mscoco,A woman standing next to a cat laying on top of a floor.,45533,
264382,mscoco,a baseball player throwing a pitch from the mound,91841,
249720,mscoco,Woman out running errands on her bicycle in the street.,3048,
546133,mscoco,A giraffe is standing in front of a wall,35585,
327417,mscoco,A man carrying his snow board beneath a giant snow covered mountain.,1010,
499837,mscoco,A silver pizza pan sitting on top of a table with pizza on it.,35794,
540714,mscoco,A farmers market filled with fresh fruits and vegetables.,82212,
558350,mscoco,aerial view of dog on lap next to laptop computer,45217,
187384,mscoco,A red bowl in the center of a plate with olives and lemons on the outer plate.,72998,
217753,mscoco,"A large display of fruit: applies, grapes, oranges, lemons, limes and grapefruit",11116,
131497,mscoco,A dog laying down with its bed on its head .,50444,
145295,mscoco,Many skateboarders going down a very wide city street.,10162,
18783,mscoco,A man in white shirt on bicycle with a dog riding in the back.,94687,
556101,mscoco,A person standing in front of a bus on a street.,47435,
302767,mscoco,A man standing on a board in a body of water.,32839,
10463,mscoco,A woman with red hair sitting on a bench.,38586,
539302,mscoco,two giraffes and an elk in the brush,4842,
445014,mscoco,a group of people standing next to a wooden fence and looking at a giraffe,64542,
275611,mscoco,One cheese pizza cooked and sliced on a pan.,85574,
35770,mscoco,a couple of pans you would use to pee in,89132,
548706,mscoco,A bathroom sink and towels hanging on the door.,2501,
11313,mscoco,A white bed topped with pillows and blankets.,99996,
425762,mscoco,A plate filled with sliced beef a bun and potatoes.,5585,
553320,mscoco,View of outdoor seating area in backyard from garden.,76438,
370165,mscoco,A person on a motor bike doing a wheelie jump,51053,
448690,mscoco,A group of people standing behind a Military cargo plane.,21201,
318147,mscoco,A single female rides her skateboard on a level surface beneath a huge palm tree.,29748,
33489,mscoco,A semi truck pulling a large blue boat down a road.,14536,
89047,mscoco,A snowboarder jumps in the air over a snow embankment.,48277,
112867,mscoco,A bunch of bins that are on a wooden table.,87921,
79846,mscoco,The orange fire hydrant is beside an old shack.,56043,
246650,mscoco,"A smaller car is stopped at the red light, as traffic drives on.",91172,
10107,mscoco,There is a dog sitting down and yawning.,99231,
242644,mscoco,The infamous Big Ben clock tower towering over the city of London.,66113,
36501,mscoco,A large gray elephant with large white tusk.,93944,
264572,mscoco,A boy in the pitcher's mound getting ready to throw the ball.,54545,
521721,mscoco,a red bird flying past a car window,49580,
230610,mscoco,A bathroom with a sink and shower curtain with a map print.,20618,
487482,mscoco,A woman taking a swing at a ball on a tennis court.,92879,
147866,mscoco,A parking meter next to a parked car.,1317,
496099,mscoco,The table  top was white with brown chairs,46899,
460407,mscoco,A few cows grazing on a shore near some tropical water and boats.,37749,
78982,mscoco,A city street with delivery trucks and a bus.,4909,
261707,mscoco,Surfing the web on a laptop at a coffee bar.,7358,
500100,mscoco,The dog is pulling a woman on a skateboard.,82272,
68078,mscoco,A dog in a small bathroom with an orange shower curtain.,99175,
332663,mscoco,A field with animals grazing on top of a grass covered field.,34085,
310445,mscoco,There are people sitting at the table eating food,42024,
411768,mscoco,A woman playing tennis in a white outfit,25192,
334542,mscoco,A flock of sheep grazing in an open field.,16915,
566298,mscoco,Three people brushing their teeth in front of the camera.,26304,
256055,mscoco,A young girl holding a backpack while walking across a field.,16431,
474437,mscoco,A tennis player wears a headset while taking a break.,91951,
171413,mscoco,A cluttered bathroom with a toilet and sink.,49645,
113271,mscoco,Small dog sitting on a carpet with a rubber doughnut toy.,24408,
398884,mscoco,a line of big trucks that are parked in grass,14479,
166259,mscoco,A group of fur ducks walks along a wooden walkway.,3077,
455301,mscoco,A mother with her baby laying in bed.,27464,
128441,mscoco,View of the street with a traffic signal and shops.,61262,
328940,mscoco,A dog and a girl asleep together on a sofa.,651,
401112,mscoco,A sleepy cat stretched out on a fluffy pillow.,23561,
337180,mscoco,A black cat in a tie laying on a carpet next to bookshelf.,58981,
336102,mscoco,A mouse head shapped pizza sitting in a box.,98422,
143576,mscoco,A cook is in the kitchen preparing a big pot of food.,23146,
176466,mscoco,The young girl is standing by the fire hydrant in curlers.,65036,
198752,mscoco,a five layer cake made from different shapes,76085,
33005,mscoco,A person playing a game of tennis with a racket.,35897,
83113,mscoco,Animals trying to either move or go around fallen tree branches,45794,
343213,mscoco,The bikes are parked along the side of the building.,2884,
334170,mscoco,a bath room with a toilet a sink and a bath tub,28549,
561766,mscoco,A fishing boat with a person and a dog on it riding through the water.,8075,
144300,mscoco,A motorcycle and people looking a travel vehicles.,9958,
252292,mscoco,"A city street with cabs, people and traffic lights",62728,
244005,mscoco,An older white motorhome pulled over on the side of a highway.,65751,
416405,mscoco,A red fire hydrant is in the snow near a mountain.,8069,
389811,mscoco,A speed limit sign mounted beneath a green street sign.,85879,
223466,mscoco,A bus yard filled with yellow school buses parked side by side.,79186,
527379,mscoco,A green stop light that is hanging above the street.,18714,
51702,mscoco,big city with tall buildings and lots of people on the street,95574,
549297,mscoco,A young boy standing with luggage as adults are socializing.,10545,
479633,mscoco,A man on a skateboard performing a trick.,3177,
279027,mscoco,A tray of roast sits on the the oven,92325,
580698,mscoco,A brown bear swimming in a body of water.,44614,
428881,mscoco,A young boy wearing  a catchers mitt while standing on top of a field.,38424,
537701,mscoco,A man with wearing glasses and a red and white tie is smiling.,48551,
320554,mscoco,A black cat laying in the sun under a bench,51259,
120961,mscoco,A desk sitting next to a showroom of cars in it.,2618,
418606,mscoco,A rainbow colored kite next to an airplane in the sky.,26243,
289393,mscoco,Set of toy animals sitting in front of a red wooden wagon.,88656,
532007,mscoco,Three people riding horses on a beach next to the ocean..,71148,
312340,mscoco,A black and white cat sitting on top of leaves.,74349,
88634,mscoco,A kitchen with a black stove top oven.,92892,
45472,mscoco,A table with some oranges and some cups.,27168,
114419,mscoco,A large brown bear standing next to a large river.,42724,
198805,mscoco,A group of trucks and cars parked in a parking lot.,51462,
75494,mscoco,A man surfs a wave in the water.,80118,
520508,mscoco,"Nordic skier, in full gear, making his way on a wind blown day.",5843,
387286,mscoco,A person riding a paddle boat on top of a wave in the ocean.,95018,
46743,mscoco,A woman sitting next to a parking meter.,2896,
19028,mscoco,Small kitchen with white cabinets and white appliances with a city view.,9302,
132622,mscoco,The large bear is looking in the direction of the camera.,42894,
369370,mscoco,A sandwich on a plate served with garnish.,40451,
532540,mscoco,A statue of men riding horses next to a green hillside.,53559,
574141,mscoco,A man on skis cross country skiing through a snowy trail.,76329,
215845,mscoco,A group of people sitting and standing by a white and blue ice cream truck.,47953,
402992,mscoco,Cattle lie in the grass to chew their cud.,75928,
334511,mscoco,A group of people sitting around a wooden bench with vegetables.,71732,
328791,mscoco,a hot dog stand in a city with people,22778,
540354,mscoco,A bathroom filled with urinals mounted on a wall side by side.,10774,
439290,mscoco,A bunch of bananas hanging on the tree,69356,
137950,mscoco,A plane flying over several houses and lots of trees.,62398,
264819,mscoco,Snowboarder riding in a half pipe performing tricks.,2592,
219271,mscoco,Large group of people surrounding a truck on a mountain.,37063,
296136,mscoco,A yellow and silver fire hydrant on the side of a road.,55738,
556817,mscoco,A dog carrying a ball in his mouth on the sand.,42754,
430469,mscoco,A plate of vegetables is placed on the dinner table.,30126,
15663,mscoco,Bicyclists riding down the middle of a city street.,30523,
66445,mscoco,A white plate topped with pasta and chicken with broccoli,48204,
301563,mscoco,A man riding skis down a snow covered slope.,15507,
361124,mscoco,A man is holding an umbrella beside a truck.,6456,
122007,mscoco,Two giraffe standing next to each other in a field.,86041,
486438,mscoco,A plate of donuts with a person in the background.,59532,
94405,mscoco,A group of people descending a snow covered hill.,91282,
355424,mscoco,A pizza with many toppings is on a plate.,98866,
