case_number,source,prompt,evaluation_seed,celebrity
319534,mscoco,A man wearing a t-shirt stands in the door way of a white bus.,57519,
547383,mscoco,Two adult sheep lay on the green grass.,52972,
369776,mscoco,A traffic sign sitting next to a sidewalk on a street.,91779,
13965,mscoco,A green an White train car traveling past a road filled with heavy traffic.,9390,
236010,mscoco,A red bus parked in front of a building on the side of a street.,949,
194499,mscoco,A little boy wearing a hat and leather boots.,33397,
177486,mscoco,A black cat wearing a tin foil hat looking off into the distance.,67391,
151095,mscoco,A group of people walking across a crosswalk.,37659,
545235,mscoco,A pizza restaurant sign sitting up against a brick wall.,88179,
220716,mscoco,a bird with a foot on the top of a pole,32271,
16193,mscoco,Two giraffe standing next to each other on a grass covered field.,50899,
282046,mscoco,A bench sitting on the beach near the ocean.,75624,
147058,mscoco,A wooden bench with a black box on top of it.,26531,
182984,mscoco,A small her of sheep gathered on a lawn in front of a large building in the city.,59350,
427471,mscoco,A giraffe standing next to a pile of dead wood.,96955,
102858,mscoco,A wooden bench sitting near a group of buildings.,76319,
249273,mscoco,A red fire hydrant sitting on a sidewalk next to a street.,68705,
27441,mscoco,A group of people standing around a red stop sign.,51338,
303818,mscoco,A bus traveling down a curvy road behind a black car.,74879,
79490,mscoco,A bench next to a stone wall and a dirt road.,5354,
373422,mscoco,A green and white bus pulling into a bus stop.,73625,
325690,mscoco,A white and red traffic sign on top of a metal pole.,92276,
439715,mscoco,A man riding a brown horse in uniform next to tall green trees.,6411,
45966,mscoco,A stop sign posted in a foreign language,63142,
267710,mscoco,A large flock of black birds in flight.,36643,
519555,mscoco,A black and white picture of a stop sign.,48422,
186956,mscoco,A train pulling into a train station next to a tall building.,21220,
258860,mscoco,A white bicycle parked next to a brown brick wall.,26911,
55072,mscoco,A single giraffe looks over the green brush.,53458,
409138,mscoco,A city bus is parked along the side of a street.,80377,
545959,mscoco,A large group of sheep in a grassy field.,69090,
84592,mscoco,A freeway sign at freeway entrance detailing 3 freeway options.,41771,
13789,mscoco,"A close up of a country sign, the picture is a personified bus that is freaking out because it is about to hit a biker, and the sign below reads 'danger traversee de route'.",10366,
397287,mscoco,A wooden post showing different paths to be taken,93566,
213649,mscoco,A city bus driving down a city street,90740,
36414,mscoco,Two birds looking at their reflections in side mirror,75044,
55053,mscoco,Three white sheep traveling down a paved residential street.,80416,
540180,mscoco,A street signal with a smiling face for the green light.,8166,
547435,mscoco,A yellow pickup truck stopped at an intersection,52531,
174423,mscoco,A bird sits perched on the edge of an umbrella.,46744,
167902,mscoco,A black and yellow bird with a colorful beak,54412,
397403,mscoco,a bird standing on a tree limb next to its nest,9124,
173445,mscoco,The four pink sheep are moving away from each other.,10948,
291932,mscoco,A pair of shoes sits on a bench next to a door.,95046,
322567,mscoco,A wooden bench surrounded by weeds has a dedication plaque,96877,
471415,mscoco,White sheep grazing in a grass pasture near stone walls.,4356,
185160,mscoco,A lone bird contemplates life while resting on top of a mound.,11861,
361123,mscoco,A sheep in the snow with other sheep around him.,6713,
338718,mscoco,A street sign reading Cambridge st and Norfolk st's crossing lies broken on the ground.,97365,
238292,mscoco,An animal that is on a tree eating some food.,24044,
429159,mscoco,A man with a chef outfit is talking on the phone.,45000,
478736,mscoco,Red street lights on an empty intersection with no traffic,87760,
440060,mscoco,A woman wearing a hat sitting on a park bench.,89017,
158952,mscoco,A stop sign is at an intersection on Morgan Rd.,2548,
28071,mscoco,A picture of a very tall stop sign.,84931,
277208,mscoco,A picture of a giraffe drinking some water.,4697,
148309,mscoco,A group of birds eating at a bird feeder,65901,
445179,mscoco,A bench that is beautifully shaded by a tree.,69120,
87489,mscoco,a public transit bus on a city street,85110,
307547,mscoco,A person and a animal in the daytime.,11787,
4760,mscoco,A set of park benches near a lamp post,55430,
91899,mscoco,A herd of sheep laying next to each other on lush green grass.,47473,
491965,mscoco,A white bus driving past a hillside covered with trees.,68684,
18485,mscoco,A wooden bench sitting on a lush green park.,65995,
419558,mscoco,A bench sits along the side of a lake.,90463,
407235,mscoco,A group of animals such as sheeps are walking together on the grass,72169,
396496,mscoco,a group of people next to a train with a sky background,851,
22129,mscoco,A bamboo bench with a backpack sitting on top of it.,47654,
88652,mscoco,A picture of a broken down stop sign.,78841,
383389,mscoco,A multi colored bus with people loading it,36697,
478862,mscoco,"Groups of people walk around a huge, multi engine airplane.",36153,
39368,mscoco,A large bus parked on a handicapped parking space.,53802,
296353,mscoco,"A white bus has the words, crosstown, on the front while a man walks near the side of the bus which is front of a brick building.",15769,
372212,mscoco,A silver fire hydrant sitting next to a  road on a sidewalk.,11656,
144365,mscoco,a window shoing a man standing alone on a train platform,14653,
264753,mscoco,A picture of two buildings and a street in black-and-white.,8177,
9379,mscoco,A bus stop next to a curvy road surrounded by traffic lights.,44807,
431931,mscoco,A yellow and brown bird perched on a leaf on top of a grass covered field.,72501,
548780,mscoco,Two sexy young women sitting on a metal bench in front of flowers.,24333,
444888,mscoco,A tall building with balconies behind a red and white sign.,72462,
73278,mscoco,Three elderly people sit together and eat desert.,40719,
347620,mscoco,A pretty young lady holding a black umbrella.,90344,
525777,mscoco,A picture of a man sitting in a train.,92774,
579893,mscoco,A close up of the stop sign and to street signs.,35342,
107542,mscoco,A dog is walking past a row of park benches.,20535,
34820,mscoco,A construction crew repairing electrical wires over a busy intersection.,32995,
34866,mscoco,A picture of a person on the side of the road.,7974,
467990,mscoco,A gray and yellow train traveling along the tracks,17829,
220160,mscoco,A close-up of the streetlamp showing to red street signs.,96677,
417217,mscoco,A long white passenger train traveling through lush green countryside.,59035,
295426,mscoco,A train is coming down the track near some trees.,43944,
448278,mscoco,A pond with various birds and ducks swimming.,34059,
347823,mscoco,Two young children sitting side by side while eating food.,29043,
405614,mscoco,A white city bus pulling onto a street near a cross walk.,62796,
389129,mscoco,A white bird flying through a light blue beautiful sky.,67360,
403885,mscoco,A scene featuring a shepard woman is juxtaposed colorful shapes,79401,
175539,mscoco,A picture of a stop sign on a street.,2415,
398246,mscoco,A picture of some people walking across the street.,33744,
344762,mscoco,A building with a grey hound road sign on it,35767,
543043,mscoco,There is a red car parked next to an old bus.,15442,
476491,mscoco,an alley between two buildings with a sky in the background,93669,
299295,mscoco,Two red and yellow trains parked next to each other.,16980,
576607,mscoco,The lady is sitting on the wood bench.,52314,
222724,mscoco,A highway scene with focus on an exit sign.,83734,
443450,mscoco,underside of a plane flying through a cloudy sky,72195,
518716,mscoco,A person that is feeding an animal with her hand.,63571,
38321,mscoco,"A cloudy sky , red traffic lights and power lines",83343,
5690,mscoco,A long passenger train traveling through rural countryside.,76456,
398748,mscoco,A bird sitting on a sandy beach next to the ocean.,26274,
536654,mscoco,A group of three women sitting at a table sharing a cup of tea.,61154,
182401,mscoco,A bench sitting in front of a lush green hillside.,74821,
65306,mscoco,A green and white bus traveling down a road.,25563,
78947,mscoco,A highway sign posted on a pole next to a street sign.,92544,
549119,mscoco,A white city passenger bus traveling down a street surrounded by tall buildings.,26376,
246248,mscoco,A red stop sign on the side of a brick road.,25736,
527616,mscoco,A television screen in an open space at a political function.,26052,
146742,mscoco,A beautiful young lady laying on top of a park bench.,24759,
189698,mscoco,A picture of a road sign labeled bodacious drive.,15099,
394681,mscoco,A red double-decker bus parked on a helicopter pad.,10625,
87356,mscoco,A red and white bus traveling down a street.,94491,
76765,mscoco,A woman pulling her luggage past an orange fire hydrant.,51297,
188817,mscoco,People getting on and off the bus parked by the curb.,16803,
570826,mscoco,a public transit train on a train track with buildings in the background,37346,
198928,mscoco,A woman standing next to a light pole by a street.,24391,
568972,mscoco,Father and son wait on their bicycle at a traffic light.,5136,
442630,mscoco,The man is sitting on a bench and is looking out at the street.,73894,
217554,mscoco,A small red bird sitting on top of a rear view mirror on the side of a car.,44180,
578350,mscoco,A tall giraffe standing next to a tree surrounded by a crowd of people.,1635,
76249,mscoco,An intersection of wires and cables stretching over a traffic light.,21197,
153632,mscoco,Side of meat sitting on a white plate on a dinner table.,59552,
400516,mscoco,An Asian street scene with many people on the street.,63543,
227433,mscoco,A man carrying a suitcase and a bag at a train station.,7158,
247840,mscoco,Large group of people standing outside a restaurant together.,68152,
34522,mscoco,A close-up of a hawk with a group of people in the background.,48065,
470032,mscoco,A tropical bird hanging upside down on two wires.,63532,
549448,mscoco,A group of people are on a tour in the jungle.,37976,
576822,mscoco,Two giraffes in an enclosure with their necks and heads touching.,85128,
242513,mscoco,A red train engine parked on top of a snow covered ground.,4145,
249757,mscoco,People standing in front of building holding protest signs.,1714,
244487,mscoco,A couple of large passenger jets flying past each other on an airport.,93290,
236690,mscoco,A white and gray bird soaring over the blue ocean.,77276,
572017,mscoco,a small bird in a bird feeder/house,96763,
211246,mscoco,A man standing a the front of a passenger bus.,19899,
443835,mscoco,A beautiful woman in a red dress sitting on a bench next to a blue train.,13172,
343315,mscoco,A red fire hydrant sitting on a patch of green grass.,79469,
576927,mscoco,A park bench with two stones piled on top of each other,52365,
508931,mscoco,Bicyclist sign attached to a wall beside a window.,37082,
194167,mscoco,A giraffe looking for food between large rocks.,97723,
209728,mscoco,Two birds sitting on a large rock next to a river.,55460,
557819,mscoco,A close up of the front and of a bus.,56793,
203478,mscoco,A street scene with a double-decker bus on the side of the road.,64913,
396410,mscoco,A ram standing still in an empty pasture.,11728,
296907,mscoco,A cat wearing a Santa suit including a Santa hat.,94439,
342335,mscoco,A sign next to a stone wall stating the road name.,65059,
558992,mscoco,A walkway lined with green trees next to park benches.,32125,
35894,mscoco,A black and brown dog laying on a grass covered ground next to a yellow fire hydrant.,52866,
256838,mscoco,A subway train traveling through a subway station.,53856,
160199,mscoco,A giraffe standing in front of a stone building.,30480,
239997,mscoco,A large white city bus stopped at a bus stop.,9773,
183181,mscoco,A herd of buffalo grazing on grass next to the ocean.,56953,
84170,mscoco,a red and white bus and some cars in the rain,72076,
41300,mscoco,A train traveling through a tree filled countryside.,75957,
433154,mscoco,A large green train traveling past wooden crates.,3570,
359234,mscoco,Two sheep grazing on a lush green grass covered field.,34096,
328368,mscoco,an old man with a white dog on a leash and a bench,38340,
343481,mscoco,a bunch of sheep all chillin together in a bin,62823,
410912,mscoco,A train pulling into a station with a red bench seat.,11981,
490125,mscoco,White birds are gathered around a water puddle.,71230,
56768,mscoco,Two giraffes are in the grass by some rocks.,65830,
499268,mscoco,A woman on a bench reading a book,73652,
378859,mscoco,A plane makes a landing at an airport.,11854,
15746,mscoco,A fire hydrant is standing amid some grass.,9685,
291538,mscoco,The reflection of a bus in a vehicle mirror,99748,
12818,mscoco,an image of taxi cabs parked and stationed thru out the city,84449,
254816,mscoco,a close up of a giraffe behind a fence,76788,
158414,mscoco,A bus is displaying rider information pamphlets at the front of the bus.,33889,
75372,mscoco,A giraffe is poking its nose into a girl's beverage cup.,14254,
181058,mscoco,Two herds of yak are grazing on a hillside with a snowy bottom landing.,93555,
376321,mscoco,Two cars are waiting at a stop light.,32905,
275761,mscoco,A fighter jet is flying through the air.,50416,
147577,mscoco,The train image on the wall is beautiful.,90753,
222235,mscoco,A cat is playing with a plan in a park.,34246,
426629,mscoco,A giraffe stands in a field as birds perch on its neck.,94956,
15113,mscoco,A bird that is on a tree limb.,54440,
271046,mscoco,A giraffe stands tall beside a tree in a barren area.,23629,
187876,mscoco,a group of giraffes standing near one another with trees in the background,46245,
119748,mscoco,cars wait at red light at an intersection by mountains,79438,
305876,mscoco,Orange seats on a train with Yellow doors and lime green floors.,23305,
224610,mscoco,four coach buses parked in a parking lot,66378,
29397,mscoco,A person wearing orange pants standing on a bench,16920,
23660,mscoco,A lot of people that have some animals.,91056,
449198,mscoco,time shot of cars driving down Asian highway,14044,
65628,mscoco,A small giraffe laying in the sand by a fence,33998,
220058,mscoco,A picture of a train going on the train tracks.,44748,
77837,mscoco,The green bus has a large front window and a yellow license plate.,56600,
90208,mscoco,The picture of three buses on a lot.,4735,
113051,mscoco,A boat traveling into a water filled tunnel.,41724,
246348,mscoco,A long empty road with an over pass bridge.,64772,
548159,mscoco,Two rows of red double decker buses on a green lawn,67398,
269926,mscoco,A picture of a two-story bus by the street.,47281,
560466,mscoco,Up close view of a model train set and its surrounding area,17754,
191675,mscoco,A baby giraffe being licked by a big giraffe.,36730,
255718,mscoco,A rusty old fire hydrant on an inner city street,75769,
338562,mscoco,A red fire hydrant in front of a shopping center.,39355,
334743,mscoco,Three double decker busses are parked in front of a building.,93108,
493774,mscoco,The street sign is standing on the corner.,37710,
514376,mscoco,A trolley is going down the street while a car passes it.,88635,
372756,mscoco,A close-up of a tropical bird with a mirror behind it.,41402,
395185,mscoco,A street post with a one way sign and street name sign along with holiday decorations.,73460,
299493,mscoco,A yellow city bus going to walmart and the hospital,77795,
74465,mscoco,A cargo train is sitting at a train station.,17270,
41488,mscoco,"The road sign says ""East 278 Queens Bronx""",28471,
309696,mscoco,A fire hydrant on the side of the road spraying water.,37341,
67178,mscoco,A street scene with a double decker bus.,12100,
421970,mscoco,An expressway sign is informing of how much further to the next destination.,14958,
388325,mscoco,A tall two story gray house sitting in front of a street sign that readsd Nirvana Dr.,27176,
499181,mscoco,A street scene of a self service parking lot.,71671,
465074,mscoco,A woman with a hat is using an umbrella.,53230,
351938,mscoco,A yellow fire hydrant surrounded by many types of flowers next to an apartment.,52552,
188735,mscoco,Three people in yellow shirts cleaning a park bench.,35276,
282176,mscoco,A very green bench that is in some grass.,21589,
420852,mscoco,Some hot air balloons are in the air above wires.,80420,
278306,mscoco,A bird that is sitting on top of a tree.,4906,
162692,mscoco,A monument of a lion that is in a wall.,98468,
224554,mscoco,A train that is going by some grass.,3075,
145742,mscoco,A photo of chalk writing on the sidewalk next to a white fire hydrant.,91736,
183666,mscoco,Red and blue train sits along the tracks,37024,
473783,mscoco,Multiple train tracks with a train on one of the tracks.,43553,
574988,mscoco,A bird that is sitting on a ledge.,54452,
469713,mscoco,An animal that is licking the neck of another animal.,90336,
307442,mscoco,A bus that is driving on the street.,95434,
449872,mscoco,A parking lot filled with parked cars in a shopping center..,41843,
185472,mscoco,The train is approaching and a man is getting off his bicycle.,84662,
344029,mscoco,A bus that is driving down the road.,54205,
496093,mscoco,A wooden bench sitting in a park covered with leaves.,53642,
235296,mscoco,A beautiful woman sitting on a bench next to a body of water.,54899,
60704,mscoco,Two people resting beneath a tree near several green street signs.,59019,
412373,mscoco,A semi truck riding on top of a faerie.,32122,
347506,mscoco,A group of people standing next to a bus and a flag pole.,54792,
419089,mscoco,A yellow bus carrying passengers riding along the road.,56345,
315001,mscoco,A flock of birds flying over the ocean next to a beach.,73186,
454449,mscoco,A large adorable owl standing on top of a green grass covered park.,30639,
195045,mscoco,A park filled with green grass and a tall leaf filled tree.,62318,
401163,mscoco,"The dog lies on the ground, while the two men talk to each other.",63888,
429283,mscoco,A giraffe is standing under a tall tree.,57359,
13992,mscoco,A sign hanging on a pole by the sidewalk,19116,
528951,mscoco,an image of an aerial view of cars in a parking lot,79811,
388881,mscoco,A large white seagull in flight over blue waters.,32092,
400472,mscoco,"PASSENGER TRAIN WITH SMOKE BILLOWING IN THE WIND,TRAVELING THROUGH THE TREES",97576,
121089,mscoco,A large white airplane flying beneath a blue sky.,70966,
537427,mscoco,An airplane is waiting at the jet bridge,73226,
458156,mscoco,A bright red fire hydrant is in the grass.,65515,
117374,mscoco,Two cats sitting in the dirt under a tree.,74403,
18874,mscoco,A group of giraffes inside of an enclosure.,64928,
150365,mscoco,A giraffe stands between trees while other giraffes walk behind him.,12136,
58146,mscoco,a close up of many toy sheeps on a table,55505,
257359,mscoco,A train is stopped in front of an industrial area.,19373,
268049,mscoco,A retail sign is hanging above a stop sign alert for added effect.,50599,
564069,mscoco,a bus driving on a city street with trees,89630,
555763,mscoco,A man on motorbike rides in front of a large parade of traffic.,77674,
493815,mscoco,a man is standing by a sign post,7182,
101623,mscoco,a pole with several street signs by a building,70492,
191613,mscoco,There are people standing on a red double decker bus.,55231,
155035,mscoco,The three giraffe stand next to a pile of logs.,47247,
74096,mscoco,There stoplight in front of the buildings is green.,87841,
429718,mscoco,A train with steam coming out is on the tracks.,77108,
496309,mscoco,A giraffe cranes its head to look over a canopy.,2364,
413172,mscoco,A green traffic light shines above a street with light traffic.,20486,
464178,mscoco,Two giraffes are in a fenced in area that has a few sparse trees near it.,32132,
339368,mscoco,"A city street scene with a green bus coming up a street, with ocean in the background.",69837,
289586,mscoco,A giraffe points its head towards the sky,97607,
492506,mscoco,three giraffes walking in a field with trees in the background,92093,
533276,mscoco,A little boy dressed up like he is on a safari.,46972,
489920,mscoco,a bench with a wall and pavement,49312,
474188,mscoco,a green bench sitting on the side of a wall,90702,
40064,mscoco,"A narrow, one-lane street and a stoplight by a low wall",16411,
448426,mscoco,A tall giraffe kissing the bark of a brown tree.,28128,
218470,mscoco,A traffic light next to a street light below a tall building.,8766,
58737,mscoco,A train parked at a train station next to another train.,78801,
195648,mscoco,A park bench surrounded by a green forest of trees.,97521,
55167,mscoco,A yellow and blue bus traveling down a road next to a park.,85436,
288983,mscoco,A large giraffe standing behind a wire fence.,16782,
456833,mscoco,A silver passenger train with an aids walk poster on it's side.,85667,
364919,mscoco,A bridge filled with blue and white buses.,21493,
384594,mscoco,A red commuter train passing through a train station.,26093,
393928,mscoco,A herd of sheep in an open snowy field,67306,
360325,mscoco,A herd of sheep standing next to each other on dirt ground.,27681,
400994,mscoco,A large goose cleaning itself by the water,52991,
523454,mscoco,A man walking towards a bench from the street,45663,
576017,mscoco,There are two different street signs together in a different language,14960,
548538,mscoco,A black train car with a group of men standing on the back of it.,48314,
163112,mscoco,Man sitting outside in a blue coat about to stand up from lawn bench.,20946,
301746,mscoco,A couple of young men riding bikes down a street in front of a sign.,16843,
44732,mscoco,Two birds sitting on top of a branch on a tree.,9813,
545093,mscoco,Black and white photo of a trolley car.,26896,
419624,mscoco,A long white train traveling through a lush green hillside.,38699,
37709,mscoco,There is a stop sign and two street name signs on one poll,59661,
428357,mscoco,A large United States Air Force plane sitting on a tarmac at an airport.,33513,
91610,mscoco,A bird with a long neck sitting in a tree filled with leaves.,49201,
284445,mscoco,A group of people crossing a street next to a bend traffic light.,39382,
254123,mscoco,An empty plastic container and a plastic fork left on a bench.,33004,
94326,mscoco,A white statue holding open a newspaper while sitting on a bench.,65351,
271828,mscoco,A child's steam engine train sitting on train tracks.,13960,
366931,mscoco,Two decorated cakes in boxes on a table,60917,
201670,mscoco,A road filled with snow and traffic lights.,9132,
497348,mscoco,A street sign posted to a pole that reads no through road.,89512,
223777,mscoco,A train car pulling away from a train station next to a forest.,13158,
82662,mscoco,A red stop sign with a sticker of a man holding up a sword.,61420,
161962,mscoco,A picture of a building and some grass.,399,
38772,mscoco,A wooden bench in the middle of the wild.,76095,
261712,mscoco,Two giraffes at the zoo during the day.,94662,
490695,mscoco,A long passenger train traveling through a rural countryside.,69105,
201916,mscoco,A brown sheep standing in front of a pile of rock.,18889,
495557,mscoco,A set of train tracks with cargo train cars on one side and people on the other side near several buildings.,14623,
152774,mscoco,A herd of giraffe and long horned goats laying in a zoo.,22265,
450400,mscoco,A man is dressed in all black has on a black hat and glasses,88641,
384528,mscoco,A sign warning no camera and no videos on the side of a road.,4142,
105912,mscoco,A red fire hydrant sitting on a sidewalk.,9382,
459176,mscoco,A couple of animals that are walking around the grass.,21403,
335864,mscoco,A white pickup truck parked near a white brick building.,25211,
378809,mscoco,A rear view mirror on the side of a yellow bus.,26465,
509423,mscoco,We are at the intersection of Doyers Street and Chatham Square.,272,
449793,mscoco,The two traffic lights are placed on a pole on the road.,56741,
31711,mscoco,A number 41 bus heading to Mt Airy on a road.,6056,
398007,mscoco,A city with many people waiting for a train.,41650,
97754,mscoco,a white blue and red jet against a blue sky,886,
388014,mscoco,A wooden box filled with birds and rabbits.,9538,
425153,mscoco,A giraffe standing next to a tree with no leaves.,30232,
547597,mscoco,A curvy road line with tall buildings and post.,9732,
425388,mscoco,A long bus drives through a wide city street,61733,
136464,mscoco,A line of decorative benches on a boardwalk.,24590,
172702,mscoco,A advertising billboard next to a street light at night.,46604,
525869,mscoco,A herd of sheep are seen on a farm,87658,
432796,mscoco,A couple of swans swimming in a pond next to two people.,9699,
172265,mscoco,A herd of zebra standing around a tall wooden tree.,60115,
19624,mscoco,A busy street at night with parked cars on the side.,13182,
46497,mscoco,Two little girls sitting on the side of a white boat.,99363,
156458,mscoco,A black lab waits at a picnic table for it's master.,20566,
193704,mscoco,A green motel sign hanging from a fake cactus.,76799,
327807,mscoco,A small group of people standing outside of a train next to  small shops selling fruit.,66594,
306136,mscoco,A bus stopped in front of a building with the Apple logo on it.,6155,
101780,mscoco,A giraffe eating some leaves from a tree at the zoo,16920,
29852,mscoco,A street sign on a tree lined Japanese street.,94806,
367511,mscoco,A green train pulling into a train station.,53746,
395717,mscoco,A man wearing a hat sitting on top of a boat.,20089,
340781,mscoco,A floodway sign sitting on the side of a road in a field.,97820,
404886,mscoco,A baby giraffe standing next to a wire fence.,22118,
162539,mscoco,A western square sign on top of two wooden poles.,48864,
277094,mscoco,Two cops standing in front of a street on a cross walk.,20051,
115571,mscoco,A group of three men standing in front of a double decker bus.,98546,
386370,mscoco,A bench sitting next to a river next to a bridge,92257,
462105,mscoco,A bench overlooks a harbour with a lighthouse.,49584,
69842,mscoco,A train's door is open for its oncoming passengers.,652,
389174,mscoco,Some people that are sitting on a bench.,36781,
519565,mscoco,Two adults and a baby sit on a bench.,29003,
289943,mscoco,A white street sign hanging from the side of a pole.,11263,
348795,mscoco,Man sit on a icy bench with skis on his feet.,11480,
447842,mscoco,A stoplight that is green on the street.,36703,
121196,mscoco,A group of men standing on a street corner next to a stop sign.,27112,
503277,mscoco,A stop sign sitting next to a street sign on the side of a road.,71402,
576191,mscoco,A gray tiger cat sitting underneath a metal bench.,48888,
361073,mscoco,A large white bus stopped at a bus stop covered in snow.,8540,
112372,mscoco,A large double decker bus driving under traffic lights.,114,
23230,mscoco,A family of swans swimming on top of a lake.,63425,
192894,mscoco,A couple of animals that are in the grass.,72074,
573881,mscoco,A cat that is under a bike on the ground.,77241,
92554,mscoco,A red street sign hanging off the side of a building.,46891,
27932,mscoco,A catchers mitt sitting inside of a blue baseball hat.,70134,
191300,mscoco,A crowd of people walking along a river next to street lights.,12424,
534128,mscoco,A sleeping area of a train car with a seat belt buckle.,22244,
80666,mscoco,A cat sitting on top of a bench in a field.,32735,
500335,mscoco,A trian sitting next to three other trains near a field.,10,
87156,mscoco,a yellow tram some mountains snow and trees,98730,
165713,mscoco,A rusted silver fire hydrant next to two poles.,33080,
425555,mscoco,A woman in a wheel chair sitting next to a red fire hydrant.,4229,
483266,mscoco,A busted traffic light sitting next to a red house.,31804,
515465,mscoco,some blurred sheep are running and some green grass,5698,
527960,mscoco,A green park bench underneath a tree in a park.,40573,
332027,mscoco,A tall giraffe standing on a rock on top of a hillside.,55799,
170813,mscoco,A man sitting at a park working on a laptop computer.,46572,
253755,mscoco,A lake with a rail bridge and traffic bridge over it.,69104,
47718,mscoco,A train traveling through a dark tunnel next to green brush..,48933,
226802,mscoco,A red bus driving down a busy city street surrounded by tall buildings.,935,
81287,mscoco,A green and beige bus traveling down a busy city street.,18241,
181742,mscoco,A red fire hydrant sitting on a muddy green hillside.,53616,
295359,mscoco,A crow perched on an empty park bench.,20854,
366440,mscoco,A water foul near the shore in a body of water with an island in the middle of it.,25175,
555390,mscoco,A traffic light with a picture of a coffee cup underneath it.,8455,
468345,mscoco,A man riding a skateboard while wearing an orange hat.,32741,
96226,mscoco,an image of a woman smiling at the camera and behind her is a giraffe,16201,
39811,mscoco,A British bus makes its way down the road.,88530,
503841,mscoco,two traffic lights in front of a huge building,99559,
87354,mscoco,A set of train tracks with a street sign next to them that reads 34th Street.,82918,
495088,mscoco,A bird is flying over some rocky water.,57390,
329900,mscoco,A double level bus on a street driving through a construction area.,36847,
344205,mscoco,a group of trams running down tram lines,59220,
253415,mscoco,MTA F train comes rolling through the bridge tracks.,65916,
581899,mscoco,Two bright green passenger trains pass by with people standing in the doorways.,24899,
18771,mscoco,A river with lots of trees on the river banks and a bridge in the middle of the river.,99322,
478868,mscoco,A man walking across the street without any traffic.,47942,
316112,mscoco,A huge group of scattered out sheep are in the field.,41701,
1554,mscoco,Three sheep in a pasture with people standing by the fence.,49743,
487236,mscoco,A giraffe in the middle of a field looking astute,65160,
163496,mscoco,a close up of a dog wearing a yellow clone hat,46695,
212675,mscoco,"A street sign for Battery Plaza, and a One Way street sign.",38845,
292075,mscoco,There is a giraffe facing a brick wall.,79509,
256852,mscoco,A bus pulls up to a group of people and a sidewalk.,90336,
438269,mscoco,There is a bird standing in the sand.,74542,
186797,mscoco,A decorated street sign for Queen Street with two blue signs below.,56175,
334675,mscoco,Buses of various colors parked in a parking lot.,94918,
321308,mscoco,A stop sign with graffiti on it nailed to a pole.,5961,
67868,mscoco,A park bench submerged in water in a flood.,9958,
523782,mscoco,A cardinal perches on the side window mirror of a parked sedan.,614,
450313,mscoco,A bus that is driving down the road.,48236,
285894,mscoco,A giraffe has come to a fence line to greet visitors.,35436,
291330,mscoco,A giraffe looks on as two black birds peck for food on the ground.,75793,
70870,mscoco,A lone woman stands at an empty train station.,74666,
263177,mscoco,A busy intersection in a city has many tall buildings and advertisements.,6166,
139475,mscoco,A piece of wood that is on top of a block.,26685,
332916,mscoco,A man standing on the corner with a drink in hand.,34005,
495852,mscoco,"An image of a raptor, possibly an eagle, extending its wings overhead against a yellow and maroon sky.",80548,
332545,mscoco,An empty intersection of a colorful urban area.,36679,
451798,mscoco,A red wall is the collection place for a large collection of colorful ties and hats.,16816,
258702,mscoco,A rainy day at the bus station in the old section of town.,45290,
197745,mscoco,A couple of captive giraffes look around the ground in the zoo.,46958,
7952,mscoco,A truck crosses train tracks near an oncoming train.,79486,
107468,mscoco,A bird flying over the beach to the water,95592,
574057,mscoco,A bunk bed sits next to an open window.,8889,
434129,mscoco,Elaborate Toronto Blue Jays professional baseball cap cake,38548,
393254,mscoco,A tent in a forest next to a silver and brown RV.,7706,
545788,mscoco,A herd of animals grazing on the side of a green hill.,75895,
233017,mscoco,An SBS Transit double deck bus on a city street.,1184,
494179,mscoco,A single engine plane in the air right above a grassy field.,70595,
78843,mscoco,A young man kissing the top of a young woman's head.,85768,
384616,mscoco,a red fire hydrant near a dirt road with trees in the background,618,
140456,mscoco,Sign over city street above traffic lights by a building.,87120,
180510,mscoco,a train on a train track with a sky in the background,90002,
345988,mscoco,An American Airlines passenger jet takes off from an airport.,1510,
201765,mscoco,A duck floating on a lake with gray and black feathers.,26998,
263520,mscoco,A lone giraffe stands in the middle of a grassy field.,27747,
372087,mscoco,A green and yellow railroad train pulling into the station,31777,
441553,mscoco,A crows of people standing outside of a train.,35170,
241238,mscoco,Three captive giraffes are standing about in a zoo.,48685,
104734,mscoco,A small white and blue bus traveling down a road.,34292,
217825,mscoco,A city bus parked next to a bus stop.,23172,
19109,mscoco,Many small motorbikes are parked along the street.,381,
558539,mscoco,A blue and white city bus parked at a bus stop.,43049,
21644,mscoco,A parking lot filled with buses parked next to each other.,6806,
273067,mscoco,A red city bus with a red bow attached.,71683,
13415,mscoco,A railroad conductor looking off the side of the train,1931,
1448,mscoco,A giraffe bending over while standing on green grass.,93539,
388770,mscoco,A flock of birds standing on top of a metal set of bars.,27459,
86472,mscoco,A white passenger train traveling down train tracks.,97320,
28649,mscoco,A giraffe peeks from behind a low-hanging branch.,87378,
328372,mscoco,A double decker bus drives down a street lined with buildings.,23842,
442367,mscoco,A crowded sidewalk filled with lots of people.,30566,
43947,mscoco,A close up of a street pole with no parking signs.,96688,
522315,mscoco,The giraffes walk next to each other down the wilderness trail.,15584,
420313,mscoco,A cake made to look like a white pimp hat.,39098,
26201,mscoco,A large building with two white towers with a crowd of people next to it..,40857,
227845,mscoco,A giraffe standing next to a tree in front of another giraffe.,90818,
478518,mscoco,A small bird sitting on top of a plastic cup of water.,35551,
330974,mscoco,A b=very large robust giraffe eating leaves from trees,18189,
29465,mscoco,A bird that is playing in the snow.,76535,
78865,mscoco,A railroad train passing a field of cows,55797,
147537,mscoco,A fire hydrant on a cart with a hose attached to it.,54816,
254568,mscoco,A giraffe standing underneath a beautiful rainbow in a cloudy sky..,99918,
112739,mscoco,a car is headed down a street in an asain country,21844,
525077,mscoco,The large aircraft flies through the cloudy sky.,34265,
185593,mscoco,A duck swimming on a lake next to other ducks.,47744,
248488,mscoco,A parking lot filled with large passenger buses.,48654,
351053,mscoco,A yellow taxi cab parked next to a street sign.,13415,
58651,mscoco,A green train traveling through a train yard.,45769,
242139,mscoco,A building shines in the clear sky as cars drive underneath.,3450,
393942,mscoco,A railroad crossing sign next to railroad tracks with someone walking on the tracks.,64057,
84693,mscoco,A white train sitting in a train station next to a Bologna sign.,78896,
222053,mscoco,Park bench on a walkway in a park.,96796,
298278,mscoco,Giraffe standing next to each other at a zoo.,54664,
105179,mscoco,We are looking at a black and white shot of a train platform.,39645,
424333,mscoco,Many street signs are located within close vicinity of each other,5561,
415840,mscoco,A silver and red train traveling down a busy city street.,75575,
185530,mscoco,A lush green hillside covered in cows grazing.,44475,
441921,mscoco,A bus with passengers traveling down a dusty road.,92612,
557644,mscoco,A row of parked bicycles sitting on a side walk.,42328,
82731,mscoco,City neon signs at dusk with a lot of those signs in Chinese.,32238,
398097,mscoco,A fire hydrant that is red on top and says to open.,34397,
54955,mscoco,A small boy leaning up against a window on a train,50782,
297419,mscoco,A pair of fancy chickens among the daffodils.,70055,
456584,mscoco,A red train pulling into a crowded train station.,34038,
268396,mscoco,A stop sign with a green street sign posted above it.,17549,
92167,mscoco,A bird flying in the ocean with the sun in the background.,39069,
255649,mscoco,Two black horses standing next to each other.,93208,
576412,mscoco,A train cake sitting on top of a metal shelf.,52635,
363415,mscoco,A cream color cat sitting on a wooden bench.,71118,
179181,mscoco,A red and gray passenger train traveling on train tracks.,82288,
509503,mscoco,A traffic sign next to a road near a river.,20887,
434735,mscoco,Two giraffe standing on a desert land scape.,56124,
84018,mscoco,A photo of a skinny road between buildings.,60186,
471184,mscoco,A tall giraffe standing in a lush green park.,69830,
403907,mscoco,A red bench sitting below tall neon lit buildings.,49643,
456053,mscoco,A silver and yellow train pulling into a train station.,28097,
423229,mscoco,An old fashioned steam engine train traveling down railroad tracks.,77736,
344439,mscoco,A traffic light with a couple of green street signs mounted to it's sides.,83622,
551315,mscoco,A crowd of people standing near a fire hydrant.,35566,
280017,mscoco,A white and gray bird sitting on a beach next to a body of water.,86333,
563653,mscoco,A street going trough the center of a small town.,55741,
508291,mscoco,Two giraffe on a grassy field on a sunny day.,29666,
422740,mscoco,A long train alongside a brightly it train station.,49650,
505638,mscoco,A steam engine train traveling down train tracks.,7367,
1268,mscoco,A beautiful woman taking a picture with her smart phone.,79801,
167894,mscoco,A green street sign mounted to a white street light pole.,37308,
228825,mscoco,A traffic light sitting next to a street lined with traffic lights.,92644,
398148,mscoco,A white and blue city bus traveling down a city street.,46724,
443969,mscoco,A baby girl standing in a shopping cart holding an umbrella.,31997,
329375,mscoco,Several goats wearing bell collars standing in a field.,55022,
197774,mscoco,A yellow street light mounted to the top of a pole.,83511,
147675,mscoco,A flock of birds floating on top of a boat.,47247,
432333,mscoco,A city street going through the center of tall buildings.,90220,
333538,mscoco,A woman wearing a fur coat sitting on a wooden bench.,6589,
328084,mscoco,A sign for the Public Car Park entrance,43116,
496268,mscoco,A red stop sign above a no parking sign.,15251,
373060,mscoco,A crowded city street filled with traffic and pedestrians.,78003,
486388,mscoco,A red stop sign at the end of a street.,59342,
280114,mscoco,A man laying on top of a wooden bench next to a can of beer.,60697,
45248,mscoco,A large exit street sign laying on the ground.,85506,
384635,mscoco,A yellow train traveling past a field next to a forest.,49636,
41773,mscoco,A road sign on the side of a road.,39033,
192763,mscoco,A yellow fire hydrant sitting on green grass wearing a white hat.,96164,
499428,mscoco,A large red double decker bus traveling down a road.,50762,
171678,mscoco,A red stop sign in front of a small house surrounded by palm trees.,43587,
428885,mscoco,A man standing on a roof holding an ax.,37647,
346107,mscoco,A railroad train letting off a big black smokecloud,53233,
211487,mscoco,A red and white fire hydrant is on the lawn.,64005,
45564,mscoco,Several birds searching for food at the water's edge,30878,
402000,mscoco,A woman standing on a beach is surrounded by birds.,37702,
28526,mscoco,Colorful passenger cars are parked at an empty station.,82033,
449546,mscoco,We are looking up at a street sign with a building in the background.,65358,
150007,mscoco,A large jumbo jet is flying above trees.,94095,
414813,mscoco,Airplanes are lined up at a small airport.,70441,
143129,mscoco,A man and giraffes are sitting on the grass.,93277,
532580,mscoco,a train on a train track with trees in the background,45048,
350505,mscoco,The city worker is elevated in a machine attached to a truck.,73881,
469119,mscoco,A boy in a blue shirt boarding a school bus.,96259,
16238,mscoco,Two women looking at three giraffes behind a fence.,26355,
222407,mscoco,an image of  a bird that is perched on a tree,58137,
163104,mscoco,Two giraffes standing around on the grassy plains.,7508,
152281,mscoco,Sheep with numbers painted on them in a green grass field together.,1834,
533140,mscoco,"Three sheep in a vineyard, two black faced and one white faced",95155,
144269,mscoco,People sitting on a train with one person looking up at a mirror and taking a photo of the reflection with a camera.,41155,
488567,mscoco,The middle of a highway during a cloudy day.,41693,
173125,mscoco,A fire hydrant that is spewing water in the middle of a city.,69275,
454661,mscoco,A street filled with traffic next to a building.,27397,
213728,mscoco,Tourists with a modern articulated bus in Europe,7810,
246237,mscoco,A black pole with a pepsi sign hanging from it's side.,6586,
572303,mscoco,A train speeding along the railroad tracks during the day.,23129,
88951,mscoco,A man and his dog sit at the park.,61544,
117525,mscoco,A man in front of a Christmas tree with his dog.,15548,
17198,mscoco,A parked silver subway train next to a platform.,60855,
167422,mscoco,A red fire hydrant located beside a river of water.,52927,
309371,mscoco,Fair-goers sit in the shade outside a carnival tent.,66419,
358817,mscoco,A yellow traffic light above a street next to houses.,2531,
269099,mscoco,A couple of long buses stopped at a bus stop next to a bridge.,866,
546804,mscoco,A silver passenger train traveling past another train.,70824,
245983,mscoco,A large white building with a red stop sign in front of it.,3196,
181763,mscoco,A black and white dog wearing a white hat.,3883,
423039,mscoco,A row of wooden benches sitting next to a lake.,82530,
185157,mscoco,A blue sign points the way to the road.,38128,
224053,mscoco,A yellow street sign sitting on the side of a road.,4803,
330741,mscoco,Two green and yellow trains parked near a train station.,24982,
432843,mscoco,A metal street pole with a street sign hanging off the side of it.,30709,
284762,mscoco,A traffic light sitting next to a street sign.,853,
476190,mscoco,A small yellow and grey bird is walking on the ground.,23377,
519784,mscoco,An assortment of vehicles drive down a street filled with stores.,33,
448410,mscoco,A train parked at a train stop next to another train.,3935,
331455,mscoco,A bird is flying next to a ship in the ocean.,94514,
336464,mscoco,A red trolly bus driving down a dirt road.,42772,
12179,mscoco,A giraffe standing on a lush green hillside.,57189,
240082,mscoco,A wooden box with a bird in a tree painted on it.,28738,
393411,mscoco,A passenger train that has had some graffiti written on it.,90277,
65567,mscoco,A highway sign sitting on the side of a highway.,13827,
89743,mscoco,A city street filled with traffic next to buildings.,80805,
382848,mscoco,A yellow schoolbus with a woman spread out in front of it.,17272,
179948,mscoco,A traffic light next to a set of stairs.,47240,
25433,mscoco,A street scene with two buses and a car.,49977,
535106,mscoco,A toddler sitting on a living room floor surrounded by toys.,96016,
418251,mscoco,A painting of a yellow train car sitting on train tracks.,75741,
5595,mscoco,A book on birds located in Australia sitting on a shelf..,18957,
199247,mscoco,A herd of animals laying down in a lush green field.,86266,
271943,mscoco,A large cat sitting on a wooden bench next to a building.,42679,
547760,mscoco,Two street signs with Chinese lettering on them.,7481,
172342,mscoco,A restaurant filled with customers sitting at tables.,86341,
505890,mscoco,A rear view mirror on top of a bus.,90499,
443498,mscoco,A large city bus driving down a street.,87046,
128992,mscoco,A train pulling out of a tunnel near a tall building.,94751,
6180,mscoco,A train traveling through a forest with tall trees.,70984,
212939,mscoco,A row full of wooden benches in a cafeteria.,37857,
14470,mscoco,A group of young kids petting a couple of giraffe.,96502,
256160,mscoco,"Image of a hat on a bed with the caption ""Before The Wedding"".",49440,
421558,mscoco,A no parking sign mounted to the side of a pole.,24885,
30353,mscoco,A passenger train is coming down the tracks,97328,
323048,mscoco,some black and white train cars and some train tracks,55908,
349021,mscoco,Thomas the tank traveling down train tracks next to a  bush.,11724,
520,mscoco,Afternoon at a dock with seagulls flying overhead.,6575,
382797,mscoco,A shirtless man in a hat making luch,54382,
236246,mscoco,A row of construction cones are lined up behind a fire hydrant.,38010,
138768,mscoco,street lights on a city street with no one around,72413,
299593,mscoco,A city street with a two story bus.,64498,
147835,mscoco,A green pasture with lots of animals in the foreground and mountains in the back.,85942,
378302,mscoco,A stormy looking photo with a cargo train.,96588,
47204,mscoco,A green fire hydrant on a city sidewalk.,41592,
187144,mscoco,A white bus parked at a stop next to a crowd.,30867,
57095,mscoco,A red traffic light above a street in down town Los Angeles.,60088,
10040,mscoco,A group of soldiers standing next to a bench.,47869,
86133,mscoco,A close-up of the top of a fire hydrant with a train in the background.,35926,
533239,mscoco,A large cat wearing a santa hat making a funny face.,61622,
239157,mscoco,A road filled with parked cars in front of a shop.,25779,
537355,mscoco,A red fire hydrant sitting in a field next to a white building.,75113,
449412,mscoco,A woman holding an umbrella while walking down a street.,77430,
84859,mscoco,Sheep and lambs with green paint on their backs.,67087,
166391,mscoco,A large and wide street covered in lots of traffic lights.,21028,
564142,mscoco,Two giraffe are standing close together in wet sand.,91850,
150987,mscoco,A large predatory bird sits on a tree branch in an exhibit.,36026,
539908,mscoco,Four giraffe are walking through a field of high shrubs.,70745,
278353,mscoco,A small sheep is standing under a wooden fence post.,87755,
196843,mscoco,A school bus covered in art and a sign.,19839,
205183,mscoco,A duck walking along a paved road next to a patch of grass.,35075,
472501,mscoco,Public bus driving on a street in Hong Kong.,38824,
574216,mscoco,A person holding up a paper with a red stop sign on it.,72813,
156276,mscoco,A beach next to the ocean covered in a rainbow.,34900,
468933,mscoco,A large herd of sheep are walking behind a wire fence.,7673,
134178,mscoco,People sitting on benches next to each other.,66316,
412094,mscoco,A long black train traveling through a train station.,25979,
541631,mscoco,A empty street with a crosswalk at night.,59812,
234990,mscoco,Two giraffe standing next to each other on a lush green field.,39266,
362986,mscoco,A green 7th street sign hanging from a wooden pole.,12539,
62889,mscoco,Many sheep are inside a wire fence near a large hill.,36942,
75046,mscoco,The bedroom has stuffed animals and a stop sign on the wall.,51399,
534673,mscoco,A white and blue buss driving on a cobblestone road.,30932,
425412,mscoco,A close up of a street sign stating street table.,24236,
310564,mscoco,A fire hydrant sitting inside of a building under a window.,44805,
340329,mscoco,A small train traveling past a building surrounded by a fence.,53737,
316715,mscoco,Beautiful gray clouds with light cascading out of them.,93150,
150301,mscoco,Two giraffes are standing outside of a door.,42231,
468124,mscoco,A double-decker bus is parked in a large field.,71807,
268948,mscoco,A giraffe is leaning over a fence looking at people.,11120,
29393,mscoco,A large brown dog standing on the side of a white wood fence.,64503,
227893,mscoco,A green bus next to a shop on a small road.,82245,
60859,mscoco,A train traveling through rural countryside under power lines.,46499,
225532,mscoco,A highway filled with lots of traffic nest to a traffic light.,54984,
75481,mscoco,a close up of a street sign with buildings in the background,78444,
5694,mscoco,A white parrot standing next to a jungle covered hillside.,15431,
181572,mscoco,A closeup of an old and mossy outdoor garden bench.,41856,
115222,mscoco,Two palm trees sitting next to a building.,20251,
73256,mscoco,A red bus driving in front of a double decker bus.,40324,
30156,mscoco,A large cat laying next to a large orange pumpkin.,90596,
10793,mscoco,a red train parked in front of a train station.,37563,
363134,mscoco,A man standing outside of a green train.,56821,
272610,mscoco,A tower towering above a small city under a blue sky.,17274,
471737,mscoco,A train traveling down tracks next to trees.,13160,
69860,mscoco,an empty city street with trees and mountains in the background,91342,
148034,mscoco,a fake sheep on green grass and flowers in the background,59378,
252133,mscoco,A yellow street sign sitting on the side of a road.,83384,
3793,mscoco,A bus is parked in front of a building.,94499,
165697,mscoco,A yellow and red train traveling down train tracks.,53972,
457735,mscoco,A small toy that looks like a witch next to a keyboard.,99774,
22257,mscoco,A herd of giraffe standing next to each other near a forested hillside.,52209,
385238,mscoco,A group of people standing next to each other.,25160,
228467,mscoco,A white and red bus is traveling down a road.,96602,
79924,mscoco,A purple and green fire hydrant next to a black and green fire hydrant.,52612,
12014,mscoco,A red double decker bus parked next to a tall building.,81683,
456730,mscoco,"This is a view inside the cabin of the high speed train, showing relection of the light.",74287,
345063,mscoco,A street sign next to a road in a grave yard.,92435,
14526,mscoco,A train traveling down train tracks next to a building.,32264,
400851,mscoco,A large group of people on a beach that is next to a mountain range.,21482,
558585,mscoco,A group of ducks floating on top of a lake.,25597,
516174,mscoco,A large passenger jet sitting on top of an airport.,93669,
376371,mscoco,A herd of sheep grazing on a lush green hillside.,35144,
266712,mscoco,a street sign with a sky in the background,42571,
384970,mscoco,A street sign that indicates that you shouldn't turn left.,3416,
476773,mscoco,Multiple cars driving on a road that has snow.,48311,
567535,mscoco,Several calves graze and wander around a snowy field.,68158,
253607,mscoco,Woodpeckers on the side of trees during the day.,14232,
78023,mscoco,A white fire hydrant next to a red newspaper dispenser.,98568,
112800,mscoco,A sea plane about to land on a lake near a boat,63188,
546133,mscoco,A giraffe is standing in front of a wall,35585,
235808,mscoco,Several people stand on a sidewalk by a train next to a cart stacked with materials.,17649,
547738,mscoco,View from a train car of passing tracks and trees.,88829,
130432,mscoco,A woman is leaning against a stop sign next to a road way.,54161,
337443,mscoco,"An orange street sign that reads ""obstruction"" and has a directional arrow.",56164,
163020,mscoco,A ducks is flying over a body of water.,9065,
121152,mscoco,A red and white bus parked under an over pass.,79752,
111030,mscoco,A street corner flanked by a display board.,20123,
251094,mscoco,a sheep with two of her baby lambs in the pasture,80524,
517795,mscoco,two sheep next to a wooden structure behind a fence,49736,
123176,mscoco,A yellow and black train on a track.,20738,
431152,mscoco,People walking down a residential street where cars are parked.,62832,
292123,mscoco,A row of benches on a boat casting a shadow.,5818,
384827,mscoco,A parking sign with an angry birds face.,8648,
154947,mscoco,A sheep standing in a dry grass field.,20171,
98048,mscoco,A couple of men standing near a sailboat.,55538,
136584,mscoco,A bird perched on top of a wooden power pole.,62606,
359,mscoco,A traffic light over a street surrounded by tall buildings.,79477,
495612,mscoco,An orange pedestrian crossing sign next to a tall building.,39968,
217400,mscoco,A silver and green train pulling into a train station.,23448,
503660,mscoco,A bird is standing on top of a picnic table next to some trees.,65145,
450098,mscoco,A tall sign next to a parking lot.,13565,
477118,mscoco,A metal pole covered in different street signs.,46604,
440729,mscoco,An orange fire hydrant sitting next to a stone wall.,43583,
119965,mscoco,A dummy in a display case wearing a suit and tie.,74960,
391392,mscoco,A man riding a bike next to a red stop sign.,64585,
148531,mscoco,A blue airplane with a propeller is sitting on a runway.,89732,
449909,mscoco,A young boy standing on a field next to a giraffe.,59530,
156308,mscoco,A tall giraffe standing next to a tree stump.,25245,
263668,mscoco,A street sign surrounded by a crowd of people.,84090,
27440,mscoco,A giraffe standing outside of a building next to a tree.,19508,
294875,mscoco,A flock of birds sitting on top of a large rock.,1275,
170545,mscoco,A pay phone sitting on the side of a street.,85180,
308459,mscoco,Two blue and white street signs and cars on a street.,78250,
356800,mscoco,A woman with an umbrella is standing by leaves.,50330,
173897,mscoco,Two giraffes in a field between multiple trees.,8393,
209222,mscoco,Black and white photograph of a man sitting at a bench.,48978,
312081,mscoco,A person wears a large cat costume to entertain children.,80420,
274083,mscoco,A double decker bus driving down a street next to tall buildings.,58340,
130663,mscoco,A group of people standing outside of a blue train.,48737,
299986,mscoco,A man sitting on a bench listening to headphones.,326,
125535,mscoco,A bird perched up in a tree covered in green leaves.,63792,
438707,mscoco,A small bird picking at pebbles on a beach.,96086,
372316,mscoco,A street containing various cars and lampposts at night.,2399,
572555,mscoco,"A red, yellow and silver train traveling down train tracks.",76314,
527476,mscoco,Man in hat standing in front of a blue train engine.,61551,
65490,mscoco,Two tall giraffe standing next to each other on a  field.,80431,
316526,mscoco,A white and green bus driving down a street.,51315,
275027,mscoco,A row of palm trees and a traffic night in a rainstorm.,59921,
290451,mscoco,A long blue and white train traveling down a street.,4896,
213758,mscoco,a ram on the side of a mountain on a rock,90641,
73830,mscoco,A herd of giraffe standing next to each other on a  field.,67283,
473340,mscoco,"A brown park bench next to signs reading ""wildwood"" and ""danger.""",35324,
401907,mscoco,A silver and green fire hydrant next to rows of flowers.,1119,
99179,mscoco,A group of women standing at the side of a building,98490,
434159,mscoco,A grey castle with various towers and windows.,61013,
149123,mscoco,a truck and two double deckered busses near a building,16007,
406997,mscoco,A family standing around a small white sheep.,49354,
447089,mscoco,A woman standing next to a traffic signal on a street corner.,96694,
58210,mscoco,A small brown bird standing on a patch of grass.,78465,
194407,mscoco,A train engine traveling down train tracks through a countryside.,95712,
426917,mscoco,A red double decker bus on the street next to a car.,56432,
461405,mscoco,A group of sheep in a grassy area with trees in the back ground.,18409,
372794,mscoco,A yellow and green train pulling out of a tunnel next to a red car.,7689,
455859,mscoco,A little girl in a pink shirt standing near a blue metal sculpture.,70087,
340308,mscoco,A man sitting on green bench on top of a stone walkway.,15163,
362521,mscoco,A green street sign over a street next to a traffic light.,99976,
325368,mscoco,A red street sign next to a no parking sign.,41205,
508580,mscoco,Two giraffe standing next to each other in a field.,51457,
152525,mscoco,A large traffic light suspended over a road.,843,
200152,mscoco,A street sign on a street corner outside of a building.,41787,
147289,mscoco,A fire hydrant that is partially buried in snow.,56988,
296136,mscoco,A yellow and silver fire hydrant on the side of a road.,55738,
447549,mscoco,Three giraffes in a field with trees in the background.,65736,
61207,mscoco,A large jetliner flying over a small farm near a forest.,95105,
517296,mscoco,People standing outside of a blue and white bus.,83662,
433182,mscoco,A train pulling into a train station next to a platform.,26308,
373255,mscoco,A herd of animals in the middle of a grassy field.,16597,
342322,mscoco,a herd of sheep walking across green grass.,10415,
212116,mscoco,A group of young ladies riding on the back of a horse.,12710,
401820,mscoco,a giraffe is standing on some grass and some trees,21993,
362092,mscoco,A bus parked on top of a red bus.,75582,
480842,mscoco,Two tall giraffe standing next to each other.,52197,
179151,mscoco,People are standing in a shopping district with stores.,64780,
38726,mscoco,A man sitting on a bench next to a slug.,73504,
269038,mscoco,A car driving down a street past a tall building.,32891,
87481,mscoco,A fire hydrant covered in snow on a sidewalk.,65667,
234182,mscoco,A bus that is colored in the colors of the Canadian flag.,45487,
450263,mscoco,A woman sitting on a bench reading a paper.,1539,
61520,mscoco,A street going through a city with tall buildings.,97288,
538423,mscoco,a close up of a bird with a blurry background,97069,
398519,mscoco,a close up of a giraffe behind a fence,88033,
126324,mscoco,A cat sleeping on top of a wooden bench.,54334,
420589,mscoco,Two trains traveling down tracks in a station.,19188,
475844,mscoco,A woman sitting on a bench holding a book.,13708,
539768,mscoco,A tall street sign hanging from the sides of a tall metal pole.,36840,
286849,mscoco,A group of three giraffe standing next to each other behind a rock.,52692,
223545,mscoco,The Queen Mary ship sitting in a harbor in Long Beach.,23586,
425472,mscoco,A person holding a red umbrella sitting on a pier.,83880,
262677,mscoco,A silver and red fire hydrant sitting next to a street.,91910,
127044,mscoco,A long green and yellow train traveling down tracks.,80369,
308828,mscoco,A street sign sitting on the side of a road next to a tall brick building.,53607,
97659,mscoco,A traffic light under a cloudy blue sky.,81570,
460129,mscoco,A man riding on the back of a brown horse through a forest.,30608,
416220,mscoco,A city street lined with vintage cars and pedestrians.,67250,
171067,mscoco,A coo coo clock with colorful art painted on top of a clock.,68298,
93964,mscoco,A white city bus traveling down a street with traffic.,93799,
17613,mscoco,A red stop sign sitting on a street topped with two green street signs.,42422,
6701,mscoco,A set of orange road blocks sitting next to a traffic light.,6362,
98392,mscoco,A large clock tower in the middle of a street.,36200,
145009,mscoco,Two giraffe standing next to each other in a forest.,50160,
499110,mscoco,Two giraffes eat from a pot attached to a fence.,75365,
504958,mscoco,Two orange and silver trains passing on a street.,68104,
369812,mscoco,"Various street signs including one that reads ""Newlon Hale Village.""",67976,
408894,mscoco,Several street signs are mounted in an urban neighborhood.,90368,
117368,mscoco,A stop sign with two street signs above it.,99892,
118405,mscoco,"A blue and white street sign that reads ""Othello.""",75352,
27484,mscoco,A group of people walking on a street and sidewalk.,86896,
110759,mscoco,A giraffe walking in a grassy area next to trees.,41436,
362696,mscoco,Multiple street signs on the corner of Park Ave and E 34th St,18584,
355777,mscoco,A street with busses and cars next to a bus stop.,61466,
535578,mscoco,A group of sheep grazing in a grassy valley.,82699,
551665,mscoco,A giraffe with its head cocked walking about a sandy area.,71641,
502279,mscoco,A wire fence with a stop sign and trailer in the background.,61073,
239861,mscoco,"When it's this cold, it's better to stay out of the wind.",33988,
16995,mscoco,A giraffe walks leisurely through the tall grass.,92274,
260232,mscoco,A traffic light on a table with a checkered cloth.,41018,
291394,mscoco,assorted cars and buses sitting in a parking lot,91786,
27768,mscoco,A bus which is part of the Metropolitan Transit System.,53357,
404889,mscoco,A giraffe extending its mouth toward a tree branch.,5825,
161873,mscoco,A giraffe is walking on a roadway with cars on it.,56161,
157726,mscoco,A bus stop sign on a city street.,47196,
214255,mscoco,An orange traffic cone sitting in the middle of traffic.,93293,
354061,mscoco,A blue bird sitting on top of a tree in a forest.,22876,
347747,mscoco,A black and yellow train traveling down train tracks.,96307,
160276,mscoco,A car parked before a red traffic light.,91989,
517596,mscoco,A blue electric train traveling down train tracks.,43531,
253557,mscoco,Red and white plane sitting in a green field.,42444,
83452,mscoco,Closeup of a computer dashboard with flashing lights and numbers.,18768,
84123,mscoco,A tall green street sign sitting on the side of a road.,92059,
412301,mscoco,A city bus driving past a group of men riding skateboards.,48949,
473673,mscoco,A tall giraffe stands alone close to woods.,15750,
334642,mscoco,A lane closed traffic sign sitting next to a no right turn sign.,18035,
285293,mscoco,A man in a fedora sitting on a park bench.,53492,
95063,mscoco,A traffic light with a pedestrian crossing signal.,57723,
474388,mscoco,A group o sheep with blue markings in a grassy field.,16963,
478769,mscoco,A hummingbird sitting on a plant preparing to flap its wings.,74794,
161128,mscoco,A curse word written on a traffic sign.,91816,
54007,mscoco,A young boy holding a baseball bat and a  stick.,67773,
20608,mscoco,A shorn sheep behind a chicken wire fence,44427,
499775,mscoco,A yellow commuter bus leaving a bus stop at sunset,57751,
85187,mscoco,A dirt road with people walking a a motorcycle driving.,29319,
397109,mscoco,A park bench next to a serene lake.,29384,
509460,mscoco,A brown of wooden park benches sitting next to a lake.,2344,
3926,mscoco,Two sheep standing next to each other in the snow.,33669,
458790,mscoco,A view from the inside of a train from a side window.,20290,
390569,mscoco,"A road and traffic sign that reads ""motorcycles use caution.""",63875,
70254,mscoco,A green and yellow train traveling past a platform.,8889,
516947,mscoco,A bird sitting on top of a tree branch in a lake.,95619,
72621,mscoco,Two white birds sitting on sand with water in the background.,23979,
253520,mscoco,A white street sign sitting on the corner on top of a pole.,18127,
179397,mscoco,A factory with a large smoke stack next to a train.,88146,
484166,mscoco,A man walking past a train at a train station.,62780,
572767,mscoco,A group of parked bikes sitting on the side of a road.,85715,
305343,mscoco,Two cups sitting on top of a gray counter.,65013,
220214,mscoco,Two people standing in front of a train on the tracks.,76091,
285957,mscoco,A giraffe standing in a lush green field.,43793,
199127,mscoco,A white bus passing street next to a fence.,11291,
259253,mscoco,A herd of sheep walking across a lush green field.,81177,
274331,mscoco,A giraffe standing in a park next to a rock.,95237,
156126,mscoco,A fighter jet flying through a cloudy sky.,88370,
264201,mscoco,A yellow fire hydrant sitting next to two trash cans.,6075,
230915,mscoco,A city street filled with traffic next to tall buildings.,93276,
406885,mscoco,a red and black miniature train engine is pulling a red train car,75695,
39484,mscoco,A variety of cars on a street with buildings.,91195,
208473,mscoco,A small bird standing on top of a sandy beach.,51084,
366115,mscoco,A group of giraffe standing next to each other in a field.,25724,
455170,mscoco,A pedestrian crossing light in front of an irish store.,17603,
254965,mscoco,Two giraffe standing and sitting next to each other.,62705,
101031,mscoco,A city area with various signage and busses.,61795,
494404,mscoco,A traffic light sitting in the middle of a flooded street.,27199,
564109,mscoco,A group of giraffe standing next to each other on a field.,83925,
383607,mscoco,A green arrow sign pointing up next to a stop sign.,47108,
196650,mscoco,A giraffe standing next to another animal in a field.,87499,
332113,mscoco,A gray fire hydrant sitting in the middle of a field.,74420,
298186,mscoco,An older man standing over a herd of sheep.,58246,
198550,mscoco,a train on a train track at a train station,36869,
403104,mscoco,Group of signs on top of each other on a pole.,57235,
399864,mscoco,a public transit bus driving on a city street,26449,
397278,mscoco,A yellow sign sitting on the side of a road.,86629,
316054,mscoco,A train traveling through a rural country side covered in grass.,21076,
525880,mscoco,A man sitting on a bench next to the ocean.,19015,
62353,mscoco,Two giraffe walking next to each other in a forest.,7776,
212288,mscoco,A city worker repairing a traffic light over a street.,33648,
353108,mscoco,A herd of sheep walking across a lush green field.,74043,
69138,mscoco,A red traffic light with a sad face drawn over it.,61078,
491131,mscoco,Wooden and black bench on the side of the road.,95495,
157170,mscoco,Four mountain goats standing on a hill in front of the country side.,35751,
190907,mscoco,People standing in front of a large sign in front of a building.,80234,
395113,mscoco,A green and light blue bus traveling down a highway.,18962,
75187,mscoco,A woman sitting on top of a bench looking beautiful.,3131,
246973,mscoco,a close up of a street sign with buildings in the background,98682,
237254,mscoco,A bus parked at a bus stop on a city block.,81903,
249325,mscoco,A man sitting on a bench next to pigeons holding a news paper.,8104,
42387,mscoco,A forest filled with lush green leafy trees.,95405,
165336,mscoco,Two giraffe standing next to each other on a field.,50672,
544481,mscoco,A tall giraffe eating leafy greens in a jungle.,84529,
413260,mscoco,Two sheep standing next to each other on a  field.,74743,
97868,mscoco,"A blue, white and red fire hydrant sitting on a sidewalk.",26078,
75886,mscoco,A plate topped with a cake and a hat.,83237,
318056,mscoco,A tall yellow double decker bus parked next to another bus.,71003,
284152,mscoco,A man sitting on a bench next to the ocean.,48148,
145628,mscoco,A red stop sign topped with street signs.,66613,
170629,mscoco,A yellow bus is parked near people on the side of the road.,77710,
156696,mscoco,a train on train tracks at a train station,3711,
436172,mscoco,A stop sign is in a rural setting by grass.,7259,
221666,mscoco,A wooden bench sitting next to a bunch of flowers.,13254,
549568,mscoco,A light pole sitting next to the side of a road.,72843,
249158,mscoco,Unique blue sign hanging from a light post.,52312,
109873,mscoco,A giraffe standing next to a brick building.,46790,
429109,mscoco,A street filled with buses and a white van.,19932,
395497,mscoco,A flock of birds flying over a beach next to the ocean.,43277,
185903,mscoco,A train traveling down the train tracks next to a train station.,20888,
472557,mscoco,Two giraffe standing next to each other near  brick building.,16983,
153092,mscoco,Two birds are standing in the water together.,48161,
26017,mscoco,A traffic light next to a very tall building near a street.,36268,
128891,mscoco,Two birds sitting a cage perched on top of a branch.,85148,
550939,mscoco,A green street sign sitting on top of a pole.,30886,
302452,mscoco,A giraffe drinking milk from a bottle behind a cage.,84877,
181488,mscoco,A room filled with wooden furniture and white walls.,31201,
11122,mscoco,A red stop sign behind a chain link fence.,72243,
319607,mscoco,A bent traffic light next to the side of a street.,26548,
170000,mscoco,A person in a hat is riding a horse.,34078,
316648,mscoco,A crowd of people standing under a give way sign.,67140,
297267,mscoco,A train traveling down train tracks next to a lush green hillside.,49756,
38180,mscoco,A white tanker truck driving down a street next to a bus.,624,
419309,mscoco,A flock of birds floating on top of a lake.,5376,
195172,mscoco,A giraffe walking across a tall dry grass field.,94452,
510358,mscoco,A white and blue bus parked on the side of a road.,71750,
357930,mscoco,A man cleaning up a mess on a street with a red fire hydrant.,92496,
411215,mscoco,A train traveling on a lush green hillside.,78504,
399595,mscoco,A tall building with a large neon side mounted on it's roof.,10445,
404534,mscoco,a fence some buildings and some different signs,60534,
306893,mscoco,A long train traveling down a city street with tall buildings.,83774,
358342,mscoco,A tall massive clock tower towering over a city.,79643,
499615,mscoco,A blue and yellow bus traveling down a street.,75920,
418002,mscoco,A yellow fire hydrant sitting in front of a building.,89912,
79011,mscoco,Three giraffe standing next to each other on a field.,48345,
396543,mscoco,A small dog wearing a pink and purple dress.,4259,
300082,mscoco,A small dog standing next to a person in blue jeans.,44192,
156759,mscoco,A group of people standing outside of a white store.,79637,
284548,mscoco,A red and black train traveling down train tracks.,94954,
559837,mscoco,A little girl sitting on the side of a fence.,27234,
547630,mscoco,A table that has a cup of coffee and a book set on it.,61306,
406744,mscoco,A couple of birds sitting on a grass covered field.,49401,
158563,mscoco,A man standing next to a yellow fire hydrant.,94397,
35401,mscoco,A parking lot filled with cars next to a large traffic light.,82878,
281028,mscoco,A train filled with lots of sets next to windows.,14612,
84968,mscoco,A blue sign sitting on the side of a road next to a tree.,25337,
246270,mscoco,A street filled with red buses next to tall buildings.,92921,
484893,mscoco,A couple of kids petting sheep inside of a corral,38163,
366615,mscoco,A dog wearing a witches costume standing on a grass field.,51847,
99026,mscoco,A herd of sheep standing next to each other on a lush green field.,62667,
259858,mscoco,A herd of sheep standing in a muddy pen with a chicken.,61412,
534817,mscoco,A young man standing next to a wall with a bird painted on it.,79315,
158277,mscoco,A bench sitting next to a green patch of grass.,23598,
137993,mscoco,bridge spanning over the width of a river next to a city.,99045,
26323,mscoco,A herd of giraffe walking across a grass covered field.,92179,
203257,mscoco,A group of three buses driving down a highway.,41860,
366950,mscoco,A herd of sheep standing next to each other on a field.,99528,
579247,mscoco,A street sign mounted to the side of a traffic light.,49775,
295055,mscoco,A sidewalk next to a brown brick building.,29973,
204036,mscoco,A yellow and blue bus parked at the end of a street.,93966,
183004,mscoco,Two giraffe standing next to each other in a field next to a tree.,33542,
432317,mscoco,A large group of police riding horses down a city street.,96275,
429386,mscoco,A green street sign next to peoples houses.,8632,
59393,mscoco,a couple of sheep walking across a grass covered field.,43017,
335669,mscoco,A green street sign mounted to a traffic light.,10790,
337143,mscoco,A herd of giraffe standing next to each other at a zoo.,69096,
211785,mscoco,A herd of sheep walking around in the snow.,34913,
52871,mscoco,A street sign sitting in the middle of a road.,62131,
568554,mscoco,A green bus driving down a street next to a traffic light.,41437,
93620,mscoco,A group of women and children walking across a street.,72644,
529083,mscoco,A couple of red buses traveling over a bridge spanning a rivers width.,28257,
76261,mscoco,Two birds flying in a gray sky next to a mountain.,29221,
52627,mscoco,A person standing on top of a yellow fire hydrant.,53684,
284535,mscoco,A bird with a fish in its hand on a beach.,37712,
513968,mscoco,A group of sheep in a field with a fence in the background.,2483,
554767,mscoco,"A red, white an blue train next to a train station loading area.",12219,
303197,mscoco,a red fire hydrant in the middle of a green field.,64058,
578776,mscoco,A large herd of sheep crossing over a dirt roadway.,86531,
373284,mscoco,A street filled with advertising signs hanging from the sides buildings.,18065,
7149,mscoco,A woman washing a lam with a hose.,73118,
310052,mscoco,A couple of trains driving past each other near a platform.,42274,
536366,mscoco,A red stop sign sitting under a green street sign.,47757,
443038,mscoco,"A red, black and silver locomotive sitting on a railroad track.",51343,
49115,mscoco,A giraffe standing next to a pile of stones.,96554,
136941,mscoco,a group of cows standing on the side of a road.,92813,
59660,mscoco,A busy street covered in various traffic signs and advertisements.,7321,
17328,mscoco,A red train on tracks next to a building.,87244,
12230,mscoco,A car and a van parked side by side.,87511,
92081,mscoco,The bike appears to be chained to the railing.,61038,
538243,mscoco,two giraffes standing on a dirt  platform in a stone enclosure.,69741,
206290,mscoco,A street light and other road signs.,44724,
272857,mscoco,A street sign that reads Bush on the side of a pole.,11205,
125829,mscoco,A blue bike parked next to a red fire hydrant.,48,
44642,mscoco,A tall giraffe standing next to a fence under a tree.,28844,
155736,mscoco,A yellow white and green train traveling down train tracks.,78993,
296996,mscoco,An airport runway filled with airplanes under a blue sky.,75450,
430875,mscoco,A green traffic light suspended above a street.,50392,
148395,mscoco,A green truck parked in the middle of a garage.,94186,
148458,mscoco,A white and orange cat sitting on top of a sidewalk.,58689,
509028,mscoco,A group of people standing around a green train car.,78648,
240775,mscoco,A yellow double decker bus driving down a street,26623,
215524,mscoco,A red pedestrian crossing signal with a red hand.,59840,
43286,mscoco,An orange train traveling past tall buildings and a crowd of people..,61891,
483742,mscoco,A couple of sheep standing on a lush green field.,65673,
117792,mscoco,A red fire hydrant in front of a window with large windows.,87127,
509008,mscoco,a lime and green bus parked on a grass field parking lot.,84106,
77405,mscoco,an orange trolley traveling down a brick street.,31309,
264454,mscoco,an image of a tourbus stopping on a route,27469,
321516,mscoco,A bus driving down a street in front of a motorcycle.,95411,
320078,mscoco,A cat laying on to of a white and red chair.,29432,
161161,mscoco,A yellow train traveling down tracks next to a green field.,4525,
486991,mscoco,A train traveling through rural green country side.,34710,
219873,mscoco,A train traveling very close to houses next to a street.,18275,
352481,mscoco,A bus stopped in front of a tall red building.,21442,
33753,mscoco,A wooden park bench with a remote control on top of it.,48381,
81264,mscoco,A black and white train passing over a body of water.,76085,
542079,mscoco,A bus traveling down a road next to a bus stop.,60916,
351620,mscoco,A long horn bull next to two sheep near a stone wall.,66564,
411958,mscoco,A train traveling down tracks near a loading platform.,66559,
118715,mscoco,A gray fire hydrant sitting next to a brick wall.,99921,
410339,mscoco,A woman walking down a flight of stairs.,63028,
172478,mscoco,A red double decker bus driving down a street.,96080,
280211,mscoco,A silver passenger train traveling down train tracks.,99908,
364703,mscoco,a red train on a train track below power lines.,98612,
404931,mscoco,An overhead view shows many busses parked in a lot.,15005,
212663,mscoco,A bus parked next to another bus at a bus stop.,88396,
36522,mscoco,A white bus parked in a parking lot next to a car.,434,
483941,mscoco,A red and white fire hydrant sitting on a field of grass.,32679,
317087,mscoco,A red fire hydrant sitting on a slab of cement in a patch of grass.,49468,
142323,mscoco,A blue street sign next to a power pole.,51792,
359184,mscoco,A street sign on top of two one way arrow signs.,98773,
284552,mscoco,A green rail bridge spanning over the width of a river.,38871,
126822,mscoco,a long wooden bench on a sidewalk next to a street.,35464,
433243,mscoco,a zebra and a giraffe stand next to each other.,59784,
507918,mscoco,A herd of deer walking across a rocky hillside.,4262,
573778,mscoco,A giraffe sitting in the middle of a field.,4654,
335529,mscoco,A wooden bench sitting next to a large body of water.,69883,
463730,mscoco,Two buses parked in a parking lot next to cars.,52949,
174329,mscoco,A yellow train traveling down tracks next to a lush green field.,32895,
372433,mscoco,A traffic light outside of a building next to a street.,71425,
159627,mscoco,A white bus traveling down a road next to a car.,11953,
119469,mscoco,A herd of sheep grazing on a lush green filed.,12438,
315846,mscoco,A street sign in the city giving directions to several intercity areas.,44259,
14450,mscoco,an image of a train that is going down the tracks,96703,
69196,mscoco,many people walking into an opened air plane,83261,
365177,mscoco,a transit bus on a street under a bridge,15011,
229096,mscoco,a double deckered bus on a city street,30779,
291048,mscoco,A women who is holding the door handle to a truck.,12852,
240185,mscoco,a person wearing a gorilla costume and a suit and tie,3531,
542073,mscoco,A street light in front of a store front window.,39150,
558107,mscoco,A red fire hydrant sitting on the side of a road on a side walk.,49053,
156503,mscoco,A group of buses parked in front of a tall building.,55013,
92131,mscoco,A green bus parked in a parking lot next to others buses.,67852,
151844,mscoco,A red double decker bus traveling down a street.,10919,
317592,mscoco,Zoo visitors look on at an adult and baby giraffe.,46821,
412349,mscoco,a double deckered bus on a city street near a building,37265,
427094,mscoco,A street sign in front of a tall building with lots of windows.,11216,
44860,mscoco,A group of sheep standing in a field.,84286,
330065,mscoco,A young boy holding his hand out to a giraffe sticking it's tongue out.,43421,
129942,mscoco,Blue and orange large birds on tree with metal pot.,74943,
228306,mscoco,Red metropolitan bus at intersection in city environment.,75935,
49994,mscoco,A traffic light sitting next to the side of a building.,4219,
299074,mscoco,A white bus driving down a street next to trees.,40334,
179265,mscoco,A yellow bus with tinted windows driving uphill down a street.,8898,
472101,mscoco,A traffic light surrounded by trees near a tall building.,61516,
386661,mscoco,Two blue park benches on a beach facing the ocean.,221,
212322,mscoco,A bus stops next to a street sign.,19644,
141634,mscoco,Sepia photograph of two women petting a horse.,43665,
450151,mscoco,A black and brown park bench in a grassy area.,58000,
402909,mscoco,a mirror reflecting the platform at a train station,70155,
459500,mscoco,A clock between two bronze flamingo statues on a black box.,47283,
29648,mscoco,A red fire hydrant on a concrete block.,31032,
550691,mscoco,A red double decker bus on a street.,54799,
405205,mscoco,A passenger bus that is parked in a parking lot.,85117,
311619,mscoco,A runway with multiple planes and clouds in the background.,14761,
116722,mscoco,A train with a flag flying near the tracks,93104,
493566,mscoco,"An orange and green train reads ""BNSF"" on the side.",70606,
109942,mscoco,A Street sign standing next to a palm tree.,18200,
114090,mscoco,Birds are eating from a bird feeder with a pine cone on it.,4142,
316332,mscoco,A street sign on the side of a street in front of a building .,48595,
249524,mscoco,A person is on a bench near a grassy field.,5363,
48308,mscoco,"A giraffe stands in front of a verdant, lush group of trees.",90513,
109340,mscoco,The blue bus is riding across the street.,82907,
108129,mscoco,A tree in bloom with pink flowers near a rural area.,32652,
461123,mscoco,The airplane is taking off the runway at the airport.,91540,
487530,mscoco,A traffic light at a intersection with vehicles.,72016,
467468,mscoco,The bench with shade in the courtyard is empty.,85131,
351530,mscoco,People seated on wooden chairs and a bicycle parked nearby.,25322,
421169,mscoco,A red and yellow trimmed plane sitting on tarmac.,73191,
420963,mscoco,Cars stopped at an intersection on a dark night,12589,
521849,mscoco,A grey and blue fire hydrant on a sidewalk.,15696,
421976,mscoco,An adult sheep leaning towards a newborn sheep in a hay filled area.,72098,
12666,mscoco,The traffic in this city is busy this time of day.,16408,
542803,mscoco,The city bus in en route to Graham Street.,7043,
545293,mscoco,A single park bench is by small trees.,62601,
1171,mscoco,An antique train engine stands proudly in the glow of late afternoon light.,79093,
63104,mscoco,A boy wearing a cap and green t-shirt holds a baseball mitt.,53404,
382089,mscoco,"A fire box with ""ME"" painted on the side.",95140,
486632,mscoco,Street signs for W 53 ST - JERRY ORBACH WAY.,2707,
440617,mscoco,an image of a bus that is going down the tracks,22532,
427643,mscoco,Two sheep in a muddy area with a  wall in the background.,94998,
247223,mscoco,A red light house on pier next to water.,94842,
262987,mscoco,Two triangular street signs on grass next to brick pathway.,57087,
403481,mscoco,A white and blue train heading towards a sign in the foreground.,15539,
209063,mscoco,A grey and white bird in a swampy marsh.,45073,
335800,mscoco,A street sign with flags on it and a building in the background.,15762,
253002,mscoco,Closeup of a logo on a blue and red bus.,2249,
86334,mscoco,The large green train is approaching a platform.,24275,
203697,mscoco,Two people stand by a giraffe enclosure and look at a giraffe.,76479,
343059,mscoco,A green school bus drives down the road with bikes on top.,99546,
269662,mscoco,A white and black bird sitting in grassy area next to water.,2358,
431026,mscoco,a street sign on a city street near some tall bushes,84519,
32549,mscoco,Pedestrian with rolling suitcase heading towards busses in urban setting.,87768,
507686,mscoco,A building front at the corner of N. Astor and E. Division St.,43598,
132689,mscoco,Park full of trees with a table and umbrella in the middle.,31717,
38540,mscoco,A bus arrives to the bus stop at two twenty p.m.,41577,
176527,mscoco,birds on pillars in a body of water,10625,
147498,mscoco,"Many birds fly around, above an empty beach",62301,
33208,mscoco,The entrance for a subway on a city street.,32877,
482305,mscoco,A blue and yellow double decker bus on a street.,64281,
47367,mscoco,A dog standing next to a fire hydrant on a sidewalk.,879,
537889,mscoco,two billboards with a sky background and people walking near by,96304,
283820,mscoco,a red bus standing by the side of the road,10860,
460049,mscoco,A train moving on a remote area with a river flowing next to the railway.,21741,
432763,mscoco,many  birds flying in the air and walking on a beach,67513,
380828,mscoco,A man admiring a dog on a bench made of books.,55377,
106641,mscoco,a large green toy truck on a sidewalk in front of benches.,20566,
69000,mscoco,Man and woman sitting on a wooden park bench together.,6298,
19324,mscoco,Black and white photograph of officers on horses.,31027,
200546,mscoco,Two small birds on a plate which is sitting on the floor.,50294,
112820,mscoco,"A red, white and blue train next to satellites.",91542,
456146,mscoco,A group of sheep grazing on a roadside,77928,
189193,mscoco,A woman is skateboarding down a hill with a hat on.,46408,
402869,mscoco,a close up of a street sign with trees in the background,6884,
56541,mscoco,a close up of a cat laying on the ground with something on its head,99914,
341128,mscoco,Several hoofed animals much on hay in the stable.,75128,
60049,mscoco,A street sign is filled with various stickers.,19765,
506544,mscoco,A man walking his dog past a park bench.,59332,
548174,mscoco,A giraffe standing on grass near a wood fence.,71853,
89839,mscoco,Perhaps he's a magician who will pull a rabbit out of that hat.,55468,
466449,mscoco,A street sign and traffic light on a pole.,4768,
30267,mscoco,A green and yellow train riding down the train tracks.,45667,
448024,mscoco,An orange cat laying in front of  a green wooden bench.,35554,
395865,mscoco,A large filled with lots of purple flowers behind a blue sign,40877,
277592,mscoco,A tall giraffe standing in front of two giant stones.,47865,
196811,mscoco,A tall green and yellow double decker bus traveling down a street.,20932,
466965,mscoco,A parrot sitting on a branch looking down.,37320,
189226,mscoco,A red and silver fire hydrant sitting on top of a sidewalk.,72809,
72011,mscoco,A park covered in leaves filled with lots of trees.,67134,
39798,mscoco,a bird ready to take off an edge made of cement,58751,
274272,mscoco,A large bus driving down a city street.,96655,
48196,mscoco,A long yellow bus advertising a musical play,56928,
160872,mscoco,a little locomotive in a museum all shined up,76098,
136285,mscoco,A gentleman and child in a vintage picture with a horse.,56188,
72507,mscoco,A train pulling passenger cars on a train track.,52905,
125524,mscoco,a red fire hydrogen next to a road in front of a bus,72993,
44494,mscoco,A big blue two level bus at a bus stop with people.,80280,
525050,mscoco,A sidewalk with street sings next to a road.,84274,
49450,mscoco,A woman hitchhiking while another woman sits on a suitcase,84507,
455515,mscoco,a couple of cars parked next to a fire hydran.,7203,
575209,mscoco,"Two giraffes standing up next to one another, in between two tree and in the grass.",29917,
580084,mscoco,Black bird with red eyes as seen sitting on branch.,70176,
484215,mscoco,Traffic on a road in winter with some snow on the ground.,44098,
520918,mscoco,A train pulls up as a man stands waiting alongside snack machines.,15281,
173997,mscoco,Two people are sitting at a picnic table by a lake.,69373,
149622,mscoco,"The birds are sitting next to each other on a tree branch,",52912,
22236,mscoco,A double decker bus sitting in front of a bus stop.,10007,
405104,mscoco,A green street sign mounted to a metal pole,60379,
503490,mscoco,A lamb standing next to a very tall building.,63151,
100016,mscoco,A traffic light in front of a road through a tunnel.,81163,
504891,mscoco,A group of small birds walking on top of a beach.,6544,
95899,mscoco,A red stop sign next to a blue street sign.,10496,
244235,mscoco,A gray and silver fire hydrant sitting next to a rock.,23520,
556101,mscoco,A person standing in front of a bus on a street.,47435,
174721,mscoco,A traffic light with a busy city street behind it.,19083,
151130,mscoco,A person holding birds in an aquarium full of spectators.,78442,
543393,mscoco,A stop sign and other signage at the corner of a street.,72947,
136,mscoco,Two giraffes in a room with people looking at them.,9820,
333106,mscoco,A park bench on rocks next to a grassy field.,8569,
52322,mscoco,A hummingbird sits perched alone on a branch.,14986,
73981,mscoco,two giraffes playing in their sandbox exhibit,61442,
477974,mscoco,"2 people take a stroll, as a stop sign looms in the foreground.",31567,
439623,mscoco,A white fire hydrant sitting on a  sidewalk.,26363,
124756,mscoco,"A green, yellow and blue truck driving down a street.",38858,
19322,mscoco,A man sitting on a wooden bench near a lake.,16502,
123598,mscoco,A small bird sitting on a beach next to the ocean.,15236,
482233,mscoco,A red stop sign under a green street sign.,96692,
81054,mscoco,A truck parked on the side of a road next to another truck.,73162,
129362,mscoco,A large bird perched on top of a tree branch.,19573,
549560,mscoco,A street next to two road blocks and a blurry object.,79804,
399905,mscoco,A yellow school bus driving past a red brick building.,70045,
328409,mscoco,Man with hat and umbrella holding object in left hand against modern background.,49088,
150129,mscoco,A school bus on the road with traffic lights next to a forest.,46702,
510942,mscoco,A small black airplane sitting on top of a runway.,42122,
513690,mscoco,A trash can is sitting next to a lowered curb.,17418,
260433,mscoco,The road sign is visible for all to see.,57597,
390368,mscoco,A white street sign sitting on the side of a road.,73817,
340179,mscoco,A group of people sitting around a  table having a meal.,27803,
515962,mscoco,Three giraffe sitting and standing on a lush green forest.,53779,
321307,mscoco,A green bus with a red top traveling down a street.,32941,
146986,mscoco,A large jet flying over some small foothills.,80750,
17859,mscoco,A fire hydrant sitting on the side of a street.,57148,
165029,mscoco,A man with a snowboard next to a man with a mask.,1309,
279521,mscoco,A man in a dress and two men in pants with a bus.,57708,
481563,mscoco,A large gray stone bridge spanning a river.,40161,
140826,mscoco,A large jetliner sitting on top of an airport runway.,11791,
35814,mscoco,A frozen fire hydrant spewing ice out into a street.,75261,
443160,mscoco,The would is dressed up wearing a hat and tie.,86374,
253940,mscoco,A train traveling down train tracks next to traffic signals.,81087,
472416,mscoco,A lamb standing in the middle of a lush green field.,74427,
526645,mscoco,A giraffe walking through a tree filled forest.,41502,
374052,mscoco,A man sitting on a bench surrounded by pigeons.,61573,
547431,mscoco,This airplane is start to fly in the air.,64717,
281448,mscoco,Two sheep standing next to each other on a grass field.,78824,
36557,mscoco,A street sign sitting on the side of a road.,21858,
303704,mscoco,A child's train sitting on top of snow near a building.,11727,
577862,mscoco,A giraffe examining the back of another giraffe.,20412,
355817,mscoco,A red and yellow bus parked in front of a tall building.,71982,
236049,mscoco,A building with a large circular window that has a designed iron bar cover on it and a pigeon flying from it.,31845,
513098,mscoco,A group of planes flying in sequence in the sky.,17689,
204994,mscoco,a giraffe is looking over a fence at a man in sunglasses,42407,
563381,mscoco,A couple of sheep walking across a lush green field.,21559,
130528,mscoco,A model of a group of cars traveling into a tunnel.,12923,
381646,mscoco,A train traveling down train tracks near a forest.,16910,
242644,mscoco,The infamous Big Ben clock tower towering over the city of London.,66113,
168811,mscoco,There is a crowd of people waiting for the train.,5378,
132189,mscoco,A blue bus is parked on the parking lot next to another bus.,49315,
340451,mscoco,Man sitting on park bench waving and wearing water protective clothing.,54273,
423395,mscoco,A man holding a bottle and a group of people near an umbrella.,55138,
273052,mscoco,A sheep lying on a hill side next to a tree.,24482,
99584,mscoco,A transit bus stopped at a street side that's filled with snow.,26630,
176606,mscoco,"A goat alongside a house, trying to go through the bushes",9496,
318200,mscoco,A woman holding a umbrella next to a man holding a baby and several other people waiting to cross a street.,22136,
122987,mscoco,An adult giraffe sits down while a baby giraffe investigates.,16085,
134034,mscoco,A pair of horses grazing in a field behind a fence.,90903,
455085,mscoco,The side of a bus parked on the side of a street.,97051,
305871,mscoco,Several street signs posted together on a poll.,66780,
529578,mscoco,A corner of a building contains a large red sign.,74001,
541593,mscoco,Black and white photo of a clocktower and a bird.,17627,
21496,mscoco,a white red and blue jet some lights water and a hill,93610,
447789,mscoco,A red do not enter sign under a green street sign.,30064,
171058,mscoco,An orange stripe cat sitting on top of a wooden bench.,61906,
338067,mscoco,A construction sign sitting in the middle of a road.,2835,
259683,mscoco,A crowded city filled with lots of people and traffic.,47227,
448810,mscoco,A street sign with six different locations on it.,6423,
424155,mscoco,Two buses hitched together sitting on the street.,89707,
312316,mscoco,A giraffe standing at attention in a zoo pin.,35890,
48738,mscoco,A goat with very long horns standing in front of a tree.,15096,
70493,mscoco,A yellow school bus filled entirely with dogs.,78774,
66144,mscoco,A woman standing in front of window next to a bug and a stop sign.,19878,
442968,mscoco,A white bird sitting inside of a pond surrounded by greens.,23077,
79913,mscoco,A green street sign on top of a metal pool.,97801,
155885,mscoco,A flock of white birds flying over small boats.,71935,
156487,mscoco,A highway with a Rue Paul St. sign beside it.,1236,
284296,mscoco,Three giraffe's leaning over to get a sip of water.,38296,
489346,mscoco,A yellow fire hydrant sitting in front of a white fence.,78033,
9145,mscoco,Two ducklings sit next to each other in grass.,87628,
518574,mscoco,A city street has cars and buses with a green traffic light near a street sign.,80811,
227399,mscoco,A transporting cart parked in a street while passengers board.,68606,
314430,mscoco,A red fire hydrant sitting in a parking lot next to a metal post.,47259,
513260,mscoco,A blue train car sitting on top of train tracks.,77706,
194634,mscoco,A train traveling down a track past another train.,84550,
436162,mscoco,A white van parked in a parking lot next to a forest of trees.,84071,
243401,mscoco,A next of bird feeders filled with lots of birds.,34061,
370701,mscoco,A man and his little dog outside protesting Petland,4367,
241064,mscoco,A herd of animals walking and laying on a lush green field.,31406,
269942,mscoco,Vehicles on a street near a green traffic light.,36919,
498228,mscoco,Two large birds sitting on top of large rocks.,40744,
314836,mscoco,An old tour bus for Buddy Holly and the Crickets,90344,
308394,mscoco,An older woman riding a train while sitting under it's window.,83908,
454348,mscoco,A stone bench in front of a fallen tree.,92472,
186428,mscoco,A train riding over a stone bridge near some steps.,47265,
262900,mscoco,A giraffe lowering its head to graze on some grass.,52014,
51984,mscoco,Many sheep are grazing for food in the grass.,15951,
372249,mscoco,A black bird sitting on top of a wooden fence.,70534,
211119,mscoco,A couple of people sitting on top of a wooden bench.,83912,
516708,mscoco,A street sign that reads Sparta sitting next to a tall building.,64902,
431876,mscoco,The cops in the city are riding horses threw the streets.,11396,
547744,mscoco,A large white red and purple bus driving down a street.,42843,
186472,mscoco,The nose of a high-speed train that is sitting on the tracks.,36748,
205247,mscoco,A long white red and blue bus driving down a street next to trees.,26726,
266115,mscoco,A stop sign on the corner of a street.,63360,
158994,mscoco,Two big white city buses parked near the curb.,38905,
35887,mscoco,Three birds eat from a hanging bird feeder.,43643,
345993,mscoco,A man in a suit and top had holds a monacle as two people sitting next to him laugh.,47233,
448448,mscoco,Two giraffes grazing on some green leaves in the field.,3381,
215549,mscoco,A grey train passing by a stadium in the distance.,34100,
324710,mscoco,A couch and table sits outside with fake sheep.,35062,
176649,mscoco,A city street sign warning of a hill in different languages.,91074,
401384,mscoco,Signs at a resort pointing in many directions,96281,
64300,mscoco,A pelican on the shore near a body of water.,41987,
387082,mscoco,A blue and orange bus on street next to buildings.,51914,
230177,mscoco,"A double deck bus, with a convertible top.",6499,
233164,mscoco,an image of a street sign on the street,24292,
532530,mscoco,There is a map in the street of the city.,70131,
403862,mscoco,"A steam engine strain is decorated to look like a character from ""Thomas the Train"" books.",6276,
383950,mscoco,"A green and white street sign reading ""flaming lips alley.""",96518,
38817,mscoco,an image of a tourbus picking up passengers,44281,
498120,mscoco,A bus pulled up to the curb along a road.,38286,
181601,mscoco,an image of a bird perched in a tree,22193,
60456,mscoco,A man is approaching a seagull on the beach.,76463,
156751,mscoco,A flamingo standing in front of water and plants.,276,
280293,mscoco,A distant shot of a beautiful looking boat area outside of two buildings.,20243,
310906,mscoco,A train is traveling across a bridge over a lake.,17133,
531917,mscoco,People sit together on benches in a park.,29831,
475150,mscoco,A giraffe stands near a tree in the wilderness.,89927,
156466,mscoco,White wooden bench next to reddish orange bricked wall.,30865,
15157,mscoco,A stop sign with a suggestive sticker below it.,43063,
540176,mscoco,A road sign and traffic lights next to it,23813,
165298,mscoco,A bright red fire hydrant near a stop sign.,19146,
547224,mscoco,Orange and black uniformed worker standing outside of moving train.,50824,
333135,mscoco,A double deck bus parked along the curb in front of a building.,66558,
6153,mscoco,A train coming up to an intersection of rails,86232,
160726,mscoco,A very blurry image of a person sitting on a bench.,13354,
59152,mscoco,There are stop signs and one way signs at this intersection.,71005,
43610,mscoco,A bird with a berry in its mouth sits on a rock,42520,
178516,mscoco,Woman waiting at end of curb for train to open its doors.,33457,
28115,mscoco,A train with lights on riding down a track in front of buildings.,37589,
214701,mscoco,A giraffe and a gazelle that are grazing together in a zoo.,5951,
297323,mscoco,Two buses are parked against a curb in front of a building.,38719,
1561,mscoco,Small bird sitting on a skateboard posed in front of dark blue background cloth.,80255,
333826,mscoco,A red fire hydrant between some yellow poles,49034,
187610,mscoco,A giraffe is standing between two trees and some rocks.,28039,
518438,mscoco,A string of stoplights is going across the street.,30368,
58174,mscoco,A blue bus sitting in the middle of a street.,99221,
247543,mscoco,There is a yellow and green train seen riding on the tracks,48128,
443492,mscoco,A group of men on a city side walk.,86380,
328836,mscoco,A woman walking down a street next to a blurry man.,10650,
252970,mscoco,A double decker bus driving down a street.,12864,
299720,mscoco,A giraffe is peeking around the side of a wall at the camera.,61851,
518721,mscoco,A hand holding a carrot feeding a giraffe under a tent,20393,
191474,mscoco,A car is stopped for a red light at an intersection.,81752,
326312,mscoco,There is a red fire hydrant in the middle of a sidewalk,77695,
28826,mscoco,A bench partially buried in sand on a beach near the ocean.,2937,
153783,mscoco,"Dog statue wearing a hat, sunglasses and stars and strips bunting.",71163,
308362,mscoco,A long bus driving on a city street past a building.,10662,
434867,mscoco,An orange and grey trolley on street next to a building.,14485,
563641,mscoco,There is a blue and yellow train stopped at a train stop,80145,
79188,mscoco,There are two giraffes sitting together in the wild,24467,
126131,mscoco,A very large train is traveling down the railroad tracks.,48270,
299573,mscoco,Two giraffe standing next to each other on top of a field.,76808,
306230,mscoco,A gas station on the corner of a street next to a traffic light.,48712,
41867,mscoco,A bird aggressively protects his patch of turf.,4049,
368302,mscoco,There is a stop sign with a factory in the distance.,75353,
43561,mscoco,People walking in the dirt where buses and vehicles are parked.,20739,
128920,mscoco,A man riding a bike down a street next to a street sign.,77482,
258350,mscoco,People standing on a sidewalk near a parked bus at night.,41673,
412807,mscoco,A cat sitting on a wooden bench outside.,16712,
338452,mscoco,A bird is standing upright in the water and leaves.,31058,
299448,mscoco,A train is going down the track under a bridge.,84443,
313627,mscoco,A couple sitting on a park bench looking at the city.,24912,
137634,mscoco,A yellow and green fire hydrant in Canada.,30518,
333365,mscoco,A large white airplane in a stationary position.,5376,
290741,mscoco,A small bird on a wooden board on the water.,55805,
526341,mscoco,Two giraffes are standing next to each other by trees.,94774,
71004,mscoco,A man in black hoodie playing with a dog.,83197,
108088,mscoco,A group of giraffes in a fenced in enclosure.,21455,
521465,mscoco,A group of sheep in front of a building.,43056,
112212,mscoco,A long large train on a steel track.,19019,
356241,mscoco,A bird flying outside the window of a building.,13442,
475710,mscoco,An airplane at the gate in an airport.,63318,
221281,mscoco,A group of giraffes walking in the sand.,95976,
281455,mscoco,A flock of small birds flying in the sky over the water.,56364,
303439,mscoco,"A group of pigeons, swans and ducks clustering around water.",67798,
543497,mscoco,A Cat looking at a bird that is on the other side of a window.,76075,
161470,mscoco,a little bird taking a bath in a bird bath,43995,
361439,mscoco,A giraffe standing next to a log in a fenced in enclosure with people walking on the other side of the fence.,34444,
417876,mscoco,Two giraffes are standing together outside near a wall.,92704,
74711,mscoco,Two ducks floating together on a body of water.,30439,
450223,mscoco,A shot of several cars in front of a gas station.,2022,
484026,mscoco,Two black birds sit on a log bench near the ocean.,58446,
18295,mscoco,A train traveling down the train tracks along the country side.,40927,
521141,mscoco,A shot of a road in a city with a no peddling sign.,83290,
129699,mscoco,Upward view of street sign and traffic light in front of office building.,55472,
342490,mscoco,A airplane is taking off near a grassy area.,2205,
76625,mscoco,A train with headlights traveling on a track past pedestrians.,27196,
233327,mscoco,A yellow bird sitting on an oddly curved branch.,9319,
280710,mscoco,A group of people walking down a city street near a bus.,77936,
375087,mscoco,A black bird that is sitting on a branch.,9398,
18191,mscoco,A black and yellow fire hydrant on a city sidewalk.,6897,
325152,mscoco,A forest with many tall trees all around.,86695,
492544,mscoco,A single giraffe that is walking in a field.,90304,
580757,mscoco,A fire hydrant that has the stars and stripes on it.,53811,
175994,mscoco,A yellow and rd train parked in a train station.,20537,
348793,mscoco,A close up of a fire hydrant with a skyscraper in the background.,49249,
114313,mscoco,A man with a wrench turning off a fire hydrant.,26011,
503197,mscoco,A large blue and white bus parked on the road.,97116,
435324,mscoco,A school bus that has a great deal of graffiti on it.,81441,
350334,mscoco,Street signs for 92nd and Bayview in front of utility wires against the sky.,33933,
517890,mscoco,a couple is waving a flag while stanidg on a pole,44323,
503951,mscoco,Two birds that are sitting next to each other.,2260,
580931,mscoco,Three birds sitting next to each other on an electrical wire.,10536,
523811,mscoco,A small bird perched on a piece of wood.,35718,
212895,mscoco,a single giraffe standing in the middle of a field,171,
369675,mscoco,A passenger train is sitting at a station.,89079,
308764,mscoco,A woman is holding an perched owl above her head.,98459,
419080,mscoco,"A sign sitting next to a sidewalk with a garbage can, traffic cone, and several fire hydrants on it.",38117,
33830,mscoco,a man assisting a woman shearing a sheep with several children watching,21536,
211054,mscoco,A train traveling past a factory with tons of smoke pouring out of it's stacks.,39669,
88432,mscoco,Some street signs near a road with a truck.,49054,
575428,mscoco,A train passing through the greenery and a person standing in engine.,62549,
332502,mscoco,An airplane crossing above a metal structure on a cloudy day.,77963,
220621,mscoco,A fire hydrant sitting in front of a group of flowers.,32154,
233963,mscoco,A stop sign that is right by a road.,57706,
345823,mscoco,A stop sign that is by a road by the beach.,54134,
216618,mscoco,A large white bus and many cars on a road.,88801,
527580,mscoco,A train with passengers is standing on the track while some people are resting in the shade.,1739,
32724,mscoco,a group of giraffes run across a field,27930,
228122,mscoco,Fancy traffic light with arrows and a mirror.,56721,
361221,mscoco,Black and white picture of of a Southern Pacific locomotive.,92473,
536720,mscoco,A little girl climbing up steps to touch a giraffe.,31876,
249909,mscoco,A giraffe grazing from shrubs next to the road,39090,
133000,mscoco,A city view of an E-train on a track,48857,
91359,mscoco,A monorail train is traveling on a track.,96080,
260275,mscoco,A traffic light with car passing underneath on the road.,23023,
450458,mscoco,A car and a train on a city street.,6914,
181948,mscoco,A traffic light and many cars on a road.,40611,
84389,mscoco,A bench on top of stone tiles surrounded by trees.,86792,
185941,mscoco,A telephone booth and a red bus on the side of the street.,98005,
141587,mscoco,A distant airplane flying between two large buildings.,21984,
281512,mscoco,A man walking towards a stop sign on the sidewalk.,48056,
463151,mscoco,Crowds of people have lined a street to watch a parade.,54552,
22979,mscoco,A group of people are unloading from a bus.,35863,
372317,mscoco,A vintage red tour bus parked on the side of the street.,96316,
552752,mscoco,A man hangs off a stationary train indoors.,81266,
51119,mscoco,A bus that has been burned is sitting in pieces on the street.,32680,
32682,mscoco,A giraffe standing in a lush green field with lots of plants.,39420,
53580,mscoco,A young man sitting on a bus up against a window.,85106,
410932,mscoco,A red stop sign sitting on the side of a road.,99201,
1590,mscoco,A load of trash or work supplies in a dumpster outside.,57633,
543577,mscoco,A group of young men standing outside of a subway train.,96377,
35940,mscoco,A street sign sitting on the corner of a sidewalk.,96854,
502336,mscoco,A group of people walking down a street next to a tall building.,21544,
186322,mscoco,A silver rusted looking fire hydrant sitting in the middle of a walkway.,30662,
289855,mscoco,The bird is perched alone on the bannister.,1485,
517623,mscoco,Three red two deck buses along a city street.,58088,
274957,mscoco,a street sign on a pole against the sky,23951,
157269,mscoco,several men on a street corner repairing a street sign,33074,
108272,mscoco,"A policeman, cameraman, and reporter stand near a police checkpoint.",1500,
79955,mscoco,Pickup truck on a ramp preparing to merge with heavy Interstate highway traffic.,23399,
186497,mscoco,A woman feeding a giraffe under a tent.,61498,
56821,mscoco,A street light and some trees on a street.,79375,
248771,mscoco,an image of a street scene with traffic lights,55150,
493805,mscoco,Two giraffes in a zoo look at their surroundings,69867,
458755,mscoco,Young woman with sheep on straw covered floor.,98457,
575410,mscoco,A train travels through a rural area as it blows smoke,49142,
68715,mscoco,"A street sign with the name of a street on it, and next to it is a post with various names up and down the post.",21021,
52726,mscoco,Red wrong way sign in front of a church,1487,
52368,mscoco,"Several benches in a park area, with flowers and an umbrella above a table",40916,
433124,mscoco,"A blue, orange and white double decker bus on a road.",18156,
150726,mscoco,Pair of giraffes walking on grassy area in enclosure.,43751,
296775,mscoco,A person wearing a backpack stands in front of a bus driving by on a city street.,45636,
113185,mscoco,A German language street directional sign that reads Bauminghausstrasse.,3442,
174198,mscoco,"A green, orange and white train in a train station.",87658,
482978,mscoco,an image of a subway bus going thru the subway station,44517,
172319,mscoco,a park with flowers on a sunny day.,83262,
457060,mscoco,A close up of a giraffe's face standing in front of a tree and another giraffe.,18181,
469803,mscoco,A red white and blue fire hydrant on the sidewalk.,39823,
236457,mscoco,A white pickup truck waiting at a red light.,73282,
458221,mscoco,The electronic light has many tiny green dots.,12511,
89395,mscoco,Decorative pedestal water fountain located near the beach.,62507,
565563,mscoco,Many cars are parked along the sidewalk of a narrow street.,40411,
449011,mscoco,A close up of a giraffes head and face,55903,
109888,mscoco,A cute fuzzy sheep standing in a very big field.,42575,
148719,mscoco,An older Dodge pickup sits parked next to another older pickup.,51971,
127626,mscoco,One way signs at N 11 St and Brewers Row near a brick building.,53273,
472833,mscoco,A swan is swimming near snow covered rocks.,98175,
25660,mscoco,Many flowers are decorated outside of a building.,83632,
147300,mscoco,A sign in the grass stating the next highway.,32119,
139623,mscoco,A passenger train stopped at a stop next to a grassy field.,73742,
391199,mscoco,Men standing and one pointing to an object on a street.,80938,
334321,mscoco,A large white dog is sitting on a bench beside an elderly man.,46672,
224200,mscoco,A dog anchored to a fire hydrant by his leash.,92450,
472569,mscoco,A train sits on the tracks under an overcast sky.,86696,
344773,mscoco,"A grey, white and black duck next to water.",70700,
312509,mscoco,Various birds flying over a body of water next to trees.,26806,
581458,mscoco,A train passing through a city street.,81739,
386967,mscoco,A row of empty benches alongside a road.,93042,
541132,mscoco,A green bus is turning in front of a grey car.,75573,
308235,mscoco,Four lambs standing on a hill top with trees.,16409,
393583,mscoco,A stop sign along an empty road lined with a green fence.,68861,
418512,mscoco,An intersection with a post showing street signs.,46062,
343031,mscoco,A black steam engine pulling a small passenger car.,78181,
974,mscoco,An elephant with a man and three children on its back drinking water in the jungle.,93992,
532390,mscoco,A commercial passenger airplane sitting on the landing strip by the terminal.,60679,
545309,mscoco,A train travels down the tracks of a covered bridge.,67063,
268620,mscoco,Person in profile and sunlight at a barred window.,75142,
126046,mscoco,A traffic light sitting next to a cluster of traffic cones.,17686,
404568,mscoco,A seagull standing on the sand of a beach,10956,
547047,mscoco,a sign on a beach at sun set,97261,
523137,mscoco,A bird watches a cow eating grass in a field,70611,
124991,mscoco,A road work sign stands near a curb on a residential street.,39865,
460126,mscoco,Two giraffes stand in a dirt yard next to a wooden structure.,27740,
453954,mscoco,A city bus driving on the street in the snow.,71794,
578221,mscoco,a close up of a street sign with a mountain in the background,38267,
61624,mscoco,There is a very large white plane at the airport,22837,
74268,mscoco,A cat sitting up on its hind feet on a park bench,89865,
318039,mscoco,Giraffes leaning down to scratch faces in their zoo enclosure,93414,
446517,mscoco,A small yellow bird sits on a dried up flower near a man in a gray t-shirt.,12627,
302160,mscoco,There is a zebra standing alone in the zoo,81344,
358254,mscoco,There is a small yellow bird standing on a fence,22308,
106722,mscoco,The large green city bus is driving on a road.,451,
412455,mscoco,Antique black and white photograph of people walking by large stone buildings,61788,
494584,mscoco,A small white bird flying over the water.,9331,
236739,mscoco,A view of a bus traveling on top of a bridge.,74301,
426268,mscoco,A large long train with man inside on the track.,1806,
10920,mscoco,A car and traffic light on a city street.,19026,
273728,mscoco,A man is smiling while sitting on a horse.,87380,
18046,mscoco,The side of a chartered bus painted with a red horse.,47602,
167964,mscoco,A lit street lamp at an intersection with a stop sign.,65936,
209824,mscoco,an open fire hydrant near a city street,76924,
216327,mscoco,People are sitting and standing outside between train cars.,2923,
268755,mscoco,A picture of a dog is centered on a stop sign.,85136,
577182,mscoco,A bird sitting on top of a park bench.,52989,
148392,mscoco,A man with safety equipment next to a fallen tree and red fire hydrant.,55644,
375130,mscoco,A street that goes on to a high way with the light on red.,68797,
197420,mscoco,A train traveling down train tracks next to a small building.,87585,
298697,mscoco,Horses are standing in an open field in the grass.,6223,
91520,mscoco,A couple of giraffe standing next to a tree.,29864,
336777,mscoco,Many different signs cover a post next to a bus stop.,91555,
476873,mscoco,A stop sign sits in front of a brown and white house as snow lies on the ground.,74862,
570998,mscoco,A street sign posted at an empty city intersection.,82190,
395378,mscoco,Two little birds with white chests sit on barbed wire.,18236,
120235,mscoco,A view out of a window that shows a winding river.,57784,
221820,mscoco,A post with a no right turn sign and a stop signs with stickers,65820,
307438,mscoco,A close up of the green light on a traffic light,78145,
556901,mscoco,A plane with water skies for landing gear coming in for a landing at a lake.,24675,
450932,mscoco,The reflection of a woman is in a window and beyond her is a white and red train.,66631,
361571,mscoco,A dog wearing a hat standing on some grass.,11420,
452027,mscoco,a number of animals in a field near some trees,53365,
312559,mscoco,A bus is coming around a bend near a traffic light.,24903,
274233,mscoco,A street sign at an intersection with tropical trees in the background.,52675,
303305,mscoco,A large red and white bus on a city street.,84340,
243464,mscoco,A couple posing with two giraffes in the background.,45116,
209940,mscoco,There are two birds sitting on a branch by the water,67446,
56983,mscoco,a woman stares as a bird flys through the air,25243,
8204,mscoco,A couple of trucks on a city street.,64783,
279561,mscoco,There is a white and black desk with shelves  and a computer,24568,
322654,mscoco,there are people sitting on the ground painting the street,71139,
172553,mscoco,a small girl and two giraffes and some trees,39224,
130712,mscoco,A street sign next to a large building.,99795,
303026,mscoco,a woman posing on a wooden bench in the woods,72085,
463199,mscoco,A group of men standing inside of a bus.,53448,
342380,mscoco,A red kite sitting on top of a lush green field.,88658,
452891,mscoco,A white dog standing on top of a wooden bench.,40408,
40946,mscoco,Sheep are in a field near a fence and on a tractor.,92937,
294431,mscoco,there are several street signs on the same pole,35411,
363812,mscoco,this is a close up picture of a roosters neck,89457,
275253,mscoco,A pile of dirty clothing stacked on top of the floor.,22974,
522406,mscoco,A red stop sign mounted to the top of a metal pole.,20419,
415408,mscoco,A faded red fire hydrant sitting on the side of a street.,92967,
83483,mscoco,A group of ducks swimming on top of a lake.,39249,
241155,mscoco,a subway train at a station filled with people,56345,
79565,mscoco,a pair of giraffe standing in a big open area,75165,
275843,mscoco,A double decker bus stopped at an intersection.,53144,
209420,mscoco,A two way street sign picture from a piece camera film,54148,
67180,mscoco,A woman sitting on a wooden bench on a wall.,99026,
301977,mscoco,A cow standing next to a shelf with many drinks.,14586,
459153,mscoco,A young male sitting on a park bench typing on a laptop.,495,
532058,mscoco,A boy sipping a milk bottle while lying on a bed.,98908,
130352,mscoco,A school bus and pedestrians crossing a bridge in a city.,79473,
492472,mscoco,A traffic light with a building in the background.,86688,
44858,mscoco,A reflection of a large building in a window.,58311,
265579,mscoco,A large long train on a steel track.,99831,
328301,mscoco,Car parked in the parking lot next to the pier,41036,
438811,mscoco,A motorcycle drives on the street beside a city bus.,47076,
57390,mscoco,A small brown bird is sitting inside by a window.,81927,
270297,mscoco,A small train going down a steel track.,33317,
156370,mscoco,A street sign near many cars at a stop.,84413,
469721,mscoco,A fire hydrant in the grass behind a fence.,65652,
311068,mscoco,"A green and white street sign that reads ""pee wee reese rd.""",37729,
572349,mscoco,A group of street signs casting a shadow on a white wall.,39172,
492349,mscoco,The small bird is perched on the branch of the tree.,94860,
364009,mscoco,a man standing next to a pink bus in front of a building,82156,
304828,mscoco,The lower half of a very tall giraffe in a grassy area.,62808,
543215,mscoco,Signs point the way to a cemetery on a quiet road,60978,
152823,mscoco,Three gray and white baby birds are sitting in a nest.,95059,
427376,mscoco,A fire hydrant by a sidewalk marked with paint.,15973,
501116,mscoco,a traffic light above a road with a building in the background,321,
451915,mscoco,The shoreline of a beach on a cloudy day.,16556,
490008,mscoco,People boarding a bus at a bus stop.,10963,
52827,mscoco,A house and a lighthouse is located near the water.,51833,
67757,mscoco,"In the evening, a store front sign sits on the sidewalk near a blue car parked at the curb.",52125,
348379,mscoco,Group of protesters with red and white signs on concrete steps.,57800,
108224,mscoco,A red bus on side of street next to a building.,56292,
231984,mscoco,a sign out side a very tall building.,36495,
429558,mscoco,A blue and white train engine pulling a red train car.,91324,
479727,mscoco,A semi busy street in a delightful neighborhood,21334,
375493,mscoco,A woman in yellow shirt and skirt with cats in grass.,21435,
354753,mscoco,A street with traffic lights and cars at night.,85424,
56544,mscoco,A train on bridge passing over water with city in the background.,33264,
455435,mscoco,A boy covering his face as a fire hydrant blows water at him.,79453,
232894,mscoco,A girl and boy sitting at a wooden table with the boy looking at the girl.,87866,
6040,mscoco,A blue and white train is moving on the rails.,18949,
109924,mscoco,The cake is in the shape of a long train.,93443,
75719,mscoco,This bird is looking at a toy photographer.,51377,
101145,mscoco,The single train car is painted purple and yellow.,56823,
406729,mscoco,A foggy day shows buildings in the background as a woman in a blue jacket has skates on in a brick courtyard.,84097,
526143,mscoco,a large giraffe eating  something off of a branch.,85333,
158254,mscoco,a number of small birds on a body of water,67562,
267812,mscoco,"Several giraffes, including an infant, stand in an exhibit.",85305,
467142,mscoco,seven airplanes all decorated the same flying in unison,6194,
378672,mscoco,a decorative seat sitting inside cut out bushes,53084,
542077,mscoco,Two street lights on a corner pole in a town.,6857,
192406,mscoco,Several green buses parked in a parking lot with people walking by,9401,
550980,mscoco,There are several people standing at the end of a train going to Rockaway.,75515,
74789,mscoco,A silver train passing under high beams and trees.,37306,
400202,mscoco,A yellow double decker bus on street next to buildings.,26100,
450728,mscoco,A man in a black shirt rides an elephant as a man walks near it down a street.,76949,
496541,mscoco,A large white sheep and two baby black sheep in barn,71470,
401403,mscoco,This man is sitting on a bench next to a tree.,73222,
508787,mscoco,A boy with red shirt and hat holding a baseball bat.,99806,
328352,mscoco,Three people are sitting on a bench looking over a pier.,35531,
66543,mscoco,a street sign on a sidewalk next to a stone wall,55759,
32193,mscoco,Three giraffe standing next to two zebra on a lush green field.,82883,
333402,mscoco,A man standing in front of the open door of a bus.,33715,
39628,mscoco,The view from a platform at a train station.,78402,
90351,mscoco,A man standing near a fire hydrant next to a city street.,5704,
314541,mscoco,A large green field with a bench in the foreground.,81871,
340386,mscoco,A close up of a school bus parked on the side of the road.,72268,
254119,mscoco,A colorful cuckoo clock with the clock hands at six o'clock.,65163,
487076,mscoco,A red stop sign sitting on the side of a road.,33443,
24499,mscoco,A  single street sign with information regarding parking.,98493,
400152,mscoco,The long metro train is moving along an elevated track.,78282,
363902,mscoco,A boy holding a baseball glove at a baseball game,58476,
496313,mscoco,A truck and bus on a street under bridge,76157,
230150,mscoco,A couple of dogs standing and laying on top of a deck.,76618,
151657,mscoco,A man standing next to a woman in a living room.,31202,
80096,mscoco,A yellow train traveling down tracks surrounded by large bushes.,85532,
138656,mscoco,A girl sitting on a brown and white giraffe,18769,
38355,mscoco,A red and white wings black bird sitting on wood,70622,
116289,mscoco,Two giraffe standing next to each other around a tree.,78502,
233711,mscoco,A man flying through the air while swinging from a pole.,41116,
244636,mscoco,A doughnut shop sign hanging off the side of a building.,50961,
346517,mscoco,an odd looking red and yellow train sitting on the track,19819,
276720,mscoco,An empty street with brick buildings and cars.,19410,
542042,mscoco,A grey and white bus parked on the grass.,51105,
29346,mscoco,A green cake that is shaped to be a train,34414,
218310,mscoco,Two multicolored birds perched on a wooden branch.,9050,
308420,mscoco,Some brown and white giraffes standing and sitting together.,27836,
277521,mscoco,A traffic light sitting above a street with lots of traffic.,8276,
76918,mscoco,A grey bird on beach with water and pier in the background.,93529,
507766,mscoco,Three immature gulls are wading in shallow water.,70071,
248711,mscoco,A red train car parked in front of a red brick building.,6251,
506454,mscoco,A park bench that is sitting in grass under a tree.,63637,
286794,mscoco,A wildebeest walking with a giraffe in the distance.,57527,
72852,mscoco,A dilapidated bicycle frame underneath a Pedestrian Zone Sign.,21918,
561050,mscoco,Two giraffe standing next to each other on a lush green field.,88833,
83557,mscoco,A bench in some grass that is next to a building.,87254,
570110,mscoco,Lit traffic signs are displaying words regarding different roads.,2776,
520482,mscoco,Two birds who are looking out of the cage they are in.,51018,
349324,mscoco,A full view of a long train traveling on the railroad.,99032,
91063,mscoco,A passenger train that is leaving from the station.,53791,
487551,mscoco,A red stop sign sitting next to a green street sign.,78182,
155449,mscoco,A man standing in an airport with lots of luggage.,3567,
573527,mscoco,The street signs are clearly posted on the street for people to see.,14590,
311883,mscoco,A train moving along a track during the day.,46353,
494731,mscoco,Black birds on a wood fence near the ocean.,10550,
405675,mscoco,The fire hydrant on the side of the road is painted a bright yellow and orange.,14904,
245793,mscoco,A train engine and passenger cars pulling in to a station.,8008,
451228,mscoco,"There are buses, bicycle riders, and Christmas lights on the street.",17899,
101969,mscoco,A toy train is crossing a bridge near pine trees.,94602,
277051,mscoco,two little sparrows standing on a table by a knife,48971,
125476,mscoco,A bench with potted plants sitting on top of it.,21454,
231161,mscoco,In a grassy field stand 2 giraffes and 2 llamas.,42992,
488788,mscoco,A sign is welcoming vehicles to the business being advertised,3127,
476704,mscoco,A bus on the street next to the lamp post.,61238,
21378,mscoco,A mirror reflecting a crowd of different people.,48572,
303908,mscoco,A bench outside near a body of water during the day.,88571,
29252,mscoco,A red pole with multiple street signs hanging from it's sides.,3565,
80013,mscoco,A group of fire fighters working on a fire hydrant.,80357,
522478,mscoco,A bird sitting at the top of a tree on a branch.,39441,
323758,mscoco,A train yard with carts and tanks on two tracks.,729,
277614,mscoco,A train pulling past a church with a large clock tower.,36094,
425898,mscoco,A fire hydrant and a car parked near a house.,52679,
248767,mscoco,People standing on the corner with lights and pedestrian crossing near a construction site.,24460,
393811,mscoco,A grey duck flowing in water next to branches.,37420,
487698,mscoco,A woman on a cell phone running by a fire hydrant.,96106,
353695,mscoco,Two white sheep in grassy area with mountains in background.,52380,
219144,mscoco,A bus is stopping to pick up a passenger.,88374,
262347,mscoco,A metal bench between two white flowering bushes.,7863,
349841,mscoco,A public bus driving on a city street.,78748,
479805,mscoco,Street lights over a dark street and a bright sun in the sky.,37510,
363652,mscoco,The fire hydrant on the side of the street has lots of litter all over it.,72422,
575187,mscoco,A giraffe sticks his nose and tongue out of a wire fence to accept something a man is offering him.,79497,
407072,mscoco,A red fire hydrant along the curb at night.,15464,
502317,mscoco,Some signs on a street corner near some buildings.,14995,
80010,mscoco,The men are working on the yellow fire hydrant.,4584,
561679,mscoco,A big orange sign about street maintenance near a street.,36103,
220339,mscoco,A train traveling down a set of tracks.,66016,
435742,mscoco,A train on a track near a bridge.,49018,
523194,mscoco,A fire hydrant on the side of a road.,40742,
290896,mscoco,A yellow bus in parking lot with power lines above.,81845,
167084,mscoco,A locomotive train driving down railroad tracks by water.,85923,
448053,mscoco,A stop sign with a dead end sign near a construction site.,20150,
257940,mscoco,A train is going through a big city.,81491,
490338,mscoco,A busy city street at night time as some people cross the street.,31679,
548363,mscoco,Airplanes on landing strips waiting to take off.,95216,
356379,mscoco,A row of park benches with flower beds hanging next to them.,72827,
298718,mscoco,A train and its operators going down the track.,89434,
122606,mscoco,A bus going to crosstown parked on side of road.,82454,
380842,mscoco,a street sign on the corner with buildings in the background,14491,
27917,mscoco,A road sign next to a car in a city,38159,
460379,mscoco,"Two Giraffes are in the wilderness, possibly eating.",5619,
534194,mscoco,a man sitting on a bench in a slightly flooded area,65659,
412551,mscoco,A view of a street at night shows a yellow fire hydrant.,32047,
279824,mscoco,A boy sits on a rock in a hat as he holds a trumpet near an old barn and some farm animals.,21775,
533408,mscoco,a public transit bus on a city street,83978,
527164,mscoco,The sign is in clear view by the traffic lights.,90764,
568529,mscoco,There is a wooden decoration on the desk.,48670,
124128,mscoco,A street and the buildings on it and some construction.,84686,
496632,mscoco,A vehicle mirror reflecting a white bus on a road.,30873,
47010,mscoco,A pond of water with three giraffe walking in the dirt.,50912,
38357,mscoco,Two busses on street next to cars with buildings in the background.,36791,
171050,mscoco,A brown and gold fire hydrant in front of a brick building.,39123,
118778,mscoco,A blue and white train passing by other trains and buildings.,65857,
544533,mscoco,a long line of red white and blue tourist buses,43410,
442701,mscoco,There is a green bus on a narrow street,87345,
131969,mscoco,There's a yellow fire hydrant with blue trim o ntop,63059,
528862,mscoco,In a large area many giraffes stand behind a fenced area.,22263,
58636,mscoco,A large wooden pole with a green street sign hanging from it.,97943,
161187,mscoco,A black train engine pulling a white train in the rain.,92757,
82174,mscoco,"Two very large birds pose outside on white chairs, side by side",59457,
42137,mscoco,a public transit bus on a city street,35595,
295336,mscoco,Four giraffes huddling around a tree inside a fenced area.,62061,
349676,mscoco,A man taking a picture of two giraffes,23352,
217156,mscoco,A car is traveling under a traffic light.,1799,
149909,mscoco,A grey and white bird in water with a fish in its beak.,48709,
484754,mscoco,An image of a car in a side mirror.,32684,
62741,mscoco,A jet in the air flying in a dark sky.,53730,
415325,mscoco,A yellow street sign that reads safe passage,60679,
396736,mscoco,A blue and white sign that doesn't allow something,72144,
423005,mscoco,An empty intersection with two red lights glowing,79033,
430583,mscoco,A rusty old red fire hydrant in the weeds.,23531,
46418,mscoco,a number of sheeo in a field standing close to one another,94456,
331667,mscoco,Doors open to the train to let people board and unboard,87093,
354369,mscoco,a hard covered book whose binder has fallen off placed on a table,99184,
230593,mscoco,many black and white ducks are walking on a road,45226,
395752,mscoco,The trolley is picking up passengers along the road.,11425,
424293,mscoco,A red stop sign mounted on the side of a light pole.,77890,
250745,mscoco,Two sheep standing next to each other in a field.,12615,
282098,mscoco,An advertising column with advertising posters on it.,1106,
347210,mscoco,The park bench sits along the path under the trees.,58405,
169690,mscoco,A little girl sitting on top of a bench in a  park.,49319,
331307,mscoco,A vase filled with flowers sitting on top of a window sill.,93987,
41011,mscoco,A man in an English suit and bowler riding a horse.,50529,
4980,mscoco,A woman in white and black dress with suitcase on train.,89239,
405355,mscoco,A train sits on a train track against a shrub,20605,
411674,mscoco,A double decker bus on a road next to a cyclist and two people walking.,50193,
13168,mscoco,The high speed passenger train is bound for New York.,72193,
106281,mscoco,Two trains passing each other on seperate tacks.,81031,
386227,mscoco,Cows and sheep graze a snowy field on a cloudy day,42964,
248396,mscoco,there is a bus that is stopped and is very dark,62216,
328008,mscoco,A happy man on a bus with other passangers.,28844,
506224,mscoco,two giraffes standing together beside a fence and wall,19918,
170788,mscoco,Five birds nestled together on a tree branch sleeping.,72631,
542856,mscoco,a public transportation bus with an advertisement on the side,40535,
341567,mscoco,A large black bird flying over a snow covered mountain.,10857,
121153,mscoco,A white road sign suspended over a highway.,84454,
515727,mscoco,A group of white herons nesting in a marshy area.,87228,
286361,mscoco,A stop sign that has been tagged with graffiti.,61406,
210501,mscoco,A red and silver train traveling past a train station.,33172,
113333,mscoco,there is a side of a building with many pictures on it,22317,
332489,mscoco,A close up of the back of a stop sign and two street names.,14990,
188077,mscoco,A couple of airplanes sitting on top of an airport.,36554,
367610,mscoco,A man herding a large flock of sheep down a street.,19555,
365047,mscoco,A train moving along a track near a field.,81238,
186938,mscoco,A small bird standing on a rocky ground.,88269,
278161,mscoco,this school bus is yellow and black with dark windows,77122,
65357,mscoco,a black red and green train engine on a track,1198,
14567,mscoco,A small propeller airplane flying through a cloudy sky.,60174,
459136,mscoco,A steel bench sitting next to a wall.,54978,
547338,mscoco,A herd of wooly sheep graze on short grass.,6891,
534639,mscoco,A modern train running on tracks near a station.,60215,
566757,mscoco,People sitting and standing on a bus at night.,56688,
224247,mscoco,Three passenger airplanes parked on a airport runway.,91883,
75600,mscoco,a purple red and white bus a man walking and some buildings,47165,
202470,mscoco,A person with an umbrella near a building.,4030,
43266,mscoco,A couple of giraffe in a field near some trees.,96696,
80613,mscoco,A hipster carrying an umbrella and a white hat.,76026,
107511,mscoco,A group of giraffe standing next to each other.,52038,
262189,mscoco,A group of four street signs stacked on top of each other.,60448,
62500,mscoco,A park bench sitting in the middle of a forest.,4434,
132578,mscoco,A cat laying on a bed by a window.,3337,
444703,mscoco,A street filled with lots of double decker buses.,46470,
353320,mscoco,A guitar case rests on an empty bench,69298,
231616,mscoco,A group of people petting giraffes at a zoo.,13309,
442614,mscoco,Two giraffe standing next to each other on a dirt field.,24332,
389811,mscoco,A speed limit sign mounted beneath a green street sign.,85879,
22423,mscoco,A man standing next to an elephant who stole his hat with it's trunk.,4436,
380906,mscoco,A bench sitting next to the ocean with purple bows on it.,97553,
180095,mscoco,"A sign that says ""stop"" with another sign underneath it .",90023,
528977,mscoco,"Street signs, graffiti, old buildings and a bridge.",50559,
36331,mscoco,a jacket sits on a bench in a park,69470,
161990,mscoco,Train with four cars traveling through the wooded area.,97430,
431432,mscoco,Young Elephant Training Center with elephants and trainers.,20918,
565971,mscoco,A large long train on a steel track.,6892,
487217,mscoco,A traffic light over a city street with cars.,5501,
230679,mscoco,A person giving a giraffe some food with his hand.,50727,
283318,mscoco,A fire hydrant and some cars on the side of the street.,4030,
524140,mscoco,A large red bus on the side of a city street.,61951,
163929,mscoco,Two women sitting on a bench on an open boat.,23178,
104198,mscoco,A sign is next to an ornate white gazebo.,92523,
334614,mscoco,Two black cows behind a gate near a red fire hydrant.,76823,
550084,mscoco,A green sign says Thruway one fourth mile.,68891,
413779,mscoco,A old train station with trains on the tracks.,63729,
170072,mscoco,There's a crossing sign that shows you can't make left turns,49688,
34847,mscoco,A fire hydrant stands alone in the middle of the concrete.,78466,
212559,mscoco,A stable full of lambs standing and laying around.,4710,
198811,mscoco,a big red fire hydrant on the side of a building.,1967,
453507,mscoco,A black cat wearing a little party hat.,37569,
251232,mscoco,A model train on a model bridge decorated with christmas lights.,6227,
283147,mscoco,Some old buildings have street signs next to them.,31893,
482777,mscoco,An aeroplane soaring high in a clear sky.,75552,
445295,mscoco,A large commercial airline taking off from the airport.,80420,
27438,mscoco,Two sheep one with a bell tied to its neck walking in a green field.,97749,
127624,mscoco,A train next to a train station with city in background.,70633,
257887,mscoco,a train on a train track on an elevated bridge,86591,
136218,mscoco,A plane flying between two large buildings in black and white.,46615,
440043,mscoco,A red double decker bus next to another bus in warehouse.,76924,
258789,mscoco,A field with a cat and chicken next to a fence.,36004,
530163,mscoco,Three giraffes feed from a basket hanging off a tree.,35003,
204059,mscoco,a young female siting on a bench near a small stagnant lake,54167,
559790,mscoco,Large commuter train parked on the track with no people around.,20941,
297956,mscoco,A person on a motor bike on the water.,25359,
317622,mscoco,A line of buses in a parking lot with people standing around.,31699,
119345,mscoco,a train sitting on a train track next to some trees,55611,
163132,mscoco,An airplane taking off from an airport at night.,40790,
301981,mscoco,A giraffe caged in while grass falling from his mouth.,9726,
503238,mscoco,A red bus going down a busy city road.,58352,
569272,mscoco,A cat looks at a computer screen while snuggled against a keyboard.,75505,
34950,mscoco,A passenger train pulling into the train station.,34299,
311877,mscoco,A one way sign pointing to the left; the sky is blue in the background.,43262,
323571,mscoco,A street sign on the street near a building.,3465,
327186,mscoco,A large green airplane has it's landing gear down.,75151,
385781,mscoco,A picture of a stone bench in a park.,67755,
487422,mscoco,A tall giraffe in a green grassy field.,77268,
322845,mscoco,a close up of a street sign near a building,14083,
385042,mscoco,A black and white fire hydrant stands on a brick sidewalk.,82603,
289073,mscoco,A close up of a red fire hydrant next to a light pole.,89978,
89121,mscoco,a close up of two giraffes with a rock background,35374,
168416,mscoco,a red humming bird outside at a humming bird feeder,35087,
495626,mscoco,An otherwise charming old section of town is nonetheless assaulted by a massive billboard attached to the side of a building.,68123,
466263,mscoco,A silver fire hydrant by a manmade path and lake,76299,
297343,mscoco,A stop sign has been placed upside-down in the grass beside a building.,79172,
10256,mscoco,a red fire hidrent with red leaves everywhere surrounding it,51042,
245431,mscoco,A black bird sitting in grass by water,19674,
166060,mscoco,A giraffe stretching outs its tongue to get a carrot being held out by a woman.,16310,
400178,mscoco,A sign on a road that resembles a chess board.,31129,
107247,mscoco,The double decker bus is heading south through the mountainous region of California.,43712,
134689,mscoco,there is a very tall giraffe standing in the wild,68110,
360132,mscoco,A giraffe is eating leaves off of a tree,34373,
3983,mscoco,A group of people next to a bus with skis and backpacks.,68856,
114941,mscoco,train pulling up on the tracks next to a stationary double decker train,72393,
280271,mscoco,A blue fighter plane on runway with trees in the background.,43835,
98261,mscoco,Two brown and black birds staring on a curved wire.,35069,
100811,mscoco,A row of wooden poles with seagulls resting on them.,93399,
559955,mscoco,A platform at a train station with a train on either side.,4765,
122007,mscoco,Two giraffe standing next to each other in a field.,86041,
55272,mscoco,A bird floating on top of a body of water.,28895,
248193,mscoco,A long yellow train traveling down train tracks.,49545,
329379,mscoco,a sign on a fence with trees on the other side,11359,
347422,mscoco,bench located near the side of a ship,79834,
353321,mscoco,A woman sitting next to a  man on top of a purple bench.,99902,
21671,mscoco,There is a broken pink fire hydrant on a sidewalk,83422,
372706,mscoco,There are some cars and trucks parked at a bus depot,40282,
539302,mscoco,two giraffes and an elk in the brush,4842,
28758,mscoco,A giraffe and a zebra are in a grassy field.,81373,
328018,mscoco,A bird is standing on a rock by the water.,19236,
230976,mscoco,A chalk sign is placed outside on a wall advertising a restaurant.,38757,
234463,mscoco,Sepia photograph of a stop sign next to row of mailboxes.,19977,
164464,mscoco,two black and white skate boards under a black steel bench,13076,
229385,mscoco,A red fire hydrant stands on the sidewalk by the street.,30240,
190776,mscoco,There are four sheep in the grassy field.,7286,
361400,mscoco,A traffic light is showing a green arrow.,22693,
56545,mscoco,A gray bird is standing on small brown branch.,4096,
299045,mscoco,A street light stands in front of a Best Buy.,59235,
445682,mscoco,a close up of a person and a sheep,22667,
279136,mscoco,A stop sign has some graffiti on it.,46110,
469609,mscoco,A pole that has a bunch of street signs on it.,74140,
38574,mscoco,A tray topped with a Micheal Jackson hat and matching glove.,3671,
574200,mscoco,A parking lot has many school buses parked in it.,18879,
61938,mscoco,a green double Decker bus stopped on the street,66881,
440508,mscoco,A long orange train traveling through a rural green countryside.,21531,
213605,mscoco,A bus parked next to a white building with red trimming.,35654,
330931,mscoco,A giraffe is crossing the road by some shrubbery.,10744,
300479,mscoco,an old black and white photo of a train,91088,
343496,mscoco,A person walking by stop sign at street intersection.,51476,
549048,mscoco,A white bus on street next to sidewalk and buildings.,88803,
565607,mscoco,A green fire hydrant next to field of colorful flowers.,65167,
233567,mscoco,A goat is standing in a barn by some hay.,58118,
191296,mscoco,A small red fire hydrant in grassy field.,41878,
559315,mscoco,A black and white photograph of people at a bus stop.,98066,
410712,mscoco,A yellow and black traffic sign with buildings in background.,26364,
241948,mscoco,A train sitting on train tracks next to a  small rural road.,91225,
345535,mscoco,A blue and silver fire hydrant sitting on a field of dirt.,94205,
263211,mscoco,A giraffe walking through a lush green field.,87425,
304725,mscoco,A traffic light sitting next to a chair on a hard wood floor.,15063,
469687,mscoco,A bird flying through the air while flapping it's wings.,4993,
279596,mscoco,A stop light that is green that also has various other street markers on it.,7827,
290981,mscoco,A herd of sheep that are grazing in a field.,36858,
448626,mscoco,Two white vans of some sort parked near a mountain.,78297,
454444,mscoco,A group of three giraffe standing inside of a cage.,2495,
476597,mscoco,Two men are talking to each other near a fish tank.,98312,
155087,mscoco,A small white bird standing on top of a dirt field.,32248,
111867,mscoco,A group of boats floating on a body of water next to shore.,72832,
233882,mscoco,A small red plane sitting on top of an airport tarmac.,47582,
388674,mscoco,A large gray elephant standing on top of a field.,77103,
79836,mscoco,A red traffic light sitting over the top of a street.,32768,
317732,mscoco,A giraffe grazing from tree with brick wall in background.,39687,
36768,mscoco,A parked snow mobile siting on the side of a train.,66135,
420710,mscoco,A commuter train going across a bridge next to a road,69273,
220739,mscoco,"A green and white street sign that reads ""lincoln av e.""",98581,
15667,mscoco,There is a yellow fire hydrant on the side of a street.,76589,
198477,mscoco,There is a car on a street and some traffic lights.,98123,
134863,mscoco,A couple of traffic lights hanging over a city street.,613,
358750,mscoco,A blue and white double decker bus parked in a parking lot.,59956,
460646,mscoco,A bus sitting on the side of a road.,83235,
381599,mscoco,Five jumbo jets are parked at a large airport.,60380,
425136,mscoco,The little girl poses with her dog for a photo.,58479,
496765,mscoco,An empty train station with a train parked in waiting.,25880,
8603,mscoco,An adult and baby giraffe walking through a field.,29088,
547790,mscoco,A fighter jet flying through a cloudy blue sky.,969,
184321,mscoco,A train traveling down tracks next to lights.,91178,
335839,mscoco,A man near a red fire-hydrant during the day.,59260,
178435,mscoco,A mother sheep feeding her baby on a lush green field.,48727,
523252,mscoco,The long steam train sits at the station.,36962,
258136,mscoco,A train traveling down train tracks near a building.,97728,
533896,mscoco,A blue street sign sitting next to a road.,57964,
432553,mscoco,A couple of dogs viewing something as a person sits in a chair.,98781,
458613,mscoco,Two cars driving down a street next to a green bus.,41940,
286654,mscoco,"A street sign reads ""Rue Paul St"" in the snow.",48606,
406329,mscoco,A blue and white bus parked in front of a brick house.,49930,
206473,mscoco,Six sheep stand close together near a grassy hill.,43438,
252101,mscoco,a sidewalk with standing street lights on at night.,86322,
525361,mscoco,A train pulled into a train station next to a loading platform.,39962,
261068,mscoco,A lady doing something with animals in an enclosed area.,81693,
468487,mscoco,A woman who is holding her little dog.,34597,
361993,mscoco,A man walking across a street near a traffic light.,60898,
135763,mscoco,A red fire hydrant sitting in a lush green field.,67191,
456559,mscoco,A man wearing sunglasses and a black hat.,68809,
339870,mscoco,A tall church tower sitting on the side of a road.,68372,
213593,mscoco,A red stop sign sitting on the side of a tall building.,45387,
463618,mscoco,A woman holding a baby next to a bird cage.,96991,
27658,mscoco,A red fire hydrant sitting on top of a lush green hillside.,61768,
563603,mscoco,A herd of giraffe standing next to each other next to a pond.,79651,
281837,mscoco,A person holding an umbrella above their head.,52261,
120905,mscoco,A red fire hydrant with a green cap with a bird on top of it.,64998,
50277,mscoco,A flock of seagulls walking along a beach.,18640,
96505,mscoco,Wild bird standing out at the water's edge,43596,
11269,mscoco,View of a train coming in on the far side tracks,94798,
24629,mscoco,A red stop sign sitting on the side of a street.,75191,
181065,mscoco,A herd of sheep grazing on a lush green hillside.,77021,
507361,mscoco,A bottle sitting on a window sill next to a window.,55042,
485887,mscoco,"Street full of cars, double decker buses, and someone on a bike",8700,
400189,mscoco,A bus driving down a street next to a lush green forest.,28102,
395928,mscoco,A wooden bench sitting next to a fence near a forest.,54672,
193121,mscoco,A tall giraffe walking through lush green forest.,7803,
328921,mscoco,A group of three dummy heads covered in hats.,33633,
79589,mscoco,A giraffe standing in the middle of a field.,67652,
150265,mscoco,A group of people walking down a sidewalk.,18131,
288882,mscoco,Two large giraffes inside a fenced area interact with one another,82864,
533872,mscoco,People are feeding a giraffe in an enclosure.,75738,
401212,mscoco,A large building has a Glass business logo on it.,82876,
564563,mscoco,A view of birds gliding through the air.,61935,
365511,mscoco,The street sign is clearly visible for all to see.,42560,
176847,mscoco,Black birds picking berries out of the tree,80429,
473171,mscoco,A picture of the sun setting in the trees.,26628,
130437,mscoco,Cars riding on the street across a train on the tracks,38473,
412757,mscoco,Two green buses parked along the side of a city street.,17808,
560371,mscoco,Street signs from the corner of 8th ave. and 22 3/4 st.,81111,
177419,mscoco,A bright blue fire hydrant is on a brick sidewalk.,3527,
227691,mscoco,there is a small seagull standing by the water,80847,
462342,mscoco,there is a train and a person walking on rail road tracks,7624,
486162,mscoco,this stop sign has many stickers on it,44962,
24530,mscoco,A close up view of a giraffe in front of a palm tree.,66442,
468499,mscoco,A city train as it travels down the tracks.,31848,
370095,mscoco,Graffiti stains the surface of a green and white sign.,75753,
7325,mscoco,A red fancy bus is parked by a standing man.,2773,
371139,mscoco,A traffic light is standing in the middle of the street as buses are driving in the background.,30372,
292945,mscoco,Pair of scantily clad adults resting on red benches across of city skyline.,41448,
309264,mscoco,Many cages of birds are stacked at a pet store.,91828,
375128,mscoco,A fire hydrant is in the dark by a sidewalk.,43179,
155644,mscoco,A young woman sits on a bench with shopping bags.,20118,
477202,mscoco,dogs standing around with someone watching them,79302,
436511,mscoco,Tourists watching a man running with horned sheep down a dirt road,16090,
314200,mscoco,A white an blue fire hydrant on grassy yard next to sidewalk.,37362,
520338,mscoco,A man in white shirt standing outside of a building with a yellow fire hydrant in the foreground.,10013,
432647,mscoco,Three street signs located next to a brick building.,51075,
127135,mscoco,Small black and white pig on wheeled cart with protest sign.,9761,
214732,mscoco,A fire truck parked next to a fire hydrant.,27990,
251181,mscoco,The yellow mustang car is sitting on the side of the sign.,22901,
185989,mscoco,An announcer with a microphone talking to a crowd.,41910,
306952,mscoco,An enclose in a building with a giraffe in the background.,29161,
243316,mscoco,A goat standing next to a tree in the open.,74943,
468993,mscoco,A man works on landscaping a tree near a giraffe.,79621,
62661,mscoco,A taxi cab parked next to a fire hydrant.,33337,
291028,mscoco,A fire hydrant next to an old brick building.,59553,
247838,mscoco,A small herd of buffalo resting on the ither side of the stream.,9869,
286493,mscoco,Subway train pulling into the station for boarding.,72392,
357060,mscoco,A bird is trying to find food in the water.,99046,
105291,mscoco,The stop sign at the corner of North Main and Schoolhouse,87757,
456192,mscoco,A group of elephants are standing under a roof cover.,97753,
528142,mscoco,A train station with a few people standing beside the train.,429,
522566,mscoco,A very short van is parked with a surfboard leaning against it.,66247,
493503,mscoco,There is a one way street at the corner of Henry St. and Love La.,42251,
342476,mscoco,A group of birds foraging in a grassy field.,13499,
408047,mscoco,City bus loading on a busy metropolitan street.,7392,
280413,mscoco,A street sign on a city street with tall buildings.,73902,
577036,mscoco,a big bus is parked as a some people ride by in a cart,41604,
205190,mscoco,two trains sit motionless at a train depot,83041,
423187,mscoco,A plane that is flying high up in the air.,26053,
105872,mscoco,An older black and white picture of a cue of people boarding a bus,50047,
8080,mscoco,A bus parks close to a truck in front of a church.,46133,
208318,mscoco,many fire hydrants made to look like cartoon characters,22335,
195444,mscoco,An old rusty fire hydrant standing on a cracked sidewalk.,40456,
380057,mscoco,Many posters are placed on a wall near a busy street.,81197,
121503,mscoco,People get on a bus on a street next to a building.,30266,
442695,mscoco,A man sitting on a chair next to a black dog.,15569,
475466,mscoco,"A man is standing near some graves, water, and a bus.",26334,
310035,mscoco,A young woman reading while laying down on a park bench.,98120,
199339,mscoco,"A street sign with the name of two streets and a stop sign, and parked cars and buildings in the distance.",7658,
184400,mscoco,A train as it travels down the tracks over a bridge.,19934,
578522,mscoco,A crossroads sign with a car parked nearby.,32975,
394535,mscoco,A group of people getting onto a bush carrying surfboards.,14185,
40896,mscoco,A tall giraffe standing next to a tree filled forest.,33254,
419544,mscoco,Bus 811 is pulling into a bus stop.,7339,
488206,mscoco,A cat sits on a bench next to another bench.,82218,
227878,mscoco,There is no pattern to these four photos.,38087,
26393,mscoco,train pulling up the track while people wait on the sidewalk,77298,
566729,mscoco,A man stands next to a bird on a rock.,52694,
252332,mscoco,A stop sign is shown among foliage and grass.,15330,
51702,mscoco,big city with tall buildings and lots of people on the street,95574,
355756,mscoco,a store sits in front of a fire hydrant,18958,
324670,mscoco,A seagull sitting on the pier with the light house behind him.,60103,
108353,mscoco,A small bird sitting on a tree branch.,87986,
287291,mscoco,A city street with buildings and cars on a rainy day.,35178,
232614,mscoco,A bird is perched by a leaf on a tree branch.,55280,
116848,mscoco,A large bus driving past a few stores.,19081,
504194,mscoco,A dog is sitting near a bench alone.,90078,
176031,mscoco,A couple are approaching a man sitting down outside of a small shop.,85161,
338153,mscoco,A traffic signal showing that it is safe for horses to cross.,73557,
388487,mscoco,A patch of wild flowers growing next to a stop sign.,85095,
503860,mscoco,A street sign with a one way arrow on it.,97248,
310902,mscoco,A train travels over a tunnel with lights in it.,15659,
91949,mscoco,A man standing next to a boy in front of a tree.,22480,
371256,mscoco,A dark blue parrot holding a gray lizard in its mouth.,17754,
494782,mscoco,A young person in a hoodie with headphones in on a laptop.,94438,
424258,mscoco,A wooden bench near two barrels with flowers.,67466,
346343,mscoco,A train station with a few passengers waiting for the train to arrive.,50712,
233834,mscoco,A train moving down the rail road tracks .,26444,
348991,mscoco,Two benches on opposite sides of a grave pathway in a park with flowers in bloom.,92672,
316522,mscoco,Large blue passenger bus parked in front of large building.,86282,
558594,mscoco,City posts with street signs and lights on it.,99367,
330681,mscoco,a home made stop sign in the middle of nowhere,76902,
336340,mscoco,The wooden bench is near a busy stream.,58119,
511420,mscoco,The large passenger train is painted maroon and gold.,2260,
167810,mscoco,Two ducks are swimming in the water of a pond.,46996,
191047,mscoco,Three men all walking in the middle of the road .,31405,
469242,mscoco,a train on a train track at a train station,74828,
226256,mscoco,A garden is surrounded by a train and phone booth.,20766,
231476,mscoco,A passenger train at the end of a set of tracks in a building .,28924,
386650,mscoco,A bench next to three potted plants.,1821,
524992,mscoco,a red blue and yellow bus and a green and white bus and some people,35857,
211386,mscoco,A passenger bus is parked on the side of a road.,42809,
5076,mscoco,Large tree with wooden picnic bench in wilderness area,34950,
42628,mscoco,Snow piled high around pipes with people walking in background,49941,
238045,mscoco,The three green buses are parked next to each other.,59654,
542451,mscoco,There are a lot of animals on the hills.,67318,
535326,mscoco,a bus taped off so it can be painted,21141,
577712,mscoco,Three people stand in front of the giraffe zoo section.,25197,
33707,mscoco,Two giraffes are standing next to a building.,15980,
171915,mscoco,Two red buses are passing on the street.,16930,
441518,mscoco,Man in boxers on couch with two laptops,45289,
534983,mscoco,two orange gray and black birds sitting in a tree,90673,
287318,mscoco,A train on track passing through a small station.,26348,
34904,mscoco,A book on a wooden bench on a street.,37721,
546829,mscoco,A small white dog on a wooden bench.,55689,
261471,mscoco,A city street with many different cars driving.,84328,
218134,mscoco,"A white, red and blue bus on street next to people walking.",84520,
395289,mscoco,Guy sitting on ground in the middle of the street with traffic light behind him,74105,
380388,mscoco,"Non passenger train, slowly coming down the tracks",47869,
516602,mscoco,A small calf is in a pen with bails of hay.,91838,
206381,mscoco,A girl chatting with a mother goat while her baby goat looks on.,9234,
235902,mscoco,Small bird hanging off the side of a cage bird feeder,41739,
361830,mscoco,A red stop sign and some tall grass.,61733,
407168,mscoco,A train next to a station as a man walks beside it,18151,
417586,mscoco,A black and white photo of a pair of shoes on a bench.,2470,
390685,mscoco,A close up of a stop sign on a public street.,40595,
407180,mscoco,A zeppelin flying in the air as a water spouts occurs in a city lake.,7000,
303942,mscoco,A blue and white street sign next to a white building.,91959,
331816,mscoco,A group of sheep in grassy area with tree in the background.,67519,
536195,mscoco,A group of sheep in grassy area next to a fence.,1312,
58933,mscoco,"A mountain area with rocks and grass, and a large ram standing in the grass.",49149,
349098,mscoco,People standing outside a train at a snowy train stop.,41589,
261721,mscoco,A black and red small train in shopping area.,86189,
369547,mscoco,An area with rocks on the ground and a dog sitting on them.,53553,
573549,mscoco,People are gathered under a female impersonators sign.,29572,
388212,mscoco,A tall giraffe is standing by a fence.,85637,
271900,mscoco,Some sheep are next to a hay pile.,47783,
490275,mscoco,Air force jet in a take off position above the tree line.,18536,
313342,mscoco,Miniature trains on tracks with miniature person standing in the middle.,10852,
38048,mscoco,A red fire hydrant on a city sidewalk.,95555,
213280,mscoco,Black and white photograph of people standing in shore next to bus in water.,84305,
288553,mscoco,"A man in tie, black coat and a hat.",76845,
519046,mscoco,A giraffe standing in front of green brush.,68367,
363508,mscoco,An elderly giraffe with a mottled forehead looks at the camera.,87604,
27756,mscoco,A traffic light glows red on a cloudy day,99353,
437284,mscoco,A white and grey train car with graffiti on it.,35435,
276066,mscoco,A giraffe standing in dirt field next to trees.,76224,
91857,mscoco,A giraffe sticking its head in a feeding basket with trees in background.,55784,
97988,mscoco,"Man standing under banner that reads ""Run for Rights""",65674,
513765,mscoco,A group of children sit at a craft table.,14779,
74798,mscoco,A white and black bird on a chimney next to sky.,7997,
197941,mscoco,Bench and window with shutters with bricked wall,32721,
335521,mscoco,A busy street on the side of the hill,99290,
449031,mscoco,The large city bus is painted bright yellow.,36289,
408789,mscoco,A room with various blue and white signs and a television.,30957,
290026,mscoco,A black and red bus turning on street next to a building.,48124,
275237,mscoco,A blue and white train on tracks with blue sky in background.,97783,
67704,mscoco,A white and blue train with various graffiti on it.,48690,
142207,mscoco,A fire truck near a yellow fire hydrant.,72547,
304929,mscoco,A stop sign over a grassy area next to trees.,31754,
565742,mscoco,A vast and grassy field with sheep grazing.,96479,
532876,mscoco,A skier standing in the snow next to a yellow and blue train.,78411,
500559,mscoco,Two wooden benches with a tree in background.,98767,
394840,mscoco,Dude on horseback leads herd of sheep with two dogs,40289,
203063,mscoco,A herd of sheep grazing in a snow covered field.,756,
478286,mscoco,The train is traveling across the high bridge.,1936,
165547,mscoco,An eating area with a table and a few chairs.,95299,
425447,mscoco,White truck parked on street with trees and man,69952,
534394,mscoco,A herd of sheep moving up over a wall to a field from a sidewalk.,24704,
506401,mscoco,A city scene is shown with stop lights is shown.,13875,
350988,mscoco,A group of seats are placed on steps.,64821,
294865,mscoco,A silver miniature train with trees in background.,16564,
397117,mscoco,a yellow and white concrete truck next to a bus,7714,
428125,mscoco,four scenes with each showing a smiley face doll,45582,
436738,mscoco,An intersection with antique cars and a bus at it.,40218,
99186,mscoco,A stop sign at an empty intersection in the country side.,53316,
274599,mscoco,A group of various farm animals together in front of a barn.,20135,
423036,mscoco,a close up of a bench with a dog laying on the ground,4405,
322226,mscoco,A row of wooden cages with white sheets over them.,25122,
57548,mscoco,Two very cute fuzzy young sheep on  a grassy hill.,92917,
154497,mscoco,a close up of two people sitting near one another,97510,
237256,mscoco,A group of sheep is standing in a grassy field.,37785,
259382,mscoco,Giraffe inside rock walls standing and bowing its head.,21010,
312384,mscoco,A city street with cars and a bus on it.,12173,
162130,mscoco,A wooden bench is sitting next to a grassy field.,32578,
450464,mscoco,A railroad train heading toward a traffic light on the tracks,70481,
189203,mscoco,Two photos of an airplane in the air.,51602,
305135,mscoco,A large sign and some cars on a street.,59349,
308894,mscoco,A large long train on a steel track.,68522,
312692,mscoco,Two trains in an urban station with people waiting.,42633,
197716,mscoco,A bus parked on a street next to a tree.,15233,
329486,mscoco,A passenger train crossing a bridge by the beach,40219,
356091,mscoco,A lamp above a sign on a building with flowers.,85639,
147223,mscoco,A small bus parked in front of a bus stop.,58004,
117015,mscoco,A photo of a giraffe standing next to trees.,3791,
125286,mscoco,A street sign sitting on top of a snow covered traffic lights.,55347,
61959,mscoco,A photo of a bus driving down the road.,940,
140583,mscoco,A group of donkeys on the side of the road.,54737,
418959,mscoco,A duck standing on a pile of debris in water,78906,
396568,mscoco,An orange and black train with train cars passing trees.,77565,
190056,mscoco,Three giraffes grazing from a bush over a fence.,6001,
260020,mscoco,A stop and street sign on a pole.,94793,
396903,mscoco,Small red propeller airplane sitting on an airport runway.,51343,
90442,mscoco,A red bus on street next to buildings.,44034,
490991,mscoco,A giraffe grazing from feeder in dirt area next to trees.,83239,
151733,mscoco,A red and white bus on street next to a building.,36127,
468354,mscoco,A group of small birds in the water.,64847,
293841,mscoco,A silver bus on street next to buildings.,80592,
507797,mscoco,Two buses parked next to each other in front of a building.,87450,
23051,mscoco,A red and white train with graffiti on it.,40230,
362391,mscoco,A group of red trains parked in a train lot next to a mountain.,74421,
147915,mscoco,A stop sign that has some graffiti on it.,58448,
30925,mscoco,A giraffe stands next to a tree and a lake.,32354,
431573,mscoco,A red fire hydrant is leaking onto a side walk.,80739,
323128,mscoco,A cat curled up in a sunny spot on a table sleeping.,27067,
389206,mscoco,"The boy is wearing a party hat, and entertaining the table with his noisemaker.",6578,
182469,mscoco,A stop sign sitting above a road barricade.,78932,
207548,mscoco,Two children sit on a wooden bench in a forest.,16050,
450719,mscoco,A giraffe drinking water from a pond with it's legs spread,88188,
318561,mscoco,A herd of sheep in an open field.,96464,
389684,mscoco,The pedestrian is walking down the side of the highway by the bus.,84278,
576714,mscoco,A sheep standing in a open grass field.,77335,
201756,mscoco,A close up of two birds on a tray with bananas peels.,25295,
164420,mscoco,a red fire hyrdant next to two red poles,63832,
356314,mscoco,a whole lot of signs written in  an asian language,40047,
269006,mscoco,A red double decker bus driving past very tall buildings.,20327,
372070,mscoco,A train caravan passes by a small town.,28478,
76595,mscoco,A large blue bus on a city street.,12842,
579036,mscoco,a red bus with an open upper deck,99230,
44045,mscoco,a bicycle leaning against a stop and a yellow car,4608,
361947,mscoco,a green bus from a foreign country coming down the road,36620,
433787,mscoco,A person on a surfboard with a paddle in the water.,44368,
22215,mscoco,A large blue train on a steel track.,48258,
128586,mscoco,A woman sitting on a bench next to a child in a stroller.,28304,
297108,mscoco,A cat in a birthday hat is lying on a couch.,1149,
141143,mscoco,A flock of birds flying over a beach near the ocean.,670,
156809,mscoco,A yellow fire hydrant sitting in a patch of green grass.,33874,
548267,mscoco,A herd of sheep grazing on a lush green field.,18432,
199842,mscoco,A golden bus driving over a bridge spanning a river.,34308,
438364,mscoco,A red double decker bus driving down a city street.,76132,
45959,mscoco,A bicycle parking sign on a pole at the corner of a street.,44628,
341487,mscoco,man is walking in the street carrying a sign that says smile,52385,
84168,mscoco,A stop sign and a fire hydrant on the corner of a grassy sidewalk.,21661,
453390,mscoco,A yellow and red fire hydrant in grassy area next to a street.,43147,
453452,mscoco,A white and grey bird in tree with green leaves.,87681,
465566,mscoco,A red train leaving a train station with man watching.,28691,
397639,mscoco,A large white sheep next to a small black one,88699,
490491,mscoco,A burnt out cement building is next to a stop sign.,96450,
99928,mscoco,A group of sheep in grassy area next to trees.,24321,
382115,mscoco,A pole with traffic signs and street signs.,76453,
231163,mscoco,Train stopped at a depot with people milling about.,15124,
160031,mscoco,A road filled with traffic led by a big blue bus.,69984,
219014,mscoco,A stop light on a oriental city street.,61601,
93201,mscoco,A dog with a hat on top of his head.,71682,
440409,mscoco,There are two signs on the traffic signal.,75968,
183469,mscoco,two green and one grey parrot perched on a branch.,2942,
86467,mscoco,A flock of cute sheep in a rocky field at twilight.,72118,
502895,mscoco,A large train is passing over a set of tracks.,35978,
279714,mscoco,Closeup of a button in front of the Louisville Slugger factory in KY.,72280,
199578,mscoco,A double decker bus travelling on a city street.,89241,
274947,mscoco,two red shuttle buses riding down a street next to a blue pole.,25795,
116244,mscoco,These are a few animals out in a field.,73796,
137619,mscoco,This is a bird looking in the direction of a tree.,37399,
310473,mscoco,There are a lot of buses lined up on the street,41691,
434279,mscoco,The large blue train is covered with rust.,31528,
264506,mscoco,a large blue and white house on a hill near cattle pastures,79964,
553511,mscoco,View of high rises on a city street.,39145,
541887,mscoco,Picture of a stop sign with graffiti written on it.,94778,
130508,mscoco,A blue train rides down a wooded track.,23619,
451940,mscoco,A giraffe in front of a field of sheep.,43621,
573484,mscoco,A group of birds sitting on a horizontal pole.,16931,
496800,mscoco,Two trains pass each other near some buildings.,29321,
115946,mscoco,A street intersection with old buildings in the background.,23017,
492075,mscoco,Two giraffes eat grass out of a cage hanging from the ceiling.,98954,
562448,mscoco,A white bus is driving down the street,84407,
569841,mscoco,Some people are riding along in a horse drawn Carriage,68043,
282871,mscoco,a number of benches next to a tree,56104,
137677,mscoco,a bird flying thru the sky with mountains in the background,23073,
380106,mscoco,two giraffes in a field with many trees,88769,
341838,mscoco,a car driving on a road with decorations avobe,83220,
150013,mscoco,A park bench overlooks the ocean in the snow.,3187,
2521,mscoco,a close up of a street sign near buildings,43890,
331289,mscoco,A group of people on motorcycles waiting at a traffic light,47458,
553678,mscoco,A stop sign and a no access sign in the grass.,34172,
405248,mscoco,A wooden bench covered with pots and containers of plants.,11579,
234136,mscoco,Two men smiling while they are in a car with a dog.,25425,
56248,mscoco,Looking out of a commuter bus at a small town grocery,56693,
338941,mscoco,A large circular building with a bridge connecting it,31797,
87429,mscoco,Traffic is stopped on the road because of a red light.,96798,
580856,mscoco,A sidewalk outside of a winery with tables,5879,
482350,mscoco,A cat standing near a dead bird with some words on the picture,10246,
29913,mscoco,A bicycle is lying on the sidewalk beside a fire hydrant.,81252,
126877,mscoco,A custom cake featuring a fisherman for a man's 65th birthday.,28897,
134255,mscoco,a bus and some cars at a park like setting,53934,
236161,mscoco,A shiny antique bus coming though a gate by a brick building,71632,
513555,mscoco,A couple of men sailing on a sailboat out in the harbor.,74071,
236714,mscoco,Styrofoam coffee cup laying on an metal bench.,73174,
114616,mscoco,a close up of two sheep laying on hay,65666,
256552,mscoco,A large pillar with a stop sign on top,25422,
461628,mscoco,A train is moving along the tracks beside a house.,44745,
36528,mscoco,The airplane is about ready to get take off from the runway.,77566,
493161,mscoco,two giraffes near a tree in a field,85189,
234164,mscoco,A train is moving on tracks beside a sidewalk.,2098,
317120,mscoco,A street post with three different street signs on it,96683,
513882,mscoco,a large air plane flying in the air,24328,
233977,mscoco,A bus is passing through an intersection beside a building.,78130,
489842,mscoco,All of the children are gathered around Santa Claus.,80316,
173142,mscoco,Giraffes standing in and around a cave area.,24649,
370448,mscoco,A fire hydrant in front of an empty sidewalk.,66401,
197997,mscoco,Old blue bus with bicycles parked on roadway near green space.,35385,
301735,mscoco,The big bird is on the beach and the dog is barking at it.,62069,
495541,mscoco,Three white storks with black legs and beaks wading in some water.,41917,
404781,mscoco,A red stop light across from a brick building,21144,
420929,mscoco,The two white birds are flying in the clear sky.,1308,
53956,mscoco,Oval shaped picture of buildings with a truck outside and blue sky.,44929,
16241,mscoco,A low flying commercial plane passing tall  buildings,17438,
130566,mscoco,A yellow train on the tracks with several cars,55844,
10681,mscoco,A bright patio umbrella stands out against the plain white building.,96667,
25747,mscoco,A train is moving along train tracks through the woods.,95782,
521472,mscoco,A large commercial airplane parked on the runway,74637,
373846,mscoco,A busy airport with planes parked  on the runway,62076,
410428,mscoco,A herd of sheep are grazing in a green field.,61021,
514540,mscoco,"A city street corner with a street pole that has one way signs and a light on the top, and a building in the background.",25505,
321176,mscoco,A young woman underneath a clear bubble umbrella,85856,
331223,mscoco,The red fire hydrant is next to a caution partition.,21645,
216972,mscoco,A stop sign is fashioned into a snack store sign.,35256,
724,mscoco,A stop sign is mounted upside-down on it's post.,56313,
358923,mscoco,A woman with an umbrella hat talks on her cell phone.,3510,
193480,mscoco,A professional tennis match from very high up in the stands,29423,
2923,mscoco,A marsh area with egrets and shrimp boats,55740,
500079,mscoco,The sign is clearly visible for all of us to see.,73897,
249643,mscoco,A train traveling down train tracks near a train station.,778,
227463,mscoco,a man sitting on a bench with a backpack and a cane,62844,
228290,mscoco,A mother bird and her offspring walk in a meadow.,49615,
552153,mscoco,A small plane flying over the woods near a mountain,49780,
325198,mscoco,A giraffe standing next to a tall tree.,33106,
560272,mscoco,one plane flies upside down over another plane,23620,
189885,mscoco,A herd of sheep walking down a rural country road.,56518,
15614,mscoco,Two giraffes that are standing in the grass.,82710,
522665,mscoco,four adult giraffes and one smaller giraffe all in captivity,54782,
102654,mscoco,Two giraffes are looking at each other in a wooden room.,13719,
71752,mscoco,Two buses driving by people in a city.,30909,
401124,mscoco,a bench in the woods covered in snow,30975,
379210,mscoco,A cat lying next to someone sitting on a bench.,49801,
300000,mscoco,a brown and white dog is sitting in some grass and a red and white fire hydrant,22870,
163339,mscoco,The decorated bench is sitting among the flowers.,77401,
46526,mscoco,The two yellow trains are coming down from the mountain.,92042,
418933,mscoco,a stuffed animal and a figurine are sitting on a bench and water,92175,
53229,mscoco,Street signs at an intersection of roads in front of a brick building.,11167,
160927,mscoco,A large boat floating down a river next to a walkway.,6113,
192247,mscoco,A herd of animals walking along a lush green field.,3271,
103431,mscoco,A black and white photo of four young children.,63367,
354027,mscoco,an orange and white double decker bus and a woman and child crossing the street,79514,
462584,mscoco,A train with bright lights on it under utility wires.,16388,
1532,mscoco,A street scene with focus on the street signs on an overpass.,57109,
323810,mscoco,A RED BIRD PERCHED ON A BRANCH IN A TREE.,94809,
79408,mscoco,A red stop sign sitting next to a forest.,28872,
279933,mscoco,A train traveling down train tracks through a countryside.,96764,
92680,mscoco,A giraffe standing on top of a lush green field.,52437,
353489,mscoco,A blue train traveling along a very long bridge.,50303,
524694,mscoco,A giraffe eating food from a very large rock.,44129,
276549,mscoco,A family of giraffe standing next to each other.,73567,
133999,mscoco,A double decker bus driving down a street next to a tall building.,91633,
180541,mscoco,a black and white double decker bus and some cars,80760,
379014,mscoco,A tall sign sitting next to a traffic light at night.,55151,
190546,mscoco,A yellow train traveling down tracks next to a train station.,76697,
484816,mscoco,A yellow school bus with a creepy eye shaped rear view mirror.,6130,
89459,mscoco,A walking street sign under traffic light covered with stickers,74269,
255749,mscoco,A bus stopped at a curb to allow people to board the bus.,1919,
307790,mscoco,A bird standing in the wooded area with leaves all around.,65161,
566823,mscoco,a double bus driving through a parking lot,90340,
29406,mscoco,A bench sits in the a garden park.,9215,
85381,mscoco,An old bus is next to an old train.,49218,
226111,mscoco,"A No bicycles, skates or skateboards sign on a pole.",6013,
333808,mscoco,A rain soaked pigeon sitting on a fence.,60019,
67342,mscoco,Two birds sitting on a branch in the woods.,94457,
397045,mscoco,A cat sitting on the back of a bench while looking upward.,87046,
293296,mscoco,a sign for prospect and brady st on a street with a light post,86405,
69944,mscoco,"a red, blue and tour bus with people standing outside of them",60601,
532983,mscoco,a number of people sitting at tables in a train,61372,
561670,mscoco,a person standing in an alley with sheep,26318,
211674,mscoco,Red double decker bus with people standing on top.,57624,
352576,mscoco,A giraffe is standing outside in the woods.,62064,
412015,mscoco,a close up of a street sign with a moon in the background,45118,
90367,mscoco,a close up of a dog sitting wearing a hat,26441,
574074,mscoco,a close up of three birds in a tree branch,77758,
120826,mscoco,A train is on the track waiting in the middle of the afternoon.,91198,
115070,mscoco,Two orange cats on steps with a  bench in the background.,26663,
243027,mscoco,The sun shines brightly behind a stop sign.,97317,
379183,mscoco,A green train is rolling down the tracks,83055,
567536,mscoco,A baby with blue shirt carrying a shovel next to two birds.,79912,
386777,mscoco,The green and white city bus is parked a the curb.,90584,
26767,mscoco,A street sign showing they are making improvements,94300,
440461,mscoco,Two double-decker buses followed by two smaller trucks.,67445,
384308,mscoco,The small dog sitting in the center of the walkway.,254,
204943,mscoco,A man wearing ties and rainbow sun glasses,4496,
425644,mscoco,A street with street lights and palm trees.,69715,
84783,mscoco,A cat sits between a window and a large birdcage.,65687,
578703,mscoco,Three geese eating out of a parking lot grassy field.,75687,
128168,mscoco,The school bus is remodeled with bright paint.,7012,
183204,mscoco,"A carpet with various items that includes shoes, clothing and toiletries.",99016,
439709,mscoco,A few porcelain plates with birds Hand-painted on them.,48942,
503585,mscoco,A man with a brown bag and blue jacket stands by a train that is moving.,10692,
261161,mscoco,A dog with a leash on is sitting near a park bench,8371,
549718,mscoco,A blue and yellow city bus driving down the street,47674,
15338,mscoco,A yellow bus is on a street near a black guard rail.,54000,
116295,mscoco,A traffic signal flashing red at dusk with a building behind it.,35046,
297944,mscoco,A building with a red hand rail sitting next to a street.,83700,
415530,mscoco,Two trains traveling down a street lined with tall buildings.,54429,
22755,mscoco,A rear view mirror sitting on the side of a yellow bus.,4439,
267840,mscoco,a stop and go light on red out side of a building,55987,
268717,mscoco,a red and blue fire hydrant and people walking in the rain,68988,
483550,mscoco,a man standing on top of a steam engine train,5760,
335033,mscoco,Two giraffes eating leaves at a watering hole.,75872,
137612,mscoco,A building and a road sign in front of a bridge,56284,
339740,mscoco,A road sign warns there is a curve in the road.,99873,
409856,mscoco,A train traveling down train tracks next to two buildings.,62466,
212507,mscoco,Two long buses parked on the side of a road.,6061,
461522,mscoco,Two giraffes standing next to each other looking over a fence.,40485,
60610,mscoco,A large silver double decker bus driving down a street.,52756,
532989,mscoco,The giraffe is resting while waiting for food to be served.,2086,
573291,mscoco,Two giraffes standing very close to one another in an enclosure,75535,
139549,mscoco,A bus and car wait at an intersection on a city street.,89505,
49633,mscoco,a white bird sitting on a grassy hill,15060,
353964,mscoco,A Virgin Airlines plane and an American Airlines plane.,85668,
250205,mscoco,Couple of Seagulls stand next to each other watching the same thing,72986,
265059,mscoco,A giraffe in front of a large amount of plant life.,47812,
368807,mscoco,"A sign hanging on a wall says ""Don't STOP drinking""",61754,
337653,mscoco,A rainbow in the sky over a street.,79874,
65288,mscoco,A yellow and green object with a brown bird perched on top of it.,55148,
41888,mscoco,Three birds walking around a dry grass field.,78695,
121260,mscoco,A giraffe walking across a lush green field.,33801,
476109,mscoco,Two giraffes standing in grass surrounded by trees,61524,
8899,mscoco,A red brick building with a graffiti covered front.,3113,
427956,mscoco,A rusty fire hydrant sitting on a city sidewalk.,77921,
443006,mscoco,Four giraffes walking along the ground next to a little lake,97167,
430273,mscoco,Two trains riding side by side on two tracks,93574,
425634,mscoco,a train sitting on the rails under power lines,19163,
528524,mscoco,The brown cows walking along a path in the field.,44368,
27946,mscoco,A bus and taxis on the road in the city.,67187,
186821,mscoco,A group of people and a large truck on a street.,22914,
275791,mscoco,A large trains travels past a river that contains several different boats,46882,
330018,mscoco,A pretty bird is sitting on a tree branch.,61302,
252201,mscoco,A child on a toy is approaching a fire hydrant.,55120,
404620,mscoco,A narrow street has numerous blue pointing signs.,18691,
527022,mscoco,A painting of a man herding sheep in the field.,93288,
200212,mscoco,Several trams are parked with electric lines above them.,30891,
226820,mscoco,a green and black train on a track with smoke coming from the top,19443,
42178,mscoco,Smoggy picture of many trains in a busy train station.,60074,
574928,mscoco,a herd of sheep standing around in a big grassy field,17519,
314193,mscoco,a person sitting on a bench reading a book,16728,
31748,mscoco,Two red buses driving in a black and white photo of a mostly empty street.,44047,
357748,mscoco,A pink city bus at a bus stop.,41618,
550452,mscoco,red and yellow train on a train track,92907,
20371,mscoco,A pigeon is sitting on a stone ledge.,37385,
117674,mscoco,Odd red fire hydrant with an Asian lady standing next to it.,73398,
75083,mscoco,a close up of street signs with buildings in the background,70159,
568956,mscoco,A flock of birds gathered on and around some people in the rain.,69743,
245153,mscoco,Two puffins sitting in some grass on a mountain.,64594,
505942,mscoco,Two people have a conversation at an intersection,68150,
176168,mscoco,a close up of a bowl with wood and screws inside,3418,
231471,mscoco,several ducks in front of a placid river,17146,
254917,mscoco,Woman pushing a stroller into a blue building.,4995,
85529,mscoco,A stop sign is viewed from a low angle.,70815,
325623,mscoco,two people standing near a pole outside of a building,47276,
566436,mscoco,A person sitting on a bench in a park.,12120,
512545,mscoco,A flock of sheep in a mown field under telegraph wires,71781,
163782,mscoco,Four kids playing in the leaves on a fall day.,24147,
542625,mscoco,A bird sits on a parking meter with several parked cars in the street.,7495,
386592,mscoco,A city bus is slowly making its way down a very crowded street.,43688,
48795,mscoco,a close up of a box wit ha sign on it on a bench,54202,
363881,mscoco,A city bus parked on a very steep hill,1526,
363344,mscoco,Four birds are walking on the sand near water.,54337,
419235,mscoco,The SWAT team approaching a school parking lot.,94705,
440706,mscoco,a close up of a small bird on a tree branch,69397,
562851,mscoco,A bird is walking toward the camera beside a fence post.,62822,
567801,mscoco,The walk light is lit on this street.,28196,
332777,mscoco,a giraffe walking on a street with trees,49119,
252468,mscoco,Boy sitting on a bench with an angry birds toy reading a book.,76539,
125643,mscoco,A blue and yellow fire hydrant next to a yellow cone.,75465,
505040,mscoco,a train on a train track near hills,32577,
536486,mscoco,A large herd of sheep stands on the edge of a field.,73925,
337987,mscoco,Colorful bird sitting on a branch of a tree.,17747,
434316,mscoco,Night scene of an on ramp with traffic light and assorted street lights.,47436,
14392,mscoco,A man in blue hat pointing towards a street.,30649,
344909,mscoco,A red and gold painted fire hydrant on the street,95859,
483722,mscoco,A silver and black train passing under a bridge.,53122,
217614,mscoco,A giraffe is walking in some tall grass,11545,
577924,mscoco,A group of people at a train station with a passing train.,40396,
289630,mscoco,a close up of graffiti written on a train,78320,
83736,mscoco,A man with umbrella is exiting a triple-decker bus.,14676,
156858,mscoco,A black bird landing on the leaves in the water,69327,
256003,mscoco,"A toy train track is set up with two trains, houses, and a tractor.",94873,
35105,mscoco,Red fire hydrant on grass in front of a black street.,99247,
439969,mscoco,A rusted pink fire hydrant in the grass,66216,
192062,mscoco,A street sign surrounded by orange and red leaves,27317,
42070,mscoco,A very big city bus on a big street.,75478,
393982,mscoco,A no parking sign posed on the side of a street.,21821,
8445,mscoco,A group of people are sitting on a bench,58162,
540697,mscoco,A large white airplane with blue tail parked.,23434,
473260,mscoco,A myriad of stop signs that are black and white and red and white stand clustered together.,36762,
345434,mscoco,A cat and some people on a grass field.,75843,
253342,mscoco,A large long train on a steel track.,20736,
98416,mscoco,Sheep in field by barn with fence and car.,33035,
477305,mscoco,some people are running on a road and a green and white sign,33686,
120478,mscoco,Street sign on overhanging post displayed above roadway.,33494,
372203,mscoco,A wooden bench and a fire hydrant on a field.,2315,
387855,mscoco,Two trains near railway stops on the tracks.,91380,
474110,mscoco,a man standing on the side walk while holding a sign,65349,
490153,mscoco,Intersection and lights for Queen St and Bay St.,56803,
497158,mscoco,Street with light traffic at intersection in large city.,77494,
537652,mscoco,A bird that is standing on a concrete ledge over the water.,11462,
382214,mscoco,A white and black bird perched on a wooden fence rail.,42798,
564418,mscoco,A cake made to look like a colorful train,2720,
313359,mscoco,A couple riding on the back of a horse drawn carriage.,42711,
191126,mscoco,A blue bird is sitting on a wooden post.,58790,
452321,mscoco,A large bus on the side of the road.,61730,
509116,mscoco,A herd of sheep walking across a snow covered field.,20785,
440842,mscoco,Two giraffe standing next to each other on a field.,63313,
208494,mscoco,A man gets a French kiss from a giraffe,88533,
107939,mscoco,A stop and street sign on the side of the street.,79161,
190323,mscoco,A very tall building with a plaque hanging off of it's side.,76982,
271240,mscoco,A stop sign and street sign encased in snow and ice.,68051,
128372,mscoco,People loading onto a orange and silver metro bus.,26141,
205676,mscoco,A group of people walking on a street by some cars.,35676,
333294,mscoco,A small bird standing on a dock on the water.,85754,
419680,mscoco,A street sign is posted near the two story building.,79539,
63521,mscoco,Twin baby girls wearing hats eat ice cream.,54406,
123053,mscoco,Red and white fire hydrant sitting on the side of a city street.,26160,
435703,mscoco,A grey discolored fire hydrants stands on the street.,48896,
32648,mscoco,A green shuttle bus taking a turn on a mountain road.,75269,
564317,mscoco,A street sign for Jack Kerouac (Adler) Road,95404,
532142,mscoco,A trolley for Adventure World on its track,57838,
46962,mscoco,Several sheep are standing beside a road while one walks on it.,51216,
168096,mscoco,some cars on a wet street buildings and traffic lights,60782,
486046,mscoco,a giraffe staring right into the camera,6898,
46405,mscoco,A row of several purple buses at a bus station,8008,
414133,mscoco,A sign on small post in grass corner of residential parking lot.,12688,
398045,mscoco,people at costume party dressed up in costumes,61270,
30967,mscoco,two giraffes are walking around in their pen,52123,
78696,mscoco,A bus drives down the middle of a street.,93348,
416968,mscoco,a red and white sign and a tree water and a building,45042,
372471,mscoco,"A left turn signal, stoplight and street sign are hanging on a pole.",8679,
214468,mscoco,Train conductor standing on a moving train next to some trees.,59685,
370929,mscoco,a silver and black train on its track and a red light,14360,
163314,mscoco,People are walking in front of some shops.,22970,
161758,mscoco,A train turning a corner around a hill outside of an ocean.,70024,
222330,mscoco,"Two signs in front of a red brick building that say ""Tow Away No Stopping from 4pm to 6pm"" and ""No Parking from 2am to 6am"".",6491,
571834,mscoco,A sign hanging from the side of a sushi restaurant.,1196,
166896,mscoco,A small green train traveling down train tracks.,9134,
75426,mscoco,A sign letting tourist know where to file elephant complaints.,31907,
15567,mscoco,The cat is standing by the rocking chair in the living room.,71853,
434850,mscoco,A traffic light next to another set of traffic lights.,87618,
279874,mscoco,A tolley car on a brick street in an urban area.,53400,
571821,mscoco,A red double decker bus parked next to a group of women.,44446,
315209,mscoco,A sign advertising a cosmetology school on the side of a road.,23195,
578093,mscoco,a white yellow and blue train at an empty train station,58308,
272926,mscoco,A couple of giraffe standing next to each other.,76214,
430254,mscoco,A heard of sheep together in a wheat field.,42802,
580029,mscoco,A traffic light hanging off of a metal pole.,98138,
68036,mscoco,A couple of trains traveling down train tracks.,41840,
356456,mscoco,a cargo and train on the train tracks,78732,
271248,mscoco,A long bus being loaded onto a large tow truck.,4021,
363654,mscoco,A fire hydrant buried in a pile of snow next to a run down building.,86527,
369442,mscoco,A group of people standing around a herd of animals in a city.,11331,
263477,mscoco,A couple of giraffe standing next to each other on a field.,29767,
331386,mscoco,A double sized transit bus followed by a double deck bus.,66943,
81390,mscoco,A couple of giraffe standing next to each other.,43066,
221155,mscoco,a couple of animals walking around a farm,63840,
263011,mscoco,a group of people getting off a parked bus,25021,
264044,mscoco,A couple of red umbrellas sitting outside of a small brick building.,33136,
337226,mscoco,A green and black train sitting on top of snow.,50582,
411082,mscoco,A wooden bench sitting up against a wall.,63362,
172021,mscoco,A yellow train parked at a train station next to a platform.,68755,
434247,mscoco,A group of people riding horses on top of a sandy beach.,8195,
574063,mscoco,A man standing in front of a mirror with a light around them.,59218,
282940,mscoco,A white bus parked next to a lush green park.,74088,
464390,mscoco,An oxen looking at a giraffe near some trees.,97221,
343643,mscoco,A double decker bus parked next to a crowded sidewalk.,45367,
160233,mscoco,A couple of double deck tour buses parked at a street side.,41314,
298699,mscoco,A coliseum near a large set of buildings at a traffic light.,366,
356181,mscoco,A fire hydrant covered up halfway with snow.,43983,
315072,mscoco,cars riding down a lit street with a bright light post,22718,
245051,mscoco,A street sign sitting along side of train tracks.,59656,
393075,mscoco,a man and a woman sitting on a bench in front of a building,12875,
428858,mscoco,a very tall giraffe standing in the wilderness,5249,
306477,mscoco,A street sign leaned over with the words High Gate Avenue on it.,50149,
574619,mscoco,A woman feeding a giraffe from her hand in a zoo.,80367,
444236,mscoco,A double deck tour bus riding through a street.,62993,
382584,mscoco,A transit bus making a turn into a garage of some sort.,66811,
315621,mscoco,A motorcycle is parked next to a building.,84282,
174902,mscoco,A street sign covered in stickers under a breezeway.,61287,
337042,mscoco,An asian city is all lit up in the dark.,16893,
28885,mscoco,People stroller through the walkway near a giraffe.,20310,
381925,mscoco,A woman sits on a bench with her hand up.,2544,
516775,mscoco,A street sign that has various different directions.,38151,
304240,mscoco,A red traffic light at a street side.,33071,
498857,mscoco,A giraffe eats leaves through a wire fence.,53551,
268838,mscoco,Several sheep are in a grassy field with trees.,16341,
485687,mscoco,a white and black sea bird standing in very shallow water,70419,
295150,mscoco,The large bird has a red face and black feathers.,81990,
566103,mscoco,A sign calls out public parking beneath a street marker.,72128,
136008,mscoco,"Park with grass, chair and bird on sidewalk.",95426,
260686,mscoco,There is a television that is on and signs nearby.,41264,
173908,mscoco,Woman interacting with giraffe at fence in zoo.,71892,
95843,mscoco,A double decker bus is shown that is not in service.,46160,
64425,mscoco,Traffic signals and sign on pole at roadway intersection.,23144,
176180,mscoco,Someone is holding a bird up to a book.,65501,
51181,mscoco,Adult lying obscurely on park bench in wide open area.,26267,
441445,mscoco,A giraffe running across a desert plain at a high speed.,63827,
399957,mscoco,The baby lamb is standing on green grass.,586,
411188,mscoco,a gray bird about to perch on a branch,97035,
415536,mscoco,A bus is driving on a wet road with many green trees on the roadside.,93459,
108953,mscoco,a woman is out in a field with sheep,97835,
491508,mscoco,A bench next to a tree in a park.,64839,
357948,mscoco,"Two street signs read ""Dead End"" and ""College"".",33943,
500826,mscoco,A pole with three road signs stands in front of a building.,11196,
13127,mscoco,An locomotive blowing out a cloud of steam.,34766,
571925,mscoco,a large giraffe is outside eating from a tree,49731,
472484,mscoco,A train stopped at the station to pick up passengers.,71371,
288336,mscoco,Many potted plants sit on the side of a road with a no parking sign.,18579,
274678,mscoco,A lone giraffe standing in the tall bushes.,98352,
91300,mscoco,A giraffe standing outside of two white doors.,60654,
260307,mscoco,Some street signs near a big bridge overpass.,51635,
495053,mscoco,A sign post at a corner in front of a building.,38894,
131295,mscoco,An aerial view of a train on train tracks.,1847,
269922,mscoco,Sign on the side of the road welcoming people to Arizona and another sign warning of road work ahead.,59047,
176278,mscoco,"Signs, cones and lights on a street ahead of construction equipment on a street.",36111,
320901,mscoco,A person with a safety vest in front of a bus.,34010,
367205,mscoco,A bus on a divided street near a stop light.,18467,
498392,mscoco,A man hanging his face out of a train window.,72369,
577949,mscoco,a street pole with some signs sitting on them,71820,
107244,mscoco,a street sign on a road near a building,63584,
151857,mscoco,a black and white photo of a train,93870,
440045,mscoco,three children sitting on a bench near one another,57496,
322824,mscoco,A one way sign that is on a pole.,81647,
80104,mscoco,a train on a train track at a train station,20398,
79331,mscoco,a wooden post holds up a sign off of a road,19280,
231828,mscoco,A close up view of a giraffe's face.,17935,
111988,mscoco,A park bench on a beach of white sand looking out to the ocean.,58034,
122589,mscoco,A sign is shown at the edge of a street.,41719,
401003,mscoco,A airplane that is flying in the sky.,20279,
208671,mscoco,Two giraffes that are standing in the grass.,37213,
388395,mscoco,A row of buses sitting next to each other in front of a tall building.,65058,
409009,mscoco,High speed train stopped at the train station.,25925,
186637,mscoco,a giraffe eating food from a food dispenser,63910,
311075,mscoco,A sheep stands out in an open field of grass.,5142,
98674,mscoco,A bird is standing on the small branch outside.,84640,
225225,mscoco,A couple of trains are traveling side by side.,57811,
83958,mscoco,A giraffe is sitting down in the wild.,77924,
346716,mscoco,Double decker buses driving down the main road.,41738,
489482,mscoco,A woman walks across the street as a car waits at the traffic signal.,16195,
9286,mscoco,A few school buses are parked near other vehicles.,36294,
69911,mscoco,A pair of sneakers hang in the background at this street corner.,42211,
226154,mscoco,A green and white bus on street next to dirt area.,29604,
528786,mscoco,Two people using cleaning brushes on an outdoor monument.,50406,
448964,mscoco,Multiple city buses parked in a storage area.,39633,
285968,mscoco,A cat with a tiny hat on top of its head.,17738,
66711,mscoco,A coupe of road signs near a downtown area or highway.,42972,
400975,mscoco,A clock is shown on a wood panel.,21664,
87912,mscoco,A bus getting ready to get off a bridge on the highway.,79468,
18896,mscoco,A woman in white shirt climbing onto an elephant.,8564,
420882,mscoco,The inside of a building is shown with benches.,17211,
239492,mscoco,A man sitting at a bus stop on a green bench,48188,
577866,mscoco,An old black and white picture of a bus and homes in the background.,78745,
90349,mscoco,Two cats are laying down together sleeping.,7274,
218751,mscoco,"An old, rusty fire hydrant, in front of the pole.",3648,
333412,mscoco,A fire is going near four lounge chairs.,70483,
321887,mscoco,White sheep standing in front of a colorful wall in a building.,54830,
54025,mscoco,A distant shot with people approaching the bus.,92846,
321861,mscoco,A dead bird being dangled in front of a cat,97997,
458240,mscoco,a large body of water with trees in the background,49548,
64746,mscoco,A giraffe that is standing in the grass.,99313,
147725,mscoco,a public transit bus on a city street,69052,
249720,mscoco,Woman out running errands on her bicycle in the street.,3048,
231460,mscoco,Different kinds of street signs hanging from a pole in the city.,74946,
107481,mscoco,two giraffes standing next to each other with a fence between them,74058,
416240,mscoco,a cute baby giraffe standing next to a bigger giraffe,24372,
424793,mscoco,a group of people standing around while looking a bunch of little birds,84723,
458572,mscoco,Three adult giraffe stand at a grove of trees.,45377,
409914,mscoco,A monitor showing a film on an airplane.,43927,
416125,mscoco,A stop sign and fire hydrant on the side of the road.,44729,
90804,mscoco,A double decker bus with a man posing by the door.,10972,
69536,mscoco,A turkey that is cooking in a large roaster oven on the counter.,54849,
543676,mscoco,A boy stands out the edge of a moving train.,41913,
210442,mscoco,A train speeds by a field in a black and white photo.,37939,
272131,mscoco,A train driving along the train tracks in the day.,56600,
22113,mscoco,a red white and green fire hydrant and a fence,86752,
173574,mscoco,That looks like a wall mural in the background of this photo with a lot of sheet.,11804,
12471,mscoco,That small plane looks like it is ready for takeoff.,6885,
1353,mscoco,some children are riding on a mini orange train,12613,
325874,mscoco,three giraffes some brown and green grass some bushes and trees,75234,
302318,mscoco,People are sitting on the sidewalk and relaxing by the river.,1964,
196754,mscoco,There is a stop sign outside of a bus window.,18802,
441156,mscoco,Men on a safari with an elephant and photo equipment.,55915,
363319,mscoco,A group of giraffes eating a plant from a hanging basket.,84680,
391187,mscoco,A picture of a red bus waiting for passengers.,3112,
396252,mscoco,The bluebird is just sitting quietly on the branch.,66745,
514248,mscoco,A toy horse is sitting on a sidewalk next a fire hydrant.,19684,
18058,mscoco,A blue street sign with a cartoon cop warning about drinking and driving.,43605,
340272,mscoco,Three sheep are grazing in the field next to the water.,75370,
309530,mscoco,An airplane is landing on the runway at the airport.,68890,
554958,mscoco,A black and tan cat standing in the dirty grass.,24753,
198960,mscoco,A group of sheep standing next to each other on a field.,50838,
374669,mscoco,stop sign that says no vehicles past posts in front of building,16372,
387244,mscoco,A fire hose sitting on top of a man hole cover near a yellow post.,26063,
156445,mscoco,A large passenger jet with it's landing gear down.,52599,
427646,mscoco,A train on a track traveling through a countryside.,93745,
191425,mscoco,A black and white picture of a bird flying over a ocean,51929,
468935,mscoco,A city street sign near some very big palm trees.,91882,
434618,mscoco,Some smiling happy skiers riding on a lift.,6204,
503292,mscoco,Commercial airliner over runway at airport on smoggy day.,27365,
252968,mscoco,One train riding on the multiple train tracks side by side.,3247,
62549,mscoco,A guy in funny hat holding a very big bird.,48889,
553420,mscoco,a number of street signs with a business sign in the background,73897,
493435,mscoco,An umbrella lies behind a park bench that a small television is on.,39108,
772,mscoco,there are three she eps standing together on the grass,99000,
37457,mscoco,there is a animal walking down a narrow road,81560,
475732,mscoco,A yellow cat is wearing a blue plastic baseball hat.,29844,
550349,mscoco,A bus about to stop to pick up passengers.,58027,
23019,mscoco,a few big buildings with roads next to them,74120,
463615,mscoco,some old dirty pipes laying on the ground,83035,
150893,mscoco,a blue and white passenger train coming to a stop,87357,
315976,mscoco,a red double decker bus is seen coming up the street,52617,
310622,mscoco,"Corner of Broadway, West 32nd Street, and Korea Way.",95718,
268641,mscoco,The orange fire hydrant is on a sidewalk in front of a brick building.,55768,
92604,mscoco,A building with a sign that reads One India Buildings.,83292,
568425,mscoco,Washed out stop sign with a 4-way sign underneath.,98409,
206994,mscoco,Single train parked at a train station on a clear day.,44651,
389532,mscoco,silohette of a man against  the whiteness of the sky surrounding him,32071,
304316,mscoco,A close shot of two separate trains.,49080,
82258,mscoco,Several books are stacked on a table.,86634,
536110,mscoco,A row of birds are flying against a blue sky.,69544,
206933,mscoco,"lots of sheep grazing on a hillside, with people in background",94588,
143560,mscoco,A dark street with a bicycle near a tree on the side of a building.,65156,
475904,mscoco,A swan in the water near a boat tied to a dock.,93939,
293782,mscoco,A Stop sign is at the corner of a grassy area.,89630,
11615,mscoco,a stack of traffic signs on a pole next to a street.,17835,
114855,mscoco,A street sign showing a person walking with a child and a bike sits on the sit of the road.,14504,
238602,mscoco,A cat is wearing a pink wool hat.,68301,
5037,mscoco,A passenger bus pulling up to the side of a street.,37851,
284594,mscoco,Several birds with black and yellow feathers sitting on some branches.,83916,
442667,mscoco,A large bus and a truck on a street.,74122,
156606,mscoco,A sign for a dancing club is hanging from a building.,51593,
27874,mscoco,A train passing by an empty platform.,23423,
189245,mscoco,View of a snow capped mountain above trees and a bench.,88028,
386633,mscoco,A stop sign is hanging from a metal post.,32959,
158118,mscoco,A guy is near a busy street in a foreign country.,31157,
262175,mscoco,a man is standing in the woods wearing a hat and glasses,37647,
446637,mscoco,A lot of birds on logs floating in the water.,98080,
576449,mscoco,the people are using the kiosk on the TAB van,78894,
159684,mscoco,A high speed train is seen in the station.,25971,
208044,mscoco,A man is straightening his tie in front of a mirror.,85116,
124621,mscoco,Train traveling through countryside near tall brick structure.,23235,
579859,mscoco,Large clock tower overlooking a busy street during the day.,4473,
258773,mscoco,Garden with a assortment of plants surrounding a bench with a sleeping cat,62161,
18366,mscoco,Several buses and cars driving down a busy street.,49564,
450695,mscoco,A large long train on a steel track.,74035,
417115,mscoco,A man that is standing in the street near a bus.,94765,
372819,mscoco,Four smaller dogs are running away from the women on the bench.,36755,
49259,mscoco,A man with his shirt off sitting by the shoreline sunning himself.,86689,
345139,mscoco,A man smiling while sitting at a table drinking beer.,66541,
140636,mscoco,A couple of birds standing in the water.,60451,
189782,mscoco,A wooden bench has a company advertise on it.,66118,
526132,mscoco,Several Zebra are together through the fence.,90790,
482477,mscoco,there is a bird that is sitting at the top of a branch,46957,
16689,mscoco,A large brick building is sitting behind a tree.,271,
35429,mscoco,A young boy seems to be trying to feed a giraffe.,80448,
338065,mscoco,a large air plane on a run way,35782,
160820,mscoco,A flock of sheep graze beneath trees in a green pasture filled with wildflowers.,93881,
332153,mscoco,A green train traveling through a forest with trees.,10524,
568115,mscoco,Some street lights are hanging at an intersection.,80630,
286021,mscoco,A train engine is sitting at a train station.,94971,
564934,mscoco,People at a train station boarding a train before it leaves.,69240,
128833,mscoco,A bus that is sitting by a car in the street.,49030,
531796,mscoco,Two buses that are sitting under a metal frame.,74545,
387387,mscoco,A yellow bus that is sitting in the grass.,96312,
399177,mscoco,A clock that is on the side of a tower.,95973,
436492,mscoco,there are several street signs on the same wood poles,1844,
126638,mscoco,Three giraffes are eating food from the feeder.,70410,
204871,mscoco,A red fire hydrant with a sticker of several animals on it,63628,
105552,mscoco,A Jet2 airplane parked out on the edge of the tarmac,64809,
268770,mscoco,there are many rocks on the side of this road,94164,
63973,mscoco,A couple of sheep standing in the tall grass.,45151,
563056,mscoco,A group of birds and a man in a small boat.,89197,
46912,mscoco,a train getting ready to go into a tunnel,80019,
100974,mscoco,A large green airplane in a stationary position.,34301,
575355,mscoco,A chair and a table in a small room.,47185,
476652,mscoco,A couple of giraffes that are standing in the dirt.,83222,
327834,mscoco,A black and white image of a huge heard of sheep.,6691,
138979,mscoco,A large white bus sitting in front of a tall building.,83432,
64859,mscoco,A train that is on a track next to the trees.,48901,
214109,mscoco,Both benches have a caution notice on them.,86533,
279097,mscoco,there is a city bus that has stopped to pick up passengers,24324,
437206,mscoco,A bird is standing in what seems to be an apple tree.,87304,
271148,mscoco,A giraffe that is standing in the grass.,4550,
427193,mscoco,A large range of mountains stretch across the sky.,30360,
453104,mscoco,Large giraffe sticking its neck out in an open field.,14433,
111546,mscoco,A traffic light on a street with some people.,98828,
504921,mscoco,there is a small yellow and white bird sitting on a branch,36604,
5992,mscoco,A small group of sheep standing together next to a building.,61148,
317130,mscoco,Road signs litter the side of a road.,19598,
172856,mscoco,a stop sign and two brown and white street signs,52946,
558169,mscoco,a blue bird sitting on someone's arm in a room,6295,
527501,mscoco,A sign and a pole beside a building.,64414,
315128,mscoco,there is a large concrete sign small buildings behind it,50143,
459374,mscoco,there are blue lights shining threw palm trees,30597,
119402,mscoco,A gold bus traveling on a single lane road,95638,
120068,mscoco,a red white and black plane parked inside a building,98025,
346265,mscoco,there is two picture of a giraffe in the wild,49264,
96689,mscoco,there is a very colorful bus coming up the street,50259,
234889,mscoco,"Two large trains at a modernized train station, people walking about.",9259,
179218,mscoco,"A dark green and yellow striped train that says ""Duke of Edinburgh"" on a train track while a lady takes a photo with her camera.",68179,
502715,mscoco,A bird walks along on a beach with other members of its kind.,40899,
193717,mscoco,a fire hyrdant sitting on the sidewalk next to the road,63409,
515911,mscoco,A seagull is flying over the ocean on a cloudy day.,51917,
528269,mscoco,a brown black and white bird and some plants grass and leaves,47292,
557686,mscoco,there is a small bird sitting on the ledge of a building,54206,
578595,mscoco,there is a sheep behind a fence standing in the snow,53155,
297017,mscoco,A mother duck with her ducklings in a pond.,84748,
324135,mscoco,Child with goggles and cat and baseball with wood background,18044,
149964,mscoco,A large building with a tower and clock on top.,9111,
289337,mscoco,Giraffe with large trees grazing in gray sky,7185,
320232,mscoco,"Buildings with large signs ""Park Here"" with rainy cement",67693,
59455,mscoco,People on corner with cars on street and stoplight with building,46010,
100723,mscoco,A large group of people standing in the street.,91620,
278535,mscoco,A stop sign with a truck leaving a business establishment.,14660,
3217,mscoco,A wooden bench on the ground next to some trees.,58795,
202438,mscoco,Two giraffe snuggling each other's neck on a field.,73542,
175867,mscoco,A wet rain soaked street surrounded by buildings and trees,96947,
371945,mscoco,A train that is sitting on the tracks under wires.,6634,
88517,mscoco,A light that is shining on a sign.,10759,
124297,mscoco,A street sign that is on the side of a pole.,24991,
289594,mscoco,A man in a hat leaning against a pole,54083,
196799,mscoco,A train engine parked under a passage way on some tracks.,53050,
108982,mscoco,A blue and yellow colored bird perches on a tree branch.,35351,
321705,mscoco,A herd of sheep standing on top of a lush green field grazing.,10140,
527440,mscoco,A man doing farm work on a tractor in a field.,90730,
376996,mscoco,A red small engine plane in motion on a field.,85275,
333697,mscoco,Two street signs on the corner of a stone wall.,94187,
530952,mscoco,Ducks walking through the parking lot of a Sam's Club.,4991,
475882,mscoco,"An intersection with a street sign, a person and a stop sign",90571,
258209,mscoco,there is a man wearing a suit sitting on a street bench,11012,
15802,mscoco,A stop sign is sitting in piles of snow.,55789,
269784,mscoco,A yellow scooter bike is by a fire hydrant.,73884,
124294,mscoco,Two trains passing in different directions in a train yard.,10249,
11320,mscoco,Traditional view of crowded city residences with big bridge at the end of the street.,78892,
518030,mscoco,there is a bench on cornet looking out at the water,55964,
224364,mscoco,A group of giraffe standing next to a forest with lots of trees.,38217,
447991,mscoco,A small bus driving down a street next to a sidewalk.,80079,
17031,mscoco,A very cute giraffe making a funny face.,9328,
53082,mscoco,A hand holding a piece of cinnamon roll,3728,
574256,mscoco,A bird on a branch in a tree,44309,
150244,mscoco,A chick inside of an oven covered in herbs and seasoning.,32377,
498975,mscoco,"Street signs at an intersection, silhouetted against trees and a blue sky",14839,
426165,mscoco,Two people lying on beds in a hotel room,88414,
190160,mscoco,"Three with colored birds standing on a wet surface, each bird standing on one leg.",62975,
560222,mscoco,a busy street with cars and trucks down it,7782,
329711,mscoco,A train coming on the tracks  on a sunny day,69315,
533532,mscoco,there are many bags and luggages on the floor,58096,
327388,mscoco,The train is passing by the open field.,25596,
99283,mscoco,there is a old rusted train sitting on the ground,15793,
404338,mscoco,A pole with multiple traffic signs near trees and bushes.,42564,
277146,mscoco,"An ""ANA"" blue and white airplane at an airport.",72769,
213276,mscoco,A man standing near an intersection with street lights.,26670,
434804,mscoco,Four giraffes are standing inside a pen with the gate open,76690,
36990,mscoco,there is a red and a yellow bus parked under a tree,77447,
134778,mscoco,Birds with long legs walking in the water near a beach.,95831,
549965,mscoco,a close up of a bench on a city street,25627,
474920,mscoco,A duck walking in the dry grass near a lake.,8201,
231362,mscoco,a small bird on a branch in a tree,34683,
53529,mscoco,A dog with a hat and a person in a truck.,9480,
284292,mscoco,a small bird on the ground near bushes,82881,
233491,mscoco,Water is spewing form the ground while people watch on.,61827,
381786,mscoco,Two sheep running in the snow with something covering their bodies.,80660,
517318,mscoco,A woman is feeding a giraffe in a sandy plain.,21458,
379190,mscoco,A street sign is underneath a concrete overpass.,84899,
149592,mscoco,a vintage photo of a couple of people sitting on a bench,78060,
354229,mscoco,A bus all lite up inside and out with diffrent colors .,32074,
545407,mscoco,A side view of a plane flying in the clear blue sky,47664,
513692,mscoco,One of the blues brothers characters as a statue .,23510,
303863,mscoco,A train is traveling down the rail road tracks.,12690,
450607,mscoco,A red double decker bus is driving down the street.,85229,
469877,mscoco,"A truck, largely covered in graffiti, is parked near a stop sign on a hill.",18488,
231691,mscoco,a train on a train track at a station,46728,
323751,mscoco,A train is making its way down the tracks.,73441,
487692,mscoco,A man getting off a double decker bus,48506,
316672,mscoco,a train on a train track near many trees,51373,
111096,mscoco,A passenger train is going across a bridge,94254,
338191,mscoco,Several different fire hydrants that have been painted various colors.,98867,
322831,mscoco,The train is for decoration out in the front of the building.,51008,
92795,mscoco,a cat is sitting on a wooden bench outside,14212,
132791,mscoco,A man that is standing in the dirt.,39508,
152870,mscoco,A giraffe standing on a grass covered field.,89949,
351903,mscoco,A giraffe at the zoo looks right at the camera,15433,
454561,mscoco,A train that is on the tracks next to the trees.,87989,
505440,mscoco,A couple of giraffes that are standing in the grass.,99108,
571242,mscoco,A building in the sky that has the lights on.,49315,
338948,mscoco,A boy is jumping over a hurdle on his skateboard.,67982,
122582,mscoco,A boy in blue hat riding on a carousel.,42943,
524742,mscoco,A wall covered in graffiti next to a sidewalk.,39821,
289754,mscoco,A giraffe standing in its zoo enclosure on a sunny day,82059,
358795,mscoco,This is a picture of a post with several street signs attached.,27954,
279154,mscoco,a fire hydrant in a field with trees in the background,86202,
556653,mscoco,A picture of a train yard for passenger trains.,64432,
293034,mscoco,A group of people that are standing around giraffes.,56992,
556248,mscoco,Birds walking around on a large rock by the ocean,52795,
203463,mscoco,An orange-and-black cat wearing a tiny black hat.,75771,
405213,mscoco,A skyscraper reflecting the blue sky near a street lamp,6975,
336579,mscoco,The view of a traffic light through a car windshield.,30993,
475667,mscoco,a giraffe in a field with another in the background,66650,
172498,mscoco,A full shot of a big yellow bus.,77095,
538828,mscoco,A traffic light sitting next to a tree near a sign.,61937,
155671,mscoco,A traffic light hanging over a street next to cross walks.,14226,
524450,mscoco,A large decorated bus has a couple of folks standing by it.,82689,
505538,mscoco,A couple of giraffes are standing in the wild.,9953,
82678,mscoco,A cement bench near a railing that overlooks a large body of calm water.,92229,
276707,mscoco,A street sign prohibiting vehicles in front of a store.,17074,
142585,mscoco,A couple of vehicles are side by side.,75708,
64902,mscoco,A couple of people who are standing in the street.,23389,
101022,mscoco,Two signs that are on a pole in the snow.,98541,
59009,mscoco,A train is traveling down the railroad tracks.,29233,
76026,mscoco,A giraffe that is standing up in the grass.,29963,
249404,mscoco,A road sign is next to a red traffic light.,60992,
100087,mscoco,A traffic light by a Lutz road sign.,46530,
339344,mscoco,A bus that is sitting in the street.,55352,
237324,mscoco,A taxi cab that is sitting in the street.,44099,
326627,mscoco,A building that has a rainbow above it.,70406,
459103,mscoco,People are walking around outside a huge church.,22581,
180329,mscoco,A yellow tax sitting next to a car with lots of yellow bananas.,54673,
108244,mscoco,A black cat with a hat on the ground.,59287,
87503,mscoco,a picture of a bunch of train cars colored red.,89858,
562737,mscoco,I stop sign that has another sign below it warning that traffic doesn't stop.,6845,
571531,mscoco,A bench and trees on top of a hill.,74341,
579885,mscoco,A herd of sheep grazing on grass in a field.,12305,
463084,mscoco,a bus pulling up to the bus stop in a city,50625,
47898,mscoco,a sunset over the water with birds in the air,26011,
423256,mscoco,Top of a fire hydrant covered in pink paint.,12175,
12268,mscoco,A purse is sitting on top of a cutting board.,49851,
306989,mscoco,A banana sitting on top of a sidewalk near a street.,39654,
399966,mscoco,A airplane is on display behind an enclosure with snow on the ground,98592,
327601,mscoco,A woman sitting on a unique chair beside a vase.,91628,
44520,mscoco,a stop sign and railway crossing sign on a pole,31417,
270009,mscoco,The train moves thru this part of the city.,65198,
480205,mscoco,A bird looks out across a body of water.,7773,
473050,mscoco,Cars have stopped for a red light at the top of a hill.,2847,
500468,mscoco,A large group of chickens stand together in a building.,10635,
213361,mscoco,A seagull drinks water from a pool of water.,6209,
324776,mscoco,A man rides a horse through a creek.,55270,
335929,mscoco,Two roosters standing next to a wooden fence.,63236,
373591,mscoco,A bird sitting on a branch outside above rocks.,35858,
453427,mscoco,The welcome sign in the city of Reno on the street.,63070,
558483,mscoco,THERE ARE SHEEPS THAT ARE EATING GRASS IN THE FIELD,1401,
572889,mscoco,a busy street with a lot of cars on it,80570,
262940,mscoco,An airport topped with lots of planes under a cloudy blue sky.,57916,
264335,mscoco,A bird flying through a blue sky with wide wings.,30128,
44699,mscoco,A group of animals grazing on a lush green field.,65253,
244379,mscoco,"This highway is empty this early on the morning,",83842,
201934,mscoco,A white bus parked next to a sidewalk near a fence.,11003,
374485,mscoco,A blue bus driving down a street next to trees.,82788,
242034,mscoco,A couple of double decker buses driving down a street.,11012,
181007,mscoco,A traffic light sitting on the side of a road.,90587,
284279,mscoco,A humming bird standing on top of a green feeder.,15627,
567644,mscoco,A stop sign and a one way sign are on the corner of a town block.,25761,
225093,mscoco,A train with a green and orange stripe is sitting on the tracks.,7585,
38029,mscoco,A float in a parade on a sunny day.,14329,
387216,mscoco,A train is sitting beside a railroad track.,98730,
309571,mscoco,A blue street sign attached to a pole.,51403,
172979,mscoco,A traffic sign hung upside down on a pole.,44309,
370609,mscoco,A female sheep with her two young lambs.,18111,
184324,mscoco,A group of people walking across a busy city street.,48296,
399567,mscoco,A train car sitting underneath a enclosure near a pole..,81472,
300737,mscoco,A very cute goat standing in some very tall grass.,15752,
561570,mscoco,A big city street at night with the ghost of a taxi driving through an intersection.,10873,
9041,mscoco,A very cute cat near a bunch of birds.,89154,
169389,mscoco,Lambs grazing in a green pasture near the seaside.,43121,
373521,mscoco,"A very large, older bus sitting in the grass.",69333,
483469,mscoco,A small green bridge over a quiet looking road.,28052,
78892,mscoco,A passenger train that is going over a bridge.,55480,
420466,mscoco,A giraffe out in the wild on a cloudy day,96973,
573033,mscoco,A wooden bench that is overlooking a body of water.,35838,
301926,mscoco,A fence lines the street and creates a barrier from sidewalk.,33019,
373353,mscoco,People crossing a street in front of a taxi and tour bus.,43179,
308391,mscoco,A fire department with a sign out front,95934,
176037,mscoco,A transit bus riding through a city street at night.,69668,
344513,mscoco,A bullet train is going through a tunnel.,65884,
34299,mscoco,A young couple has just gotten married.,21545,
175197,mscoco,Yellow train cars sitting on sidetrack in urban area.,7526,
218357,mscoco,A very bright light shining down on some signs at night.,67862,
529777,mscoco,A stop sign sitting right in a flowering tree,38648,
111054,mscoco,Giraffe chewing on grasses looking over wire fence in zoo enclosure.,51762,
435481,mscoco,A group of people standing at a station by a train.,72496,
26501,mscoco,A double deck tour bus riding below the Big Ben Clock Tower.,82029,
93154,mscoco,Signs along a street on a rainy day.,8971,
97767,mscoco,a yellow pipe next to a bricked pavement and a bush.,94319,
286591,mscoco,Snow covered benches near a body of water.,55459,
479556,mscoco,"A long, yellow school bus sitting in grass.",22525,
138601,mscoco,A bus on a street that only allows buses.,78197,
143,mscoco,Birds perch on a bunch of twigs in the winter.,40598,
34089,mscoco,A tree has a no parking sign taped to its trunk.,86266,
222548,mscoco,A black and white picture of vehicles and people in the street.,87454,
316359,mscoco,a giraffe standing on grass crooks its neck,25944,
562632,mscoco,A group of men is standing on a sidewalk with buses nearby.,23913,
177173,mscoco,a double decker red bus stopped outside of a brick building,16461,
69584,mscoco,An airplane is flying against a partly cloudy sky.,44505,
482081,mscoco,A group of giraffes is standing next to a fence.,3615,
257629,mscoco,a number of books and magazines near a laptop,76340,
52790,mscoco,A side view of a train passing through a mountain trail.,24107,
522940,mscoco,a close up of a vandalized stop sign,14056,
491470,mscoco,"A snowy, icy, empty city street and a stoplight.",5226,
273914,mscoco,A double deck tour bus riding down a street.,29859,
186556,mscoco,Two giraffes move around in an enclosure next to some trees.,94647,
243896,mscoco,A skier standing behind a difficulty level sign on the slope,44959,
379800,mscoco,An orange train engine moves down the track with one train car behind it.,19013,
495014,mscoco,There is a sign with both French and English on it.,40131,
153832,mscoco,A small train ride with little tracks through the grass,85657,
149588,mscoco,A train engine carrying carts down a track.,8980,
196484,mscoco,A single giraffe feeding on some thin tree branches.,93114,
162358,mscoco,A small green sign for a state line by the road.,94303,
486905,mscoco,A fire hydrant that is painted white and red,3944,
331024,mscoco,a blurry photo of a yellow fire hydrant,64295,
375405,mscoco,Two white doves huddle close together while sitting on a branch.,97725,
25181,mscoco,A train station with an awning is depicted with a train on the right platform.,92658,
362123,mscoco,A wet street with a stop sign on the corner.,46985,
545867,mscoco,Several lambs and sheep standing on hay and eating it.,14312,
534377,mscoco,An empty park bench sitting in front of trees.,78894,
499768,mscoco,a fire hydrant on a city side walk with bushes,32666,
52952,mscoco,A bus heading to Mission Ferry Plaza waiting for passengers.,22543,
211069,mscoco,Two giraffe moving very quickly in the woods.,82550,
215287,mscoco,A red bus stopped at a bus stop near a building.,76225,
26879,mscoco,a close up of a street sign on a street corner,33868,
301937,mscoco,A woman rides a horse in the middle of a street.,48487,
47395,mscoco,A white bus route sign hanging from the side of a black pole.,12410,
68838,mscoco,A blue road sign with arrows and the words Atlas Rd Pretoria.,61754,
456496,mscoco,A woman sitting in front of the Eiffel tower near pigeons.,500,
156195,mscoco,Sheep graze in a large field with trees behind them.,45278,
240119,mscoco,an red and white fire truck and a red truck and buildings,10165,
31601,mscoco,I am unable to see the image above.,98098,
567118,mscoco,A street with barely any traffic line with street lights.,54608,
308599,mscoco,Red wooden door with a stop sign requiring ID,9374,
527379,mscoco,A green stop light that is hanging above the street.,18714,
390083,mscoco,A sidewalk sitting along side of a building at night.,4053,
214930,mscoco,A model train set sitting in front of a brick wall.,94976,
67419,mscoco,A bird perched on top of a tree branch.,30576,
64409,mscoco,A pile of bananas sitting on top of a white table.,60391,
267164,mscoco,There is a red fire hydrant partially covered in ash.,61526,
567013,mscoco,a bus on a city street next to a traffic light,76318,
330408,mscoco,A bus at a traffic intersection in a city.,28,
271917,mscoco,A bus approaching an intersection at a green light.,31003,
497096,mscoco,A small red airplane on the runway at the airport.,69578,
389453,mscoco,A young woman poses by a giraffe statue which appears to give her a kiss.,39108,
490741,mscoco,Seven giraffe are standing around a bush in a field.,47740,
14226,mscoco,A man sitting on a train at a table using a laptop.,38029,
149371,mscoco,A picture of a fire hydrant that is cut in half.,13649,
109046,mscoco,AN orange version of the Eiffel tower in the middle of a city.,37838,
311746,mscoco,A field filled with purple flowers and green plants.,74667,
120831,mscoco,A bench sitting in a grassy area.,19563,
504256,mscoco,A rams head is on a multi-colored shelf.,90320,
98431,mscoco,a green and white bus pulling up to a bus stop in a city,17072,
1948,mscoco,A man holding a turkey that he murdered.,30427,
47596,mscoco,A line of people is getting on to a bus.,50763,
450786,mscoco,A sign hanging from the side of a building advertising a store.,41449,
182179,mscoco,A wooden bench sitting on top of a grass hillside near the ocean.,7738,
130599,mscoco,A man punching an innocent giraffe in the side of it's head.,64241,
63480,mscoco,A gray and black bird sitting next to the ocean.,23895,
125645,mscoco,A group of buses sitting in a rural area.,43033,
570539,mscoco,An older man is sitting on the bus above a movie advertisement.,23623,
470536,mscoco,A young girl sitting on a park bench.,99741,
450479,mscoco,Two blue buses are seen parked next to each other.,12768,
105537,mscoco,A street sign with direction lights covered in black,49305,
192479,mscoco,A ram sitting on top of a hill in the day.,78632,
460962,mscoco,a sign showing stop on the street besides buildings,7364,
286327,mscoco,A man herding sheep into an open pen.,61644,
97249,mscoco,The red tow truck is pulling a yellow double decker bus.,75526,
375363,mscoco,A pedestrian crossing sign sitting underneath a street sign.,71236,
524621,mscoco,A couple of giraffe standing next to each other in a  forest.,96992,
403294,mscoco,A white bus sitting on the side of a street.,64176,
106487,mscoco,A person standing next to a  wooden bench near street lights.,12476,
498274,mscoco,Large sized public transit bus with two levels.,63636,
15085,mscoco,A giraffe drinking water from a  river on a beach.,68121,
466652,mscoco,A white bus parked on the side of a road.,32882,
567315,mscoco,A train traveling through a lush green rural countryside.,50239,
94663,mscoco,A power line with lots of different components.,38590,
139740,mscoco,A train engine at a station with vehicles beside it.,50981,
568191,mscoco,A bird flies over a large body of water.,48435,
143217,mscoco,A yellow and blue train traveling along tracks.,3650,
575610,mscoco,A crowd of people walking across a cross walk.,10383,
40894,mscoco,a tour boat resting in  the water next to a dock and underneath a bridge,31916,
482485,mscoco,a fire hydrant sitting next to a sidewalk with trees and an apartment building in the  background,79746,
302089,mscoco,A red fire hydrant next to a h sign,49217,
35438,mscoco,A black and white dog sitting on a park bench,10750,
191758,mscoco,A woman petting a giraffe that's leaning over a rail.,82841,
456420,mscoco,on the street showing a sign on the road,48362,
266099,mscoco,A large commercial airplane parked on the runway,74559,
293909,mscoco,A couple of buses driving down a city street.,14025,
174544,mscoco,a train approaching a station with people waiting to board,94807,
402926,mscoco,A giraffe running across a large dirt field.,60043,
100274,mscoco,A long train traveling through a train yard.,19611,
186009,mscoco,A brown sheep standing on top of a lush green field.,1646,
176629,mscoco,A giraffe standing on a dirt road next to plants.,97210,
57244,mscoco,A rusted out train engine sitting next to a green forest.,4649,
273198,mscoco,A man opening a fire hydrant spewing out rusty water into a street.,47703,
214698,mscoco,A red stop sign leaning over on it's side.,42515,
333730,mscoco,A tourist looks at sheep grazing in a yard,77007,
78979,mscoco,That aircraft is for display not for riding.,2897,
539310,mscoco,A traffic light sitting above a street with vehicles.,35254,
142189,mscoco,A giraffe standing next to a pile or rocks.,67678,
240417,mscoco,A bird sitting on top of a green lily pad.,14798,
284160,mscoco,A red double decker bus driving down a street.,1861,
92488,mscoco,A clock hanging off the side of a  all building.,87255,
138095,mscoco,a hand feeding food to two giraffes behind a fence,30196,
406097,mscoco,A field full of lots of yellow flowers with a train passing it by.,76543,
521133,mscoco,THERE ARE TWO PUG DOGS THAT ARE SITTING ON THE BENCH,99978,
338532,mscoco,A giraffe stands in the middle of a sandy area.,31553,
101341,mscoco,A group of giraffe standing next to each other.,39186,
158084,mscoco,A child's train traveling down tracks with lots of children riding on it.,88203,
155877,mscoco,Several goats are resting at the base of a tree.,78038,
361831,mscoco,A large sign hanging on the side of a metal structure.,23422,
523974,mscoco,THERE IS A PAPER DOLL SOMEONE IS HOLDING IN THEIR HAND,56820,
124983,mscoco,A metal pole with four different street signs hanging on it's side.,32962,
125182,mscoco,A large neon sign sitting next to a green traffic sign.,27028,
88748,mscoco,A water fountain sitting in the middle of a lot of green plants.,87533,
269632,mscoco,A bright yellow transit bus is making it's way down a street in the dark.,76962,
34900,mscoco,A man has stopped in the middle of the street and his hands are full.,11610,
51167,mscoco,There is a blue and yellow transit bus stopped to pick up passengers.,7382,
388812,mscoco,A group of giraffe standing on top of a lush green field.,86033,
558927,mscoco,Two giraffes are munching on leaves in a grassy field.,8146,
178072,mscoco,A passenger train is traveling over a bridge.,74335,
578270,mscoco,A convex mirror shows the entire front of a school bus that it is connect to.,40489,
240767,mscoco,A red brick building with a street sign sitting outside of it.,34356,
375763,mscoco,A very cute flock of sheep in a grassy field.,93593,
316806,mscoco,There is a bird perched on top of a sign with a body of water in the background.,21709,
353149,mscoco,A very cute cat sitting on a park bench.,94084,
323375,mscoco,A woman petting a giraffe inside of a building.,20027,
445014,mscoco,a group of people standing next to a wooden fence and looking at a giraffe,64542,
440559,mscoco,A yellow fire hydrant sitting next to a manhole with steam pouring out of it.,99729,
224862,mscoco,A white bus sitting on top of a grass field.,28652,
461007,mscoco,A wooden bench sitting up against a lush green park.,33009,
552636,mscoco,A group of people walking down a sidewalk near a bus.,63135,
15751,mscoco,A few birds are on the roof of a house.,64165,
89861,mscoco,An indoor train platform and tracks with a passenger train pulled up next to the platform.,5529,
249670,mscoco,A bus driving down a rural country road surrounded by mountains.,52696,
500423,mscoco,"An orange, white, and gray train is sitting at the platform.",70392,
481628,mscoco,Eight swans are swimming in the calm waters.,59889,
112240,mscoco,THERE IS A BOAT IN THE WATER UNDER THE SKY,23664,
97479,mscoco,A young woman sits on a park bench wearing a hat.,45401,
141517,mscoco,THERE ARE ANIMALS THAT ARE GRASSING IN THE FIELD,23318,
508818,mscoco,"A rural intersection with a stop sign that reads, 'don't STOP believing"".",91295,
566027,mscoco,A very cute black dog by a yellow fire hydrant.,81485,
142719,mscoco,THERE IS A CAT THAT IS SITTING ON THE PORCH,89002,
154711,mscoco,THERE IS A WALL WITH FLOWERS ON IT AND A BIRD,58228,
90057,mscoco,An Amtrak passenger train is making it's way down the tracks next to some large hills.,71396,
424633,mscoco,Some very cute sheep in a big field.,61690,
76513,mscoco,The train could be going as fast as lightning,85482,
93411,mscoco,A plane parked on the tarmac with with a connection for loading attached to it.,84092,
318224,mscoco,A red fire hydrant looms in front of a tall building.,37248,
426948,mscoco,A giraffe is crossing a dirt road and walking away from the trees.,45715,
359589,mscoco,A woman sits alone reading a book on a metal bench outside.,31422,
100594,mscoco,A dark and gloomy winter day in the city,66489,
566135,mscoco,An up close picture of a giraffe and his face and long neck that is reaching over a wooden fence.,9703,
543181,mscoco,A group of people are on a safari in a vehicle and they are viewing a giraffe.,57737,
284725,mscoco,a public transit bus on a city street,4645,
514417,mscoco,many cars driving on a city street near trees,65255,
37549,mscoco,two giraffes on a dirt ground near a wooden fence,659,
31736,mscoco,"A field filled full of sheep, grazing and eating in the pasture.",37540,
409098,mscoco,a close up of a giraffe drinking water,12922,
289486,mscoco,a number of giraffes in a field near trees,64289,
250680,mscoco,A large bird standing on top of a wooden post.,5565,
315668,mscoco,a number of sheep in a field next to a truck,97598,
557907,mscoco,Two lambs that are standing in the grass.,4820,
105261,mscoco,A train sitting in the middle of a train station next to a platform.,78198,
133279,mscoco,"A car parked on the dirt, with a bunch of airplanes behind it.",542,
542248,mscoco,A giraffe standing next to a forest on top of a field.,43478,
162503,mscoco,A bird perched on top of a tree branch.,42699,
111434,mscoco,a number of plates of food on a table,47279,
197335,mscoco,A red traffic light sitting next to tall buildings.,95754,
475365,mscoco,a close up of an the front of an amtrak train,71661,
360208,mscoco,"A very beautiful woman wearing a black hat, black shirt and tie.",39706,
472030,mscoco,A lush green forest filled with lots of trees.,16404,
66510,mscoco,An old fire hydrant in the middle of the woods.,49949,
177468,mscoco,Three chairs on a sidewalk and a pigeon standing next to one of them.,3289,
572462,mscoco,A group of people standing inside of a moving tram.,96360,
241037,mscoco,A zebra next to giraffes in an enclosure,63585,
549936,mscoco,A herd of cattle standing on top of a dirt and grass field.,60463,
313888,mscoco,A red fire hydrant sitting on the side of a road.,97668,
272048,mscoco,A man sitting on top of a purple bench on a tennis court.,66003,
251206,mscoco,A group of sheep standing on a road and a road side.,18508,
485269,mscoco,A New york subway station with a sign stating track 2 and track 4.,39435,
380693,mscoco,A couple of sheep standing on top of snow covered ground.,89475,
20381,mscoco,A train traveling down tracks next to a  building.,87877,
375449,mscoco,A herd of sheep standing on top of a lush green field,74378,
509404,mscoco,A train traveling past a brick wall near a tank.,95979,
12062,mscoco,A large white sheep standing next to other sheep.,79742,
208778,mscoco,A CGI man sitting on top of a CGI hospital bed.,72160,
174363,mscoco,"A bird flying over an ocean, with a wave crashing behind it.",22502,
165455,mscoco,A green car traveling down a street next to a  bus.,81887,
464251,mscoco,A small red bird perched by a wooden flower box,28173,
391006,mscoco,A plane flying  over a fence away from the airport,18376,
260478,mscoco,An odd couple of formal woman in black dress and pearls with casual boy in a cap and untidy clothes and hair.,84218,
76648,mscoco,A stop sign that has various stickers on it.,81767,
266363,mscoco,An orange sign that has a picture of a man holding a flag.,99055,
245049,mscoco,A stop sign is next to an electronic traffic signal.,25657,
185721,mscoco,black and white stripped  poles with stop lights attached,72986,
198164,mscoco,A classic car waiting at a 3-way stop sign.,11148,
165543,mscoco,Even a giraffe looks next to a sauropod.,54706,
279388,mscoco,A giraffe is eating from a leafy tree.,46906,
295231,mscoco,A group of animals standing on top of a grass covered field.,18957,
228415,mscoco,A tall wooden pole with two street signs hanging from it.,23022,
194729,mscoco,A plaque on the side of a stone bench.,68381,
57917,mscoco,A tree sitting on top of a hillside near a bench.,26182,
461339,mscoco,Two zebras and a giraffe in a zoo enclosure.,13549,
178994,mscoco,A group of sheep sitting next to a tree.,78066,
46316,mscoco,A cat laying on top of a wooden bench.,5645,
34580,mscoco,A red and white fire hydrant that is next to parking lot.,49134,
1374,mscoco,A purple and yellow train traveling down train tracks.,1448,
376767,mscoco,A large building with a clock on it's face and a bird statue on top.,74524,
12959,mscoco,A large clock tower with a clock on it's face.,90784,
55545,mscoco,A blue and white train parked next to a loading platform.,68916,
403515,mscoco,a woman in black walking down a sidewalk by herself,24170,
411832,mscoco,a little cat stretching by some apples,50611,
368456,mscoco,A train covered in graffiti on top of train tracks.,45079,
498610,mscoco,A group of giraffe standing next to each other.,95759,
266852,mscoco,A group of flamingos standing next to each other in water.,49480,
446218,mscoco,A red fire hydrant sitting in front of a brick building.,33080,
100489,mscoco,A bird perched on top of a tree filled with leaves.,59473,
215356,mscoco,A sidewalk sitting along side of a street under a billboard.,30425,
23579,mscoco,A woman sitting on a bus while holding a brown dog.,60451,
533378,mscoco,A city street filled with lots of traffic.,88233,
533069,mscoco,A train sitting next to a loading area near a house.,9100,
408818,mscoco,A red caboose with a man hanging off the back of it.,36209,
192192,mscoco,A park with many trees and benches at night.,78831,
359278,mscoco,An airplane on a large field stand on the ground.,84393,
258291,mscoco,A white bus sitting next to lots of buildings.,5060,
407039,mscoco,A baby giraffe drinking milk from it's parent.,62761,
421673,mscoco,The intersection of spring st and 6th avenue.,18665,
66460,mscoco,"A city block with people, cars, buses and a street vendor.",81011,
296816,mscoco,A group of giraffe eating food from a tree.,90411,
240173,mscoco,A red traffic with a mirror hanging off the side of it.,33637,
437240,mscoco,A light brown bird perched on a cup someone is holding with trees in the background.,12387,
7506,mscoco,A giraffe spreads its legs in order to get its head closer to the ground.,93613,
372246,mscoco,A road sign giving directions and a Stop sign on a roadside,37704,
264375,mscoco,Several people standing together with a red stoplight behind them.,4968,
203081,mscoco,Two trains passing by each other during the day time.,74159,
56504,mscoco,A group of people that are holding onto sheep.,38300,
315792,mscoco,A big giraffe up close looking at you.,54189,
68128,mscoco,A subway terminal with passengers and luggage traveling.,26772,
576015,mscoco,A guy takes a picture of his car's rear view mirror.,75239,
120412,mscoco,A lot of traffic on the road in the city.,4463,
435751,mscoco,Benches on a beach being washed over by waves.,45314,
134343,mscoco,A black and white photo of a snow covered bench.,32891,
338531,mscoco,A bunch of antelopes are seen roaming the plains.,90114,
100166,mscoco,Three small items sit on an outside bench.,99691,
559884,mscoco,The street worker is holding a stop sign near a truck.,79427,
481911,mscoco,"Two cats, brown  and black cats on a bench",94789,
537301,mscoco,two colorful parrots sitting on some tree branches while one chews on it,28272,
336587,mscoco,a stop sign sittin on a pole that is somewhat broken,22250,
129285,mscoco,A number of trains sitting in a warehouse,36870,
67587,mscoco,Three giraffes are sitting on the ground.,63101,
110330,mscoco,a crowd of people getting on a  tour bus,83591,
531163,mscoco,A passenger bus that is making a turn.,90787,
449259,mscoco,The giraffe is eating amongst the tall trees.,36733,
270189,mscoco,the bus is blue and is stopped. Some people are standing waiting for it,74423,
322887,mscoco,An orange road construction sign near a curve in the road.,34211,
167155,mscoco,the bench is completely covered in snow so is the tree,78186,
171464,mscoco,"A parking lot with a car, three buses, and a semi.",34931,
367433,mscoco,A bird that is perched on a branch.,94814,
264737,mscoco,some little goats and sheep standing next to a larger goat,69194,
491482,mscoco,the signs on the post are warnings for vehicles.,15582,
540925,mscoco,the giraffe is standing up eating from the tree,57915,
389869,mscoco,a person walks along a beach as some bird play in the water,96200,
385139,mscoco,The black cat is wondering what isw behind the wall.,48138,
440500,mscoco,A bird sitting in a tree on a branch.,95432,
127971,mscoco,Volunteer firemen with their truck shooting out a jet of water,8047,
139512,mscoco,A man with camera taking a photo of sheep,13078,
324553,mscoco,A man with camera watching a group of giraffes,71213,
408840,mscoco,Articulated bus and taxi in light traffic crossing an intersection.,81097,
555476,mscoco,A daytime shot of the Fremont East District street in Las Vegas,34885,
276596,mscoco,Blurry photograph of a commuter train coming in to a station,52361,
34617,mscoco,"A zoo keeper on a scale holding a giraffe with a ""me gusta face""",75227,
497867,mscoco,A hybrid diesel-electric commuter bus on the street in England,90590,
459590,mscoco,"A white sign is displayed, reading ""Bart Ba.""",22430,
478240,mscoco,A transit bus with a motorcycle beside it riding down a street.,60103,
574725,mscoco,A giraffe trying to cross a dirt road quickly.,15821,
379760,mscoco,The traffic light is clearly visible for us to see.,26480,
3932,mscoco,A small lamb with a blue rope tied around its head.,8116,
510515,mscoco,a park bench in the midst of flowers and greenery,15931,
216006,mscoco,Road signs giving directions and a car parked next to it,14783,
433483,mscoco,Black and white picture with a stop light at tree line level.,67011,
278747,mscoco,A subway station above groundtrain with a small green building.,89354,
563040,mscoco,a police car between other parked cars one by a fire hydrant hum,94824,
502630,mscoco,A Giraffe standing in green grass with a house in the background.,49839,
66239,mscoco,The stop sign has writing on the front side of it.,66173,
531928,mscoco,A man and a woman in wedding attire feeding a giraffe.,16836,
175061,mscoco,several yellow trains with graffiti designs on them,53627,
76149,mscoco,a sanctuary sign and a tall clock tower,83307,
133611,mscoco,a big boat is going down a small river,63668,
459919,mscoco,The train is about to go under the bridge.,20367,
406189,mscoco,This zoo exhibit is home to a large group of girrafes,85869,
503467,mscoco,The white paint is chipping off of the guard rail.,37778,
246616,mscoco,The train travels near water with mountains in the background.,2584,
497094,mscoco,Two large colorful birds touch their beaks together.,29637,
78465,mscoco,a big bus driving down the road next to another bus,79593,
260266,mscoco,The traffic signal is at the intersection near a large building.,69868,
42408,mscoco,A passenger bus that is driving down the street.,55022,
553034,mscoco,A group of giraffes that are standing in the grass.,69624,
330053,mscoco,a lady observing a woman carrying two large bags and a man doing karate,49594,
208708,mscoco,A light that is above a white sign.,544,
537153,mscoco,A couple of people sitting on top of a wooden bench.,186,
92332,mscoco,A man holding and pointing to a jumbo remote control in clear package in a store aisle.,29784,
407532,mscoco,A person sitting on top of a wooden bench near a field.,7975,
230795,mscoco,A very tall building with lots of windows.,99415,
417957,mscoco,An empty brown bench standing in a field next to a wooded area.,58703,
528731,mscoco,A fire hydrant sitting on the side of the road.,41363,
393274,mscoco,A yellow and white train traveling past a train station.,50096,
73832,mscoco,a woman standing beside a fire hydrant and posing for the camera,73160,
129690,mscoco,A lady in pink sitting on a bench next to a man standing in a beige suit.,44348,
20541,mscoco,A crow approaches a cardboard pizza box on the ground and opens it,44106,
306363,mscoco,"Brown, white, and black rams eating on a hill.",8362,
5635,mscoco,A stop sign that has been written on with a black marker.,72824,
259728,mscoco,A stop sign on a pole near a road.,54997,
527961,mscoco,a purple bus standing outside the building and a woman coming out,25437,
564419,mscoco,The animals are in the cages hanging from the wire.,73874,
350068,mscoco,Blue and white passenger train sitting in a storage yard.,15121,
285114,mscoco,very many planes being offloaded at the airport,23882,
145562,mscoco,a small toys with so many people in it,19101,
406103,mscoco,a scene of old cars possibly from the nineteen fifties and an old fire hydrant,29090,
430856,mscoco,A herd of sheep standing on top of a dirt field.,28275,
451772,mscoco,A yellow bird sitting on top of a tree on a branch.,75089,
21688,mscoco,a brown brick house with so many windows,83416,
159561,mscoco,A group of books on top of a book shelf.,88,
334466,mscoco,A giraffe eating leaves off a skinny tree.,57430,
476005,mscoco,A line of multiple buses parked along a wall.,50517,
364322,mscoco,many woolly sheep standing together in the field,21057,
239843,mscoco,Two street signs on top of a stop sign.,25882,
236182,mscoco,"a sidewalk with a fence, street signs, and a lot of trees along it",82566,
447758,mscoco,"A street view of tall buildings, street lights and traffic lights.",62170,
311909,mscoco,A public transportation bus near a curb with a bicycle rack.,66495,
150875,mscoco,A large stone bench sitting next to rose bushes.,39061,
331405,mscoco,A plane sitting on top of an airport tarmac.,23761,
66320,mscoco,a person holding a camera up to the window,7155,
538690,mscoco,A couple of street signs sitting on top of a metal pole.,10051,
456046,mscoco,A train covered in graffiti sitting on top of train tracks.,67351,
230888,mscoco,A bird soaring over a lush green park.,7374,
329494,mscoco,Two giraffe standing next to a tree covered hillside.,14392,
54344,mscoco,People getting ready to board a light plane on an airstrip.,58475,
516681,mscoco,A train traveling down tracks out in a rural country area.,14217,
2894,mscoco,A train traveling down train tracks next to trees.,50682,
347099,mscoco,a sign showing birds are not allowed in the area,76558,
228746,mscoco,A cat is dressed like santa with a meme put together.,12135,
221232,mscoco,The man is holding a large bird outside.,74076,
139873,mscoco,The bird is perched on a dying flower outside.,68492,
566364,mscoco,A red and black truck with a man riding on back of it.,10045,
494679,mscoco,Two giraffe and a zebra standing in a enclosure.,38035,
189550,mscoco,A woman in sunglasses is in a picture with a giraffe.,70250,
15260,mscoco,A cake cover is made to look like a wire birdcage.,91445,
422676,mscoco,black kids lying on a bench posing on a photo,36290,
480140,mscoco,people crossing a zebra crossing and vehicles standing,71297,
50485,mscoco,A red fire hydrant in the middle of the grass.,94525,
92526,mscoco,A giraffe eating leave from a small tree.,55186,
391161,mscoco,a hydrant placed besides a road in the street,67073,
515226,mscoco,two brown dogs seated on a bench with their string,18107,
135978,mscoco,The view of a giraffe through some vegetation.,15391,
416543,mscoco,A white bus driving down a street near buildings.,39164,
378723,mscoco,Three giraffes stand in the clearing. by the edge of the grass.,9528,
222811,mscoco,An open window with a bench next to it,40641,
401018,mscoco,A woman holding an umbrella in the rain,30057,
81897,mscoco,A wooden bench sitting on a beach next to the ocean.,58839,
252292,mscoco,"A city street with cabs, people and traffic lights",62728,
513646,mscoco,"A road with traffic lights, street lights and cars",98888,
157955,mscoco,a table that has a train model on it with other cars and things,67819,
10056,mscoco,A city bus on a city street transporting people.,60735,
251211,mscoco,A train coming down the tracks by a road,81028,
241297,mscoco,A train traveling down tracks next to a lush forest.,22393,
296317,mscoco,"An African type landscape with giraffes, wildebeests and antelope.",36378,
432373,mscoco,a sign hanging up that says waterman ave,82255,
110460,mscoco,A girl putting her hands in the water spraying from a fire hydrant,18011,
27246,mscoco,A red water hydrant in the field next to a road,16267,
134870,mscoco,A group of people walking down a sidewalk past a parking meter.,55864,
41276,mscoco,A small airplane is flying against the blue sky.,7430,
154168,mscoco,A bus driving down a street past tall houses.,18566,
550372,mscoco,Some very big pretty trains at the station.,79356,
94055,mscoco,Some fancy dressed folks on some horses in a crowd.,36116,
391158,mscoco,A beautiful old steam locomotive in the railhouse,75040,
132982,mscoco,A wet view of a street with people crossing in front of buses.,84178,
186073,mscoco,A giraffe bust hanging by a Rain Forest Cafe Sign.,60820,
29160,mscoco,A white bird walking through a shallow area of water.,36459,
261906,mscoco,A bird standing with its huge wings open near a fence.,21904,
147195,mscoco,A picture of a busy downtown intersection with a tuning bus.,3700,
570594,mscoco,A man walking with two elephants out side.,39531,
460229,mscoco,A red traffic stop sign with a blank white sign below it.,29351,
490413,mscoco,The airplane has landed behind a fence with barbed wire,87841,
415964,mscoco,A large red stop sign on a metal pole.,7511,
98808,mscoco,Three giraffes grazing in a forested area.,60788,
65981,mscoco,A large train is coming down the track between a beautiful mountain.,48828,
68291,mscoco,A herd of sheep standing below very tall buildings.,89239,
565331,mscoco,A train going down the train tracks in a building.,78161,
90626,mscoco,ranodm bus pulled over on the side of the road,27940,
508165,mscoco,A yellow bus driving down a road under a tall structure.,76238,
97800,mscoco,A beautiful woman playing with a small green bird.,48734,
245162,mscoco,A road with cars and buses near a building.,25850,
357552,mscoco,the green double decker  bus is parked and ready to go.,50102,
158250,mscoco,A bird walks on sand during the day,57670,
334371,mscoco,A tall building with four double decker buses driving along a parking lot.,49347,
387515,mscoco,The blue and white bus is travelling down the street.,4321,
224111,mscoco,A group of cars on a city a street.,55819,
72238,mscoco,A man that has a happy new  year hat on.,94830,
226634,mscoco,A beautiful sunset occurs next to a stadium.,31575,
494620,mscoco,A man that is sitting on a horse.,95081,
326995,mscoco,A couple of ducks standing on the side of a road.,81899,
110721,mscoco,a large plane is docked at the airport and connected,32291,
22488,mscoco,A bird perched on top of a leafless tree under a blue sky.,34474,
402519,mscoco,A small yellow bird on a small branch.,17027,
302298,mscoco,A large and small giraffe standing in a grassy field.,62552,
551350,mscoco,The picnic table under the tree is empty of people.,71052,
499537,mscoco,A traffic sign sitting on the side of a road.,76868,
215781,mscoco,A bird sitting on a branch of plants.,30071,
19042,mscoco,A large bird that is standing on some rocks by a river.,30566,
221190,mscoco,A large building that has a train passing by it.,68337,
392534,mscoco,A number of signs pointing to different businesses.,86415,
147338,mscoco,A yellow fire hydrant with a cartoon face drawn on it.,42515,
218388,mscoco,A large red sign on a metal pole.,89504,
45467,mscoco,A bunch of lambs standing around in a field behind a fence.,17842,
17260,mscoco,A large group of birds in the water.,45910,
316423,mscoco,A large white bird in the open water.,11468,
368117,mscoco,A couple of traffic lights sitting under a cloudy sky.,50668,
1063,mscoco,A giraffe walking across a lush green field.,45620,
91488,mscoco,a group of sheep are all outside in the soil together,2501,
276731,mscoco,A street sign hanging from the side of a metal pole.,95600,
66135,mscoco,An old yellow train is waiting at the station.,14915,
278375,mscoco,a  yellow fire hydrant on the corner of a street,74328,
268496,mscoco,An old fashioned street sign in a town on the corner.,42925,
302222,mscoco,People sit under umbrellas on benches with a statue on a brick sidewalk.,36500,
280733,mscoco,A small bus driving past a very tall pole.,21544,
427113,mscoco,A couple of older men sitting on top of a bench.,75548,
19447,mscoco,Three giraffes in an enclosure are in different poses.,62751,
501824,mscoco,A passenger train that is stopped at the station for loading of passengers.,71848,
367900,mscoco,A blue and yellow train sitting in a train station.,30888,
152731,mscoco,five sheep standing on a wide open field,2796,
393282,mscoco,Two giraffes standing around in the middle of a field.,19472,
56562,mscoco,A bird is perched on a boat which is anchored in the water.,68968,
341929,mscoco,A group of withering flowers by a road side.,69966,
22589,mscoco,A couple of sheep standing next to each other on a field.,94958,
429839,mscoco,A bird perched on a metal bar next to the sea,37103,
507330,mscoco,A double decker bus parked on the street.,81523,
410951,mscoco,two trains parked on the tracks next to some platforms,39077,
281820,mscoco,two boxes covered with random photos of women,63661,
46144,mscoco,An worn out rainbow colored park bench seat,7373,
274606,mscoco,A red and black train traveling through a grass covered countryside.,20766,
171601,mscoco,a large herd of sheep walking down a dirt road.,47065,
466988,mscoco,A black cat laying on top of the arm of a red chair.,71646,
64359,mscoco,Three zebra and four giraffe inside a fenced area.,4048,
216051,mscoco,A young woman sitting on a wooden bench with a dog.,56752,
379086,mscoco,Vehicle traffic in an uban area during winter.,38099,
129547,mscoco,A red fire hydrant on a city street sidewalk.,44237,
129571,mscoco,Four girls pose in front of a bus advertising The 1 Second Film.,63870,
442149,mscoco,Two sheep grazing the field in a mountainous area.,16519,
451172,mscoco,two pay telescopes are on a deck looking out to the ocean.,49468,
212346,mscoco,The passenger bus is stopping alongside of the street.,81233,
136400,mscoco,The Stop sign has been hit and is leaning to the side.,48416,
188918,mscoco,A train coming up to a railroad crossing.,22607,
315696,mscoco,A man is on the corner on a city street.,50376,
83477,mscoco,A worn out street sign is at an intersection.,39833,
235644,mscoco,Emergency paramedic medical workers caring for an infant on a train station walkway.,95750,
132336,mscoco,A bus with no roof has lots of seats in back.,31296,
287033,mscoco,this is a cat on a chair with a hat,406,
256403,mscoco,a old bench and a small chair sitting beside it,43039,
446909,mscoco,a man sitting on a green bench in a park,68868,
332901,mscoco,a few animals that are in side a fence,16828,
353180,mscoco,A group of people that are behind a bus.,89007,
306303,mscoco,A city traffic light is red with a large billow of smoke in the background.,93794,
334542,mscoco,A flock of sheep grazing in an open field.,16915,
226629,mscoco,A street sign on the side of of a wooded area.,65250,
459303,mscoco,This is a train on  the track with people ready to board,36517,
153299,mscoco,two giraffes are standing together outside a barn,513,
275210,mscoco,A giraffe in a dry savannah with dry shrubs,73334,
294423,mscoco,Two giraffes are in a background of tall trees.,73986,
56413,mscoco,A neon green walking sign has an arrow under it.,11497,
403864,mscoco,A black and white train is in an underpass.,44308,
482799,mscoco,A train that is sitting on tracks above water.,2777,
568863,mscoco,A sign indicating Florida Avenue and another one stating the speed limit is 35.,98986,
321424,mscoco,A small aircraft parked on a grass field,59926,
296825,mscoco,"A yellow and red van that reads "" Foot Stinks "" on it's right passenger door.",1377,
227134,mscoco,"A red stop sign hanging from a pole with "" Never "" and "" Loving "" painted on it.",8775,
519338,mscoco,A blue rusted train engine sitting on top of rail tracks.,19654,
4093,mscoco,"Lot of the building, behind the fence, full of garbage",43818,
538255,mscoco,A yellow school bus driving past a traffic light.,71868,
200541,mscoco,A flock of sheep grazing in a field of grass.,58454,
459320,mscoco,A couple of little girls standing in front of a metal fence.,68317,
478406,mscoco,A tall giraffe standing next to a bunch of trees.,21726,
49060,mscoco,A train sitting next to a loading platform with people standing on it.,7249,
208648,mscoco,A white and yellow train traveling through a rural country side.,78529,
52527,mscoco,A large mirror reflecting a bus driving down a street.,85561,
239148,mscoco,A herd of goats walking along a dirt road.,44583,
395575,mscoco,THERE IS A BENCH IN FRONT OF TE LAKE,70166,
139468,mscoco,There are two cars on the road at this intersection.,365,
398525,mscoco,Stop sign at the intersection of Adams and Idaho streets.,3476,
75076,mscoco,A wooden park bench sitting in the middle of a forest.,99592,
5418,mscoco,A couple of giraffe standing next to a forest.,13022,
475223,mscoco,A bird standing next to a lot of tall grass.,84936,
484551,mscoco,THERE IS A PERSON THAT IS SITTING IN THE BOAT ON THE WATER,69637,
227656,mscoco,A laptop computer on a table in the passenger cabin of an airplane.,71060,
409921,mscoco,A group of three parked buses in front of a tall building.,88568,
287967,mscoco,a street a street light a traffic light and some trees,46792,
242270,mscoco,a red and yellow bus is parked some people and cars on a street,40201,
167271,mscoco,A young person playing a Nintendo ds while laying on a bed.,56849,
187495,mscoco,A fire hydrant stands on a corner of a sidewalk.,90908,
227125,mscoco,"Close up of a traffic light with three lights, the top illuminated red with a person image, the second down not illuminated, and the bottom on hanging down.",31062,
159260,mscoco,A train that is sitting on the tracks.,56281,
517967,mscoco,A picture that has a lady with a laptop.,35957,
576354,mscoco,a black and white sign some trees fence and buildings,61205,
551018,mscoco,Bus merging through traffic at a busy intersection.,13678,
404262,mscoco,A giraffe walking in a sandy enclosure,10596,
284954,mscoco,Two bicycles that are parked on either side of a fire hydrant.,42464,
64116,mscoco,a large field full of sheep out in the outdoors,4320,
339245,mscoco,a baseball player swings his bat at a baseball,41765,
530466,mscoco,A passenger train that has some graffiti on it.,54899,
91336,mscoco,A girl eating an apple and reading on a bench.,43693,
400336,mscoco,A single giraffe standing in an open field.,55034,
52155,mscoco,A couple of large giraffe in the tall grass.,72133,
188044,mscoco,Two people are standing at a subway stop as a train goes by.,48427,
442661,mscoco,a giraffe stares out of a glass window,16964,
226917,mscoco,a small girl in a pink top is laying on a couches arm,79136,
374486,mscoco,Two giraffes that are standing together in a field.,59105,
88967,mscoco,A three way sign is posted on an outdoor pole.,8105,
5820,mscoco,A park bench on the side of a lake.,51063,
399865,mscoco,A sidewalk going past many stores near a street.,78217,
115927,mscoco,The Sun Valley Market on the corner of 10th Ave and Irving.,24544,
460160,mscoco,a white bird some sand water rocks and grass,9565,
326814,mscoco,A photo of a cat in black and white. The person taking the picture is visible in the mirror.,96050,
315769,mscoco,"A double decker bus traveling down he street, past a Ferris wheel.",94990,
404229,mscoco,A stop sign with an oriental symbol above the English version.,956,
133819,mscoco,A blue bus driving down a city street.,75974,
64030,mscoco,A flock of ducks floating on top of a lake.,48716,
401040,mscoco,A baby giraffe standing next to an adult giraffe.,80175,
16903,mscoco,An orange detour sign hanging from a metal pole under a cloudy sky.,56508,
91619,mscoco,A red stop sign sitting next to a light pole.,83314,
498960,mscoco,A couple of giraffe standing next to each other.,12195,
235919,mscoco,A very tall old building sitting on the corner of a street.,31821,
457133,mscoco,A red stop sign sitting on the side of a pole.,90099,
286920,mscoco,A herd of animals walking across  a grass covered field.,70280,
371869,mscoco,A crowd of people crossing a cross walk.,48613,
131207,mscoco,A couple of birds standing on top of  a wooden bench.,29914,
310524,mscoco,a few rows of benches and a few people sitting on them,60352,
382640,mscoco,A no parking sign sitting on a sidewalk in front of a building.,78403,
185210,mscoco,A city street at night filled with lots of traffic.,3357,
257910,mscoco,An orange and white giraffe standing next to a wall.,37121,
338826,mscoco,A fire station with a flag pole in front of it.,63236,
497664,mscoco,A white and blue bus sitting on the side of tall buildings.,83297,
487299,mscoco,A city street with traffic lights flooded by water.,33715,
307074,mscoco,A traffic light hanging over a road at a cross walk.,33146,
224238,mscoco,a pic with a hydrant outside in the field,23460,
523195,mscoco,a very big bus moving on the street with no people,27545,
79846,mscoco,The orange fire hydrant is beside an old shack.,56043,
451014,mscoco,A blue and yellow fire hydrant sitting on the side of a road.,93605,
110369,mscoco,A tow truck driving past a very old stop sign.,57621,
570088,mscoco,A giraffe standing next to a wooden pole near a forest.,56094,
384848,mscoco,A giraffe standing next to a stone wall.,34677,
426175,mscoco,a man standing next to a red train near a train track,82886,
412676,mscoco,cars parked near a all black corner store,49725,
440036,mscoco,A large flock of birds flying over the ocean.,37321,
54485,mscoco,A trolley stopping at the curb to pick up two passengers.,16474,
467092,mscoco,A bus riding pass a tower with a crane attached to it.,54326,
300155,mscoco,A bird is perched on the twig of a tree.,86449,
85926,mscoco,One bear and two cubs in the grass while birds fly behind them.,34938,
51887,mscoco,A pole with a sign explaining the traffic signs.,82735,
83331,mscoco,a street light that is covered in dirt and rust,74445,
50496,mscoco,A red train traveling through a rural countryside.,61365,
72155,mscoco,A young man sitting on top of a metal and wood bench.,77718,
328504,mscoco,Pair of giraffes standing next to a wooden pole barrier fence.,83276,
505967,mscoco,An intersection on the strip in Las Vegas.,93367,
360624,mscoco,A person walking down a sidewalk at night.,12666,
531286,mscoco,A red bus in a city scene with traffic.,82356,
423723,mscoco,a big giraffe walks next to some zebras,56990,
337139,mscoco,A bird perched on top of a tree branch.,96791,
527962,mscoco,a narrow alley with signs and buildings down it,52876,
467593,mscoco,A close up of a peacock who is behind an enclosure.,41673,
483667,mscoco,a man wearing a top hat and a red tie,62616,
450774,mscoco,A blue helicopter flying upside down in the sky.,54179,
196355,mscoco,Two young boys on horses wearing pith helmets.,76840,
323847,mscoco,"A bird stands on a rock, gazing out over the water.",45215,
36077,mscoco,A person drives a bus on a busy road.,76522,
290002,mscoco,A red fire hydrant on the side of a street.,31346,
207913,mscoco,A large group of tall giraffe in a room.,22807,
25134,mscoco,People are walking in front of a line of parked buses.,34282,
278749,mscoco,a black and white photo of a person holding a sign,59218,
113001,mscoco,A bus and a tram pass each other on a city street,86280,
207491,mscoco,Bus traveling down road with headlights on past cars parked on street,8956,
539557,mscoco,"A boat, two seagulls, and a light house.",72433,
234965,mscoco,School buses parked along the curb of a city street.,24906,
350214,mscoco,There is a stop sign covered in snow.,88885,
389721,mscoco,The giraffes wander around their cage and eat from the trough on a wall.,85830,
248163,mscoco,A fire hydrant that is in the grass.,54601,
328785,mscoco,A red stop sign and a person on a street.,47397,
10211,mscoco,Three giraffes that are standing in the grass.,14257,
25990,mscoco,a child sitting on the ground with a flower,67788,
320627,mscoco,A large long train on a steel track near a barn.,51047,
44075,mscoco,A large truck on the side of a street.,2103,
25430,mscoco,"A bench overlooks a lush, green valley below.",95100,
39399,mscoco,A picnic table on a porch overlooking a body of water.,5357,
152737,mscoco,A small bird perched on some metal bar,3261,
498942,mscoco,A large blue bird standing on top of a rock.,391,
551861,mscoco,A white and blue bird is perched on a tree branch that is sitting next to a bunch of bushes.,59030,
431523,mscoco,a steam locomotive on a narrow gauge track in the snow,63831,
243867,mscoco,a bus and a car on a city street,70862,
346083,mscoco,A silver train that is sitting on a track.,64403,
418092,mscoco,A man walks across a street with a stop sign in the foreground.,76766,
580693,mscoco,Giraffes sitting in a dry grassy field during the day,95701,
574392,mscoco,A park bench sits by a tree underneath a red flowered tree.,18783,
210394,mscoco,A city passenger bus stopping to take on passengers.,93739,
453029,mscoco,a steam locomotive on a narrow gauge track,69517,
545594,mscoco,A woman with a red backpack is on a bus.,8379,
287099,mscoco,A street sign is at an intersection by tracks.,55514,
554828,mscoco,a flock of geese are walking in a parking lot,86948,
384513,mscoco,a small horse is attached to a cart on the side of a road,3046,
170960,mscoco,A stone statue of an elderly woman sits upon a wooden bench.,86332,
571944,mscoco,A bunch of goats are eating out of a box,25557,
261824,mscoco,a dog in a Santa hat on a pillow,41964,
467978,mscoco,The dog is outside barking at the sheep.,53831,
568883,mscoco,The people are eating outside of the restaurant.,35490,
24566,mscoco,A large blue bus parked by a tree.,99935,
381991,mscoco,A woman hosing down a passenger railway car.,10811,
374241,mscoco,a directory next to some snow covered benches,31625,
347768,mscoco,Cars and a bus driving down a busy road.,79896,
35012,mscoco,A fire hydrant on the street by a building.,60366,
435187,mscoco,The truck is traveling down the rural road.,42430,
252559,mscoco,People walking by a building with a unique drainpipe.,96106,
67455,mscoco,A group of giraffe walking across a dirt field.,10856,
483803,mscoco,An old train next to some empty train tracks.,3908,
56302,mscoco,A large long bus on a city street.,6522,
101280,mscoco,A water bird stands on the shore as the tide comes in.,50080,
256906,mscoco,A red bus traveling down the road while people walk by,71206,
308120,mscoco,A cake made to look like a baseball hat.,26321,
350262,mscoco,A few llamas in a fence with fog over them.,76311,
380868,mscoco,a large bus with two levels is parked outside,4997,
307332,mscoco,Two people sitting on a bench while a dog looks at them.,30917,
43486,mscoco,a traffic light on the same pole as a street light,90038,
347453,mscoco,all the vehicles in this town are red,65879,
169166,mscoco,A couple of people walking down a sidewalk with stars.,49750,
46847,mscoco,a number of birds on a beach near the water,51865,
423172,mscoco,A set of three park benches sitting next to a park.,25289,
368565,mscoco,A couple of kids with some food on a couch.,53733,
283642,mscoco,A person standing on a loading platform next to a  train.,5297,
325666,mscoco,A traffic light and a large train on a track.,92050,
312544,mscoco,A couple of small birds sitting on a metal rail.,89210,
463647,mscoco,A couple of signs and vehicles on a road.,68827,
262505,mscoco,A busy city street with many different vehicles.,58034,
456127,mscoco,a statue of a woman is on a bench,30512,
22660,mscoco,A row of wooden benches sitting under a covering.,75210,
217009,mscoco,A couple of people sleeping on top of a bench.,72870,
520812,mscoco,A mother sheep standing next to a  group of baby sheep.,71419,
299442,mscoco,a white and yellow bus and its driver,30579,
302964,mscoco,A very long red bus driving across a parking lot.,86457,
246612,mscoco,a black seated on a hydrant on the street,31288,
567383,mscoco,some fake birds are standing on top of a clock,50554,
356169,mscoco,A wet road in a rural neighborhood.,72687,
237758,mscoco,A train traveling under a bridge next to other tracks.,86020,
419201,mscoco,A herd of animals grazing on top of a grass field.,86150,
267088,mscoco,A couple of giraffe standing next to each other.,31184,
349579,mscoco,A snow covered sign sitting below a very tall building.,53662,
539975,mscoco,An orange bus parked next to a building.,22965,
208524,mscoco,A black and yellow train traveling down tracks.,2107,
12947,mscoco,A man standing on the side of a commuter train.,55286,
242566,mscoco,A silver train sitting on top of train tracks.,6052,
198943,mscoco,A red fire hydrant sitting on the side of a road.,9907,
362159,mscoco,A traffic light hanging over a street next to tall buildings.,56272,
351589,mscoco,A wooden bench sitting outside of a home.,50445,
101304,mscoco,Two birds standing side by side on a branch,2712,
242734,mscoco,A small train with writing all over it passes through an intersection.,78122,
134119,mscoco,Some very cute giraffes in a big grass field.,20703,
503980,mscoco,a person holding a clear piece of glass or plastic,655,
152388,mscoco,a number of birds flying near a nest,84687,
246876,mscoco,a person next to a girafe statue on a city street,64001,
154607,mscoco,"An old, rickety wooden  bench near the woods.",89541,
108440,mscoco,A train that is on a rail over a bridge.,18135,
470714,mscoco,a close up of a person hugging the head of a giraffe,21653,
156974,mscoco,A bunch of giraffes that are standing in the dirt.,34237,
441854,mscoco,A traffic sign with writing on it at an intersection.,81650,
267690,mscoco,An old fashioned picture of three boys dressed up.,62122,
192716,mscoco,a street sign attached to a wooden pole,56011,
267628,mscoco,A train traveling down tracks near a rural area.,82430,
339469,mscoco,A yellow fire hydrant sitting in the middle of a sidewalk.,20111,
370266,mscoco,Sheep out grazing in green grass on a farm,39989,
209685,mscoco,A bird that is sitting on a branch.,33869,
533311,mscoco,A street with a graffiti post on the corner.,49525,
28646,mscoco,a train near a platform and people walking,41478,
437738,mscoco,The signs are clearly visible for all of us to see.,15830,
176466,mscoco,The young girl is standing by the fire hydrant in curlers.,65036,
514249,mscoco,A white fire hydrant sitting next to news paper dispensers at night.,48745,
70125,mscoco,A metal pole with a bunch of street signs hanging from the side of it.,52880,
6789,mscoco,An electric  tower in front of buildings on the road.,10221,
55299,mscoco,A bird is perched on a large rock near the shore.,43016,
333504,mscoco,A tall white and red light house sitting on a green hill.,66903,
209062,mscoco,A large bird sits at the top of a tree.,98801,
579818,mscoco,A train driving over a small bridge on a green hillside.,19850,
223554,mscoco,Some very cute big birds by the water.,58504,
522015,mscoco,A blue and pink fire hydrant spewing out water onto a street.,67589,
133827,mscoco,A tall building towering over a red fire hydrant.,23364,
131444,mscoco,A man wearing a hat and a gray jacket.,33461,
271457,mscoco,A bench sitting on to of a field of tall grass near water.,40002,
194598,mscoco,A night time image of a very wide and crowded city street.,77734,
72050,mscoco,A city street at night with a green signal.,40334,
398580,mscoco,A very tall giraffe walks through the trees.,6980,
286124,mscoco,Person with arm wrapped around street sign standing on sidewalk.,10059,
27226,mscoco,We are looking a train in the distance.,31740,
196248,mscoco,A couple of long horn sheep standing next to trees.,30752,
278848,mscoco,A group of people standing outside of a bus.,75002,
56624,mscoco,A wooden bench with snow in a  forest.,15203,
111619,mscoco,A bus on driving down a street with other buses,72357,
419854,mscoco,a couple of birds are perched on some branches,67569,
359276,mscoco,a bunch of street signs on a pole outside,66411,
423484,mscoco,A man walking down a road in front of a double decker bus.,88688,
512337,mscoco,A bird perched on top of a leaf filled tree.,58158,
511654,mscoco,A man petting a giraffe whose face it over the fence,70916,
496554,mscoco,A giraffe in the wild all alone,64701,
198935,mscoco,A dog sits on grass next to a fire hydrant while a person holds a leash and a bag filled with dog poop,18058,
254001,mscoco,a bench  sitting by a wall and surrounded by purple flowers,21469,
385535,mscoco,A hard to miss street sign set between two traffic lights.,28817,
260048,mscoco,a green light over a street at an intersection,24546,
259513,mscoco,a  man shearing the wool off a sheep,94009,
277932,mscoco,A giraffe and two zebras walking in tall grass.,72261,
427782,mscoco,The orange peal is on the wooden bench,18478,
500495,mscoco,Four giraffes standing behind a short wall with trees behind them.,95665,
245174,mscoco,a person standing next to a stop sign on a tree,9453,
923,mscoco,a green train is coming down the tracks,32647,
103307,mscoco,The giraffe has it's head against the tree trunk.,38621,
337667,mscoco,a train carrying some heavy equipment resting on the tracks,20263,
27433,mscoco,The giraffe is sitting in the middle of the grass alone,98258,
225738,mscoco,A group of giraffes standing up in their natural habitat.,74521,
9497,mscoco,There is a lot of graffiti on the train cart,94248,
142000,mscoco,a couple of ssigns on a pole by a building,70127,
387223,mscoco,a bunch of sheep are standing in a snowy field,63707,
283277,mscoco,A bright street at night with several cars passing by.,88964,
78032,mscoco,Benches on a paved deck overlooking a waterway,97351,
368727,mscoco,Post with numerous traffic signs in large city setting.,82295,
489046,mscoco,A bird sitting inside of a green bush outside,95423,
186950,mscoco,A train with many cars is rolling on the tracks.,40085,
530731,mscoco,A woman kneels taking a picture of a large ram.,35037,
410446,mscoco,A group of people on a city street.,54652,
431199,mscoco,A phone that is laying next to a stocking cap.,24269,
400367,mscoco,The car lights are streaking by on the street.,53941,
306716,mscoco,A geisha girl entering a hotel bus at the airport,29377,
296404,mscoco,A couple of giraffe standing by a tree in the grass.,88768,
359303,mscoco,a couple of large planes are flying through the air,8928,
292616,mscoco,There is a group of small birds standing on the chairs.,11257,
6226,mscoco,A train riding on a track near a forest and traffic signs.,92825,
145383,mscoco,A small airplane flying over a field over crops.,94001,
416385,mscoco,Cows walking down a street near a tour bus.,27426,
148319,mscoco,A yellow school bus parked  near a tree.,25074,
47588,mscoco,a black and yellow trains engine pulling its cars,72472,
178810,mscoco,A yellow and red fire hydrant sitting next to a tree.,3614,
259571,mscoco,An orange truck driving down a street full of men in the back.,55398,
537589,mscoco,A train sitting inside of a train station near a loading platform.,64522,
373705,mscoco,"A number of young people are enjoying themselves around a fountain, not far from a fire hydrant.",57298,
210208,mscoco,A bird sitting on top of a log in a lake.,56160,
387562,mscoco,A giraffe walking across a dirt and grass field.,95168,
506568,mscoco,A post box is standing along the sidewalk.,63449,
151558,mscoco,A traffic light hanging from the side of a wooden pole.,93566,
170190,mscoco,Red car on roadway in large city area.,43801,
373375,mscoco,A giraffe that is standing near a tree.,92064,
168714,mscoco,a green bus is driving down the street,50818,
118710,mscoco,The bus is going through the traffic light.,84357,
106048,mscoco,A white bus driving past a tall building.,27145,
289659,mscoco,A giraffe  standing on top of a dirt and grass field.,46507,
304556,mscoco,a giraffe reaching up to eat some grass from a cage,96017,
80462,mscoco,some lightening is striking off in the distance,94422,
118956,mscoco,a yellow and white fire hydrant near a building,57119,
324818,mscoco,a couple of birds are standing on a branch,13059,
293474,mscoco,a yellow and black fire hydrant on the sidewalk,27577,
260595,mscoco,An ugly looking street sign sitting on the corner of a street.,75150,
407198,mscoco,One giraffe sitting on the grass and another giraffe standing up.,40715,
481550,mscoco,A green and white bus driving down a  city street.,42897,
571384,mscoco,a small group of people that are in front of a bus,26068,
58492,mscoco,A bird standing on top of a beach next to water.,71373,
358345,mscoco,A water hydrant on the side of the road .,8718,
198590,mscoco,Two trucks are parked in front of a house.,39339,
37678,mscoco,A train sitting under a display inside a building.,89641,
346067,mscoco,A yellow and black bird perched on top of a wooden branch.,91061,
40620,mscoco,A bus driving down the road near a church and traffic light.,95086,
289870,mscoco,The freight train is speeding through the crossing.,2141,
95520,mscoco,A sign siting next to a parking meter near a parked car.,13096,
379070,mscoco,A road line with blue fire hydrants next to a sign.,21825,
25809,mscoco,A yellow fire hydrant sitting on the side of a road.,82115,
256055,mscoco,A young girl holding a backpack while walking across a field.,16431,
538879,mscoco,some fog traffic lights street lights and buildings,88195,
429710,mscoco,A group of people riding on a cart traveling down a street.,22726,
255974,mscoco,A humming bird flying next to a red bird feeder.,7999,
153527,mscoco,A row of wooden benches sitting on the side of a road.,3867,
573113,mscoco,A pair of shoes hanging over a street sign.,3671,
145284,mscoco,A wooden park bench sitting in the  middle of a park.,64671,
479203,mscoco,A giraffe standing next to a horse in a field.,71671,
