case_number,source,prompt,evaluation_seed,celebrity
45000,mscoco,A women is holding an ID and holding a pair of scissors to it.,871,
45001,mscoco,A dirty bathroom contains a toilet and sink.,180,
45002,mscoco,Food is on plate and on top of a tray that is sitting on a stove.,426,
45003,mscoco,a room with a dinning table well cleaned,256,
45004,mscoco,a few crocheted items in a miniature bathroom,184,
45005,mscoco,A cat is observing someone using their kitchen appliances.,922,
45006,mscoco,a close up of two sinks on a counter and a large mirror,633,
45007,mscoco,A high end bathroom is depicted in this scene.,751,
45008,mscoco,A dark bathroom with a sink and toilet.,443,
45009,mscoco,Small bathroom with gold and red decorations inside.,469,
45010,mscoco,A man standing on a surfboard riding the waves.,394,
45011,mscoco,a bathroom with a shower and a sink,933,
45012,mscoco,this bathroom has a tile shower wall and glass doors,675,
45013,mscoco,"A bathroom with a sink,toilet,mirror,shower and checkers print floor.",188,
45014,mscoco,A shirtless man wearing a pink towel in the kitchen with a woman drinking wine.,716,
45015,mscoco,A white shower curtain with a spiral pattern hanging in the bathroom.,583,
45016,mscoco,A cat tray next to a cook top in an empty kitchen.,98,
45017,mscoco,Small kitchen with all major appliances and dark cabinets.,403,
45018,mscoco,A woman and a girl enjoying something on a laptop.,716,
45019,mscoco,"A bathroom with a sink, standup shower and toilet.",969,
45020,mscoco,A plant is setting on the counter in this bathroom.,45,
45021,mscoco,A bathroom with shower stall and tiled floor,246,
45022,mscoco,A photo shoot is set up to capture an image of the oven.,907,
45023,mscoco,People on the beach flying a large kite.,892,
45024,mscoco,An odd man in a black hat leaning against a stove,162,
45025,mscoco,A man is riding his bike pulling a dog in a cart behind him.,281,
45026,mscoco,A motorcycle with a lot of shiny chrome.,904,
45027,mscoco,A man mounting his bike in the front of a city bus.,644,
45028,mscoco,A girl lies on a bed while using her laptop.,551,
45029,mscoco,Man slicing onion on cutting board on wood counter.,299,
45030,mscoco,"A small bathroom has a sink, mirror and shower.",683,
45031,mscoco,A small child eating noodles from a bowl in a kitchen,939,
45032,mscoco,A cat laying on top of a bike near it's reflector.,69,
45033,mscoco,a room showing a sink and some towels hanged,715,
45034,mscoco,A dog is sticking his head out of a car window.,744,
45035,mscoco,a knife with a black handle a cutting board and a yellow piece of fruit,740,
45036,mscoco,A double sink lavatory with black marble counter top.,924,
45037,mscoco,A man getting ready in a bathroom mirror.,223,
45038,mscoco,A bathroom with white fixtures and tile floor,931,
45039,mscoco,Few people riding down street on bikes between parked cars,506,
45040,mscoco,A white tiled bathroom sink with mirror and light.,422,
45041,mscoco,a view into a bathroom seeing a sink and amirror on tiled floor,781,
45042,mscoco,Three people standing in a kitchen with food.,567,
45043,mscoco,A vintage kitchen is set up on display for visitors.,125,
45044,mscoco,The couple is enjoying smoking the cigarettes in the park.,378,
45045,mscoco,The bicycles are lined up in a neat row.,79,
45046,mscoco,a boy in a santa hat holding a pair of nutcrackers in a kitchen,774,
45047,mscoco,People walk and skateboard in the middle of the neighborhood roads.,108,
45048,mscoco,a bathroom with a toilet sitting next to a sink,517,
45049,mscoco,A kitchen counter with various appliances on it.,785,
45050,mscoco,this bathroom has all white tile walls and a white tub,799,
45051,mscoco,A clock hangs near a busy intersection of a city,334,
45052,mscoco,The four skateboarders are riding in single file.,420,
45053,mscoco,A kitchen with two ranges and an industrial coffee maker.,462,
45054,mscoco,A woman prepares food to cook on a table.,169,
45055,mscoco,Commercial kitchen with large sink and counters and tools,259,
45056,mscoco,A man and a lady hanging out in the kitchen.,213,
45057,mscoco,Several athletes appear to be having a disagreement.,519,
45058,mscoco,"A room with a sink, dish rack , microwave and shelves.",46,
45059,mscoco,A group of patio tables surrounded by red chairs.,474,
45060,mscoco,A bathroom with tiled floors and a tiled wall.,28,
45061,mscoco,A bus is driving through traffic and a bicycle is riding down the sidewalk.,75,
45062,mscoco,There is a woman riding a bike behind taxis,655,
45063,mscoco,"A bathroom area with sink, toilet and bathtub.",712,
45064,mscoco,A large commuter bus traveling down the road.,692,
45065,mscoco,An orange cat is lying under a car with one paw extended.,768,
45066,mscoco,a person standing near a passing train at a train station,473,
45067,mscoco,an image of a wedding couple cutting their wedding cakes,391,
45068,mscoco,Kitchen island with plates and cutting board and knives.,352,
45069,mscoco,a person in skis watches as a parachute floats through the air,764,
45070,mscoco,A chef scoops out food on to a plate.,409,
45071,mscoco,a girl in a black bikini is taking a shower,877,
45072,mscoco,A man riding a bike in front of a bus.,200,
45073,mscoco,A woman peeking over the back of a furry animal.,407,
45074,mscoco,"A bathroom area with a mirror, sink and metal rack.",39,
45075,mscoco,A man walking by various bikes labeled for sale.,11,
45076,mscoco,A woman riding on a bicycle in front of building.,257,
45077,mscoco,A corner of a room with a bunch of clutter on it.,118,
45078,mscoco,A kitchen sports a white subway tile backing with light grained cabinets.,727,
45079,mscoco,A woman cooking food on woks at an outdoor cafe,940,
45080,mscoco,Man with umbrella silhouetted by sunset while standing at pier.,140,
45081,mscoco,"A living room with a bicycle, television, and coffee table.",335,
45082,mscoco,A toilet and urinal in a public bathroom,687,
45083,mscoco,A man feeding a wild bird by hand.,767,
45084,mscoco,A large pool of water with a flower shaped ornament in the center.,476,
45085,mscoco,Several people on motor scooters waiting in a parking lot.,497,
45086,mscoco,A group of people that are on motorcycles in the street.,473,
45087,mscoco,A bath vanity with white rug and turquoise walls.,70,
45088,mscoco,A man riding a motor cycle in the rain with sandals on.,85,
45089,mscoco,a bathroom that is in the middle of a renovation,562,
45090,mscoco,a bathroom with a stove and a lot of counters,673,
45091,mscoco,Two cups holding toothbrushes with tile wall in background.,249,
45092,mscoco,A bathroom sink and shelf are littered with hygiene items.,731,
45093,mscoco,a kitchen with dirty and clean eating objects,973,
45094,mscoco,A sectional kitchen drawer full of kitchen utensils.,449,
45095,mscoco,a bathroom with an open window toilet and shower,144,
45096,mscoco,A bathroom features a circle shaped sink and mirror.,483,
45097,mscoco,A man standing in a kitchen preparing food next to a dog in a kitchen.,841,
45098,mscoco,The bicycle show has definitely seen better times.,286,
45099,mscoco,A white sink sitting under a mirror in a bathroom.,862,
45100,mscoco,A group of bike riders race down a busy street.,166,
45101,mscoco,A chrome machine with flattening mechanisms in the center.,175,
45102,mscoco,A girl flies a kite on a street while other people walk by.,859,
45103,mscoco,a person on a bicycle wearing a hat in a parking lot,19,
45104,mscoco,"An empty bathroom with a toilet, two sinks, and a broken cabinet.",622,
45105,mscoco,This is a large bathroom with a toilet and a table.,103,
45106,mscoco,there is a wall unit and a mirror on the wall of this kitchen,182,
45107,mscoco,A woman driving a car while holding a cat on her lap.,302,
45108,mscoco,A small black dog sitting inside of a car.,128,
45109,mscoco,A bathroom with the doors open to one stall and graffiti on the wall,548,
45110,mscoco,A woman and a man riding bikes down a street.,760,
45111,mscoco,Two chefs preparing meals in the restaurant kitchen.,401,
45112,mscoco,"A small kitchen with a stove top, microwave oven, and sink.",173,
45113,mscoco,A white car with lots of cat stickers on it's side.,80,
45114,mscoco,A open door displaying a bathroom with a toilet.,688,
45115,mscoco,A woman talking on a cell phone while standing in a park.,782,
45116,mscoco,Two birds sitting on top of a rear view mirror on a car,12,
45117,mscoco,A large white bathroom sink with his and her sinks.,694,
45118,mscoco,Two sinks under mirrors in a public bathroom facility.,280,
45119,mscoco,a man carting goods through a city on his bike.,158,
45120,mscoco,"A fancy looking bathroom has two sinks, a toilet, and a bathtub.",452,
45121,mscoco,A white toilet and a sink in a small room.,367,
45122,mscoco,an image of a loft with a tub and shower,183,
45123,mscoco,A man doing dishes at the kitchen sink,222,
45124,mscoco,This tricycle includes two windshields and enclosed passenger area.,732,
45125,mscoco,There is a cat curled up in this small sink.,36,
45126,mscoco,A man uses a knife to slice food for serving.,915,
45127,mscoco,A London double decker bus behind a bike,692,
45128,mscoco,A sign that says 'Stop State Police' on top of the hood of a car.,546,
45129,mscoco,The cabinet above the kitchen sink is open.,222,
45130,mscoco,A kitchen with a large wooden table and clutter on it's counter.,453,
45131,mscoco,The young woman is shaking up something in the kitchen.,714,
45132,mscoco,Many toiletries have been placed on a metal bathroom rack.,49,
45133,mscoco,A little girl doing her little sisters hair.,857,
45134,mscoco,We are looking past a kitchen up a long hall way.,651,
45135,mscoco,A group of people sitting around a table eating food.,831,
45136,mscoco,Two or three puppies trying to play with a man's foot.,536,
45137,mscoco,A person is cooking something on the stove.,657,
45138,mscoco,A bathroom that only has a toilet in it in.,679,
45139,mscoco,A wet dog looks exhausted inside a shower stall.,734,
45140,mscoco,Multiple colorful kites being flown near a mountain.,676,
45141,mscoco,A broom is sitting beside a sink in a bathroom.,919,
45142,mscoco,A small child flies a kite while the adults watch.,106,
45143,mscoco,Selfie of woman smiling next to a large cat on a pillow,400,
45144,mscoco,A boy and a cat standing next to plants,707,
45145,mscoco,A biker waits to cross the road at an intersection.,316,
45146,mscoco,A plastic cat girl rides a plastic bike,455,
45147,mscoco,a woman walking between two cars parked in the grass,54,
45148,mscoco,"This doll's bathroom has everything in it, including the toilet bowl brush.",613,
45149,mscoco,a bath room with a toilet near a trash can with a window,5,
45150,mscoco,"A bathroom area with many sinks, mirrors, and soap dispensers.",50,
45151,mscoco,"The restaurant kitchen is highly lit, displaying the colorful bowls.",791,
45152,mscoco,A man squatting near two bikes and taking a picture of something.,387,
45153,mscoco,"A view of a stone walled bathroom, with tons of towels in it.",786,
45154,mscoco,A white toilet in a restroom next to a seat protector.,207,
45155,mscoco,Two people in front of closed stores in a mall.,952,
45156,mscoco,A city bus with a bike rack at a bus stop.,256,
45157,mscoco,a bike chained up to a parking meter,384,
45158,mscoco,A Jeep towing a boat out of a body of water.,931,
45159,mscoco,"A bathroom with a vanity sink, gold mirror and a toilet.",245,
45160,mscoco,A white bathroom with white walls and tiled floors.,205,
45161,mscoco,A white boat with various bicycles at the front and other boats in background.,94,
45162,mscoco,"A kitchen area with a sink, paper towel dispenser and a refrigerator.",17,
45163,mscoco,A young boy on his ski's at a mountain resort.,432,
45164,mscoco,A urinal in a bathroom next to a standup shower.,29,
45165,mscoco,A man standing in the midst of cattle on a  dirt field.,15,
45166,mscoco,A man wearing swim trunks playing Frisbee on the beach,346,
45167,mscoco,A dog wearing clothes is standing on the sidewalk.,841,
45168,mscoco,A long bathtub portends a long relaxing soak.,197,
45169,mscoco,A child on a bicycle inside of a restaurant,697,
45170,mscoco,Young child taking a picture of a hotel bathroom.,686,
45171,mscoco,A man sleeping on top of a green bench next to a forest.,65,
45172,mscoco,A dog passed out wearing a muzzle on a sidewalk.,226,
45173,mscoco,An old bathroom has a stone wall and two sinks.,982,
45174,mscoco,A lone rider drives a ten speed bike down the street.,904,
45175,mscoco,A stop sign that is sitting on top of a pole.,99,
45176,mscoco,A man standing next to skis on a snow covered hillside in the snow.,817,
45177,mscoco,A small residential bathroom featuring oddly shaped furnishings.,856,
45178,mscoco,A man riding a brown horse over a jump.,851,
45179,mscoco,Two people riding bikes carrying their surfboards to the beach,681,
45180,mscoco,a bathroom with torn up walls and a sink,172,
45181,mscoco,A man standing in the kitchen near the sink.,742,
45182,mscoco,a small bathroom with a toilet and a tub in it,172,
45183,mscoco,People in boat with beach and ocean with cloudy sky,46,
45184,mscoco,A bathroom with a toilet close to a shower.,426,
45185,mscoco,A man in front of a table of food has a microphone.,525,
45186,mscoco,Black cat staring up as if to be fed.,111,
45187,mscoco,two chairs in a kitchen with old cabinets,836,
45188,mscoco,A dark-colored bathroom with a white toilet and sink.,335,
45189,mscoco,There are four bicycles with coolers on them parked under a tree.,331,
45190,mscoco,The view of a modern toilet and sink vanity area.,576,
45191,mscoco,A cabinet door stands open above a stove top.,642,
45192,mscoco,Small white bathroom with purple towels and bright lights.,195,
45193,mscoco,This person is preparing a  meal in the kitchen.,640,
45194,mscoco,"A picture someones kitchen, microwave and food.",213,
45195,mscoco,"Several young men sitting on the floor holding a cake, while four others stand behind them.",957,
45196,mscoco,A white cat standing under a red car.,555,
45197,mscoco,A pile of smoking hot coals sitting next to pots and pans.,405,
45198,mscoco,"a airplane flying over some trees, hill,s and people.",962,
45199,mscoco,"A man is playfully sitting on a toilet in a room being renovated,",439,
45200,mscoco,A man in shorts is caring a large blue surfboard.,124,
45201,mscoco,SOMEONE IS SKIING AND JUMPING HIGH OFF A MOUNTAIN,238,
45202,mscoco,A ordinary kitchen has no people in it.,219,
45203,mscoco,A food delivery person on a bike next to a car on a street.,109,
45204,mscoco,"a bathroom view of a sink, and toilet on a tiled floor",366,
45205,mscoco,A bathroom that appears toe be very small and cluttered.,332,
45206,mscoco,A blue toilet covered in graffiti sitting on top of a tiled floor.,178,
45207,mscoco,A man takes a picture while pointing his camera at multiple mirrors.,16,
45208,mscoco,The underside of a car that is stuck on a red fire hydrant.,412,
45209,mscoco,Some glasses that are on a shelf  together.,670,
45210,mscoco,a bathroom with a paper towel machine and a sink,324,
45211,mscoco,A man is going up an escalator holding his skateboard.,13,
45212,mscoco,Cat standing on sink edge next to running faucet.,399,
45213,mscoco,There is a toilet and a bathtub inside a bathroom.,218,
45214,mscoco,A kitchen with a refrigerator and other kitchen furniture in it,470,
45215,mscoco,A woman holding a child are looking at a cow over a fence.,226,
45216,mscoco,Multicolored chairs in a room with a yellow china cabinet against a blue wall.,68,
45217,mscoco,Three men standing behind the counter at a restaurant.,674,
45218,mscoco,A bicycle in a store window reflecting images of the cars and building across from it.,835,
45219,mscoco,A woman that is laying down on a bench.,286,
45220,mscoco,A chef standing over a grill with a pot on the stove.,666,
45221,mscoco,A kitchen counter top with a microwave oven and other utensils.,639,
45222,mscoco,A girl in the woods holding an umbrella and  a persons standing in the background.,378,
45223,mscoco,A large jug of blue Listerine on a bathroom counter,45,
45224,mscoco,A dated cabinet and vanity matches surrounding tile in a bathroom.,69,
45225,mscoco,A pair of men looking at a tablet perched on a table.,907,
45226,mscoco,A curly haired young man is reading the newspaper on the train.,224,
45227,mscoco,A man is leaving a house with two dogs and a woman is approaching the house with a dog on a leash.,421,
45228,mscoco,"A clean, mediocre motel bathroom with a nice sink.",309,
45229,mscoco,Two urinals set at different heights to accommodate adults and children.,786,
45230,mscoco,A white refrigerator freezer sitting in a  kitchen.,614,
45231,mscoco,a person sitting at a desk with a keyboard nad monitor,512,
45232,mscoco,A picture of someone topping corn bread muffins.,105,
45233,mscoco,A bathroom sink and mirror next to a tub.,730,
45234,mscoco,The inside of a bathroom with yellow marble.,550,
45235,mscoco,A hotel bathroom with an antique sink and amenities.,811,
45236,mscoco,a woman with a wrench inside of her kitchen,945,
45237,mscoco,a woman is feeding something to a man,871,
45238,mscoco,Bicycle dressed as an octopus pulling a small cart.,583,
45239,mscoco,A silver/blue car parked by itself on the street.,176,
45240,mscoco,Two men are smiling looking at a laptop computer.,258,
45241,mscoco,A child standing at a fence looking at a airplane.,983,
45242,mscoco,A small bathroom space with a toilet and towels.,98,
45243,mscoco,Narrow kitchen space with appliances and a window.,615,
45244,mscoco,a street with a bunch of bright signs on the buildings,333,
45245,mscoco,lots of people on bicycles and motor cycles,647,
45246,mscoco,A man in red jacket riding a bike in a street.,714,
45247,mscoco,The small bathroom has been decorated with grey tile.,398,
45248,mscoco,A blue bench sitting on the side of a road near a parked car.,695,
45249,mscoco,There is a man riding a bike that has an umbrella attached to it,947,
45250,mscoco,A cook mixing a meal at a restaurant.,996,
45251,mscoco,a luxury bathroom with a white chair inside,790,
45252,mscoco,A dirty double sink bathroom with a curtain.,711,
45253,mscoco,Sink with two bottles and two wine glasses sitting next to it.,137,
45254,mscoco,A man in a suit and tie viewing something in a kitchen.,341,
45255,mscoco,Two bikers riding down the beach in the middle of the beach.,180,
45256,mscoco,A blurry bicycle riders goes by a black car.,651,
45257,mscoco,One man drinking from a beer bottle and another from a flask.,780,
45258,mscoco,A chef smile while he shows off his large knife.,906,
45259,mscoco,Two females are sitting down and talking to each other.,705,
45260,mscoco,A frying pan of onions sits next to a bowl of green onions.,326,
45261,mscoco,Two figures made of boxes are displayed among oranges.,872,
45262,mscoco,A man and two women are looking at a laptop.,683,
45263,mscoco,"Bathroom with radiator, sink, lighting, shower curtain and decor items.",494,
45264,mscoco,Young girl brushing her teeth at bathroom sink.,70,
45265,mscoco,A very open concept kitchen with no-nonsense materials and a great collection of knives.,344,
45266,mscoco,a photo of a mixture of cg and real image of a kitchen,19,
45267,mscoco,a kitchen from a restaurant with people working and preparing food,624,
45268,mscoco,A man is doing a skateboard trick near the beach.,934,
45269,mscoco,Two young people in their ski gear are posing for the camera.,600,
45270,mscoco,A bathroom with a toilet and a counter top sink.,460,
45271,mscoco,Clean white bathroom with window in the shower.,392,
45272,mscoco,A wooden table filled with office supplies and cooking utensils.,524,
45273,mscoco,Two doge have their paws out in an overexposed picture.,656,
45274,mscoco,A couch and television in a small room.,760,
45275,mscoco,a bathroom with a black and white floor a sink tub and toilet,239,
45276,mscoco,A white bathroom with a large window in it,516,
45277,mscoco,"A smaller public bathroom, with a baby station, mirror, and towel dispenser.",602,
45278,mscoco,Five male cooks in white uniforms prepare a meal in a commercial kitchen,722,
45279,mscoco,A person sitting in a room with a dog.,14,
45280,mscoco,a kitchen with all kinds of appliances in it.,239,
45281,mscoco,A very large and nice kitchen with wooden cabinets.,22,
45282,mscoco,A cat looking out of the passenger window in a vehicle.,632,
45283,mscoco,A cat sleeping in the shade under a car.,778,
45284,mscoco,Construction workers and business people discuss a sign.,919,
45285,mscoco,Chopped ingredients in little bowls lined up on a kitchen counter,128,
45286,mscoco,The man helps the young boy learn to ride his bicycle.,317,
45287,mscoco,A kitchen with pots on the stove and next to it.,243,
45288,mscoco,Two men are in a kitchen area wearing blue aprons and one has a bag of blue frosting.,756,
45289,mscoco,"a tiny, cramped bathroom with a toilet and bathtub and shower",439,
45290,mscoco,A room with hard wood floors and a table in a room.,776,
45291,mscoco,A stop sign is posted on a 4-way street.,250,
45292,mscoco,A kitchen with lots of wooden cabinets and hard wood flooring.,635,
45293,mscoco,A orange cat sleeping on top of a blanket.,82,
45294,mscoco,A stop sign with graffiti is in front of a tree in a parking lot.,62,
45295,mscoco,A public bathroom with graffiti on the walls.,141,
45296,mscoco,"Looking into a house from an outside window, showing a kitchen area and lady in the house.",384,
45297,mscoco,A woman in a red tank top walks near a train track near a man in a white shirt.,511,
45298,mscoco,A bathroom someone has decorated with a wooden motif.,304,
45299,mscoco,A stove top with an oven with pants and plates of food on top.,207,
45300,mscoco,LADY STANDING AT COUNTER IN KITCHEN WITH DOG WAITING FOR A BITE,156,
45301,mscoco,A person with a knife and some food.,385,
45302,mscoco,A woman who is leaning on a kitchen counter.,210,
45303,mscoco,A man in glasses and a hat is preparing food at a counter.,658,
45304,mscoco,A woman sitting at a desk in a bedroom on her laptop.,39,
45305,mscoco,"A man sitting on a bench, unzipping a bag, with a chihuahua in a vest standing with front paws on the man's leg, by a parking lot and building with a woman walking and a person sitting in a chair under awning in the background.",244,
45306,mscoco,"A living area with counter, plant and a dining table.",946,
45307,mscoco,A small bathroom with a skylight and heated towel bars.,743,
45308,mscoco,A couple of people with many bikes on a street.,613,
45309,mscoco,Two women and a man wearing a pink shirt drink glasses filled with water.,969,
45310,mscoco,there is a woman flight attendant handing out face masks,455,
45311,mscoco,"A bathroom with a toilet, bathtub, and towel.",757,
45312,mscoco,"A small tiled bathroom with sink, toilet, and bathtub.",899,
45313,mscoco,A large pile of black plastic Jack Daniels cups sits in a sink.,337,
45314,mscoco,an image of a guy in the kitchen opening a can,138,
45315,mscoco,A rearview mirror with the reflection of various bicycles.,285,
45316,mscoco,"Glass enclosed shower with white tile walls,brown floor",326,
45317,mscoco,A white toilet seat next to a white garbage.,660,
45318,mscoco,A messy kitchen is shown with many house cleaning products,806,
45319,mscoco,A person on a skateboard on a street.,779,
45320,mscoco,there is a small bottle of hand soap on the sink,41,
45321,mscoco,A bicycle lays against a rock by the ocean,534,
45322,mscoco,Many people bike on a road next to many buildings.,811,
45323,mscoco,A few friends are riding bicycles together happily.,425,
45324,mscoco,A couple of white toilets in a small bathroom.,664,
45325,mscoco,A woman taking a swing at a tennis ball,833,
45326,mscoco,a blue bicycle chained to a silver and orange railing,296,
45327,mscoco,A man riding a skateboard through the air.,769,
45328,mscoco,Interiors of a kitchen containing several household items.,25,
45329,mscoco,This very elegant looking bathroom appears to be a living room at first glance,235,
45330,mscoco,A light shines on an oven with a pot on the burner.,868,
45331,mscoco,A woman is holding and petting a small dog.,751,
45332,mscoco,A cyclist rides down a path next to a canal flanked by homes.,340,
45333,mscoco,A man walking down a corridor on a train.,351,
45334,mscoco,A boy holding his arm around the shoulders of the girl sitting next to him.,249,
45335,mscoco,A white bathroom with a carefully gift-wrapped toilet bowl.,211,
45336,mscoco,A man and a woman are looking at a laptop.,553,
45337,mscoco,A boy and a girl on a skateboard in a skate park.,56,
45338,mscoco,A small cat laying on a car on the street.,929,
45339,mscoco,The man and woman are cooking together at the kitchen counter.,940,
45340,mscoco,Curtains hanging in a bathroom window beside a toilet.,681,
45341,mscoco,A bathroom vanity with a sink in a bathroom.,255,
45342,mscoco,It looks like they are putting something in jars together.,821,
45343,mscoco,A photograph of a bathroom inside a home.,704,
45344,mscoco,Young woman cuddles with cats in the comfort of home.,713,
45345,mscoco,a person in a kitchen tossing dough into the air,737,
45346,mscoco,a black cat sitting  on a sink in front of a mirror,228,
45347,mscoco,The bathroom door is open showing the sink and mirror.,623,
45348,mscoco,Bathroom that includes a toilet and a piano.,894,
45349,mscoco,A child is on a motorcycle with a big glove.,391,
45350,mscoco,A bathroom has a sink and shower with a frosted shower door.,534,
45351,mscoco,Businessmen poring over a presentation on a laptop computer,330,
45352,mscoco,A bundled up skier posing for a photograph near a shop.,188,
45353,mscoco,Panoramic photograph of a large university common room,453,
45354,mscoco,White bathroom with a tile wall an opened windown a toilet and sink and a bathtub with a curtain.,645,
45355,mscoco,Two people are in a room with pots and pans.,7,
45356,mscoco,A red stop sign sitting by the side of a road.,67,
45357,mscoco,A little dog with a shirt inside a car looking up.,891,
45358,mscoco,Two blurry bikers with their headlights on are approaching.,504,
45359,mscoco,"A bathroom with a tub, a tiled wall and a toilet.",72,
45360,mscoco,The man is in the kitchen working by himself.,977,
45361,mscoco,A couple on a bike are riding on the sidewalk alongside a bus.,198,
45362,mscoco,"A small bathroom with a glass shower door, sink, toilet, and disinfecting wipes.",54,
45363,mscoco,A unique sink in a bathroom that is ready to be used.,650,
45364,mscoco,a fancy bathroom with dinner plates on the counter,145,
45365,mscoco,a black cat drinking water fron the sink faucet,961,
45366,mscoco,Various people in a crowd holding up their cell phones.,210,
45367,mscoco,A woman that is standing with a skateboard.,129,
45368,mscoco,There is a small bathroom in beige and white colors and two toilets.,94,
45369,mscoco,A large wooden kitchen with two white chairs and an island counter.,178,
45370,mscoco,A baseball player stands at home plate ready to swing the bat.,607,
45371,mscoco,A boy riding his bicycle down a road while people are on the side of the street.,563,
45372,mscoco,A set of three mirrors mounted to a wall.,852,
45373,mscoco,A kitchen scene with a lot of items on the counters.,815,
45374,mscoco,The person on a bike is riding on the beach.,955,
45375,mscoco,A traditional style neatly furnished kitchen and living room.,210,
45376,mscoco,A man and a bike by a large bus.,242,
45377,mscoco,an image of people that are at their computers,520,
45378,mscoco,Several people cross a city street in front of a bus.,81,
45379,mscoco,a brown door a rug and a white toilet,437,
45380,mscoco,A man stands and airs up his bike.,743,
45381,mscoco,A group of women in a n open kitchen preparing food,479,
45382,mscoco,"A sink, toilet and tub in a small hotel bathroom.",319,
45383,mscoco,An empty kitchen with white cabinets and chairs.,169,
45384,mscoco,A man proudly displaying his brahma bull at night,739,
45385,mscoco,A man doing a handstand with one hand on a skateboard,203,
45386,mscoco,A man with glasses looking down at his cellular device.,251,
45387,mscoco,two people walking across a street with a bicycle,435,
45388,mscoco,A woman kneeling on a street corner with her cats.,181,
45389,mscoco,A woman stands near a bar and talks to a man.,621,
45390,mscoco,A photograph of a bathroom inside a home.,255,
45391,mscoco,A large kitchen with sinks microwave and cabinets,311,
45392,mscoco,A group of cooks working in a kitchen.,293,
45393,mscoco,Poster advertisement for cooking or baking supplies with lots of pictures.,591,
45394,mscoco,A man is painting on the side of a wooden compartment.,460,
45395,mscoco,A bathroom sink sitting next to  a walk in shower.,991,
45396,mscoco,A dog and two bicyclists are passing a couch in the street.,651,
45397,mscoco,A chef in a kitchen plating a bunch of food,207,
45398,mscoco,A brush next to a tub full of water.,279,
45399,mscoco,A distant view of a couple with children getting baggage ready.,884,
45400,mscoco,a teen rides a bicycle on a city street,801,
45401,mscoco,this bathroom has a shower with glass doors and a black an white sink,493,
45402,mscoco,a couple of food products piled on each other,82,
45403,mscoco,A cross country skier pushes on through the snow.,974,
45404,mscoco,"Older men sitting on wooden benches on a sidewalk together, with scooters parked in the street and stores across the street.",996,
45405,mscoco,A black cat sits on a toilet in a household bathroom.,369,
45406,mscoco,Red Light at a street intersection with people present on the corner,408,
45407,mscoco,Cooks are preparing food in an industrial kitchen.,387,
45408,mscoco,A bicycle secured to a fence railing overlooking a river.,172,
45409,mscoco,a woman placing post it notes on her wall,483,
45410,mscoco,A toilet in a very gross looking bathroom.,452,
45411,mscoco,A bathroom sink and toilet shine in the sunlight.,433,
45412,mscoco,picture of a kitchen with a large eating island in the middle,518,
45413,mscoco,A bird sitting on the seat of a bicycle in the woods,625,
45414,mscoco,A young girl and a woman preparing food in a kitchen.,753,
45415,mscoco,This is a picture of a sink in a bathroom.,444,
45416,mscoco,A woman is smiling as she stands in her kitchen.,779,
45417,mscoco,"A white bath tub sitting in a room with two windows,",160,
45418,mscoco,Two urinals and a sink in a public bathroom.,840,
45419,mscoco,A bathroom with a small window showing toilet and shower,977,
45420,mscoco,"A lady is talking on her cell phone, unaware her picture is being taken.",813,
45421,mscoco,A man attempts a trick on a skateboard while other people walk nearby.,494,
45422,mscoco,a man riding a motorcycle down a city street with luggage and a sleeping bag attached,21,
45423,mscoco,a bathroom with three small pictures on the wall above a toilet next to a sink and a small window.,781,
45424,mscoco,A car with a bunch of bicycles strapped to its roof.,391,
45425,mscoco,THREE PEOPLE SITTING ON A BENCH IN FRONT OF A STREET.,438,
45426,mscoco,The woman is holding a cat and a phone.,875,
45427,mscoco,A man walking near a woman riding a bicycle.,86,
45428,mscoco,A bathroom counter top with vanity lights above it.,778,
45429,mscoco,A bicycle has a red umbrella attached to it.,929,
45430,mscoco,A green bicycle with a black seat resting on wood.,944,
45431,mscoco,A very pretty nice dressed girl and a guy.,308,
45432,mscoco,"A bathroom with toilet, mirror, picture and tub.",610,
45433,mscoco,The cat is standing in front of the car.,551,
45434,mscoco,A white bathroom sink sitting under a bathroom mirror.,157,
45435,mscoco,A bicycle parked in the shade on a sidewalk.,567,
45436,mscoco,Two people standing in a kitchen preparing food.,745,
45437,mscoco,A kitchen with stainless steel appliances and granite counter tops.,180,
45438,mscoco,A man near the ocean catching a frisbee on the beach.,264,
45439,mscoco,There is a telephone above the toilet and by the shower.,390,
45440,mscoco,A green tea pot on top of a stove.,475,
45441,mscoco,"A bathroom with a toilet, sink, towels, air freshener and a garbage can in it.",314,
45442,mscoco,"A kettle sits on a kitchen stove beneath a shelf storing a blender, canisters and other items.",465,
45443,mscoco,The man has his cow on a leash while he poses for a photo.,291,
45444,mscoco,A woman in a black shirt sitting on a motorcycle next to a truck containing red tarp.,385,
45445,mscoco,A woman walking with a red and white umbrella by her side.,576,
45446,mscoco,A man taking a selfie without wearing a shirt.,621,
45447,mscoco,A tile hotel bathroom contains a basin and folded towels.,493,
45448,mscoco,I am unable to see the image above.,74,
45449,mscoco,Men about to stuff many hotdogs into their faces,342,
45450,mscoco,A kitchen with lots of black and white counter top space.,140,
45451,mscoco,Men stand around in a kitchen watching another man filet a fish,733,
45452,mscoco,A washroom with toilet and wash basin separated with a glass partition.,481,
45453,mscoco,A bathtub and vase of flowers located in the corner of a bathroom.,201,
45454,mscoco,"A man standing next to a bicycle under a sign that reads ""Bicycles have right of way"".",159,
45455,mscoco,A kitchen with wood counter tops and wood floors.,939,
45456,mscoco,Little girl playing with keyboard and little boy smiling at camera with keyboard cord in his mouth.,195,
45457,mscoco,A doorway into a bathroom with a wall fixture.,5,
45458,mscoco,"Two bathroom sinks mounted against a mirror, with soap in between the two sinks.",14,
45459,mscoco,Two pictures of different views of them same kitchen.,883,
45460,mscoco,A kitchen with tile and cabinets and paint.,513,
45461,mscoco,an old kitchen on top a new updated kitchen on bottom,748,
45462,mscoco,A couple on a motorcycle pulling a trailer,743,
45463,mscoco,Room with sink and chairs with white walls and floor,384,
45464,mscoco,Silver appliances in a small kitchen with white cupboards.,504,
45465,mscoco,A kitchen with a refrigerator next to a stove.,415,
45466,mscoco,"A lady at an intersection on her bicycle, waiting for the traffic light to change",948,
45467,mscoco,"A white bowl containing soup filled with noodles, chives and green leafy vegetables.",426,
45468,mscoco,A beige cat hides under a large white vehicle,963,
45469,mscoco,A man at a table observing something away from him.,405,
45470,mscoco,The view of a old bathroom with no shower curtain.,994,
45471,mscoco,"Blurs of traffic are seen in in a busy, Chinese street.",761,
45472,mscoco,A woman photographing a man in the bathroom brushing his teeth,383,
45473,mscoco,Assorted aircraft suspended from the ceiling in a spacious hanger.,394,
45474,mscoco,a table covered with paperwork and two laptops,502,
45475,mscoco,A man is on a saddled horse with reins.,316,
45476,mscoco,A bathroom with wall paper pealing off the wall.,657,
45477,mscoco,A bunch of people on scooters are lined up on the street.,603,
45478,mscoco,THERE IS A MAN THAT IS TALKING ON THE TELEPHONE,73,
45479,mscoco,A bathroom with walk up shower and sink,419,
45480,mscoco,The modern bathroom has a glass shower door and cream and brown color scheme.,907,
45481,mscoco,a bath room with a toilet and a bath tub,40,
45482,mscoco,The room was remodeled and the bathtub was removed.,944,
45483,mscoco,Man preparing food in kitchen full of various spices and seasonings,128,
45484,mscoco,A close up of a cat sleeping on the hood on a car.,395,
45485,mscoco,An old photo of a young man being assisted by a nurse in a hospital.,955,
45486,mscoco,"A bathroom with a sink, urinal and a cabinet and mirror on the wall",580,
45487,mscoco,the counter has lots of seasonings on it,167,
45488,mscoco,A small dog standing next to a car on a road.,199,
45489,mscoco,A man cooking some vegetables on a stovetop,782,
45490,mscoco,A surfer rides a wave with his surfboard lifted into the air.,447,
45491,mscoco,a male on a bicycle a bus and some people on a street,981,
45492,mscoco,"A bathroom with a sink, mirror and toilet.",262,
45493,mscoco,"A small, old toilet next to a door that reads ""GENTLEMEN"".",790,
45494,mscoco,The skateboarder is offering a very intense pose.,936,
45495,mscoco,A man riding a bicycle carrying a red cage with a dog.,770,
45496,mscoco,THERE IS A SINK AND A SCREEN DOOR IN THE HOSUE,740,
45497,mscoco,Man kneeling over homemade cooking apparatuses in a wooden hut,357,
45498,mscoco,A bathroom with a first aid kit as a medicine cabinet.,522,
45499,mscoco,A bride and groom look at tiny bicycles on a wedding cake.,727,
45500,mscoco,a toilet sitting in a bathtub in a bathroom,501,
45501,mscoco,Several bikes are parked across the street from a building.,651,
45502,mscoco,A black colored keyboard for a computer system.,706,
45503,mscoco,some employees working in a local bakery shop,378,
45504,mscoco,A woman sitting in a bathtub wearing a bikini.,714,
45505,mscoco,There is a computer monitor and a radio sitting on this kitchen counter.,60,
45506,mscoco,This work area includes many cooking utensils and stoves.,667,
45507,mscoco,a police man in uniform is riding a red motorcycle,395,
45508,mscoco,A small clock tower in a town plaza.,949,
45509,mscoco,an overhead view of a toilet with no seat,435,
45510,mscoco,A man standing in a room next to lots of surfboards.,754,
45511,mscoco,a man in glasses is smiling and two urinals and lights,253,
45512,mscoco,A couple of men on horses and people on bicycles in a courtyard area in the nighttime.,249,
45513,mscoco,"A small bathroom with a vanity, toilet and rack.",490,
45514,mscoco,The small bathroom has a bathtub in front of the toilet.,36,
45515,mscoco,"Cat sitting on a table, intent on watching something.",944,
45516,mscoco,A man standing in the middle of a kitchen,833,
45517,mscoco,a person riding a motorcycle on a road,371,
45518,mscoco,A partially deconstructed kitchen full of tools and other various items.,647,
45519,mscoco,a camera mounted on  a helmet of a bicycle rider,724,
45520,mscoco,A group of people in vintage clothing playing ball in a field.,693,
45521,mscoco,A man takes a picture in the mirror,29,
45522,mscoco,A lady holding a dog using her arms.,715,
45523,mscoco,A man in a  shirt and tie walking past others,682,
45524,mscoco,A closed toilet bowl in a neat bathroom,661,
45525,mscoco,a tranquil photograph of a bathroom with a window,152,
45526,mscoco,A kitchen filled with appliances and a living room with its convenient necessities.,268,
45527,mscoco,A dining table with chairs around it and kitchen in the background.,620,
45528,mscoco,A laptop computer on top of a desk next to a bowl with cereals and a cellphone.,467,
45529,mscoco,A toilet with cleaning products on the tank,967,
45530,mscoco,A white toilet in a very small room.,698,
45531,mscoco,a young man standing near a river watching a boat of people pass by,151,
45532,mscoco,A white bathroom with a white tiled floor,261,
45533,mscoco,A green stoplight that is on a pole.,254,
45534,mscoco,A red bicycle is leaning against a building.,617,
45535,mscoco,A bathroom with a marble sink and large mirror,593,
45536,mscoco,a person on a bike rides in front of some buildings,975,
45537,mscoco,A person on a skateboard going down a ramp.,679,
45538,mscoco,"A laptop sits in a small, clean kitchen.",862,
45539,mscoco,An orange is placed next to a coffee mug on a kitchen counter.,166,
45540,mscoco,"Two adults sunbathing in grass and two bicycles against a tree with water, boats, and trees behind.",13,
45541,mscoco,A bike on the back of a bus on the road.,120,
45542,mscoco,A woman cooking dinner in her kitchen while drinking a soda.,790,
45543,mscoco,a male in a blue shirt is playing ping pong,95,
45544,mscoco,Two towels hanging over a shower rack in a well-lit bathroom.,660,
45545,mscoco,A woman in black shirt riding bicycle in the middle of a street.,729,
45546,mscoco,Two bikes leaning against the railing of an area looking over some water.,939,
45547,mscoco,Vehicles traveling on roadway near intersection with traffic signals.,394,
45548,mscoco,These two bikes are parked together on the sidewalk,408,
45549,mscoco,A young boy holding a skateboard behind his back at a skate shop.,724,
45550,mscoco,A girl in a dress standing on a small skateboard.,601,
45551,mscoco,Some lady enjoying an alcoholic beverage of some sort.,998,
45552,mscoco,Dog standing in the kitchen looking at something.,923,
45553,mscoco,three sinks two urinals towel rack and blue trash cans,83,
45554,mscoco,One man and two women sitting in a living room.,531,
45555,mscoco,A bathroom scene complete with a sink and toilet.,932,
45556,mscoco,A kitchen sink is full of black plastic cups.,194,
45557,mscoco,"A kitchen with hanging lights, an island with sink and bar stools, a refrigerator, small pantry door, wooden cabinets and shiny wood floor.",898,
45558,mscoco,A man in a suit holds a bicycle before a brick wall.,434,
45559,mscoco,The appliances are pulled out from their spot in the kitchen.,170,
45560,mscoco,Toilet and mirror in stark bathroom with bright spot lights.,850,
45561,mscoco,Bathroom with pillar and shelf with supplies and window,438,
45562,mscoco,some people buildings and a parked motorcycle and a girl on a bicycle,259,
45563,mscoco,a bunch of stuff iis on a kitchen counter,709,
45564,mscoco,a woman standing by a fountain area with her dog,310,
45565,mscoco,A bunch of bikes on thei chains by a air pump,513,
45566,mscoco,A woman looks at her dresser covered with personal care products.,991,
45567,mscoco,A white pedestal sink and two windows in a bathroom.,546,
45568,mscoco,People standing on a platform awaiting public transportation.,675,
45569,mscoco,An umbrella strapped to a bar on a bicycle.,908,
45570,mscoco,"A bathroom with a toilet, sink and bathtub.",392,
45571,mscoco,A photo taken at a train station with a train at the platform.,601,
45572,mscoco,A data storage advertisement on a public bathroom mirror.,316,
45573,mscoco,"A beet that is chopped in half, on a chopping board with a knife.",752,
45574,mscoco,an image of split screen images  of toilets,422,
45575,mscoco,The kitchen is furnished with white cabinets and black appliances and countertops.,771,
45576,mscoco,A toilet bowl with rolls of toilet paper stacked next to it,898,
45577,mscoco,A very modern bathroom with polka dot towels.,947,
45578,mscoco,A bathroom with a toilet with a shower head suspended above it.,746,
45579,mscoco,A very cute dog sticking his head out a car window.,891,
45580,mscoco,a mirror a sink a tub cabinets and white tiles,92,
45581,mscoco,A cozy kitchen with open dish filled cabinets.,112,
45582,mscoco,A couple of guys are in the kitchen preparing.,652,
45583,mscoco,A small tiled bathroom with a toilet and a sink.,587,
45584,mscoco,A man and a woman standing next to a bike.,796,
45585,mscoco,A man sits at a park with his bike.,817,
45586,mscoco,Two women washing dishes in a kitchen.,353,
45587,mscoco,A kitchen type setting has a mirror that shows a bathroom.,834,
45588,mscoco,A bathroom with a pink checkered shower curtain.,147,
45589,mscoco,A man standing in a kitchen looking at a magazine,276,
45590,mscoco,A person crouching and feeding a bunch of cats.,767,
45591,mscoco,there is a man leaning on a stone and talking on the phone,215,
45592,mscoco,a kitchen that is one with the dinning room and the living room near by,953,
45593,mscoco,The bus is setting at the station ready to board.,767,
45594,mscoco,a man sitting on a wooden park bench wearing a hat,408,
45595,mscoco,A clean kitchen with blue walls and wooden cabinets.,716,
45596,mscoco,Car and van parked in front of a family home.,316,
45597,mscoco,An antique style stove in a sparsely furnished room full of pots.,7,
45598,mscoco,A large bathroom with a full size shower.,173,
45599,mscoco,a blurry photograph taken on someones bike on a bike path,836,
45600,mscoco,A man laying down on a bench sleeping.,504,
45601,mscoco,A person on a dock near a boat in the water.,2,
45602,mscoco,"An empty bottle, two glasses, a glass cube and a plate sit on a counter.",100,
45603,mscoco,Toothbrushes are in cups next to a toilet.,72,
45604,mscoco,A kitchen with white cabinets and white tiles on the wall.,793,
45605,mscoco,A bathroom has a small corner shower stall.,714,
45606,mscoco,A man with helmet riding  a bicycle on a sidewalk,428,
45607,mscoco,"A bathroom with a toilet, shower and small vanity sink.",538,
45608,mscoco,The side mirror of a vehicle showing the reflection of some bikes.,427,
45609,mscoco,a black and white oven in a kitchen,671,
45610,mscoco,A shirtless man running on a paved walkway next to the beach.,296,
45611,mscoco,A man wearing glasses slicing an onion on a cutting board,751,
45612,mscoco,there is a dog sitting in a basket wearing glasses,442,
45613,mscoco,A man standing in a kitchen next to a metal sink.,175,
45614,mscoco,Three people serve themselves cake on styrofoam plates.,181,
45615,mscoco,The bathroom wall has a towel ring near the sink.,384,
45616,mscoco,Bicycles are parked near a row of large trees near a sidewalk.,191,
45617,mscoco,"A kitchen with hardwood floors, brown cabinets, tile back splash, and a stove.",721,
45618,mscoco,A person in a room watching something while having meals.,138,
45619,mscoco,A white curtain is in front of a shower in this small bathroom.,203,
45620,mscoco,Closeup of a bathroom sink and a soap dispenser.,499,
45621,mscoco,Several pilots walking as a group across a street.,187,
45622,mscoco,A lady arranges flowers in a vase in the kitchen,515,
45623,mscoco,A man standing next to a bike on a patch of grass.,972,
45624,mscoco,A person is riding a big wave on a surfboard.,113,
45625,mscoco,This is a bathroom in the middle of someones home.,462,
45626,mscoco,The five tennis players look alike in this old picture.,581,
45627,mscoco,A man on a bike riding on the beach at sunset.,834,
45628,mscoco,A man stirring a pot in a kitchen.,218,
45629,mscoco,The kitchen is clean with shiny floors and appliances.,191,
45630,mscoco,A couple of bikes standing next to each other outside of a shop,206,
45631,mscoco,"A bike in the middle of a train, parked in a station.",61,
45632,mscoco,Both a man and a woman are on their respective cell phones.,768,
45633,mscoco,A couple cutting their wedding cake at their wedding.,188,
45634,mscoco,A toilet and light in a small room.,829,
45635,mscoco,A woman sitting next to an other woman on a wooden floor.,778,
45636,mscoco,A bathroom has a large shower curtain with design.,197,
45637,mscoco,A piece of bread that has been toasted.,266,
45638,mscoco,Two photos one on top of other of motorcycles parked on a street with a person walking by and a yellow pole with graffiti.,924,
45639,mscoco,THIS IS A BOWL OF SMALL GOLDFISH OR BABY KOI,893,
45640,mscoco,A sink that is very close to a toilet.,419,
45641,mscoco,A china cabinet full of expensive looking china,452,
45642,mscoco,Large dog looking out from behind window blinds in simply decorated room.,642,
45643,mscoco,THERE IS A CAT ON THE CAR BACK SEAT,935,
45644,mscoco,A man in a kitchen working on an appliance with sparks coming up from behind the appliance.,640,
45645,mscoco,"Snow covers everything, including signs, traffic lights, cars, and the street a person is walking on.",112,
45646,mscoco,a black and white bathroom with a sink window and tub,890,
45647,mscoco,A small and bright dining room with beaded curtains.,652,
45648,mscoco,A large rug in a bathroom with a tub on top of it.,171,
45649,mscoco,A public bathroom with a mural on the wall.,82,
45650,mscoco,Some people are on a boat in the water with a bike.,301,
45651,mscoco,A child lifting a fork eating some cake.,88,
45652,mscoco,a small bathroom with dirty windows and a small sink,387,
45653,mscoco,A walk in shower sitting next to a white sink.,128,
45654,mscoco,"A bathroom containing a sink, mirror and a toilet.",284,
45655,mscoco,A cat is sitting on the shoulder of a woman looking at a cellphone.,66,
45656,mscoco,A young bicyclist is parking his bike on the bus rack.,351,
45657,mscoco,a bottle sitting on some plastic covering a sink,31,
45658,mscoco,There is a woman that is riding on a bike,600,
45659,mscoco,Group of girls are placing cut vegetables on a slice of bread,241,
45660,mscoco,an image of a wedding cake on a reception table,490,
45661,mscoco,a man on a bicycle looking into a crowd,497,
45662,mscoco,There is a refrigerator and an oven in a kitchen.,689,
45663,mscoco,"Rock, paper and scissors all laying on the group.",779,
45664,mscoco,The back of a bathroom door in a house,104,
45665,mscoco,A young man is doing a handstand on a skateboard.,10,
45666,mscoco,A man riding a bike on a beach next to the ocean.,63,
45667,mscoco,a black and white picture of a man in a tux pulling something large,273,
45668,mscoco,A car parked in a parking lot next to a bike.,770,
45669,mscoco,"A man opening a bag, with a small dog on his lap.",979,
45670,mscoco,Cat drinking water from chrome faucet in bathroom.,8,
45671,mscoco,This is a picture of a remodeled  kitchen.,682,
45672,mscoco,People are taking cell phone photos in a bathroom.,597,
45673,mscoco,"A row of bicycles, a train and a man in a hat riding a bike down the street.",809,
45674,mscoco,A motorcycle is moving quickly down a street.,43,
45675,mscoco,A kitchen that looks freshly cleaned and organized.,100,
45676,mscoco,A black and white photo of a woman waiting to cross the street and a biker,217,
45677,mscoco,this bathroom has a very large bath tub,535,
45678,mscoco,"A well equipped kitchen with a refrigerator, dishwasher, stove, and a microwave",811,
45679,mscoco,A bathroom with a blue shower curtain over the bathtub.,8,
45680,mscoco,A bathroom has wood walls and floors and a white sink.,385,
45681,mscoco,A bicycle is mounted on the front of a public bus near a bagel cafe.,618,
45682,mscoco,Two people flying kites over a green field.,533,
45683,mscoco,a red car parked next to some kind of kiosk,986,
45684,mscoco,I cannot tell if there is an animal in the cage.,780,
45685,mscoco,There is a bicycle parked next to a car.,273,
45686,mscoco,A very nice looking small rest room with a shower.,955,
45687,mscoco,a small barhroom with everything close to each other,498,
45688,mscoco,a group of skiers are in a line and racing,485,
45689,mscoco,"Small bathroom with rug, sink, toilet, and shower curtain.",776,
45690,mscoco,People standing in the rain with their umbrellas open.,346,
45691,mscoco,A row of bicycles are line up at renting stations.,619,
45692,mscoco,A rustic kitchen with condiments set out and copper cookware.,440,
45693,mscoco,an old kitchen area with many sinks,345,
45694,mscoco,A woman standing in the rain holding an umbrella.,380,
45695,mscoco,Traffic signals at the entrance to an underground road tunnel.,699,
45696,mscoco,A group of women that are in a kitchen.,912,
45697,mscoco,Looking into a restaurant's back kitchen area with many chefs in black preparing food.,352,
45698,mscoco,A bicycle is parked near many parked motorcycles.,323,
45699,mscoco,"A small living area contains the kitchen, dining room table, living room furniture and a view into the bathroom.",837,
45700,mscoco,A group of people sitting outside with bikes near by.,246,
45701,mscoco,A hutch with cupboards in a luxurious house.,964,
45702,mscoco,"A view of a room with a toilet, a roll of toilet tissue and a window.",370,
45703,mscoco,A river in the middle of busy city buildings and bicycles and motorcycles,682,
45704,mscoco,An older man standing next to an old fashioned car.,409,
45705,mscoco,A woman playing with a cat while lying on the floor,388,
45706,mscoco,A mirror that is hanging above a sink.,626,
45707,mscoco,A family flies a fish kite at the beach.,59,
45708,mscoco,"a white kitchen with double sinks, a microwave, and shelves",999,
45709,mscoco,A man looking down at a kitchen counter with a laptop near by.,365,
45710,mscoco,A center island in a  kitchen next to a  window.,895,
45711,mscoco,A yellow colored kitchen with a ceiling fan.,339,
45712,mscoco,"A kitchen with a blender, microwave, toaster and refrigerator.",826,
45713,mscoco,a man taking a picture of a bathroom,103,
45714,mscoco,A white toilet sitting next to a bath tub in a bathroom.,4,
45715,mscoco,A blue towel hangs in a white tile bathroom.,468,
45716,mscoco,Traffic and pedestrians along with two bicycle people movers in a city.,892,
45717,mscoco,A man stands in a doorway inside a building with a white refrigerator on the side.,716,
45718,mscoco,A couple of people in the snow on skis.,412,
45719,mscoco,a number of different vegtables in a kitchen near one another,743,
45720,mscoco,a couple of pictures of the inside of a house,856,
45721,mscoco,A large window give a view of another hotel and pool in the bathroom.,910,
45722,mscoco,Three slices of french toast and hash browns are cooking on a kitchen grill.,948,
45723,mscoco,A bathroom sink that has leaves on the bottom,143,
45724,mscoco,A close up of a fire hydrant on a city street.,27,
45725,mscoco,A bathroom with updated tile and a shower curtain.,617,
45726,mscoco,A newly re-done bathroom that is all white.,126,
45727,mscoco,A man riding his bicycle down the road.,890,
45728,mscoco,A cupcake on a plate and in a bakery display.,544,
45729,mscoco,A black and white photo of a broken bridge.,287,
45730,mscoco,A couple of men riding bikes on top of a sandy beach.,974,
45731,mscoco,An espresso machine and microwave are in this kitchen.,717,
45732,mscoco,A cop riding on the back of a motorcycle down a road.,770,
45733,mscoco,A sink with mirror and lights are shown.,835,
45734,mscoco,A young man wearing a hat while standing in a kitchen.,255,
45735,mscoco,Person wearing glasses cradling a cat in his hands while other cats watch.,378,
45736,mscoco,A small dog standing in a bathtub filled with water.,463,
45737,mscoco,Black cat sitting in the trunk of a Saturn car.,634,
45738,mscoco,A short commuter train pulling into the station,703,
45739,mscoco,A plate that has several doughnuts and doughnut holes on it.,675,
45740,mscoco,An aerial view of a black and white car parked in between two parking meters.,891,
45741,mscoco,A group of people are standing around in a kitchen cooking.,487,
45742,mscoco,a bathroom with two sinks and two mirrors,528,
45743,mscoco,A bathroom sink has a lot of toiletries on it.,424,
45744,mscoco,A man sitting on  a park  bench after a bike ride.,677,
45745,mscoco,Woman sitting on a park bench writing with orange marker.,193,
45746,mscoco,A bike parked next to a wooden bench.,4,
45747,mscoco,A toilet with a wooden seat and pull string,654,
45748,mscoco,Woman walking down the street past a wig shop.,981,
45749,mscoco,Bathroom scene of a toilet next to a used roll of toilet paper.,965,
45750,mscoco,A bathroom with wood flooring and tiled walls.,833,
45751,mscoco,Trailer home all lit up at night time,330,
45752,mscoco,A brown dog sitting up on the inside of a vehicle.,18,
45753,mscoco,a bicycle is parked against a rock at the beach,649,
45754,mscoco,A large kitchen with wooden floor and stainless steel appliances.,369,
45755,mscoco,A cop that is talking to someone in a car.,895,
45756,mscoco,A woman on a cell phone standing on the street.,47,
45757,mscoco,"A kitchen stove with a pan on it, and a counter full of kitchenware.",993,
45758,mscoco,A picture of a very nice and clean kitchen.,827,
45759,mscoco,A small bathroom is currently in the process of being remodeled,754,
45760,mscoco,Towels are neatly stacked on a shelf in the bathroom.,334,
45761,mscoco,A black table in a kitchen with black chairs.,695,
45762,mscoco,Young adult in bed reading a book about self reliance.,455,
45763,mscoco,A man in a white suit painting a wall.,240,
45764,mscoco,A man grabs a helmet and straddles a motorcycle.,622,
45765,mscoco,a small kitchen leading to a bed room,497,
45766,mscoco,View into a small bathroom that appears to be used regularly,410,
45767,mscoco,A pie sitting on top of a stove top oven.,757,
45768,mscoco,a kitchen with a blue wall and some boxes by the cabinets,628,
45769,mscoco,Several cooks prepare food in the kitchen of a restaurant.,814,
45770,mscoco,a women that has her licence in her hand,84,
45771,mscoco,A man sitting at a desk in front of a computer.,357,
45772,mscoco,Guys on their way to surfboard at the beach,439,
45773,mscoco,Man wearing an army green uniform and helmet riding a motorcycle.,962,
45774,mscoco,A person is on the beach watching kites fly in the sky.,954,
45775,mscoco,A man prepares sausages which are sitting in a pan next to him.,965,
45776,mscoco,A small wooden table packed with items near a tub.,954,
45777,mscoco,a cat sitting on the edge of a toilet bowl with its front paws in the toilet.,488,
45778,mscoco,A statue of a cat in a small bathroom.,675,
45779,mscoco,A stove top oven sitting under a ventilation fan.,878,
45780,mscoco,A dog and a little girl riding a tricycle.,717,
45781,mscoco,Two people ride on a bike next to a large blue city bus.,927,
45782,mscoco,The woman is riding the horse down the beach by the water.,103,
45783,mscoco,A silver refrigerator freezer inside of a mostly wooden kitchen.,752,
45784,mscoco,a man is taking his own picture in a bathroom,395,
45785,mscoco,A woman standing next to a bicycle and looking through a store window.,301,
45786,mscoco,A man stands in the middle of his granite counter-topped kitchen.,622,
45787,mscoco,People walking along a narrow street in the rain.,200,
45788,mscoco,A bathroom is displayed with white and black tiling.,730,
45789,mscoco,A man and woman enjoying a ride on a Harley Davidson motorcycle.,147,
45790,mscoco,A bicycle is leaning against a pole on a dock.,891,
45791,mscoco,A bathroom is seen with towels on the floor.,533,
45792,mscoco,a couple of women take a photo of a bath room,898,
45793,mscoco,a traffic light with a large building in th background,586,
45794,mscoco,A woman rides a horse on the beach.,804,
45795,mscoco,A bathroom with swinging doors is half opened revealing the toilet,878,
45796,mscoco,An inside view of a bathroom with green tiles.,734,
45797,mscoco,a tiled bathroom with a toilet sitting next to a bath tub,517,
45798,mscoco,Toilitries in a bathroom of some sort near a window.,33,
45799,mscoco,A bathroom with a toilet next to a urinal and a sink.,131,
45800,mscoco,A man is jumping off of a boat in to the water.,510,
45801,mscoco,The man is ready to race his horse.,816,
45802,mscoco,a group of people standing in a kitchen,90,
45803,mscoco,Two black and brown cats waling on the floor.,309,
45804,mscoco,a very clean bathroom with a sink and mirrors,853,
45805,mscoco,"Bathroom with destroyed walls, a sink and a mirrored cabinet.",690,
45806,mscoco,a man that is riding his bake on a bridge,562,
45807,mscoco,a kitchen that has not to much in it,896,
45808,mscoco,Motorcyclists riding down the street with partition and cars on the other side.,479,
45809,mscoco,An orange bicycle parked on a pier next to a power box.,173,
45810,mscoco,A toy train model set with a person on a bicycle over looking a bridge side.,918,
45811,mscoco,A very old picture if how sheep shearing was done.,457,
45812,mscoco,The white interior of a long white house trailer.,978,
45813,mscoco,a kitchen view of a table chairs tv refrigerator  sitting on a hardwood floor,119,
45814,mscoco,There is a bathtub made of tiles and small sink to the right.,494,
45815,mscoco,The kitchen has odd looking colors in it.,679,
45816,mscoco,Two ladies talking in the kitchen area of a restaurant.,554,
45817,mscoco,A man riding a bike while attached to a dog on a leash.,247,
45818,mscoco,A bath and a toilet in a small room.,250,
45819,mscoco,a close up of a bath room sink with toilet paper,217,
45820,mscoco,A bus is parked with a bike on the front of it.,175,
45821,mscoco,Two women and a man riding a motorcycle.,772,
45822,mscoco,A kitchen with a set table and a plant in the middle of the floor,967,
45823,mscoco,A green-tiled bathroom with an old wall heater,676,
45824,mscoco,Several men driving motorcycles down a parade event.,717,
45825,mscoco,A bathroom is partially modernized with the exception of a plastic looking toilet.,92,
45826,mscoco,A toilet in a bathroom with gray walls.,109,
45827,mscoco,box sitting on the floor of a kitchen next to the stove,446,
45828,mscoco,white cabinets a refrigerator a sink a light and window,733,
45829,mscoco,THIS IS A PHOTO OF A FEW MEN HELPING PREPARE THE HOLIDAY MEAL,30,
45830,mscoco,This bathroom has two toilets and several toiletries.,165,
45831,mscoco,A yellow cat hiding underneath a car on the street.,952,
45832,mscoco,a toilet a sink and a shower in a small bathroom,952,
45833,mscoco,A bike near a gate near river with a boat carrying people in it.,335,
45834,mscoco,A bathroom with a strange toilet whose tank is way in the air.,925,
45835,mscoco,A cat laying across the dashboard of a car.,393,
45836,mscoco,Several bicycles are parked outside under an awning.,785,
45837,mscoco,There is a roll of toilet paper behind a wooden toilet.,288,
45838,mscoco,A person taking a picture of a bathroom with two sinks.,226,
45839,mscoco,a kitchen with a table chairs a sink and a stove,737,
45840,mscoco,"Looking out from the tub, a bathroom has a toilet, vanity, lights, and is all white except for the tan shower curtain.",264,
45841,mscoco,a kitchen with a sink and a window,682,
45842,mscoco,A row of wine glasses with a yellow liquid and a pine branch in them.,488,
45843,mscoco,Industrial kitchen with large metal vents over oven.,975,
45844,mscoco,A bathroom with a toilet bowl and shower curtain.,920,
45845,mscoco,A portrait of a restaurant ready for service.,687,
45846,mscoco,There is a very clean restaurant with bottles on the counter,127,
45847,mscoco,"A restroom that has a sink, a mirror, and a toilet.",682,
45848,mscoco,"a bathroom with a standing shower, a toilet and a sink with a black bag on the counter top.",140,
45849,mscoco,A car looks out the drive side window of a large vehicle.,945,
45850,mscoco,Several people carry their luggage through an airport terminal.,548,
45851,mscoco,A white and beige bathroom has a wooden toilet seat.,649,
45852,mscoco,A bathroom with a sink and red curtains,743,
45853,mscoco,A red stop sign that is under two green street signs.,504,
45854,mscoco,Two people in an audience are holding their cell phones up.,93,
45855,mscoco,a kitchen with wooden floors and a stainless steel double ovens.,815,
45856,mscoco,An elderly person with a walker asleep while sitting on a park bench.,709,
45857,mscoco,A commercial grade stove with approximately 12 burners and a couple of ovens.,341,
45858,mscoco,A bathroom with two small windows and a bathtub covered in a shower curtain.,893,
45859,mscoco,A full view of a kitchen and electronics all around.,230,
45860,mscoco,A car driving along a street in the daytime.,955,
45861,mscoco,A woman is sitting at the desk with the laptop,590,
45862,mscoco,People look at a bathroom requiring repairs in order to be functional.,785,
45863,mscoco,"Two people are sharing a motorcycle, driving with an umbrella in the rain.",947,
45864,mscoco,A simple yet efficient one-counter kitchen in an apartment,616,
45865,mscoco,A stop sign that has been vandalized is pictured in front of a parked car.,67,
45866,mscoco,A person is holding a sign with the word slow on it.,660,
45867,mscoco,A lady is holding a boiling hat pan in the kitchen.,352,
45868,mscoco,A bathroom with hanging towels and a brown counter top.,387,
45869,mscoco,A bath tub sitting in a bathroom next to a white toilet.,933,
45870,mscoco,A man riding a bicycle across a busy street.,735,
45871,mscoco,A woman with glasses kissing a black and white cat.,761,
45872,mscoco,A black cat standing in a metal sink in a kitchen.,754,
45873,mscoco,A small refrigerator lies in the trunk of a car at a stop sign.,743,
45874,mscoco,A man that is sitting in front of a cabinet.,391,
45875,mscoco,a man that is throwing a Frisbee around the yard,670,
45876,mscoco,The kitchen is very clean and very white.,658,
45877,mscoco,A group of bicycles parked along a sidewalk next to a building.,804,
45878,mscoco,A man standing in a kitchen preparing food next to a bar.,576,
45879,mscoco,A bathroom with a bathroom mirror and black towel on the rack,990,
45880,mscoco,A kitchen with stainless steel appliances in a vacant house.,877,
45881,mscoco,A woman is standing at a table in the white kitchen.,448,
45882,mscoco,A person preparing food in bowls sitting on a table.,828,
45883,mscoco,Sister on her bike trying to race the bus.,239,
45884,mscoco,A black cat standing in the bathroom sink.,229,
45885,mscoco,A busy city street with a traffic light on it.,266,
45886,mscoco,A small white bathroom with a white toilet next to a sink.,119,
45887,mscoco,Two men standing in front of an airplane.,298,
45888,mscoco,a white stove top oven siting next to refrigerator.,90,
45889,mscoco,A man standing next to a refrigerator in a kitchen with wooden cabinets on both sides of the kitchen.,115,
45890,mscoco,A man taking a picture of a bathroom and towels,92,
45891,mscoco,A family gathers around the kitchen table and talks,349,
45892,mscoco,Handicapped bathroom fitted with a rainfall shower head.,759,
45893,mscoco,A blender and microwave are sitting on a counter.,607,
45894,mscoco,A woman in a green jacket holds a knife to a something on a white counter.,960,
45895,mscoco,Some bikes parked on a sidewalk by some buildings.,193,
45896,mscoco,Black and white photograph of a living area with table and cabinets.,763,
45897,mscoco,a person that is sitting next to a cat,965,
45898,mscoco,A woman in a pink shirt is in a large kitchen.,119,
45899,mscoco,Clean kitchen with wooden cabinets and white appliances.,587,
45900,mscoco,a man leads a bunch of skate boarders down a street,377,
45901,mscoco,A cat sits on top of a car outside a house.,131,
45902,mscoco,A large shrine in a kitchen to the virgin Mary.,874,
45903,mscoco,there are many bikes that are parked together on the sidewalk,321,
45904,mscoco,A dog with his head leaned out the window.,977,
45905,mscoco,A woman is throwing out bird seed to the pigeon,390,
45906,mscoco,a guy on a bike next to a red and yellow bus.,591,
45907,mscoco,"A bathroom with a toilet, sink and a mirror next to a towel rack.",755,
45908,mscoco,A bicycle parked on a bridge next to a marina.,2,
45909,mscoco,A large bathroom with a marble counter and yellow walls.,319,
45910,mscoco,A street lined with motorcycles and loan biker riding along,64,
45911,mscoco,A bike tire next to a bookshelf and an umbrella in a bucket.,605,
45912,mscoco,A woman canning fruits and vegetables on a kitchen counter with a sauce pot on the stove.,549,
45913,mscoco,a refrigerator plastered with pictures notes and magnets,195,
45914,mscoco,A brown and white dog wearing a bandana covered in skulls.,868,
45915,mscoco,A full view of a kitchen with boards and lights.,398,
45916,mscoco,A very unique and cheerful kitchen with sun streaming in the windows.,434,
45917,mscoco,A large open kitchen with stainless steel appliances,328,
45918,mscoco,A kitchen with a dining room and tables.,790,
45919,mscoco,A group of naked people that are riding bikes.,374,
45920,mscoco,A group of people stand in a narrow kitchen.,817,
45921,mscoco,A man on subway parking his bicycle in a slot.,696,
45922,mscoco,Close up off food in a preparation and storage area.,957,
45923,mscoco,Some animals and a bicycle that are by a house.,816,
45924,mscoco,A woman walks in the rain with an umbrella.,130,
45925,mscoco,Two people in football jerseys pose in front of a table that holds chicken wings and pizza.,533,
45926,mscoco,The kitchen counter has bowls and a loaf of bread on it.,680,
45927,mscoco,"A small kitchen with sink, dishwasher and stove.",617,
45928,mscoco,Two people ride on a bicycle with an open umbrella.,605,
45929,mscoco,a person on a bike with a kid on the back,228,
45930,mscoco,a man looks down at two low riding motor bikes,110,
45931,mscoco,Two women standing around a small dinning room table.,405,
45932,mscoco,A person in a large room with a bike.,10,
45933,mscoco,A woman with red hair holding a yellow umbrella,552,
45934,mscoco,A woman is getting some food from the kitchen.,873,
45935,mscoco,The old kitchen is made mostly of wooden paneling.,472,
45936,mscoco,"A kitchen with a sink, stove and dishwasher.",324,
45937,mscoco,Small cluttered kitchen with stainless steel appliances and hardwood floors.,149,
45938,mscoco,a cat is laying in a bathroom sink,836,
45939,mscoco,Cat lying next to a folded bicycle in a carpeted living room.,966,
45940,mscoco,A man in tight clothing standing next to a bike.,304,
45941,mscoco,A bike parked next to a green pole in front of a store.,858,
45942,mscoco,A toilet that is sitting next to a urinal.,225,
45943,mscoco,Adults with helmets sitting on tricycles made for children.,512,
45944,mscoco,Most very small kitchens don't have as many drawers as this one has.,697,
45945,mscoco,"A bathroom with a toilet, sink, tiled floor and a glass shower door.",467,
45946,mscoco,A man stands with his bike at a bike rake on a street.,151,
45947,mscoco,A man standing in front of a bathroom mirror next to a sink.,616,
45948,mscoco,A very close small looking kitchen with an open door.,291,
45949,mscoco,a hydrant is sitting outside in the dirt,150,
45950,mscoco,Several people sit on a blue bench with their bikes around them.,765,
45951,mscoco,A kitchen window next to a shelf filled with spices.,682,
45952,mscoco,A woman standing in a kitchen next to a brown dog.,870,
45953,mscoco,A business man in a striped shirt and tie.,821,
45954,mscoco,A kitchen with a neutral color scheme has a wooden table and chairs.,848,
45955,mscoco,A man sitting on a couch holding an open laptop computer.,720,
45956,mscoco,"A room contains a sink, mirror, and a door, but is otherwise empty.",36,
45957,mscoco,this is a baby on a ski slope in the snow,614,
45958,mscoco,a person chopping up some green pepperon the table,328,
45959,mscoco,"A residential bathroom with sink, toilet and curtained tub",317,
45960,mscoco,A young man carrying a bag and walking down the street.,515,
45961,mscoco,a person kneeling down next to a dog in the snow,706,
45962,mscoco,"Bathroom with toilet, sink, shower curtain and tile floor.",127,
45963,mscoco,a bunch of bikes resting on a sidewalk with people walking by,281,
45964,mscoco,a bathroom with a sink sitting under a mirror,869,
45965,mscoco,A close shot of a bathroom with red towels hung up.,724,
45966,mscoco,"The toilet has a white, wooden cabinet above it.",588,
45967,mscoco,A woman walks out of the kitchen near a fire hydrant.,490,
45968,mscoco,A bath tub with no shower curtain next to a sink.,647,
45969,mscoco,A dog holding its head out a car window.,849,
45970,mscoco,"A bathroom with a toilet, sink, tub and shower curtain.",221,
45971,mscoco,A bathroom with a white toilet sitting next to a bath tub.,507,
45972,mscoco,A cook and waiter are talking in a restaurant.,299,
45973,mscoco,two people in the kitchen standing on a wooden floor with couches,722,
45974,mscoco,A bathroom with a double sink and large mirror.,990,
45975,mscoco,An small object on the floor in front of a toilet.,386,
45976,mscoco,two people in a kitchen preparing food near a window,61,
45977,mscoco,A man on a bicycle holding onto a bus.,830,
45978,mscoco,A picture of a very nice kitchen in a house.,342,
45979,mscoco,An individual covers himself under an umbrella on a rainy day.,157,
45980,mscoco,many people on the beach flying kites together,848,
45981,mscoco,A handsome man stands in front of the bathroom mirror and smirks.,734,
45982,mscoco,a couple of people are on a small boat,216,
45983,mscoco,A woman is riding on a long board down the street,869,
45984,mscoco,A woman with blonde hair stands near a man holding a camera as they stand in front of a mirror.,751,
45985,mscoco,a woman in a red top is holding a dog in a sweater,957,
45986,mscoco,a female in a gray shirt is cleaning a toilet,830,
45987,mscoco,a kitchen with a tv in the kitchen,231,
45988,mscoco,A modern bathroom with two sinks and a tub and shower area.,718,
45989,mscoco,A man walking past a line of people leading a dog.,754,
45990,mscoco,A small bathroom with a lot of white tile.,54,
45991,mscoco,A man and woman standing on a sidewalk looking at a map,946,
45992,mscoco,"A that room with a sink, towel rack, tub, and window.",887,
45993,mscoco,A bathroom with a white toilet and a tan trash can.,795,
45994,mscoco,A brown cat sitting on a white bathroom vanity.,184,
45995,mscoco,"Part of a bathroom is shown, with a toilet and a television over it and a cat standing on the ledge.",878,
45996,mscoco,A white toilet and sink in a white tiled bathroom.,500,
45997,mscoco,A man holding a black cell phone to his ear and a woman holding a pink cell phone to her ear.,745,
45998,mscoco,A bathroom that has two mirrors and two sinks.,402,
45999,mscoco,"A silver bicycle standing near a red brick wall at ""the Upper Crust"".",307,
46000,mscoco,this bathroom has blue tiles and a white toilet,835,
46001,mscoco,A couple of people on bikes on a road.,676,
46002,mscoco,A kitchen is shown with all the basic appliances.,935,
46003,mscoco,A man looking conspicuously to his left with a banana up to his mouth.,869,
46004,mscoco,a person on a small boat in a body of water,164,
46005,mscoco,A metal bike sculpture sitting on top of a desk.,23,
46006,mscoco,a public transit bus with bicycles attached in the front,562,
46007,mscoco,A man sitting on a concrete fence in front of trees.,402,
46008,mscoco,A wooden shelf packed full of cooking utensils.,346,
46009,mscoco,a kitchen with many plates of food on the counter,433,
46010,mscoco,Two bicycles are parked in a rack at a marina.,695,
46011,mscoco,a bathroom with a sink a mirror and some toothbrushes,485,
46012,mscoco,A bathroom is shown tattered and faded paint on the walls.,357,
46013,mscoco,Black and white cat on the hood of a police car parked on a street.,776,
46014,mscoco,A blue vase with a single yellow flowers in it.,401,
46015,mscoco,a woman in a rural hut structure cooking flat bread,401,
46016,mscoco,A bathroom is shown in a hotel room.,74,
46017,mscoco,A man an woman sitting on a couch with a laptop.,541,
46018,mscoco,A white toilet and some tissue in a room.,745,
46019,mscoco,"A view of an intersection with traffic lights, a traffic sign and a street sign.",290,
46020,mscoco,"a small bathroom features a tub, large vanity and mirror.",290,
46021,mscoco,A man shaving his face with another man hiding behind him.,714,
46022,mscoco,A bathroom under construction with a double sink vanity that has a mirrir and light strip over it,946,
46023,mscoco,Several people walking and skateboarding down a road.,200,
46024,mscoco,A refrigerator sits in the garage with a dryer.,718,
46025,mscoco,A group of people sitting on a very long bench.,877,
46026,mscoco,A bath room with a shower closed by the curtain,562,
46027,mscoco,A kitchen with a breakfast bar and a stainless steel stove.,404,
46028,mscoco,A group of people walking around while holding umbrellas.,100,
46029,mscoco,A woman and a man standing in a kitchen next to each other.,135,
46030,mscoco,A man holding a knife and cutting up green peppers,332,
46031,mscoco,A bathroom with a wooden vanity and large wall mirror.,771,
46032,mscoco,"A sink, toilet, tub and shower in a bathroom.",811,
46033,mscoco,Several skiers traveling down a snowy slope near mountains.,595,
46034,mscoco,A beautiful blonde woman rides a skateboard across a busy street.,887,
46035,mscoco,A small rest room with the toilet disconnected.,825,
46036,mscoco,A group of tooth brushes sitting inside of cups.,56,
46037,mscoco,A person taking a picture in a car mirror.,871,
46038,mscoco,"A bathroom with a sink, counters, mirror and basket.",958,
46039,mscoco,A bathtub in an extravagant bathroom near a big window.,727,
46040,mscoco,The kitchen area was left a mess by the previous people.,312,
46041,mscoco,A group of people wait at a crosswalk by a lighted building at night.,469,
46042,mscoco,"Large kitchen with a butcher's block island and a ""lived in"" look.",671,
46043,mscoco,A white bathroom sink sitting next to a tub.,168,
46044,mscoco,The young an is carrying his surfboard on the beach.,592,
46045,mscoco,Three people in a room next to a wet bar.,141,
46046,mscoco,people waking in the street with their umbrellas opened,453,
46047,mscoco,This is a photo of someones penguin themed bathroom in their home.,713,
46048,mscoco,A large bathroom with a stand up shower.,495,
46049,mscoco,Black and white photograph of surfers walking into the surf,299,
46050,mscoco,A very big nice looking kitchen with big cabinets.,919,
46051,mscoco,A man is surfing on some small ocean waves.,149,
46052,mscoco,Making homemade mini donuts at home using a stove top.,215,
46053,mscoco,A bathtub has a hand held shower device.,224,
46054,mscoco,a kitchen with a an island and three chairs,824,
46055,mscoco,A stop light at an intersection is red,767,
46056,mscoco,A black and white photo of a kitchen table and chairs.,201,
46057,mscoco,A large kitchen with wooden floors and black appliances,753,
46058,mscoco,A kitchen filled with young people and food.,667,
46059,mscoco,someone in a building is walking and carrying a skateboard,10,
46060,mscoco,A man standing in a bathroom in front of a sink.,371,
46061,mscoco,A gathering of people in a white kitchen.,744,
46062,mscoco,A kitchen is adorned with a white paint on its surfaces.,877,
46063,mscoco,A young woman is holding a small kitten.,590,
46064,mscoco,two dogs looking towards a counter full of food,105,
46065,mscoco,"A bathroom with a toilet, sink, and bathtub painted yellow and white.",695,
46066,mscoco,a small bathroom with the sink and toilet covered,805,
46067,mscoco,A yellow bathroom is well decorated with a nice trim,880,
46068,mscoco,A man with an injured hand sleeping in a bed.,152,
46069,mscoco,A cat is perched up on a toilet in a charming bathroom with polka dot floors.,386,
46070,mscoco,A woman slicing tomatoes on a cutting board,974,
46071,mscoco,A leg with the pants wrapped standing near a bicycle wheel.,438,
46072,mscoco,A kitchen with a window that shows the building next door.,696,
46073,mscoco,Three bikes chained up  on three poles in front of the Chinese restaurant.,862,
46074,mscoco,A bathroom decorated all in white sits in an uninhabited house.,173,
46075,mscoco,A bathroom counter has two sinks and a mirror.,949,
46076,mscoco,a white kitchen with sink and a stove.,58,
46077,mscoco,A man laying in bed with some bandages on his hands.,99,
46078,mscoco,A woman holding a dog while sitting at the table.,365,
46079,mscoco,A man carrying vegetables in a cart with a large woven basket.,998,
46080,mscoco,The body of water flows past the lavish building.,486,
46081,mscoco,a black and white photo of a person in a bed,184,
46082,mscoco,A small wooden boats with people and bicycles on it,968,
46083,mscoco,"A small galley kitchen showing stove, dishwasher, and sink",54,
46084,mscoco,This is a person in a boat by himself in a lake by a tree.,121,
46085,mscoco,Big bathtub with a huge mirror next to it and window behind it.,528,
46086,mscoco,A city street corner with the ground covered in snow.,666,
46087,mscoco,A large bus and some people on the street.,347,
46088,mscoco,A large bathroom with a frosted walk in shower,608,
46089,mscoco,Bikes parked beside a gate that is beside a building.,445,
46090,mscoco,A sink and a toilet in a bathroom.,994,
46091,mscoco,A cat that is standing on the top of a car.,153,
46092,mscoco,A man carrying a snowboard across a dirt road.,643,
46093,mscoco,A small white tile bathroom with towels and curtain.,740,
46094,mscoco,A dirty toilet has several things lying on the floor near it.,414,
46095,mscoco,This is a bathroom with a mosaic floor and a wooden door.,251,
46096,mscoco,A police car and a fire truck are at the scene of a possible fire.,35,
46097,mscoco,A group of images of many different cats.,122,
46098,mscoco,A stove top oven sitting in a kitchen.,247,
46099,mscoco,A robe hanging on a door in the middle of a bathroom.,407,
46100,mscoco,An orange cat is has his head down,501,
46101,mscoco,A bathroom sink sitting under a large mirror.,310,
46102,mscoco,A blue double decker bus parked next to bicycles and a car.,705,
46103,mscoco,A bathroom with a toilet and a shower.,611,
46104,mscoco,Two sinks are shown next to a shower and mirror.,978,
46105,mscoco,A tiled full bath with a small mosaic pattern is show empty.,177,
46106,mscoco,A kitchen with all white appliances and counters.,669,
46107,mscoco,Two men are biking while carrying surf boards.,764,
46108,mscoco,A dirty bathroom with a toilet and a sink.,385,
46109,mscoco,a kitchen with a dining table and chairs,795,
46110,mscoco,a man skating on the road wearing a black vest,709,
46111,mscoco,A young man is pushing two bikes up the street,815,
46112,mscoco,this is a sink in a green bathroom with a towel,687,
46113,mscoco,"In a small kitchen, a young man holds a bottle.",675,
46114,mscoco,A toilet that has a pipe that is exposed.,92,
46115,mscoco,a dairy queen drive thru sign with a sky background,797,
46116,mscoco,A man is picking up a white refrigerator.,475,
46117,mscoco,A nice bathroom has a new looking shower and tub.,886,
46118,mscoco,a large kitchen with stainless steel appliances and marble counter tops,838,
46119,mscoco,"A small bathroom features a painting of birch trees, a beveled mirror and a sink cabinet with multi-pane glass windows.",666,
46120,mscoco,A man near a curb with a bag and a box.,392,
46121,mscoco,A counter with various vegetables on it with pictures hanging behind it.,282,
46122,mscoco,There are young adults gathered in a kitchen as one of them is cooking something on the stove.,648,
46123,mscoco,A woman standing next to a bag of luggage in a  kitchen.,669,
46124,mscoco,Two women at doughnut shop holding their choices.,456,
46125,mscoco,A clean bathroom sink and shower with lights on.,377,
46126,mscoco,A microwave oven on top of a stove top oven.,12,
46127,mscoco,A woman standing at the counter in a kitchen connected to a dining room.,123,
46128,mscoco,The cell phone is placed on a wooden table.,120,
46129,mscoco,A bowl filled with carrots next to other vegetables.,85,
46130,mscoco,A doorway into an old storage area for pottery and dishes.,125,
46131,mscoco,"Doorway view to a bathroom with a sink, toilet and tub.",501,
46132,mscoco,A picture of a disorganized kitchen and appliances.,657,
46133,mscoco,Man biking on a trail stops to drink some water.,685,
46134,mscoco,A camera man is preparing to film a ski race.,931,
46135,mscoco,Four people working in a kitchen preparing food.,522,
46136,mscoco,Smiling friends and their ski equipment at a resort,231,
46137,mscoco,"A clean empty bathroom with a chalkboard, trash can and toilet.",24,
46138,mscoco,A young woman stands with her dog in a monochrome sitting,601,
46139,mscoco,a woman standing at the stove and looking at something on it,587,
46140,mscoco,A blurry picture of a woman walking down the street holding an umbrella.,587,
46141,mscoco,a woman is sitting on a bench outside,492,
46142,mscoco,"A bathroom with two sinks, a bathtub and a shower.",281,
46143,mscoco,"A small galley kitchen with a single sink, gas cooktop, no cabinet doors, and apple green walls.",711,
46144,mscoco,A view of a communal bathroom with multiple sinks and windows.,764,
46145,mscoco,A pair of sinks in the middle of a kitchen counter with a wooden countertop,97,
46146,mscoco,A woman is standing with a cell phone while leaning against a wall.,814,
46147,mscoco,A bathroom sink with a checkered floor.,608,
46148,mscoco,a white sink in a small white bathroom,186,
46149,mscoco,A large kitchen with many appliances in it,394,
46150,mscoco,a man with a hat on a bicycle beside a tractor,496,
46151,mscoco,a man that is posing for a picture,661,
46152,mscoco,"A kitchen counter that has a mixing bowel, pans, paper towels, and many other things on it.",720,
46153,mscoco,A cat walking atop a kitchen counter looking for food.,445,
46154,mscoco,A bicycle against a fallen tree on a riverbank,306,
46155,mscoco,White bathroom with grey tile and well lit.,586,
46156,mscoco,A bathroom has a decorative feature by the window.,129,
46157,mscoco,a woman is smiling while on skies in the snow,102,
46158,mscoco,A standard American style bathroom with all white fixtures.,334,
46159,mscoco,A white bathroom has a double sink and mirrors.,66,
46160,mscoco,A mirror is hanging inside of a bathroom.,731,
46161,mscoco,A few flowers sit in a small water filled glass.,931,
46162,mscoco,A man holds a model airplane in a grassy field.,883,
46163,mscoco,A television studio kitchen has a cart with brooms in it.,815,
46164,mscoco,A white shower curtain with blue flowers in a small bathroom.,551,
46165,mscoco,this kitchen has tile floors and counter tops,190,
46166,mscoco,A hotel bathroom vanity has many items on it.,416,
46167,mscoco,a restroom contains a toilet and bathtub on ceramic floor tiles.,833,
46168,mscoco,A bicycle with a helmet on the handle sitting in a room.,718,
46169,mscoco,a kitchen with a table some chairs and a stove,21,
46170,mscoco,Little light shines through the window blinds onto the fancy sink,404,
46171,mscoco,A man in white swim trunks surfing on blue surfboard.,570,
46172,mscoco,Two men working in a big restaurant kitchen preparing food.,838,
46173,mscoco,This bathroom has a white toilet and a white bath tub,550,
46174,mscoco,A horse drawn carriage traveling past very tall buildings.,803,
46175,mscoco,A side of meat on a cutting board on a table.,832,
46176,mscoco,A white toilet sitting next to a bathroom sink.,543,
46177,mscoco,Cyclists fill the street in front of an urban building.,501,
46178,mscoco,A person riding a bike in front of a building next to a patch of grass.,66,
46179,mscoco,"Looking down form above, a man smiling and holding a dog's face next to his, with checkerboard floor with two throw rugs.",532,
46180,mscoco,A man that is sitting on a bike wearing a helmet.,858,
46181,mscoco,People are sitting in front of a store on a bench.,599,
46182,mscoco,A white kitchen with a long marble counter.,552,
46183,mscoco,"A small bathroom contains a toilet, sink, and bath tub.",731,
46184,mscoco,A bathroom with soap and towels laid out.,839,
46185,mscoco,A black and white photo shows a man hanging out of a plane.,810,
46186,mscoco,A bicycle locked to a parking meter with books on it,668,
46187,mscoco,A bathroom has a marble tub and a white sink and black framed mirror.,128,
46188,mscoco,A man talks on his cell phone in front of a store.,772,
46189,mscoco,A bathroom with vases and flowers on the wall.,772,
46190,mscoco,a group of people walking in a building,213,
46191,mscoco,A man standing behind a parked van on top of snow.,989,
46192,mscoco,A bathroom has green tile on the walls.,675,
46193,mscoco,A man sitting in front of a  laptop computer.,920,
46194,mscoco,a lady that is in a big kitchen,121,
46195,mscoco,"A bathroom with brown tile floors, a white toilet and a white sink.",186,
46196,mscoco,Two silver and black parking meters next to a street.,883,
46197,mscoco,A kitchen with tiled flooring and a white stove top oven.,614,
46198,mscoco,A white kitchen without doors on the cabinets.,712,
46199,mscoco,A few construction workers standing on the road.,185,
46200,mscoco,"a wall rack holding pots, pans, and oven pot holders.",6,
46201,mscoco,A refrigerator and a stove in a kitchen,569,
46202,mscoco,A bowl of fruit that is sitting on a table in the kitchen.,458,
46203,mscoco,A dark room with a long wooden table and a bike hanging on the wall.,820,
46204,mscoco,A kitchen with a sofa right beside it.,322,
46205,mscoco,A restaurant employee standing behind two cups on a counter.,126,
46206,mscoco,A white stove top oven sitting inside of a kitchen.,41,
46207,mscoco,A view of a large kitchen with marble counters and dark wood cabinets.,132,
46208,mscoco,Two ovens in use in a professional kitchen .,589,
46209,mscoco,Rows of slow cookers feed a group of people.,212,
46210,mscoco,Wooden cupboards in a kitchen contain plates and small bowls.,669,
46211,mscoco,People are by benches in the city sidewalk.,166,
46212,mscoco,"A bathroom with a toilet, sink, and other bathroom items.",90,
46213,mscoco,A woman riding a bike down a street across a street.,576,
46214,mscoco,A small kitchen with a conventional gas stove and a microwave.,263,
46215,mscoco,A small bathroom with green and white walls,872,
46216,mscoco,A close up of a very cute cat by a car tire.,772,
46217,mscoco,A hotel bathroom with a television in the mirror.,36,
46218,mscoco,This is the parking lot for a waterside resort.,87,
46219,mscoco,A photo of a man with glasses holding a black cat,128,
46220,mscoco,A boy holding one of many cats in the room.,519,
46221,mscoco,a black cat laying on a round rug in a bathroom,306,
46222,mscoco,Man riding bike down storefront sidewalk carrying an umbrella.,373,
46223,mscoco,A toilet is in a bathroom with a blue wall and blue and white tile.,990,
46224,mscoco,A kitchen filled with lots of counter top space.,558,
46225,mscoco,A kitchen with a wooden dining table and chairs.,176,
46226,mscoco,A person holds a plate in a kitchen while another holds a pot.,434,
46227,mscoco,A very cute cat sitting by a small item.,968,
46228,mscoco,a man sitting with his feet up on a chair bench,674,
46229,mscoco,"a bathroom with shelving, toilet and bathtub  sitting on a tiled floor",1,
46230,mscoco,A filthy kitchen features dirt covered cabinets and stove.,255,
46231,mscoco,A woman walking in a park looking at her phone.,308,
46232,mscoco,A mother preparing sandwiches for her two daughters.,48,
46233,mscoco,A person and a dog on a bike.,969,
46234,mscoco,This is a picture of a cabinet in someone's kitchen.,969,
46235,mscoco,A bathroom is shown with a toilet and a sink.,532,
46236,mscoco,A kitchen that has wooden cabinets in it.,927,
46237,mscoco,A show room with various counters and objects on display.,802,
46238,mscoco,A kitchen set adjacent to a dining room with long tables and many chairs.,301,
46239,mscoco,woman in kitchen cutting up a watermelon with knive,675,
46240,mscoco,A kitchen with lots of wooden cabinets and counter tops.,547,
46241,mscoco,older man reading a bicycle on the street,456,
46242,mscoco,a dog that is sitting inside a house,144,
46243,mscoco,"Closed toilet, bidet, basin, and tub in tiled bathroom.",591,
46244,mscoco,A large sunny kitchen with a table for six in it,503,
46245,mscoco,A kitchen with lots of counter top space.,712,
46246,mscoco,A couple of white bathrooms sinks sitting on a floor.,321,
46247,mscoco,A young boy at a sink with the water running and a toothbrush in hand.,536,
46248,mscoco,A white room with some counters on it.,933,
46249,mscoco,a bath room with many towel racks and a small monitor,361,
46250,mscoco,A close up view of a couple of sinks and soap bottle.,621,
46251,mscoco,A man in a pink shirt and bow tie poses for a photo.,552,
46252,mscoco,three people skating on the snow along the mountains,523,
46253,mscoco,"Two restroom sinks, a mirror, and two windows.",215,
46254,mscoco,A man with his hand to the nose of a horse,705,
46255,mscoco,A fairly typical bathroom with a window showing the shower,102,
46256,mscoco,A gold car parked beside a metal building.,679,
46257,mscoco,Two bicycles next to a clock on a sidewalk in front of a store.,840,
46258,mscoco,A kitchen that has food out on the counter being prepared for cooking.,46,
46259,mscoco,The drawers and doors of the kitchen counter are metallic.,243,
46260,mscoco,A very nice sink that is in a bathroom.,38,
46261,mscoco,A dog is standing next to a person,193,
46262,mscoco,A man takes a picture of himself in the bathroom mirror.,146,
46263,mscoco,There is plenty of fresh fruit being sold at the market.,307,
46264,mscoco,"A kitchen sink, and a counter with a knife set.",877,
46265,mscoco,A picture of a white and steel toilet with a picture on the lid.,853,
46266,mscoco,A small bathroom has an all over tile pattern,221,
46267,mscoco,A toilet with a control lever with a flushing system.,981,
46268,mscoco,A woman standing in a kitchen next to a center island.,138,
46269,mscoco,this gray cat is on top of a car,617,
46270,mscoco,A white sink and a toilet in a room.,566,
46271,mscoco,A white tub sitting next to a sink next to a white pillar.,222,
46272,mscoco,a couple of people ride bikes on a street,606,
46273,mscoco,Adult cat lying in white porcelain sink with woman nearby.,368,
46274,mscoco,A bathroom with built in storage and a corner shower.,285,
46275,mscoco,A person on the horse halfway in the lake.,132,
46276,mscoco,A free standing tub in a bathroom well lit from the light coming through the window.,747,
46277,mscoco,A cluttered kitchen with a clock the wall.,638,
46278,mscoco,Some fruits that are being juiced into a measuring cup.,433,
46279,mscoco,An old Mediterranean yellow mosaic tiled bathroom with ornate hanging light.,77,
46280,mscoco,A public toilet bowl in a handicapped restroom stall.,564,
46281,mscoco,The lights are on in the kitchen with white cabinets.,262,
46282,mscoco,The kitchen counter in an apartment overlooking a city,267,
46283,mscoco,A woman shelling beans while people stand around talking.,391,
46284,mscoco,THE ISNIDE OF A BATHROOM WITH A SINK AND A MIRROR AND LIGHTS,666,
46285,mscoco,A cat is sitting on a car hood on a wintery day.,926,
46286,mscoco,A black and white dog is in a bathtub.,168,
46287,mscoco,The street is very empty this late at night.,410,
46288,mscoco,"A bathroom with a toilet, counter, sink, cabinets and drawers in it.",468,
46289,mscoco,a man is cutting a big turkey,86,
46290,mscoco,A man with no shirt riding his bike in hot weather.,968,
46291,mscoco,A bath tub sitting in a bathroom next to a toilet and a sink.,261,
46292,mscoco,A room with a big brick wall by a kitchen.,693,
46293,mscoco,The kitchen counter is cluttered with different objects.,436,
46294,mscoco,a kitchen with oak cabinets and stainless steel applicances,963,
46295,mscoco,A bathroom with a white bath tub and toilet.,712,
46296,mscoco,The reflection of two people with cameras in a bathroom mirror and one person taking a photo with their camera.,147,
46297,mscoco,Two sinks in a white bathroom with a window.,549,
46298,mscoco,The kitten is busy hiding below the car.,209,
46299,mscoco,Someone who is enjoying some rest on the edge of the pier.,73,
46300,mscoco,The mature man seems to be reading something.,645,
46301,mscoco,A giraffe standing next to a  tall cement structure.,751,
46302,mscoco,Untidy kitchen and pantry in a modern suburban house,276,
46303,mscoco,A bathroom with a  white tub next to a stone wall.,649,
46304,mscoco,The public restroom is clean and ready for customers to use.,714,
46305,mscoco,A modern looking kitchen with dual ovens and light colored cabinets.,662,
46306,mscoco,a small bathroom with pipes trailing up the wall,198,
46307,mscoco,two cooking pans on an electric heating stove,732,
46308,mscoco,A group of men behind a stove cooking.,382,
46309,mscoco,A bike parked next to a bucket filled with lots of oranges.,578,
46310,mscoco,A man that is holding a phone in his hand.,674,
46311,mscoco,AN ALL WHITE KITCHEN WITH ALL WHITE APPLIANCES AND CABINETS,664,
46312,mscoco,"A kitchen, with stove, microwave and neatly organized counters.",841,
46313,mscoco,THERE IS AN IAMGE OF A CITY CARS PARKED,524,
46314,mscoco,A close shot of a bathroom sink with toilet paper.,620,
46315,mscoco,The bathroom is white and has a bathtub and a sink and toilet,168,
46316,mscoco,Home kitchen with beige tile and wood cabinets.,430,
46317,mscoco,A bathroom that leads to another room with a window.,842,
46318,mscoco,A neat white kitchen with white cabinets is illuminated by overhead lighting.,158,
46319,mscoco,A couple of people preparing food on top of a counter.,324,
46320,mscoco,a micro wave on top of a mini fridge,807,
46321,mscoco,"A vintage-styled attic bathroom is painted a great shade of green, and has a claw-foot tub.",445,
46322,mscoco,A group of people walking down a street under a power line.,389,
46323,mscoco,A picture of two people posing for a picture.,27,
46324,mscoco,a black and white photo of a pedestrian sign,988,
46325,mscoco,"A large, puffy haired cat standing inside a bath tub.",619,
46326,mscoco,A woman sitting at a kitchen bar with a cake on it.,254,
46327,mscoco,A man standing in a kitchen cooking food.,80,
46328,mscoco,A bathroom is prepped for painting as blue masking tape is covering the edges.,277,
46329,mscoco,Motion blurred picture of a cook frying sandwiches.,128,
46330,mscoco,The bicycle is covered in fluffy white snow.,545,
46331,mscoco,A bright red rest room with a big basin sink.,113,
46332,mscoco,A little boy looks out the window on a moving train,701,
46333,mscoco,"a bathroom with a window, sink and toilet",562,
46334,mscoco,two people are sitting on a wooden bench looking at a field,417,
46335,mscoco,A gorgeous warm and inviting oak kitchen with granite counter tops.,68,
46336,mscoco,A black bathroom sink under a bathroom mirror.,338,
46337,mscoco,There is a man smiling with a banana in front of his mouth,656,
46338,mscoco,A small clean home bathroom with sliding glass doors for the tub,92,
46339,mscoco,A woman in a bathing suit next to a dog inside a milk crate attached to a bike.,372,
46340,mscoco,A man and a woman walking with an umbrella and a woman walking with a hood on her head.,932,
46341,mscoco,A cabinet filled with black and white dishes and bowls.,342,
46342,mscoco,A public bathroom with a view of one of the sinks in front of a mirror,797,
46343,mscoco,A bathroom with a washer right next tot he toilet.,280,
46344,mscoco,A girl is cooking in a kitchen and a man is standing next to her.,150,
46345,mscoco,A car went through an intersection with a traffic sign and light.,890,
46346,mscoco,Two women beside a bicycle near a body of water.,818,
46347,mscoco,A large kitchen with sky lights and lots of counter space.,232,
46348,mscoco,"A dark kitchen illuminated with an over-sink light, showing the counter .",281,
46349,mscoco,A girl on a motorcycle is talking to some people on the street.,11,
46350,mscoco,A man rides a horse and brandishes a whip at his companions.,101,
46351,mscoco,A man riding a bake with a dog on the back in a trailer.,387,
46352,mscoco,Bathroom sink with a variety of different toiletries on it.,993,
46353,mscoco,a man on his bike is walking a dog,228,
46354,mscoco,Towels hanging near a microwave oven on a kitchen wall.,388,
46355,mscoco,A small bathroom with the shower curtain open to show the shower.,975,
46356,mscoco,A woman riding a bike down a sidewalk next to parked cars.,108,
46357,mscoco,a woman wearing a crown and a young boy smile at a table with a cake,802,
46358,mscoco,four yellow red and white bicycles a building and some trees,948,
46359,mscoco,A boy on a boat dipping his bare feet into the water,127,
46360,mscoco,All white bathroom with white furniture and lighted floors.,180,
46361,mscoco,A multi colored dog jumping up to catch a frisbee.,540,
46362,mscoco,Two men looking at a laptop computer screen.,746,
46363,mscoco,a picture of an older woman holding a plate of food.,897,
46364,mscoco,a person riding a surf board on a wave,314,
46365,mscoco,A black and white photo of a person with two cows.,603,
46366,mscoco,A large clock sitting on the side of a sidewalk.,842,
46367,mscoco,A girl swings a hula hoop around her legs,827,
46368,mscoco,Parking meter on sidewalk across street from city businesses.,502,
46369,mscoco,There is a man waiting for a ride.,98,
46370,mscoco,A man holds a baked good in his hands.,542,
46371,mscoco,A lady carrying a backpack and riding a bicycle stopped at a traffic light while cars pass in the opposite direction.,358,
46372,mscoco,A man is walking down the sidewalk next to a building.,718,
46373,mscoco,A kitchen and dining area are separated by a tall shelf stacked with dishes.,586,
46374,mscoco,An empty and very clean white and tan kitchen.,887,
46375,mscoco,A pink tiled bathroom features a custom hexagonal window over the tub.,289,
46376,mscoco,"A bathroom area with a tiled floor, white toilet and sink.",565,
46377,mscoco,Two kitchen stools sitting in front of an island in a kitchen,278,
46378,mscoco,Adults in eating area with food items displayed on table.,623,
46379,mscoco,The woman is stirring whats in the pan with a wooden spoon.,102,
46380,mscoco,A woman is crossing the street on her bicycle.,919,
46381,mscoco,Toilet with green shower walls and patterned flooring.,50,
46382,mscoco,A car has a sticker saying the truth is out there,175,
46383,mscoco,Woman at kitchen counter cutting up a fish.,326,
46384,mscoco,An open curtain in a small home bathroom,970,
46385,mscoco,A man on his stomach in a white bed.,770,
46386,mscoco,There is a pile of oranges in a basket,399,
46387,mscoco,A bathroom with full vanity and wall mirror.,186,
46388,mscoco,"An old wooden table has utensils, pots, and pans on it.",354,
46389,mscoco,A city area with a stop sign and street signs above the stop sign.,826,
46390,mscoco,A young boy is outside with a cat near some flowers.,760,
46391,mscoco,A small sink area is packed with items.,695,
46392,mscoco,"A bathroom with a mirror, toilet, counter and birdcage.",992,
46393,mscoco,A couple of women preparing food inside of a kitchen.,808,
46394,mscoco,A group of people on a grassy field where a plane is landing,545,
46395,mscoco,A roll of toilet paper is attached to the wall beside a toilet.,565,
46396,mscoco,The sink counter of the small bathroom is made of wood.,609,
46397,mscoco,Inside of a bathroom with a sink and mirror.,904,
46398,mscoco,two people on a motorcycle a man with baskets on a push cart,871,
46399,mscoco,A car sitting beside a blue bird in front of a house.,413,
46400,mscoco,a kitchen with white walls and fridge and brown cupboards,489,
46401,mscoco,A cat is sitting on the stone with the man,607,
46402,mscoco,A woman sitting on a bench by a red bike.,131,
46403,mscoco,A red delivery truck driving down a road with people on bikes.,266,
46404,mscoco,"In a small bathroom, the toilet is beside the sink",10,
46405,mscoco,A view of a couple of furnished rooms in a doll house.,704,
46406,mscoco,A woman walking next to a bike next to a dog.,526,
46407,mscoco,Large group of metallic appliances sitting in the back of a restaurant.,731,
46408,mscoco,A close view of the front of a restroom toilet with brown lid.,160,
46409,mscoco,a kitchen window a sink and some cabinets,674,
46410,mscoco,A BATHROOM WITH A TOILET A SINK AND MIRROR,130,
46411,mscoco,Chefs in a kitchen all work to prepare meals,147,
46412,mscoco,A bathroom with blue and white tiles and white cupboards and sink.,388,
46413,mscoco,A white stove and refrigerator in a room.,582,
46414,mscoco,A man who is walking towards a car in the snow.,754,
46415,mscoco,A green and tan themed kitchen with bar stools.,274,
46416,mscoco,A bathroom with gray walls and pictures on the wall and a white sink,55,
46417,mscoco,A bike sitting on a train by some folded up chairs,941,
46418,mscoco,brown cabinets the a stainless steel double sink,743,
46419,mscoco,A sink built under a window in the bathroom area.,655,
46420,mscoco,A group of people poses with their motorcycles and a mountain in the background.,998,
46421,mscoco,A small bathroom with a yellow towel on the floor and a rack with magazines and various other items.,380,
46422,mscoco,A bathroom scene looking at the toilet and sink.,725,
46423,mscoco,Cars are sitting at a traffic light at a busy intersection.,797,
46424,mscoco,Several bunches of green bananas tied to a bicycle.,256,
46425,mscoco,a topless man laying on the bed,695,
46426,mscoco,Double sinks in a bathroom are a double treat for homeowners.,624,
46427,mscoco,A panoramic view of a kitchen and all of its appliances.,429,
46428,mscoco,"A kitchen with a stainless steel stove, microwave and refrigerator.",724,
46429,mscoco,a person jumping a skate board in the air,469,
46430,mscoco,"A kitchen has a sink, microwave, and washer in it.",188,
46431,mscoco,A group of people on bicycles in middle of street next to trees.,450,
46432,mscoco,A woman takes a photo of her reflection in a bathroom mirror.,363,
46433,mscoco,A picture of a man using his mac laptop.,818,
46434,mscoco,A white bathroom toilet sitting under a window.,480,
46435,mscoco,The large bathroom has a toilet and a blue tub in it.,515,
46436,mscoco,A man waving at a school bus from his driveway.,294,
46437,mscoco,A cat's face in a bathroom sink with flowers behind it.,283,
46438,mscoco,"A kitchen with stove, refrigerator, and table in it.",976,
46439,mscoco,a little bathroom with beige cupboards and a white toilet and sink,439,
46440,mscoco,An overview of a bathroom with a vanity and a spa tub.,534,
46441,mscoco,a group of people wih skis are gliding down the snow path.,965,
46442,mscoco,Many spoons and kitchen utensils are on the wooden rack.,736,
46443,mscoco,Chefs standing in a kitchen preparing food side by side.,903,
46444,mscoco,Bicycles lined up beside each other outside in the snow.,946,
46445,mscoco,A woman in red boots sits on a table in front of a China cabinet.,834,
46446,mscoco,A window is open next to a spice rack and some jars.,235,
46447,mscoco,"A man stopped on a bike on a path, holding a drink.",313,
46448,mscoco,"A kitchen containing a refrigerator, stove, microwave and sink.",651,
46449,mscoco,Interior of bathroom with shower curtain and toiletries,879,
46450,mscoco,A man standing with a woman on phone on the side of a road near a tree.,90,
46451,mscoco,A kitchen with wood floors and white cabinets,971,
46452,mscoco,A girl dances with a bird up above.,313,
46453,mscoco,A woman carrying her cell phone while walking down the street,417,
46454,mscoco,An infant in a bicycle seat near a large passenger ship.,790,
46455,mscoco,Two men holding up very large pizzas at a restaurant table.,321,
46456,mscoco,A surfer rides his surf board on some very small waves.,866,
46457,mscoco,there re many men posing with a cake for a picture,93,
46458,mscoco,People are shopping at an outdoor fruit stand.,650,
46459,mscoco,A yellow fire hydrant next to a metal pole.,82,
46460,mscoco,A woman preparing food while standing in a  kitchen.,79,
46461,mscoco,A brown and white dog laying on two pillows.,748,
46462,mscoco,A blended and a toaster sit beside each other on kitchen counter top.,246,
46463,mscoco,A woman wearing a head scarf poses for a picture while preparing food in a bare room.,968,
46464,mscoco,Person riding on bike against oncoming truck traffic.,96,
46465,mscoco,a white cat laying on top of a car,170,
46466,mscoco,A photograph of a skier performing a stunt.,590,
46467,mscoco,A group of young children intereacting on a school bus ride.,59,
46468,mscoco,A toilet sitting in a bathroom next to a  sink.,87,
46469,mscoco,A man and woman posing all dressed up.,762,
46470,mscoco,Two employees standing behind the counter of a diner,293,
46471,mscoco,A photo of a view of a bathroom from the door.,568,
46472,mscoco,a bathroom with a sink and glass shower doors,952,
46473,mscoco,A bathroom showing the bath tub and sink area.,505,
46474,mscoco,A man cooking food on top of a hot plate.,828,
46475,mscoco,Used bottle of hair coloring in front of a mirror.,896,
46476,mscoco,A car parking lot next to a bike parking lot,11,
46477,mscoco,"Dining table in a semi-formal setting set, beside a fireplace.",986,
46478,mscoco,A very large animal has its face near the fence.,972,
46479,mscoco,A boy wearing a helmet does a skateboard trick.,435,
46480,mscoco,Dog watching out a window with bike against a pole,694,
46481,mscoco,A man sharpening knifes on a bicycle on the street,521,
46482,mscoco,A bicycle that is on a its on little trailer.,955,
46483,mscoco,a bathroom with a toilet sits next to a trash can,749,
46484,mscoco,a kid's room with very many playing toys,140,
46485,mscoco,A baseball player swinging a bat to warm up,492,
46486,mscoco,An old bath room with the toilet ripped out,510,
46487,mscoco,a long counter with three sinks and fancy faucets,528,
46488,mscoco,A living room with lots of furniture in front of a fireplace.,702,
46489,mscoco,A girl is making a face while holding a wrench.,694,
46490,mscoco,a small room filled with wooden cabinets and shelves,910,
46491,mscoco,a bath room with a toilet a sink and a shower,546,
46492,mscoco,A group of people standing around a kitchen preparing food.,715,
46493,mscoco,A clean kitchen is pictured in this image.,128,
46494,mscoco,The bicycle is near the pen with the horse.,416,
46495,mscoco,A couple young girls standing on top of a horse,15,
46496,mscoco,a sink and a window in a bathroom,632,
46497,mscoco,A woman is scooping food in a pan on the stove.,195,
46498,mscoco,A kitchen is full of various pans and kitchen items.,933,
46499,mscoco,A group of people standing on a field flying kites.,852,
46500,mscoco,A small dog laying between the feet of his owner.,764,
46501,mscoco,A cat sitting on the hood of a vehicle.,8,
46502,mscoco,Cars on a gas station near a city street,732,
46503,mscoco,an image of a beach sunset with a bike in the sand,436,
46504,mscoco,A man riding on a motorcycle through a dry grass covered field.,720,
46505,mscoco,"A bathroom with a checkered floor, corner sink and corner mirror.",548,
46506,mscoco,A woman with a cell phone in her hand.,768,
46507,mscoco,several motorcycles parked in an alley between two buildings,354,
46508,mscoco,A guy and girl celebrating an occasion with a cake with chocolate frosting and 1 candle.,251,
46509,mscoco,A Siamese cat laying on top of a chair.,757,
46510,mscoco,A beautiful blonde woman laying in bed with a man.,678,
46511,mscoco,A young man walking down a street talking on a cell phone.,974,
46512,mscoco,Back in the 1960's there weren't many bicyclists on the road.,943,
46513,mscoco,A whirlpool garden tub surrounded by mirrors that reflect the light.,844,
46514,mscoco,A stop light is next to a street sign in the city.,902,
46515,mscoco,An industrial kitchen with chefs preparing meals in it,968,
46516,mscoco,"A kitchen with a sink on one side and a refrigerator, stove, microwave, and oven on the other side.",541,
46517,mscoco,A series of two pictures showing a bathroom before and after.,701,
46518,mscoco,A man sleeping on a bed with a little horse,624,
46519,mscoco,A small white bathroom with a sink and toilet.,44,
46520,mscoco,a room showing a toilet and air freshener and a curtain,622,
46521,mscoco,Well decorated bathroom with artwork and earth toned tile and paint.,460,
46522,mscoco,a close up of an umbrella attached to a bike,988,
46523,mscoco,An animated picture of a person standing in the middle of a kitchen,173,
46524,mscoco,"A white bathroom with a sink, mirror, and window.",691,
46525,mscoco,A bathroom has a skylight and a chair.,953,
46526,mscoco,A white kitchen in a home with the light on.,904,
46527,mscoco,A white and blue train parked next to a bunch of bikes.,783,
46528,mscoco,A tidy bathroom is decorated in shades of beige and brown.,537,
46529,mscoco,"a bathroom with a shower, toilet and shower curtain",926,
46530,mscoco,an image of public stall restroom that is very dirty,231,
46531,mscoco,A picture of a large eat in kitchen with dark wood cabinets.,180,
46532,mscoco,An orange and white bathtub sits against a bathroom wall.,77,
46533,mscoco,"A bathroom with a white toilet, sink and a window.",376,
46534,mscoco,A couple of people on bikes on a road.,860,
46535,mscoco,A man leaning on another man both in suits and ties.,137,
46536,mscoco,A man with a beard wearing a suit standing in front of a green house.,527,
46537,mscoco,A bathroom with a tub and sink is shown.,362,
46538,mscoco,A very clean bathroom is shown with wood cabinets.,976,
46539,mscoco,A person looking at a book and stirring a pot on the stove,53,
46540,mscoco,White umbrella hanging from a cable next to bicycles.,433,
46541,mscoco,A man with bandages on his hands covers his face while lying in bed.,508,
46542,mscoco,A picture of a sink with a handheld shower attachment mounted on the wall.,389,
46543,mscoco,A kitchen with a stove and a refrigerator.,175,
46544,mscoco,A worker in a commercial kitchen placing food into a pot.,383,
46545,mscoco,A cat lays down on the dash of a car.,994,
46546,mscoco,A woman pushing her surfboard into the waves of the ocean.,116,
46547,mscoco,This strange device is not common in the Western world.,347,
46548,mscoco,A woman playing with a dog on the beach,936,
46549,mscoco,A person surfing on waves in the ocean.,696,
46550,mscoco,A clown driving a tour car with several passengers.,256,
46551,mscoco,A oven stove combination sitting under a microwave oven in a kitchen.,852,
46552,mscoco,A young shirtless child laying face down on a bed.,553,
46553,mscoco,An assortment of baskets and goods posed under a window.,872,
46554,mscoco,A group of bikes and a motorcycle parked alongside a drink machine.,785,
46555,mscoco,refrigerator next to an oven in a empty room,879,
46556,mscoco,Something has got that man's attention from riding his bike.,121,
46557,mscoco,There is a large pile of clean dishes on the counter.,298,
46558,mscoco,A sink and a toilet with the door open to the bathroom.,307,
46559,mscoco,A photograph of an individual being taken in this picture.,495,
46560,mscoco,An old photo of many bikes leaning against a fence while crowds of people play on the beach.,301,
46561,mscoco,a small red bike that is parked inside a house,272,
46562,mscoco,A home kitchen with a fridge and a microwave and a stove.,219,
46563,mscoco,A man is taking a ride on his motorcycle wearing the proper gear.,3,
46564,mscoco,A bicycle parked in a kitchen with a stove and cabinets.,756,
46565,mscoco,"A bathroom scene with a toilet, sink and a bathtub.",647,
46566,mscoco,a man with skis and ski poles and a hat,583,
46567,mscoco,This kitchen has silver appliances and wood cabinets,404,
46568,mscoco,A young man and woman sitting on a bed,223,
46569,mscoco,a cat laying on a car driver seat,946,
46570,mscoco,A man petting a giraffe at the zoo.,313,
46571,mscoco,A sink sitting under a window inside of a kitchen.,952,
46572,mscoco,"A large, old fashioned kitchen shows lots of pans hanging on the wall, a double sink, and lots of wood counters and cabinets while a ceiling fan hangs on the ceiling.",956,
46573,mscoco,A bathroom sink at a hotel with the usual amenities on the counter,983,
46574,mscoco,A woman walking a large brown dog next to a tennis ball.,659,
46575,mscoco,A bathroom sink sitting underneath a mirror on a red wall.,528,
46576,mscoco,One cat standing in the sink while the other sleeps on the toilet,846,
46577,mscoco,"A bathroom, with toilet, shower stall, bathtub, sink, and skylight.",915,
46578,mscoco,A bathroom with a toilet and a very dirty bathtub.,37,
46579,mscoco,A bike parked by a parking meter on a road.,958,
46580,mscoco,"A bathroom with a dirty tile floor, peeling paint on the walls and a bucket with a stick in it on the middle of the floor.",475,
46581,mscoco,"A clean kitchen with several cabinets, a sink, a coffee maker, and a vase of flowers.",914,
46582,mscoco,A toilet has the seat up in a white bathroom.,633,
46583,mscoco,A woman posing near  the stairs with her umbrella.,869,
46584,mscoco,a man on his cell phone wearing a cap.,500,
46585,mscoco,a cat crouches on top of a toilet.,59,
46586,mscoco,Two children play on a laptop while their mother cleans dishes behind them.,365,
46587,mscoco,A person making a bed inside a small enclosed space.,7,
46588,mscoco,A woman standing in a kitchen preparing food.,631,
46589,mscoco,A man and woman that are standing in side of a room.,472,
46590,mscoco,A bathroom that is under renovation with a bucket in the tub.,337,
46591,mscoco,A man standing at the end of a pier near water.,306,
46592,mscoco,A kitchen with stainless steel double oven and microwave and light oak cabinets.,363,
46593,mscoco,A group of people eating Krispy Creme sitting ina board room setting.,110,
46594,mscoco,A man wearing a helmet on a bicycle in a street that has a guard railing on the side of the walkway.,6,
46595,mscoco,A bicycle repair sign stands next to a parking lot,359,
46596,mscoco,a bathroom with a television inside of it,912,
46597,mscoco,A woman walking with an umbrella in the sun.,740,
46598,mscoco,A bathroom with a white toilet next to a bathroom sink.,191,
46599,mscoco,The house has an open floorplan and exposed beams.,412,
46600,mscoco,Retro bathroom with pink and white tiles and vertical lights by the mirror.,364,
46601,mscoco,small white kitchen with a bike and backpack parked in it,10,
46602,mscoco,An industrial type bathroom with an open shower.,104,
46603,mscoco,A couple of people on the ground with umbrellas.,442,
46604,mscoco,A man is sitting on a toilet in a dirty background.,504,
46605,mscoco,a woman in a blue top a stove a sink a table and chairs,203,
46606,mscoco,Guy pokes through the wall recording the baseball game as a outfielder goes for the ball.,87,
46607,mscoco,a person taking a photo in a bath room mirror,542,
46608,mscoco,Skiers on a snow trail together with forrest behind them.,527,
46609,mscoco,a group of people walk with umbrellas in a rain storm,921,
46610,mscoco,A white bathroom with white walls and white tile floor.,158,
46611,mscoco,A man in a kitchen preparing food on a table.,421,
46612,mscoco,This kitchen has cabinets and cupboards which are made out of oak.,127,
46613,mscoco,A skateboarder is moving swiftly down the street.,936,
46614,mscoco,A man holding a small toy plane in a grass field.,500,
46615,mscoco,A car parked on the side of the road.,8,
46616,mscoco,A very pretty lady by a small car packed with stuff.,160,
46617,mscoco,A shirtless man riding a mini bicycle on the street,788,
46618,mscoco,A view of a great room consisting of a living room and dinning room.,673,
46619,mscoco,A man is performing tricks on a bicycle.,257,
46620,mscoco,The modern computer has been decorated with wood.,232,
46621,mscoco,Two women in a bed taking selfies of themselves.,482,
46622,mscoco,a yellow bathroom with blue tiles a toilet lights a mirror and towels,405,
46623,mscoco,A picture of a meter on the side of the  street.,384,
46624,mscoco,A store with Asian signs  with bicycles parked outside,307,
46625,mscoco,Seven people are sitting on a bench engaged in various activities on a city street.,374,
46626,mscoco,Four people on horseback walk along the shoreline of the beach while a large ship is in the background.,439,
46627,mscoco,A kitchen with wooden cupboard and a white microwave.,914,
46628,mscoco,a man standing on the beach flying a kite,187,
46629,mscoco,A woman is sitting on her kitchen counter.,550,
46630,mscoco,Many objects are on the shelves and the refrigerator.,832,
46631,mscoco,an image of bathroom setting with a toilet,276,
46632,mscoco,An empty kitchen with a pink bag on the counter top.,112,
46633,mscoco,The counter top has two white sinks.,450,
46634,mscoco,A woman with a backpack is walking outside with an umbrella.,673,
46635,mscoco,a close up of a dog walking on a road,860,
46636,mscoco,The kitten is standing on the dash board of a car.,450,
46637,mscoco,a kitchen with a table and chairs with a stove,166,
46638,mscoco,A baby is sleeping  hidden under a cover,144,
46639,mscoco,The man is riding his bike down the street.,363,
46640,mscoco,a toilet sits next to a sink and a bath tub,766,
46641,mscoco,A dog sitting in a white bath tub near shampoo and conditioner.,445,
46642,mscoco,A vintage bike with backward handlebars is rested against a pole in a snowy area.,6,
46643,mscoco,"A beautiful kitchen with wooden cabinets, hardwood floor, and stainless steel refrigerator.",368,
46644,mscoco,children ride on ponies in a circle,905,
46645,mscoco,"BATHROOM WITH WHITE WALLS AND TUB, BROWN CABINET AND FLOOR",892,
46646,mscoco,"A white bathroom with a bathtub, sink, and toilet.",727,
46647,mscoco,a kitchen with a stove sink refrigerator and a microwave,204,
46648,mscoco,A bathtub and shower stall seen through a mirror.,114,
46649,mscoco,An empty break room and meeting room for an office,195,
46650,mscoco,A distorted view of a bathroom with tile flooring and windows.,292,
46651,mscoco,A close-up of the seeds and guts of a pumpkin.,42,
46652,mscoco,Two people in uniforms standing and working in a professional kitchen setting.,137,
46653,mscoco,A picture of a large kitchen with wooden cupboards.,405,
46654,mscoco,A professional kitchen with metal counter tops with good lighting.,432,
46655,mscoco,"Open toilet, mirror, and bath tub in a small bathroom.",762,
46656,mscoco,A man holding a lemon of a metal container with a strainer.,340,
46657,mscoco,a person riding a bike with a train in the background,923,
46658,mscoco,A kitchen with a refrigerator with many objects stuck on it and a preparation table with many objects on it.,33,
46659,mscoco,Two women take a picture of their reflection in a bathroom mirror.,165,
46660,mscoco,A stove is illuminated by its hood light.,683,
46661,mscoco,a public restroom filled with sinks and mirrors,204,
46662,mscoco,A gray and white cat scratching its face on a car antenna on top of the car.,972,
46663,mscoco,there is a woman holding things in a suitcase on the street,491,
46664,mscoco,A bathroom with a reflection of a beer ad on the door.,983,
46665,mscoco,a person riding a bike near a public transit bus,682,
46666,mscoco,A woman preparing food in a kitchen next to pots and pans.,273,
46667,mscoco,"A close up of a black cat looking upward, away from the camera",122,
46668,mscoco,A mirror and a window in a room.,432,
46669,mscoco,A cat is sitting on a motor scooter.,501,
46670,mscoco,"Kitchen scene, looking like a model home, stove/oven, dining nook table.",564,
46671,mscoco,Onlookers look up at a large red kite.,508,
46672,mscoco,A dog is watching a woman prepare a meal.,820,
46673,mscoco,The rider is wearing a helmet on a white horse.,699,
46674,mscoco,An old man sitting in a chair at a park next to cans of soda.,732,
46675,mscoco,A row of large metal tubs in an industrial kitchen.,131,
46676,mscoco,"A park with trees, bushes, walkways and benches in front of a skyline of buildings.",333,
46677,mscoco,A stop here on red sign in black and white,770,
46678,mscoco,A white bathroom with white fixtures and orange curtain,783,
46679,mscoco,A young woman posing for the camera near a bunch of parked bikes.,800,
46680,mscoco,A stop sign near a steepled church parking lot.,903,
46681,mscoco,A plainly decorated yet clean bathroom is pictured.,410,
46682,mscoco,two people sitting on a bench talking to each other,514,
46683,mscoco,People travel on a quiet street by walking and biking.,744,
46684,mscoco,A nasty poop covered toilet sitting next to a sink.,946,
46685,mscoco,A chair is sitting directly across from the toilet.,760,
46686,mscoco,Bicyclists riding and horse walking on brick paved street.,864,
46687,mscoco,The kitchen is beautiful with updated stainless steel appliances.,846,
46688,mscoco,A small orange cat by a bike on the street.,399,
46689,mscoco,A shelf with books and toilet paper outside of a small bathroom.,135,
46690,mscoco,A group of trike cyclists an bicyclists on a bike trail by a beach,113,
46691,mscoco,a person playing with a cat in a car,981,
46692,mscoco,a bathroom with a bath tub a sink and a mirror,111,
46693,mscoco,"A kitchen with a white refrigerator, wood cabinets and a dining table and chairs.",812,
46694,mscoco,Attractive women in white shirts eating healthy food.,22,
46695,mscoco,A stop sign displaying a no parking sign just outside a parking lot,130,
46696,mscoco,A large cat laying underneath someones parked car,160,
46697,mscoco,A guy with a big coat and woman looking at him.,353,
46698,mscoco,A man is standing wearing a suit and hat.,513,
46699,mscoco,A man in the air with a skateboard doing a trick.,14,
46700,mscoco,Two cats standing in side-by-side white bathroom sinks.,786,
46701,mscoco,A bathroom with pink tile and the toilet removed.,701,
46702,mscoco,A white toilet inside of a bathroom stall with not seat.,243,
46703,mscoco,"This kitchen contains a dishwasher, a sink, a stove, microwave, oven, and counters.",54,
46704,mscoco,A frilly bathrobe hangs next to a shower door.,695,
46705,mscoco,"A kitchen area with a table, coffee maker and a clock.",850,
46706,mscoco,a man in japanese armor talking on a cell phone,351,
46707,mscoco,A very hair arm holds a blade next to an open medicine cabinet.,440,
46708,mscoco,A black cat laying on the floor looking up.,1000,
46709,mscoco,there is a man standing on a field talking on the phone,612,
46710,mscoco,The wooden bathroom features two separate raised sinks.,756,
46711,mscoco,Two men talk in a kitchen while a woman watches from the doorway.,9,
46712,mscoco,a man measuring and working on cabinets in a kitchen,445,
46713,mscoco,"A bathroom with a toilet, sink and artwork.",492,
46714,mscoco,A cat lazily licking its paw beneath a car,297,
46715,mscoco,"A living area has exposed brick, a shelf made out of a fireplace, and a small kitchenette.",289,
46716,mscoco,A small bathroom with a sink a mirror.,498,
46717,mscoco,A yellow pedal cab goes down a city street.,85,
46718,mscoco,a close up of a dog in a bath tub,780,
46719,mscoco,An old fashioned kitchen with a variety of utensils.,440,
46720,mscoco,Two young children standing on a moving horse,254,
46721,mscoco,Two men that are standing in the sand.,633,
46722,mscoco,A person with a toothbrush near a tree.,157,
46723,mscoco,a toilet a sink  some toilet paper and a towel,747,
46724,mscoco,Man and woman sitting at table viewing computer screen.,524,
46725,mscoco,A woman is baking something using chocolate in the kitchen.,192,
46726,mscoco,a lit up bath room with a sink and mirror only,256,
46727,mscoco,A small bathroom with separate toilet and shower compartments and a vessel sink.,288,
46728,mscoco,A picture of a very clean sink in a room.,786,
46729,mscoco,A bathroom with a large tub and sink,118,
46730,mscoco,two pictures showing a before and after of a bathroom,885,
46731,mscoco,Two men and two women make breakfast plates in a kitchen.,270,
46732,mscoco,A cake with chocolate frosting and shavings on top,718,
46733,mscoco,A large kitchen has three men at the counters.,254,
46734,mscoco,A toilet sits in a very small bathroom.,683,
46735,mscoco,People sit around a table cutting cookies out of dough.,841,
46736,mscoco,Two ladies preparing food in a small multiple colored kitchen.,440,
46737,mscoco,THERE IS A MAN THAT IS HOLDING AN UMBRELLA,204,
46738,mscoco,A woman standing near her kitchen area of a home.,486,
46739,mscoco,A row of black marble rectangular sinks in a  black tiled bathroom,724,
46740,mscoco,A kitchen filled with appliances and cupboards green painted walls..,802,
46741,mscoco,The dining table is set in a bay window next to the kitchen.,830,
46742,mscoco,A small kitchen counter with appliances and a shelf,106,
46743,mscoco,A very small and clean kitchen sits empty.,718,
46744,mscoco,a cat sitting with a person on a couch.,748,
46745,mscoco,A girl holds a cat while talking on a cell phone.,515,
46746,mscoco,A view through a peep hole into a bath room.,626,
46747,mscoco,A bathroom filled with a sink and a walk in tub shower.,186,
46748,mscoco,a sever copper pots on a stove in a commercial kitchen,194,
46749,mscoco,A cat curiously climbs around a bath tub.,876,
46750,mscoco,a tower with a golden gate next to some street lights,606,
46751,mscoco,A kitchen with lots of counter top space and a sink.,645,
46752,mscoco,A kitchen has an overlooking balcony looking out at another building.,650,
46753,mscoco,a group of people that have a bunch of food on a table,153,
46754,mscoco,A man skateboarding on skateboards on gray pavement,235,
46755,mscoco,a man riding a bike with a dog walking beside him,124,
46756,mscoco,The picture shows a few views of a kitchen in an apartment.,136,
46757,mscoco,The treats are prepared and ready to be eaten,411,
46758,mscoco,The sky is filled with kites at a kite fest.,40,
46759,mscoco,"A room with a sink, chair and a table",281,
46760,mscoco,Bicycle parked at meter outside large building with column.,197,
46761,mscoco,a silver refrigerator a sink and some brown cabinets,952,
46762,mscoco,A dessert that is on a cooking tray.,150,
46763,mscoco,A bus passes a woman standing on a city sidewalk.,437,
46764,mscoco,A small and very clean public bathroom in a restaurant.,19,
46765,mscoco,This is a white bathroom sink in front of a black tiled wall.,632,
46766,mscoco,A white refrigerator freezer sitting next to a stove top oven.,205,
46767,mscoco,A smiling woman standing in front of a stove,94,
46768,mscoco,A view of a sink and commode in a bathroom.,886,
46769,mscoco,A man stares at a cake with candles,53,
46770,mscoco,Small bedroom with colorful pictures sitting along the wall.,390,
46771,mscoco,Black and white photograph of a woman holding a cat.,418,
46772,mscoco,"A toilet basin with a lid closed, water sink and mirror.",538,
46773,mscoco,A kitchen filled with wood flooring and furniture.,314,
46774,mscoco,"A bathroom with double vanity, class-enclosed shower, and separate toilet cubicle.",717,
46775,mscoco,A woman in a kitchen putting a pan in a stove.,649,
46776,mscoco,"Inside there is a small kitchen and couch, with clutter, viewed through a lens.",237,
46777,mscoco,a busy street full of cars with red traffic lights,228,
46778,mscoco,An old-fashioned kitchen with wooden walls and a cooking fireplace and a central preparation table and wooden chairs in its middle.,345,
46779,mscoco,Man standing in kitchen holding cups in hand.,437,
46780,mscoco,"Cooking counter made of steel, with cooking accessories.",491,
46781,mscoco,A toilet sits next to a sink in a bathroom.,63,
46782,mscoco,A woman with gloves that is standing near a counter.,523,
46783,mscoco,A photo of a toilet and washer from the ground looking upward.,438,
46784,mscoco,A cat standing in front of a set of pipes near a door.,660,
46785,mscoco,A decorative bathroom has a sink and large bath tub.,53,
46786,mscoco,A bicyclist amongst motorbike riders in a parade,312,
46787,mscoco,There is a cat climbing over the side of this bicycle.,113,
46788,mscoco,a small simple bathroom with a bathtub and toilet,276,
46789,mscoco,"Bathroom with tile floor, sink, bathtub, and toliet.",373,
46790,mscoco,A person's back reflected in a bathroom mirror.,288,
46791,mscoco,A car has multiple bikes hooked onto it's roof.,966,
46792,mscoco,"A bathroom with a white sink, large white wall tiles and red floor",360,
46793,mscoco,A small bedroom with clothes strewn on the floor and and unmade bed,729,
46794,mscoco,A kitchen in a state of construction without cabinet doors,429,
46795,mscoco,A slection of kitchen set ups and accessories.,253,
46796,mscoco,The fancy bathroom features a raised white basin.,328,
46797,mscoco,A person on a skateboard up in the air.,917,
46798,mscoco,An adult riding a bike next to a little boy.,49,
46799,mscoco,A row of urinals against a lit orange wall.,187,
46800,mscoco,Some small toy horses hanging on some strings.,42,
46801,mscoco,a cart of beans with people looking at them,1,
46802,mscoco,A kitchen painted white with blue tile and a stove top oven.,54,
46803,mscoco,A group of people are standing in the snow on skis.,677,
46804,mscoco,A watermarked image of a nice looking kitchen.,763,
46805,mscoco,A bathroom is white and has a brown and white floor.,330,
46806,mscoco,A kite being flown over an open field.,218,
46807,mscoco,A man is riding on the top of an elephant.,293,
46808,mscoco,"A kitchen with a dishwasher, sink, refrigerator and a table.",484,
46809,mscoco,a man cooking food on a giant stove,287,
46810,mscoco,"A bathroom with a vanity sink, toilet and corner shower stall.",931,
46811,mscoco,A bunch of people are swimming and surfing in the ocean.,622,
46812,mscoco,A pier with several boats in the water.,104,
46813,mscoco,The huge clock on the wall is near a wooden table.,442,
46814,mscoco,Two white towels that are sitting on a rack.,190,
46815,mscoco,a small kitchen with two microwaves a fridge and stove,259,
46816,mscoco,A bathroom that has a toilet with a sink and counter combination above it and a shower and bathtub combination to the side.,972,
46817,mscoco,A pair of white boots on the floor of a bathroom.,504,
46818,mscoco,A cat standing on top of a car next to an antennae.,373,
46819,mscoco,a man and a woman pose for a picture with whine glasses,343,
46820,mscoco,a man that is looking back at a camera,312,
46821,mscoco,man at campsite with bicycles and picnic table nearby.,115,
46822,mscoco,Two people in an old airplane that delivered mail.,100,
46823,mscoco,a person petting a cat while chatting on Skype.,686,
46824,mscoco,A man skiis down a hill as snow falls.,14,
46825,mscoco,"Yellow towels hanging up in a white bathroom,",700,
46826,mscoco,A woman kisses and hugs her Siamese cat.,566,
46827,mscoco,A wooden restaurant is empty and very spacious.,789,
46828,mscoco,"A view of a bunch of sinks, in a black and white photo.",883,
46829,mscoco,A kitchen with wooden cabinets and a stove top oven.,134,
46830,mscoco,A man rides his bike in the street with cars nearby.,340,
46831,mscoco,a purple bathroom with a sink toilet mirror and window,370,
46832,mscoco,A woman sitting at a table with plates and glasses.,760,
46833,mscoco,A demolished bathroom  with dirty toilet and sink,830,
46834,mscoco,There some bowls of fruits on a kitchen counter.,371,
46835,mscoco,Some people are celebrating while on the bus.,761,
46836,mscoco,A tennis player holding a racket is looking up.,798,
46837,mscoco,A small bathroom has a pale yellow counter.,604,
46838,mscoco,A woman grins while showing her sandwich and beer.,542,
46839,mscoco,A man in a kitchen measuring something on a scale.,620,
46840,mscoco,A painting of a room with a motorcycle covered with a cloth.,381,
46841,mscoco,There is a bathtub and a toilet in an unused bathroom.,244,
46842,mscoco,A kitchen with brown cabinets and different appliances.,666,
46843,mscoco,"A bathroom with a sink, cabinets, toilet and a tub.",283,
46844,mscoco,"A bathroom with a toilet, tub, sink and a shower.",216,
46845,mscoco,a big crowd of people walking in the snow on their skis,599,
46846,mscoco,A family posing for a photo with two birthday cakes at a restaurant.,394,
46847,mscoco,an image of a set of bikes parked outside,90,
46848,mscoco,"Different views of a bathroom sink, at different stages of being done, with little kid near it",909,
46849,mscoco,A bicycle that is sitting next to a bus.,109,
46850,mscoco,A cat wearing a vest stands on the top of the back seats of a car.,134,
46851,mscoco,This is an extremely small bathroom with minimal things in it.,645,
46852,mscoco,A cat laying on top of a surface.,761,
46853,mscoco,"A small bathroom with a toilet, sink, and red and yellow shower curtain.",617,
46854,mscoco,Kitchen area with mocha colored cabinets and a large candle on the island.,124,
46855,mscoco,"A bathroom with toilet, sink, laundry hamper and window.",43,
46856,mscoco,two people riding double on a motor cycle,601,
46857,mscoco,Two young girls showing off their snow monster hats.,992,
46858,mscoco,The kitchen with the white cabinets is clean.,935,
46859,mscoco,A group of people are skiing on a mountain.,906,
46860,mscoco,A counter topped with a sandwich on a plate.,671,
46861,mscoco,Two dogs are laying down next to each other.,838,
46862,mscoco,a scooter parked on the  sidewalk with cars behind it,196,
46863,mscoco,A room with a large tub under a mirror.,198,
46864,mscoco,A man in a gray jacket and tie standing next to a street.,722,
46865,mscoco,A white kitty cat sitting on a bike seat.,457,
46866,mscoco,A young girl smiles while holding the handles of a moped.,948,
46867,mscoco,A man pumps some air inside of his bike tire.,102,
46868,mscoco,A white bathroom with a green tiled shower and candles on top of the toilet.,77,
46869,mscoco,A white toilet and sink in a room.,965,
46870,mscoco,A group of people standing around bikes on a dirt field.,560,
46871,mscoco,A man talks on his cell phone as two chefs prepare plates of food.,634,
46872,mscoco,two men working in a kitchen with several rows of dishes,352,
46873,mscoco,A kitchen with a group of dirty plates next to a cook top stove.,309,
46874,mscoco,A bicycle rack with a bicycle chained to it on a sidewalk.,743,
46875,mscoco,a person walking in the rain with an open umbrella,486,
46876,mscoco,A young hipster couple dressed in fine clothing posing for picture.,780,
46877,mscoco,Outdoor grill being used to scramble eggs outside a house.,207,
46878,mscoco,a woman sitting on the top of a counter in a kitchen,547,
46879,mscoco,A couple of guys sitting on a couch holding remotes.,739,
46880,mscoco,A kitchen table that has a vase on it.,158,
46881,mscoco,"A bathroom with a toilet, trashcan and toilet scrubber.",45,
46882,mscoco,A glass table and a mirror in a room.,131,
46883,mscoco,A woman sitting on a couch with an open laptop.,197,
46884,mscoco,Dog standing in bathtub being given a bath.,429,
46885,mscoco,A bathroom with two toilets and a toilet paper dispenser.,564,
46886,mscoco,"A bathroom area with a sink, mirrors and a white toilet.",729,
46887,mscoco,a woman is standing in a large bathroom,259,
46888,mscoco,A dirty bathroom with broken sink and toilet.,913,
46889,mscoco,Looking into a sunroom from a kitchen with a gas stove,899,
46890,mscoco,Motorcyclist and passenger on roadway with bystanders watching.,778,
46891,mscoco,There are three people walking across the street.,874,
46892,mscoco,A boy sits beside a large pizza that covers the whole table.,867,
46893,mscoco,Sun peers through a window and lights the bathroom.,929,
46894,mscoco,a crowd of people wearing ski wear and holding skis on a snow covered bank.,574,
46895,mscoco,Lights are lit up around a mirror and above two sinks in a bathroom.,999,
46896,mscoco,A group of people riding bikes down the street.,356,
46897,mscoco,"A man in a suit and glasses stands near a flower garden,",917,
46898,mscoco,A street filled with lots of traffic and tall buildings.,375,
46899,mscoco,A person is cooking behind a counter in a restaurant.,460,
46900,mscoco,a bathroom with a toilet a sink and a towel rack,645,
46901,mscoco,a bathroom with a lot of towels and an ironing board,735,
46902,mscoco,A white toilet and a sink in a room.,121,
46903,mscoco,A kitchen with a large center island next to a stove top oven.,933,
46904,mscoco,Kitchen with modern appliances and white cabinets in home setting.,447,
46905,mscoco,The cat is relaxing on the hood of the car.,70,
46906,mscoco,A kitchen is shown with painted cabinets and a fridge.,495,
46907,mscoco,A crowd of people riding bikes down a city street.,430,
46908,mscoco,A white toilet with the lid down in a tiled bathroom.,537,
46909,mscoco,there is a pot with food on the stove and a pot on the counter,954,
46910,mscoco,a kitten on a bathroom floor sitting on a pile of toilet tissue,976,
46911,mscoco,a man wearing a Darth Vader helmet holding a red cup,516,
46912,mscoco,A white bathroom has a large shower door.,810,
46913,mscoco,A lady cooking in the kitchen tasting an item out of a large bowl.,23,
46914,mscoco,a kitchen with a stove a microwave a sink,171,
46915,mscoco,A person is preparing a meal in a large home kicthen.,614,
46916,mscoco,A kitchen that has a sink and two seats.,281,
46917,mscoco,A woman in a home kitchen with vertical blinds on the windows,714,
46918,mscoco,A black cat that is standing on a sidewalk.,991,
46919,mscoco,A bathroom is shown in dim lit lighting,133,
46920,mscoco,A series of photographs showing a bathroom at different angles.,297,
46921,mscoco,Bike chained to pole along side a busy street,47,
46922,mscoco,kitchen area with a sink and dish washer surrounded by a lot of cabinets,979,
46923,mscoco,A white cabinetry is shown in a kitchen.,580,
46924,mscoco,A fire hydrant sitting on the side of a road.,63,
46925,mscoco,A double sided sink with two drying racks.,814,
46926,mscoco,A couple of women standing on top of  a water slide.,996,
46927,mscoco,Several used hand towels are sitting on a bathroom sink.,711,
46928,mscoco,a close up of a bowl of food next to a drink,195,
46929,mscoco,A grill in a kitchen topped with food as it cooks.,759,
46930,mscoco,a brown and white kitchen with a black oven in it,835,
46931,mscoco,A modern kitchen with stainless shell appliances in a large house,408,
46932,mscoco,a blender filled with many tiny baby carrots.,507,
46933,mscoco,a bride and a bridegroom in a white gown on a bike,702,
46934,mscoco,A kitchen scene with the photo focused on the floor.,546,
46935,mscoco,The collage of images shows a happy woman with a keyboard.,892,
46936,mscoco,A KITCHEN WITH APPLIANES AND T HINGS ON THE COUNTER,526,
46937,mscoco,A busy intersection with stop lights and a gas station.,995,
46938,mscoco,A compact bathroom with white fixtures and a large window.,77,
46939,mscoco,a bath room with a toilet a sink and a tub,170,
46940,mscoco,SOMEONE CUTTING A PIECE OF GRASS WITH A LITTLE PAIR OF SCISSORS.,449,
46941,mscoco,A man with a beard with his head turned sitting down.,769,
46942,mscoco,A hand holding a remote control over a hard wood floor.,522,
46943,mscoco,"Kitchen stove, sink and shelf over the stove.",394,
46944,mscoco,A man standing in a bathroom brushing teeth while wearing monster mask.,576,
46945,mscoco,bathroom with large vanity and mirrors with stool,799,
46946,mscoco,"View of bathroom with bathtub with shower curtain, high window, large wall mirror, sink and vanity with a jar, a tray with two candles, and a vase pot with greenery.",400,
46947,mscoco,A white bathroom with two candles and yellow towels.,411,
46948,mscoco,The large kitchen has a dining table in the middle of it.,622,
46949,mscoco,IM NOT EXACTLY SURE WHAT THIS IS A PICTURE OF,279,
46950,mscoco,A kitchen that has an island in it.,212,
46951,mscoco,A smaller bathroom with a visible toilet and shower.,189,
46952,mscoco,"An old, yellowed photograph of a man in a suit with glasses.",4,
46953,mscoco,A fruit bowl with a bunch of bananas and a plastic container of plums in it.,164,
46954,mscoco,A narrow arched sidewalk has a door at the end.,586,
46955,mscoco,Cat sitting on the hood of a car on a winter day,224,
46956,mscoco,A woman in her kitchen looking at her dog.,607,
46957,mscoco,A young man surfing falling off his surf board.,714,
46958,mscoco,A bathroom with two square sinks sitting on a brown wooden vanity.,10,
46959,mscoco,A kitchen has an open cabinet on the side.,901,
46960,mscoco,A person floating in the middle of a lake in a small boat.,951,
46961,mscoco,A clean and white color bathroom in a well lit area.,810,
46962,mscoco,a bath room with a toilet a sink and a bath tub,526,
46963,mscoco,Two white urinals in a small public bathroom,467,
46964,mscoco,A well maintained kitchen with a refrigerator and a microwave.,516,
46965,mscoco,"This kitchen is very neat, clean, and orderly.",725,
46966,mscoco,A bathroom has a white toilet and sink.,738,
46967,mscoco,An advanced silver industrial kitchen that is empty of people.,538,
46968,mscoco,A man taking a picture of a mirror in a bathroom.,266,
46969,mscoco,Five women doing miscellaneous tasks in the kitchen.,311,
46970,mscoco,A photo of a busy street with the blur of a car in front of a woman.,873,
46971,mscoco,A woman stands over a pot and stirs it.,226,
46972,mscoco,"The counter next to the stove is littered with dishes, one with a load of good food on it.",304,
46973,mscoco,A man with a skateboard riding an escalator.,726,
46974,mscoco,Two young women embracing each other in a room.,275,
46975,mscoco,A white wall mounted oven sitting next to a stove.,566,
46976,mscoco,A woman pushing a stroller next to a block of store shops.,122,
46977,mscoco,A man takes a picture of a woman turning on the shower.,176,
46978,mscoco,A beautiful woman stirring a pot of cooking food with a spoon.,230,
46979,mscoco,Two men are preparing something in a kitchen.,47,
46980,mscoco,Grilled cheese sandwiches done on a restaurant grill are extremely good.,547,
46981,mscoco,A mysterious looking woman holding a knife in the bathroom.,244,
46982,mscoco,A bathroom is visible through a wooden door that is cracked open.,299,
46983,mscoco,A man and a woman sitting on a couch in a living room.,41,
46984,mscoco,A man is standing on stage showcasing his basketball skills.,655,
46985,mscoco,A bathroom that is being demolished and renovated with two people looking in and their reflection in the far mirror.,152,
46986,mscoco,A man on bench with bicycle and trees in the background.,965,
46987,mscoco,A cat sitting on a wall next to a  toilet under a TV.,905,
46988,mscoco,A bathroom with a white toilet and a bath tub.,285,
46989,mscoco,The cat was leaning over the edge of the bathtub and looking in.,950,
46990,mscoco,There is a woman sitting on the ground holding a teddy bear,137,
46991,mscoco,A boy taking a selfie in a bathroom mirror.,277,
46992,mscoco,a white tea set inside of a doll house,895,
46993,mscoco,"A sink bowl stands under a mirror and light fixture, with a towel hanging nearby.",810,
46994,mscoco,a white toilet  some toilet paper and a picture,53,
46995,mscoco,A cutting board with green peppers already cut and some awaiting their cutting.,658,
46996,mscoco,An oddly shaped toilet and urinal in a public restroom.,255,
46997,mscoco,The soft light is shining in the bathroom.,844,
46998,mscoco,Clean stainless steel kitchen with large cabinets and counter.,216,
46999,mscoco,A motorcycle policeman on his bike on a walking path,548,
47000,mscoco,A group of four people on a ski lift looking back at the camera.,119,
47001,mscoco,A kitchen is shown with a sink and oven.,2,
47002,mscoco,The desk is a mess and the cat is laying down in the middle of it.,665,
47003,mscoco,a bathroom with a toilet and tub inside of it,356,
47004,mscoco,A man bicycling in the snow with a couple dogs nearby in a forested area.,648,
47005,mscoco,A feminine shirtless man holding a bottle of wine in the kitchen with the refrigerator open.,620,
47006,mscoco,A man sitting on top of a bench near a bike.,996,
47007,mscoco,Two new looking parking meters are on the sidewalk.,378,
47008,mscoco,She is walking her dog around other people.,333,
47009,mscoco,A bathroom with tan walls and tiled floors.,86,
47010,mscoco,A man standing next to a brown piece of luggage on a floor.,970,
47011,mscoco,An orange is sitting by itself on the counter,723,
47012,mscoco,A man posing for a shot as a deliteful dish awaits.,906,
47013,mscoco,A lady walks her bicycle in a train station.,563,
47014,mscoco,Looking into a residential rest room with sink and toilet,271,
47015,mscoco,Three women are standing in a kitchen reading.,740,
47016,mscoco,A young boy standing in front of an oven pulling on a red towel.,137,
47017,mscoco,A man with a turban talking on a cell phone of some sort.,419,
47018,mscoco,"Bathroom with large mirror, square sink and black counter",920,
47019,mscoco,A heavily decorated refrigerator in a cramped kitchen.,627,
47020,mscoco,A clean kitchen with all wooden cabinetry in it,302,
47021,mscoco,A white toilet with a wooden seat on black tile floor.,333,
47022,mscoco,an island kitchen with black chairs at the bar stool area,59,
47023,mscoco,There is a stove and refrigerator in the kitchen.,641,
47024,mscoco,A bathroom with a large window letting light through.,836,
47025,mscoco,A cat lying in a sink in the bathroom,11,
47026,mscoco,A bunch of cars parked in the snow by the woods.,844,
47027,mscoco,view of kitchen from the oven's side with a small fridge in the corner,365,
47028,mscoco,Two large horses are pulling a bus shaped carriage.,225,
47029,mscoco,black and white image of a man holding a teddy bear,749,
47030,mscoco,A group of parked motorcycles on a sidewalk.,989,
47031,mscoco,A kitchen and dining room with bar seating.,287,
47032,mscoco,"An empty bathroom with a toilet, sink, shower and window.",181,
47033,mscoco,A kitchen island with a teapot on the stove,263,
47034,mscoco,A white sink with a toothbrush and soap on it,995,
47035,mscoco,A bathroom toilet next to a window with a handicap bar next to it and a cabinet over it,17,
47036,mscoco,A commercial kitchen with a few workers cooking,551,
47037,mscoco,A woman sitting at a picnic table in a verdant landscape,674,
47038,mscoco,A man riding a bike along side of traffic.,889,
47039,mscoco,The sails on an old ship are lowered.,797,
47040,mscoco,Two cats guiltily discovered in an empty bathtub.,962,
47041,mscoco,A white toilet sitting under a window next to a bath tub.,800,
47042,mscoco,A big view of a toilet with mirror and sink.,598,
47043,mscoco,Some performers are on stage and doing a show.,109,
47044,mscoco,A mom teaching a child how to brush it's teeth.,740,
47045,mscoco,The kitchen sink is full of dishes and the floor is old.,764,
47046,mscoco,"A large cabinet with a marble top with two sinks, in front of two mirrors.",705,
47047,mscoco,A snowboarder in an orange jacket heading downhill.,392,
47048,mscoco,A restaurant kitchen with bowls and pans ready for the night.,969,
47049,mscoco,The elderly man smiles in the passenger seat of a fire truck.,670,
47050,mscoco,A very pretty kitchen with a wooden dining table.,264,
47051,mscoco,A woman feeding a man food from a spoon.,891,
47052,mscoco,A bathroom with a picture hanging on it's side wall.,642,
47053,mscoco,A woman preparing food in a kitchen on top of a wooden counter.,650,
47054,mscoco,An overweight  person taking a picture in a mirror,619,
47055,mscoco,A bicycle rider's view looking down at his feet,565,
47056,mscoco,A small bathroom with a white toilet next to a Kitchen..,212,
47057,mscoco,a bathroom with a big shower with one showerhead in the ceiling,837,
47058,mscoco,A woman standing in front of a table cooking food in a pan.,453,
47059,mscoco,a small clean bathroom with a blue towel and a white wash cloth,226,
47060,mscoco,A unique looking kitchen with an older stove.,333,
47061,mscoco,A bike is inside leaning on a white shelf.,276,
47062,mscoco,"A kitchen area with cabinets, a toaster and cutting board.",209,
47063,mscoco,A stop sign with a street light in the background.,596,
47064,mscoco,A white sink and window in a room.,645,
47065,mscoco,The cat is standing on  the top of the man's headboard..,828,
47066,mscoco,a black counter a stove a sink and some white cabinets and lights,879,
47067,mscoco,The people is sitting outside near the lake,771,
47068,mscoco,"A bathroom painted yellow with a white toilet, shower and a sink.",405,
47069,mscoco,A very cute cat on top of a bike.,160,
47070,mscoco,A baseball player holds the ball and chases another player.,457,
47071,mscoco,Bathroom being remodeled with large bucket of drywall in bath.,238,
47072,mscoco,"A kitchen with a chrome sink, wood cabinets and a marble countertop.",748,
47073,mscoco,There is on image on this page to describe.,744,
47074,mscoco,A white bath tub with soaps and a candle sitting on top of it.,445,
47075,mscoco,a small bathroom is cluttered and out of toilet paper,378,
47076,mscoco,Bike with metal basket near man lying on bench at beach.,152,
47077,mscoco,Some men wearing suits are standing near a table.,924,
47078,mscoco,A white toilet sitting in a room next to a shelf.,491,
47079,mscoco,A fire hydrant spraying on a car on a city street corner,96,
47080,mscoco,a bike sitting parked next to a cart in front of some boxes,508,
47081,mscoco,"Modern bathroom with white sink, toilet and shower and chrome fixtures.",186,
47082,mscoco,A long narrow kitchen with open shelves and a bar in the other side.,471,
47083,mscoco,A woman walking a white dog down a paved road.,190,
47084,mscoco,A bathroom sink with a small mirror above it.,836,
47085,mscoco,A small apartment kitchen with a bar and linoleum floors.,884,
47086,mscoco,the man is standing in the kitchen wearing an apron,181,
47087,mscoco,"a full bath with commode, sink and tub with shower, a mirror and a round window",194,
47088,mscoco,A full white cow standing next to a young man.,584,
47089,mscoco,Homeless person sleeping on a bench in a brick paved public area.,503,
47090,mscoco,The shelves in this kitchen are cluttered.,966,
47091,mscoco,A galley bathroom with a vanity an separate enclosed toilet.,747,
47092,mscoco,A public bathroom with two sinks and a baby changing station.,185,
47093,mscoco,a couple of street workers looking to direct traffic,664,
47094,mscoco,A bathroom with a bathtub that has a variety of soaps and shampoos near it.,289,
47095,mscoco,a couple of benches that have a women on one of them,22,
47096,mscoco,A very small and plain looking bathroom that's in someone's house.,318,
47097,mscoco,A statue of a chef stands in front of some chefs in a kitchen.,167,
47098,mscoco,A gas range with a microwave oven mounted overhead.,907,
47099,mscoco,A man riding a bike carrying a large stack of beverages,182,
47100,mscoco,Three ducks standing in a parking lot near some vehicles.,838,
47101,mscoco,A refrigerator and a stove in a kitchen.,404,
47102,mscoco,"A bathroom with a sink, mirror and bathtub.",704,
47103,mscoco,A white and stainless steel open concept kitchen.,623,
47104,mscoco,A picture of a dog waiting to take a bath.,193,
47105,mscoco,A toilet with a wired magazine on top of it's tank.,72,
47106,mscoco,View of a kitchen being remodeled with a white refrigerator standing against a wall.,147,
47107,mscoco,a kitchen with a sink and a counter top,74,
47108,mscoco,A typical bathroom  decorated in a Christmas theme.,437,
47109,mscoco,A person working with an artichoke in a bowl on a counter.,252,
47110,mscoco,A bus on a lot next to a construction site and workers.,466,
47111,mscoco,A painter decorates a truck with bright colors.,931,
47112,mscoco,A house with a two piece swinging door that is open.,661,
47113,mscoco,Two bathroom sinks next to each other in a restroom.,994,
47114,mscoco,A woman with her back to a large sink.,413,
47115,mscoco,A bathroom with two sinks beneath three mirrors.,103,
47116,mscoco,A man is holding a camera in front of a mirror.,742,
47117,mscoco,A bathroom with a toilet and a sink.,540,
47118,mscoco,A simple bathroom with black and orange towels.,141,
47119,mscoco,A ripe orange sitting in a dark background.,745,
47120,mscoco,A man that is sitting down on a bench.,769,
47121,mscoco,"An overview of a kitchen with cabinets, stove and microwave.",828,
47122,mscoco,A bathroom with a toilet with a box of tissues on top of it.,13,
47123,mscoco,A plain white bathroom with white toilet and sink features a white shower curtain.,618,
47124,mscoco,A bathroom shower with blue wall paper around it,103,
47125,mscoco,An old bathroom with no toilet and mold on the wall,387,
47126,mscoco,Two people at a banana stand on the street.,394,
47127,mscoco,A skateboarder is airborne as he does a trick.,22,
47128,mscoco,An unfinished bathroom with a sink and toilet.,113,
47129,mscoco,A kitchen sink surrounded by kitschy objects and decorations.,847,
47130,mscoco,black and white image of a boy holding an open umbrella inside,14,
47131,mscoco,A group of people sit in a row on a plane.,782,
47132,mscoco,Some cooks working together on a cutting board.,851,
47133,mscoco,A very dimly lit kitchen with some counters.,660,
47134,mscoco,Very upscale bathe room with a classy bath.,958,
47135,mscoco,A skate boarder attempts a difficult high jump.,45,
47136,mscoco,Someone looking at their cat who is on the back of bed.,136,
47137,mscoco,A man adjusts his tie behind a woman at a club.,255,
47138,mscoco,A cluttered kitchen mess is in complete chaos,789,
47139,mscoco,A group of people ride bikes in the street near a bus.,86,
47140,mscoco,a group of people eat cake in an office,275,
47141,mscoco,A person is kneeling down on a bench and praying.,147,
47142,mscoco,A banana half eaten and still inside of it's peeling.,962,
47143,mscoco,"An eat-in kitchen with a side-by-side refrigerator, dining table and chairs, corner hutch, and built-in bookshelves.",643,
47144,mscoco,A very large bathroom with some yellow flowers.,615,
47145,mscoco,A sink and mirror in a very small bathroom.,14,
47146,mscoco,A black and white cat asleep under the front tire of a vehicle,812,
47147,mscoco,A car is parked in front of the house,990,
47148,mscoco,Light shines onto a clean white kitchen stove.,10,
47149,mscoco,A bathtub next to a closed off toilet.,981,
47150,mscoco,A man sitting in a car with a cat on his back.,811,
47151,mscoco,the dog is looking out  the car window.,109,
47152,mscoco,A wooden floor inside of a kitchen next to a stove top oven .,556,
47153,mscoco,A child with a bat its on the grass.,754,
47154,mscoco,A person types on their keyboard showing motion.,838,
47155,mscoco,A man works at a kitchen counter while a dog scours the floor.,347,
47156,mscoco,A man riding a bike past a building with people standing around.,874,
47157,mscoco,"What a boring bathroom in white, white, and more white.",725,
47158,mscoco,The men are working behind the counter in the restaurant kitchen.,88,
47159,mscoco,A bathroom with a bathtub and shower and a toilet and blue colored bath carpets.,208,
47160,mscoco,A man is watching Tv while sitting at a table,143,
47161,mscoco,A man with an apron in a kitchen with fridge and bottles of wine,492,
47162,mscoco,Two young girls hug each other in a kitchen.,778,
47163,mscoco,a cat is kneeling on top of a car,577,
47164,mscoco,The man in the red jacket is sitting on his bike near trees.,914,
47165,mscoco,A small boat with a raft and bike strapped to it in a body of water.,455,
47166,mscoco,Various people are in the rain holding umbrellas.,836,
47167,mscoco,A man that is holding a cellphone in front of a monkey.,168,
47168,mscoco,A group of people gather around the man on a bike,315,
47169,mscoco,"A couple of cats, one in a sink, one on the counter.",340,
47170,mscoco,A tankless toilet in a white and red bathroom.,491,
47171,mscoco,A dog is standing on a checkered floor.,159,
47172,mscoco,a table and chairs with plants siting on it,250,
47173,mscoco,Bike riders on the corner outside of a church.,58,
47174,mscoco,A kitchen with white cabinets and an island.,557,
47175,mscoco,A man sitting in a chair holding a laptop next to another man sitting in a chair by a window and a bottle.,709,
47176,mscoco,A bathroom with a sink and a metal shelf holding bathroom supplies over a toilet.,274,
47177,mscoco,A group of people standing outside of a restaurant at night.,643,
47178,mscoco,A glass walled shower in a small home bathroom,557,
47179,mscoco,wooden counter in a kitchen topped with cooking utensils.,127,
47180,mscoco,a bathroom with a brown shower curtain and a red rug,22,
47181,mscoco,The two cats are standing in the two bathroom sinks.,845,
47182,mscoco,The kitchen counter and sink are near a window.,46,
47183,mscoco,A man is cutting bread while standing in the kitchen.,106,
47184,mscoco,This is a small but neat and clean bathroom.,558,
47185,mscoco,People walk through a local fruit market in a city.,304,
47186,mscoco,a man on a bike with his dog,106,
47187,mscoco,"A kitchen with an oven, microwave and fridge",524,
47188,mscoco,A man on a bike looking over a stone railing.,908,
47189,mscoco,A fruit market outdoors with about five women shopping it.,857,
47190,mscoco,A man playing frisbee punches his opponent in the groin.,426,
47191,mscoco,"The kitchen is decorated with white cabinets, white appliances, a counter and small island.",146,
47192,mscoco,various pieces of pottery lining the shelves in a workshop,2,
47193,mscoco,Two cats sit in the bathroom around items.,935,
47194,mscoco,Inside of a kitchen with a stainless steel oven and cabinets.,230,
47195,mscoco,A large group of cyclists move down the road.,25,
47196,mscoco,A bathroom that has it's lights turned on.,233,
47197,mscoco,A cat with a bizarre paint job and animals on its roof,438,
47198,mscoco,Ginger cat peeking out from behind the wheel of a parked car,395,
47199,mscoco,A woman wearing a yellow dress while holding a rainbow umbrella.,151,
47200,mscoco,A picture of a vintage bathroom and dressing area.,362,
47201,mscoco,A pair of bathroom sinks in an airport with a view of the plane yard.,672,
47202,mscoco,A person reaching through a wall to grab something.,294,
47203,mscoco,A bathroom with a tub and several towels on a stand and a table,232,
47204,mscoco,A chef is cooking at the counter in front of a restaurant.,944,
47205,mscoco,A black cat climbing into a bath tub.,901,
47206,mscoco,A modern bathroom with a low slanted ceiling.,701,
47207,mscoco,A picture of a family on the beach with a trailer converted into a living area.,394,
47208,mscoco,A room filled with lots of furniture and clutter.,704,
47209,mscoco,A man cutting up food sitting on top of a white plate.,906,
47210,mscoco,An old time photo features a motorcar driving by a horse and carriage.,733,
47211,mscoco,A modern style white bathroom sink in front of a mirror.,843,
47212,mscoco,A narrow bathroom has been artfully painted in tones of green.,924,
47213,mscoco,A tabby cat asleep on the hood of a BMW car.,116,
47214,mscoco,"A kitchen counter with chairs, refrigerator, and cupboards.",504,
47215,mscoco,A nice looking kitchen that's well stocked in someone's house.,174,
47216,mscoco,A woman working in a kitchen behind a counter.,113,
47217,mscoco,a parking meter indicating time left over in front of a street with moving cars,230,
47218,mscoco,A small bathroom with personal care items sitting on the sink counter.,105,
47219,mscoco,An easel stands facing window light in an artist's studio.,980,
47220,mscoco,A kitchen with wooden cabinets and a teapot on the stove,979,
47221,mscoco,A man setting in a bathroom with black and white tiles and a sink.,289,
47222,mscoco,A white bathroom has an interesting sink and high mirror.,366,
47223,mscoco,A woman by a mirror wiping her hands on the towel.,79,
47224,mscoco,A sparkling just cleaned hotel bathroom with fresh clean towels.,631,
47225,mscoco,A kid sitting on a motor bike with a helmet.,342,
47226,mscoco,a bath room with a bath tub a sink and towel racks,122,
47227,mscoco,View of a plain bathroom with a bright window.,370,
47228,mscoco,A man in a suit and tie wearing a hat,946,
47229,mscoco,Single dog sitting and looking into the camera.,947,
47230,mscoco,Two woman standing in front of a mirror near a sink.,942,
47231,mscoco,A man falling down off a skateboard in the air.,87,
47232,mscoco,"A very cramped kitchen scene with a table, refrigerator, sink and counter top.",918,
47233,mscoco,THERE IS A DOG LYING ON THE STEP,45,
47234,mscoco,A white bath in a very small room.,620,
47235,mscoco,A white kitchen with a refrigerator and oven.,155,
47236,mscoco,A man wears an apron as he works in the kitchen.,183,
47237,mscoco,A very dimly lit area with a very pretty sink.,439,
47238,mscoco,a bathroom with a fancy counter and a big mirror,544,
47239,mscoco,A bathroom with a tropical themed shower curtain.,343,
47240,mscoco,A cook is in a kitchen looking at an aluminum pan.,615,
47241,mscoco,A black cat and a gray cat are in the sinks.,186,
47242,mscoco,Group of people standing around a mounted suitcase on a vehicle.,696,
47243,mscoco,A gentleman in the kitchen slicing up celery.,436,
47244,mscoco,A large bathroom with a tub and marble counter top.,154,
47245,mscoco,A dog in black blanket standing next to a bicycle.,915,
47246,mscoco,A bunch of street signs sitting on the side of streets covered in snow.,684,
47247,mscoco,A row of bikes parked next to each other on a snow covered ski slope.,704,
47248,mscoco,A bathroom with a toilet and toilet paper in the basket.,309,
47249,mscoco,A beautiful woman sitting on top of a couch between another beautiful woman and a man.,640,
47250,mscoco,"A bright green kitchen with white cabinets, a white refrigerator, and a black stove.",838,
47251,mscoco,a public transit bus on a city street with people near by,294,
47252,mscoco,"A bathroom with sink, mirror, toilet and tiled floor.",357,
47253,mscoco,A bicycle leaning on a bench behind a woman with a helmet sitting on the bench.,897,
47254,mscoco,an image of a kitchen setting in the evening time,107,
47255,mscoco,OLD BLACK AND WHITE PHOTO OF MEN SHEARING SHEEP,278,
47256,mscoco,A chef is in the kitchen wearing a white apron,939,
47257,mscoco,A bathroom with a bowl shaped sink and mirror.,512,
47258,mscoco,That looks like some kind of futuristic shower with a lot of gadgets.,678,
47259,mscoco,A young family is biking in the bike lane of a road.,378,
47260,mscoco,A group of chefs in a kitchen preparing food,956,
47261,mscoco,some wood cabinets and chairs in a kitchen,272,
47262,mscoco,A white toilet sitting underneath a set of three towels.,831,
47263,mscoco,A group of people riding kite boards on top of the ocean.,929,
47264,mscoco,an image of a group of people waiting on a tour bus,729,
47265,mscoco,A white cat hides underneath a red car.,818,
47266,mscoco,A very nice large tiled rest room seen in a mirror.,79,
47267,mscoco,A dog sitting in the drivers seat of a car.,808,
47268,mscoco,"A bike with a red bag attached to it, sits on a dock near a blue boat.",3,
47269,mscoco,a bathroom with a large sink in it,883,
47270,mscoco,A woman in a white shirt cooking in a kitchen.,956,
47271,mscoco,An upstairs bathroom is pictured in this image.,153,
47272,mscoco,This is a cluttered kitchen with moving boxes stacked.,797,
47273,mscoco,Bathroom counter with large round mirror and orange wall.,672,
47274,mscoco,"a laptop, a cell phone and a bowl of cereal on a bench",151,
47275,mscoco,An old lady with her hand on a parking meter.,328,
47276,mscoco,A mirror in a room above a sink.,152,
47277,mscoco,Man and woman emptying a dishwasher in the kitchen.,400,
47278,mscoco,The bathroom door is open and the toilet is seen,458,
47279,mscoco,"A bathroom complete with a toilet, sink and window",739,
47280,mscoco,A bathroom with safety bars and a toilet.,816,
47281,mscoco,A series of images showing a woman using a cell phone.,805,
47282,mscoco,A man that is laying down on a bench.,1000,
47283,mscoco,a black cat laying on the floor with a lot of toilet paper,490,
47284,mscoco,A woman standing next to a white refrigerator freezer.,835,
47285,mscoco,many different bikes on a city street,69,
47286,mscoco,"A table, stove and refrigerator in a kitchen.",116,
47287,mscoco,Two people pushing a motorboat in the water.,592,
47288,mscoco,A black cat that is sitting under the tire of a car.,438,
47289,mscoco,A toilet and sink in a small bathroom.,983,
47290,mscoco,a coffee maker a sink a refrigerator and some cupboards,745,
47291,mscoco,A bathroom with a white toilet and a white sink,286,
47292,mscoco,two police officers riding horses down the street,149,
47293,mscoco,A red double decker bus driving down a street.,93,
47294,mscoco,The bathroom is white and has exposed pipes.,331,
47295,mscoco,A couple of people are kneeling and talking,131,
47296,mscoco,a person jumping in the air in the kitchen in front of a crouching dog,187,
47297,mscoco,A small bathroom contains a sink and toilet.,786,
47298,mscoco,a toilet a shower some shelves and lights,395,
47299,mscoco,A glass of wine sitting on the counter top.,362,
47300,mscoco,A picture of a bathroom up close,327,
47301,mscoco,a person riding a skate board on a city street,507,
47302,mscoco,There is no image here to provide a caption for.,435,
47303,mscoco,A bathroom with shower and plenty of toiletries.,493,
47304,mscoco,a black and white picture of little kids on horses,711,
47305,mscoco,the bathroom has a large counter and a bath tub,997,
47306,mscoco,A group of people in front of a building with glass windows.,424,
47307,mscoco,an image of a woman that is cooking in the kitchen,617,
47308,mscoco,Tables to play checkers aligned side by side each other.,813,
47309,mscoco,A white commode without a toilet sink sits next to a white basin.,652,
47310,mscoco,THIS IS A PICTURE OF A KITCHEN ISLAND WITH SEATING,342,
47311,mscoco,The cyclist is making smoothies with his bike.,142,
47312,mscoco,A dark shadow shines on a city street.,822,
47313,mscoco,"A bathroom with a sink, bathtub and white toilet.",967,
47314,mscoco,A horse standing on top of train tracks in a rural area.,670,
47315,mscoco,A person is at a desk by some colored bins.,944,
47316,mscoco,Two people huddle on a bench under their belongings.,252,
47317,mscoco,a white stove a sink a cabinet and black counter,393,
47318,mscoco,"Four guys, each of them on motorcycles near the water.",429,
47319,mscoco,The Dairy Queen outside sign and message board.,563,
47320,mscoco,"A washroom with a sink and a mirror,A vase is kept on the sink.",510,
47321,mscoco,Three cattle roaming in the streets of a small town.,552,
47322,mscoco,A small sink mounted to a green wall in a bathroom.,547,
47323,mscoco,"A bathroom featuring an oddly shaped toilette, shower and sink.",505,
47324,mscoco,A look into a very narrow looking kitchen with a black fridge.,546,
47325,mscoco,A local transit bus driving through an intersection.,550,
47326,mscoco,A person in a wet suit carrying a surfboard out to the ocean.,842,
47327,mscoco,Two people standing in the reflection of a mirror.,236,
47328,mscoco,A counter and some chairs in a room.,394,
47329,mscoco,A bathroom with yellow walls and a picture of  man over the toilet,86,
47330,mscoco,A clean bathroom with his and hers sinks.,595,
47331,mscoco,A row of men preparing food in a kitchen.,733,
47332,mscoco,A neutral toned bathroom with double sinks and a shower tub combination.,432,
47333,mscoco,This is a clean and well designed kitchen with stainless steal appliances.,540,
47334,mscoco,A well lit kitchen with an island and stainless steel refrigerator,592,
47335,mscoco,A kitchen with lots of counter and cupboard space.,796,
47336,mscoco,"A white bathroom with a sink, mirror, toilet and bathtub.",711,
47337,mscoco,a spotted cat is wearing a quilt like vest,831,
47338,mscoco,A man riding a bike in the rain while holding an umbrella.,767,
47339,mscoco,A man in shorts cutting up green peppers in a kitchen,225,
47340,mscoco,A man standing in front of a kitchen counter.,720,
47341,mscoco,The large colorful airplane kite is being flown at the park.,90,
47342,mscoco,"A bathroom with cabinets, a sink, a toilet and bathtub.",241,
47343,mscoco,a group of people standing in the kitchen and dining room,371,
47344,mscoco,A man is riding a motorcycle down the street.,3,
47345,mscoco,A young man is skateboarding outside of the fountain.,209,
47346,mscoco,A person leading a group of horses down a road.,872,
47347,mscoco,A white bath tub sitting next to a toilet.,18,
47348,mscoco,A man welding the back of an oven.,372,
47349,mscoco,"A view of a toilet, in a small stall.",572,
47350,mscoco,"White, standard bathroom with tub and shower combination.",486,
47351,mscoco,A parked truck with a dog putting its head out the window.,981,
47352,mscoco,A group of men standing and sitting with sitting men holding up a cake.,137,
47353,mscoco,View of kitchen from another room that contains a table,944,
47354,mscoco,person taking selfie of themselves in a public bathroom,113,
47355,mscoco,Several skiers on the slope of a mountain under a partly cloudy sky.,62,
47356,mscoco,A poodle in a parked car in a parking lot.,934,
47357,mscoco,A large wash basin and a glass enclosed tub and shower enclosure.,358,
47358,mscoco,"A bathroom scene with just a sink, toilet, bathtub and wood floors",370,
47359,mscoco,"A bathroom with a toilet, sink, and bathtub.",870,
47360,mscoco,A sink in a bathroom next to a window.,870,
47361,mscoco,A BATHROOM WITH A MIRROR AND A TAOILET IN IT,888,
47362,mscoco,A dark and creepy bathroom has writing on an otherwise nice mirror.,798,
47363,mscoco,Black stone bathroom with various white fixtures and a mirror.,839,
47364,mscoco,Two men loading a bicycle on top of a vehicle.,143,
47365,mscoco,The picture in picture shows a woman smiling and people holding a puppy.,302,
47366,mscoco,The person is riding a kite board in the ocean.,472,
47367,mscoco,A man standing in a kitchen preparing food under a sign.,148,
47368,mscoco,Kids and their moms are singing karaoke at the table.,856,
47369,mscoco,A man and a woman holding a cat by a pool table.,874,
47370,mscoco,a close up of a persons feet on the ground,565,
47371,mscoco,This bathroom is small and has a toilet and a sink,996,
47372,mscoco,Two men watching a man jump with the skateboard.,954,
47373,mscoco,A woman is in a kitchen doing work.,935,
47374,mscoco,Friends having fun on bicycles by the beach,432,
47375,mscoco,A kitchen with oak cabinets and white appliances,249,
47376,mscoco,A bin attached to a refrigerator holds several different things.,216,
47377,mscoco,"Two children sitting down, one with his arm over the other.",848,
47378,mscoco,a bathroom with a patterned shower curtain in it,230,
47379,mscoco,A woman holding a cellphone near a sink in a bathroom,58,
47380,mscoco,A woman is putting vegetables into a yellow bowl.,765,
47381,mscoco,Sous chef adding sauce to a plate at the pass of a restaurant kitchen.,142,
47382,mscoco,A large walk in shower sitting inside of a bathroom.,121,
47383,mscoco,a man in a jacket is riding a bicycle,986,
47384,mscoco,A kitchen is decorated like one in a magazine.,713,
47385,mscoco,An old style white kitchen with some open cupboards.,721,
47386,mscoco,A few chefs hard at work in a restaurant kitchen,147,
47387,mscoco,A crosswalk at a busy intersection say don't walk.,387,
47388,mscoco,Liquor bottles set up on a wooden cabinet,751,
47389,mscoco,"A clean bathroom with sink, toilet and shower.",27,
47390,mscoco,"A bathroom with a vanity, two sinks, and large mirror.",713,
47391,mscoco,A small white cat standing underneath a red vehicle that is parked near grass.,989,
47392,mscoco,Hotel bathroom with modern sink and toiletries plus towels,435,
47393,mscoco,A house cat walks on the kitchen counter.,381,
47394,mscoco,A cat sitting on the front of a car.,56,
47395,mscoco,Two tables in a large kitchen with chairs,719,
47396,mscoco,A bike chained to a parking to a parking meter.,109,
47397,mscoco,A bunch of kitchen appliances are on the kitchen counter.,679,
47398,mscoco,A bathroom with two sinks and a hair dryer on the wall.,596,
47399,mscoco,Two pictures of the same guy bouncing a ball on his head.,76,
47400,mscoco,Magazine like photo of bathroom with marble tub.,489,
47401,mscoco,A lady on a pink bike wearing a blue dress and pink boots.,858,
47402,mscoco,A kitchen with counter space and a sink.,609,
47403,mscoco,The man is standing in the open area wearing  a hat.,892,
47404,mscoco,Dozens of bike sitting in car on both sides of two men.,162,
47405,mscoco,"A bathroom with a toilet, sink and shower.",31,
47406,mscoco,The woman is holding the baby in the kitchen.,151,
47407,mscoco,A bathroom with an orange and white giraffe rug.,375,
47408,mscoco,A lone woman stands posing in a large kitchen.,145,
47409,mscoco,A large cat is turned around looking towards the camera.,81,
47410,mscoco,A man walking up a street talking on a telephone.,251,
47411,mscoco,a smeared vision of a bicycle rider and a park bench,79,
47412,mscoco,A couple of people playing a game of frisbee.,13,
47413,mscoco,A white toilet sitting next to a bath tub.,583,
47414,mscoco,A gray and white kitten tucked into a woman's jean jacket.,852,
47415,mscoco,A person standing in a kitchen with some pots.,834,
47416,mscoco,The dining room is decorated in brown and white.,427,
47417,mscoco,There are some people gathered around a table for cake,154,
47418,mscoco,A kitchen full of appliances and a sink full of dishes.,784,
47419,mscoco,Bicycles are parked and people walk along a street next to the water.,187,
47420,mscoco,The chef sees smoke as he opens the over door.,482,
47421,mscoco,Man standing over a sink cleaning a series of vegetables.,762,
47422,mscoco,A man relaxing on his love seat is doodling on his cell phone.,144,
47423,mscoco,A man holding up a foldable bike on a bus.,767,
47424,mscoco,"A kitchen with white tiles, a white refrigerator and white cupboards.",541,
47425,mscoco,A house hallway with all the bedroom doors open.,716,
47426,mscoco,A man in a green shirt working in a plastic factory.,972,
47427,mscoco,A couple at the beach walking with their surf boards.,307,
47428,mscoco,A cat snoozing on the back of a toilet in the bathroom,482,
47429,mscoco,A dog is jumping in the air to catch a frisbee.,422,
47430,mscoco,A two-person vanity is below a mirror in the bathroom.,740,
47431,mscoco,A woman standing in a kitchen being remodeled.,346,
47432,mscoco,Items placed on a tree stump for making a cooking stove,455,
47433,mscoco,"A smirking man in a striped shirt holds his hands outstretched, a different coffee cup in each.",801,
47434,mscoco,there is a shower with a blue light in it,661,
47435,mscoco,some colorful kites are flying and a mountain,712,
47436,mscoco,"A beige bathroom with a black window, a toilet, and a shower.",14,
47437,mscoco,A small brown dog standing next to a red smart car.,294,
47438,mscoco,A woman working in commercial kitchen with stainless steel appliances.,114,
47439,mscoco,"A person sits on the bike portion of a bike carriage, waiting for customers.",160,
47440,mscoco,A stop sign with a building in the background.,62,
47441,mscoco,A women riding on a horse on a sandy beach.,903,
47442,mscoco,A picture of a person taking a picture.,658,
47443,mscoco,A person sitting on a machine with wheels in the middle above a pedal.,33,
47444,mscoco,A man carves a turkey in the kitchen.,619,
47445,mscoco,Man holding up a black cellphone and typing on it.,770,
47446,mscoco,Towels hang on a rank above the sink.,178,
47447,mscoco,The kitchen with wooden cabinets is next to the living room.,516,
47448,mscoco,A metal sink sitting inside of a kitchen.,165,
47449,mscoco,"A kitchen containing various objects and appliances, including a stove, microwave, stools and a clock on the wall",12,
47450,mscoco,A black cat crawling down the side of a white tub.,406,
47451,mscoco,A group of people on a boat with a bicycle onboard,853,
47452,mscoco,A knife and spatula on a cutting board next to an open laptop.,434,
47453,mscoco,a male in a green shirt on a bicycle and some people,697,
47454,mscoco,Many cars are parked in a parking lot.,971,
47455,mscoco,A bathroom sink displayed under a large vanity mirror.,897,
47456,mscoco,A bench in a park piled with bags and luggage,466,
47457,mscoco,Small bathroom with lights on above the sink.,568,
47458,mscoco,A couple of men in a truck on a street.,729,
47459,mscoco,Fluffy dog sitting on the floor for a treat.,850,
47460,mscoco,The girl just hit the tennis ball into the net.,265,
47461,mscoco,there is a bathroom with a toilet a sink and a bath tub,942,
47462,mscoco,A bathroom with a toilet next to a sink near a tub.,586,
47463,mscoco,A woman standing next to a bike with a crate on it carrying a dog.,514,
47464,mscoco,"A kitchen area with table, stove and a refrigerator.",314,
47465,mscoco,A picture of a modern day kitchen with an orange tea kettle on the stove.,727,
47466,mscoco,"A small bathroom with a mirror, shower, toilet and vanity.",233,
47467,mscoco,An oven with the door open beside a microwave in a kitchen,434,
47468,mscoco,some measuring spoon are neatly stacked together inside each other,954,
47469,mscoco,Four bottles of red wine in front of stacked plates,161,
47470,mscoco,A bathroom being renovated with tape on the toilet,279,
47471,mscoco,A cat sitting in the open trunk of a car.,997,
47472,mscoco,People are riding bikes down a street with a tree.,95,
47473,mscoco,A small white kitchen with wooden cabinets and a white refrigerator.,535,
47474,mscoco,A dog with a jacket on is standing in front of a bike.,387,
47475,mscoco,A tray of food and a boilder with a vegetable sit on a kitcken counter.,974,
47476,mscoco,A bottle of oil with asian lettering on it.,129,
47477,mscoco,A mint green bathroom with car pictures on the wall,761,
47478,mscoco,Many windsocks blowing in the wind at sunset.,217,
47479,mscoco,A kitchen with a microwave and a dishwasher.,411,
47480,mscoco,A shirtless man lays on a bed and smiles.,634,
47481,mscoco,Commuters as seen through window of motor vehicle.,58,
47482,mscoco,A kitchenette with two microwaves on the counter,225,
47483,mscoco,A very clean bathroom with a toilet and sink.,402,
47484,mscoco,A picture of a bike by a building.,189,
47485,mscoco,A bathroom counter that has a vase with flowers inside of it.,843,
47486,mscoco,a person riding a bike next to a bus,764,
47487,mscoco,There are a few skiers standing together on a hill,1000,
47488,mscoco,A small bare kitchen with white cabinets and oven,573,
47489,mscoco,Two people talking while walking a dog near a bike.,620,
47490,mscoco,Bike riders travel next to a passenger train,862,
47491,mscoco,A woman takes a picture of herself in a bathroom mirror.,80,
47492,mscoco,a room with some cabinets and a sink,837,
47493,mscoco,a man standing on his hand on a skatboard,710,
47494,mscoco,A group of people walking along  a river.,480,
47495,mscoco,A bottle of Coca-Cola is adjacent to a keyboard and Cola-Cola logo keychains are on top of the keyboard.,489,
47496,mscoco,A bunch of people waiting on the train platform for the train,321,
47497,mscoco,A person taking a picture of a bathroom with a sink and toilet.,669,
47498,mscoco,a white bathroom with a blue towel on the shower,658,
47499,mscoco,A group of snowboarders sliding down a snowy mountain.,415,
47500,mscoco,A man and girl carrying surfboards down a sidewalk in front of a metro bus.,848,
47501,mscoco,Modern kitchen and dining area with black counter tops and wood cabinets with various kitchen appliances.,390,
47502,mscoco,"A kitchen with a large silver pot, cleanser, dishes, stove, shelves, and cabinets",169,
47503,mscoco,A person wearing glasses sitting in front of a refrigerator.,56,
47504,mscoco,"A pair of red scissors, red box cutter, and a red handled knife.",823,
47505,mscoco,A cat takes a nap in the bathroom sink.,381,
47506,mscoco,THERE IS A MOTOR CYCLE BIKE GATHERING,663,
47507,mscoco,A group of surfers wade into the sea.,435,
47508,mscoco,A bathroom with two sinks and a toilet with two mirrors on the wall.,200,
47509,mscoco,A woman riding a bike in the street and other people walking around.,277,
47510,mscoco,"A bathroom complete with a toilet, sink and bathtub.",112,
47511,mscoco,The bathroom is clean and ready for us to use.,107,
47512,mscoco,A couple of people on some horses in the street.,80,
47513,mscoco,A man remodeling a kitchen kneeling on top of a kitchen counter.,372,
47514,mscoco,A refrigerator is filled with an assortment of food.,618,
47515,mscoco,A kitchen with a center island and a metallic refrigerator.,798,
47516,mscoco,"Very clean bathroom with toilet,shower, sink and mirror.",867,
47517,mscoco,Small dog sitting in middle of bathroom floor next to tub.,344,
47518,mscoco,A bathroom with yellow walls and tile tub,29,
47519,mscoco,The young man in the helmet jumps up with his skateboard.,246,
47520,mscoco,A man poses for a smile on the street.,289,
47521,mscoco,A white toilet sitting under a window next to a sink.,167,
47522,mscoco,A man riding a skateboard down the side of a metal rail.,555,
47523,mscoco,A person in blue and orange shirt riding a bicycle.,110,
47524,mscoco,"An old looking bathroom in white tones, with exposed pipes and single window.",67,
47525,mscoco,"A small kitchen with a table, stove and other utensils.",217,
47526,mscoco,A young girl flys a kite with a bunch of people in the background.,612,
47527,mscoco,A clean public restroom is seen in this picture.,12,
47528,mscoco,Two dogs in a carriage attached to a bicycle.,775,
47529,mscoco,the bathroom has red carpets and pink curtains,932,
47530,mscoco,A man taking a selfie in front of a mirror in a bathroom.,317,
47531,mscoco,Woman taking photo while standing in bathroom of home.,193,
47532,mscoco,"A bathroom wink a tub, sink, mirror, and other accessories.",565,
47533,mscoco,The bath room has a very large mirror and lots of towels.,207,
47534,mscoco,A picture of an orange with a black background,654,
47535,mscoco,A black car traveling past parked cars on a tree filled street.,952,
47536,mscoco,A cutting board with a beet cut in half,34,
47537,mscoco,A man and a woman are standing by the street,247,
47538,mscoco,a little dog looking sad while  sitting in a bathroom,276,
47539,mscoco,A white toilet and mirror in a small room.,88,
47540,mscoco,A sink and bathtub are in a small room.,584,
47541,mscoco,A group of men playing a game of frisbee in a park.,579,
47542,mscoco,A man wearing plate armor and metal helmet while talking on a cell phone.,46,
47543,mscoco,"a bathroom with two sinks, soap dispensers and a big mirror",578,
47544,mscoco,A toilet and a shower tub with a blue bath mat.,810,
47545,mscoco,THIS KITCHEN HAS LOTS OF APPLIANCES AND STIANLESS STEEL,496,
47546,mscoco,White cabinets with glass cupboards and with black tiled counter top,47,
47547,mscoco,A bathtub and toilet in a room with many windows.,50,
47548,mscoco,The serving counter of a restaurant is quiet.,323,
47549,mscoco,A group of motorcyclists are traveling on a street.,96,
47550,mscoco,A couple of people standing over a grill in a building.,967,
47551,mscoco,a beige bathroom with not a lot of decorations in it,317,
47552,mscoco,A woman in a kitchen standing in front of a stove.,9,
47553,mscoco,a bath room with a toilet a sink a stand up shower,366,
47554,mscoco,a kitchen with a stove a coffee maker and a shelf,770,
47555,mscoco,A man sitting on a couch holding a laptop computer.,290,
47556,mscoco,a sink with some dishes in it sit over a cabinet,982,
47557,mscoco,people in a kitchen wearing chef gear preparing food,408,
47558,mscoco,Two people looking at laptop computer screen on a table.,513,
47559,mscoco,An area set up with coffee pots and coffee cups on a counter.,200,
47560,mscoco,Black and white photo of a cat under a car by its tire.,323,
47561,mscoco,A boy and a girl eat food on a bench.,770,
47562,mscoco,A man's head that is in a bathroom stall.,401,
47563,mscoco,The two bikes was both blue in color,744,
47564,mscoco,A kitchen that has a silver refrigerator in it.,365,
47565,mscoco,The modernized bathroom is visible from the hallway.,998,
47566,mscoco,A white toilet sitting next to a sink.,133,
47567,mscoco,A person rowing a boat in the middle of a lake,720,
47568,mscoco,a kitchen with cupboards with a refrigerator a microwave and a sink,691,
47569,mscoco,There is a bathroom with gray tiled walls.,100,
47570,mscoco,A large bathroom mirror reflecting a vanity and shower.,340,
47571,mscoco,a person with a glove holding a bird,418,
47572,mscoco,"A kitchen with wooden cabinets, small appliances, a sink and window.",919,
47573,mscoco,A man preparing food inside of a kitchen on a wooden table.,760,
47574,mscoco,People stand on the sidewalk near the building with neon lights in the windows.,516,
47575,mscoco,a man standing on a tiled floor in a kitchen,104,
47576,mscoco,A man in a large kitchen cooking food.,515,
47577,mscoco,A shaved cat with a very large head wearing a purple harness.,827,
47578,mscoco,A washroom with toilets and a sink,794,
47579,mscoco,A kitchen with a dining room table and a sitting area,154,
47580,mscoco,a white refrigerator stove oven dish washer and microwave,25,
47581,mscoco,A close-up of a cutting board with cut vegetables and a bowl of noodles.,602,
47582,mscoco,An old photo of a ribbon cutting at an event.,816,
47583,mscoco,The door of the bathroom is standing open.,392,
47584,mscoco,A couple of young women standing near a counter preparing food.,489,
47585,mscoco,A motor scooter that has an advertisment on the back next to a bicycle.,601,
47586,mscoco,A girl is working on putting food together.,890,
47587,mscoco,three men on a field playing with a Frisbee,873,
47588,mscoco,a kitchen full of cabinets sink fridge on a tiled floor,39,
47589,mscoco,Player swinging at ball with catcher holding glove out,298,
47590,mscoco,A bathroom sink with oral care products all around.,166,
47591,mscoco,an image of passengers that are boarding an airplane,156,
47592,mscoco,Several people prepare meals on a wooden table.,699,
47593,mscoco,A bike attached to a car bumper with people with luggage in the background.,475,
47594,mscoco,An efficiency apartment featuring an abundance of wood.,81,
47595,mscoco,A man is carrying a surf board while riding a bike.,907,
47596,mscoco,there is a small kitchen that has many shelfs in it,641,
47597,mscoco,A half bathroom with tile flooring and a toilet and vanity.,96,
47598,mscoco,A young guy checking on a wire as he holds onto a dog leash.,976,
47599,mscoco,a small candle lit beside a placemat and some glasses,736,
47600,mscoco,A counter with two sinks under a large mirror.,238,
47601,mscoco,Man standing beside his bike on a Oceanside boardwalk.,906,
47602,mscoco,a bathroom that has a sink and a toilet,221,
47603,mscoco,A picture of a kitchen in the room.,827,
47604,mscoco,A group of men playing basketball on a court.,698,
47605,mscoco,This picture from the vanity top reveals a bed in the background.,670,
47606,mscoco,A white toilet sitting next to a walk in shower.,145,
47607,mscoco,A claw foot bathtub next to a walk-in glass shower.,788,
47608,mscoco,A man is dressed as an ice cream sundae and is standing outside the Apple Store.,736,
47609,mscoco,A skinny horse is grazing in a field.,165,
47610,mscoco,Hazy image of a surfer riding a wave on the ocean.,987,
47611,mscoco,Glass shelves and a deep sink in a hotel bathroom,514,
47612,mscoco,A bus stop with a bus parked at night and people standing outside of the bus under a covered area.,529,
47613,mscoco,A woman walking next to a man sweeping a street.,747,
47614,mscoco,A man with a colorful hat on riding a bike with a cart attached.,624,
47615,mscoco,"A sink, toilet and mirror in a bathroom.",668,
47616,mscoco,a bathroom that has a white bath tub in it,536,
47617,mscoco,a bathroom with a sink a bath tub and a mirror,953,
47618,mscoco,Two men are in a cabin kitchen with one sitting on the counter.,788,
47619,mscoco,A toilet that is sitting near a window.,350,
47620,mscoco,a couple of dogs standing on a checkered floor,459,
47621,mscoco,two people in a kitchen cutting and preparing food,805,
47622,mscoco,A man watches people on a boat on the river.,135,
47623,mscoco,A bicycler riding in the bike lane down a street.,348,
47624,mscoco,An empty kitchen and living room with furniture,298,
47625,mscoco,"A clean bathroom with mirror, bathtub, windows and sink.",369,
47626,mscoco,A young man riding a snowboard down a snow covered slope.,639,
47627,mscoco,A bathroom with a red and white tile wall and a white toilet.,877,
47628,mscoco,"Person sitting at dinner table with food on plate, watching cat walk across table toward plate.",963,
47629,mscoco,a boy standing by a counter decorating a gingerbread house,442,
47630,mscoco,That looks like too much food to fit into her mouth.,41,
47631,mscoco,"An overview of the chains, pedals, and chains of a bike.",913,
47632,mscoco,A young lady is laying down doodling on her iPad.,730,
47633,mscoco,A kitchen counter with open cupboards is seen in this picture.,793,
47634,mscoco,TWO HANDS OPERATING A SMALL BLACK AND WHITE LAPTOP,700,
47635,mscoco,A bath tub sits in a large bathroom.,397,
47636,mscoco,this bathroom has glass doors and tile walls,245,
47637,mscoco,A uniformed man is waiting to enter the street on a motorcycle.,214,
47638,mscoco,landscape of a snowy mountain with people standing on skis,626,
47639,mscoco,A vegetable in front of a toaster oven.,622,
47640,mscoco,a yellow bathroom with a shower mirror and some toilet paper,77,
47641,mscoco,A dimly lit empty apartment type kitchen.,982,
47642,mscoco,The kitchen is equipped with all the best appliances.,157,
47643,mscoco,there is a female tennis player serving the ball,581,
47644,mscoco,Two cooks prepare food in a professional kitchen,643,
47645,mscoco,the toilet is white and the cabinets are brown in this bathroom,510,
47646,mscoco,Woman sitting in chair at wooden table with assortment of items to be assembled.,100,
47647,mscoco,A white bath tub sitting next to a window.,825,
47648,mscoco,a field that has a lot of people in it,16,
47649,mscoco,Several vehicles traveling down a winding flower lined road.,147,
47650,mscoco,a woman with a bunch of make up on has some cup cakes,785,
47651,mscoco,A kitchen is shown with nice appliances ha,892,
47652,mscoco,A large water bottle is on a table in a kitchen.,317,
47653,mscoco,a cement floor with some tables sitting on top of it,561,
47654,mscoco,A bowl sitting in a bathroom across from a toilet.,889,
47655,mscoco,Cooktop is heating up a pan to cook food.,993,
47656,mscoco,A white bathroom sink sitting under a bathroom mirror.,817,
47657,mscoco,this kitchen has all white appliances and a table,801,
47658,mscoco,A skate boarder flipping his board on a paved courtyard by a fountain,917,
47659,mscoco,a couple of people in a room eating some kind of food.,90,
47660,mscoco,A person riding a bicycle alongside a bus in front of a Flash Taco.,511,
47661,mscoco,A bike next to a fence on a city street.,97,
47662,mscoco,A cat is standing under a blue vehicles,466,
47663,mscoco,a room with abstract designs and a lot of wood,322,
47664,mscoco,A bathroom that has red towels and a white floor.,174,
47665,mscoco,A dark wooden dresser converted into a bathroom sink.,957,
47666,mscoco,View of a steamy restaurant kitchen in black and white.,303,
47667,mscoco,A male performing skateboard tricks on a street.,166,
47668,mscoco,A cat has jumped on top of a car covered with snow.,70,
47669,mscoco,A toilet sits atop a tiled black and white floor.,287,
47670,mscoco,a close up of a cup with tooth brushes,591,
47671,mscoco,A teenager jumping a barstool on a skateboard in a bar.,373,
47672,mscoco,Two people in wetsuits carrying surfboards into the ocean.,362,
47673,mscoco,a person feeding birds near a bike,92,
47674,mscoco,A small galley kitchen with white cabinets and a washing machine.,73,
47675,mscoco,A restroom with a urinal next to a toilet.,184,
47676,mscoco,this is a brown dog sitting on a floor,728,
47677,mscoco,colorful candles sit on a table in a large kitchen.,791,
47678,mscoco,"A kitchen has wood cabinets, a dishwasher, sink, and refrigerator.",472,
47679,mscoco,close up of an umbrella hanging from a rope,265,
47680,mscoco,An all white bathroom with a metal frame under the sink,485,
47681,mscoco,A woman is holding a cat under an umbrella.,263,
47682,mscoco,A man that is holding a bike in the grass.,782,
47683,mscoco,A dog wearing a shirt sitting in a car.,898,
47684,mscoco,A black stove sitting between counters in a kitchen.,453,
47685,mscoco,"The large kitchen has a wooden table, and wooden chairs, cabinets, and floors.",666,
47686,mscoco,"A kitchen with a double sink, green cabinets and stainless steel appliances.",947,
47687,mscoco,A lot of people that are cooking some food.,144,
47688,mscoco,Cars streaking by on city roadway as seen at night.,963,
47689,mscoco,Two women are walking on the beach with surf boards,127,
47690,mscoco,A black and white stove top oven under a microwave.,996,
47691,mscoco,this bathrooms gets a lot of sun coming from the window,583,
47692,mscoco,A beautiful young lady with tattoos preparing food in a kitchen.,500,
47693,mscoco,A car door open parked on the side of the street,41,
47694,mscoco,A woman is in the bathroom leaning over the tub.,373,
47695,mscoco,"A bathroom with a toilet, a rug and toilet tissue holder.",880,
47696,mscoco,"Small shower with white toilet, white sink, and clear shower door.",294,
47697,mscoco,Looking down at a cat and the remains of a toilet paper roll on the bathroom floor,411,
47698,mscoco,A cat is walking on the floor in a room.,419,
47699,mscoco,A person in a kitchen near a sink and microwave.,878,
47700,mscoco,people on the bikes ridding around along the station,635,
47701,mscoco,A person riding on a motor bike with a umbrella.,940,
47702,mscoco,A group of people disembarking from a plane at and airport.,697,
47703,mscoco,A group of scooters are lining a street.,133,
47704,mscoco,a man smiles as he stands in the snow,452,
47705,mscoco,A bathroom with two white toilets and a large bathtub.,376,
47706,mscoco,A very big pretty kitchen with a holiday display.,525,
47707,mscoco,A white bathroom with a house plant and large mirrors.,866,
47708,mscoco,"Interior bathroom shot showing white toilet, sink, tile and window.",640,
47709,mscoco,An old lady sitting alone on a wooden bench.,975,
47710,mscoco,A woman in glasses is cleaning a counter top.,322,
47711,mscoco,A couple of people standing in a small kitchen.,383,
47712,mscoco,A man in a kitchen is holding a pan of cake.,86,
47713,mscoco,A woman holding a teddy bear next to a woman in a red dress.,699,
47714,mscoco,"A bathroom with mirror, cabinet, sink, and newspaper holder.",424,
47715,mscoco,A pretty lady smile as she lays next to a cat.,519,
47716,mscoco,A very dirty restroom with dirty walls .,461,
47717,mscoco,A bare bathroom is mostly white in color.,270,
47718,mscoco,A man opening up an oven with food cooking in it.,899,
47719,mscoco,A stylish bathroom is depicted in a wide angle shot.,897,
47720,mscoco,"A bike that has ""Bike And Destroy"" written on it's side.",699,
47721,mscoco,A bathroom has been freshly cleaned and nicely decorated.,44,
47722,mscoco,A small white sink in a wide bathroom,636,
47723,mscoco,A man in a suit stands outside with sunglasses and a hat.,660,
47724,mscoco,"A stove, oven, microwave, blender, pots, and a wall clock.",59,
47725,mscoco,A kitchen with two stoves a rotisserie and a counter.,759,
47726,mscoco,A very small bathroom with blue couch on one side.,810,
47727,mscoco,A bathroom sink with towels hanging below it.,251,
47728,mscoco,The image shows a skier racing down a run.,717,
47729,mscoco,A cat laying in a sink staring up.,841,
47730,mscoco,Picture of sink corner in bathroom with door reflected in mirror,575,
47731,mscoco,Kitchen scene view from ceiling of counter and cabinets.,9,
47732,mscoco,The bathroom has been decorated with gold accents.,159,
47733,mscoco,Bathroom with walk in shower and a pedestal sink.,874,
47734,mscoco,A bathroom with a black and white tiled floor.,108,
47735,mscoco,A girl in a brown shirt lays her head on a toilet.,298,
47736,mscoco,A simple white bathroom has the look and feel of a spa setting.,385,
47737,mscoco,A man in brown shirt looking at a cellphone.,163,
47738,mscoco,a woman is working in a large kitchen,584,
47739,mscoco,This is a photo of someones bathroom in their home.,409,
47740,mscoco,An older gentleman in his home packing for a trip while the news is on.,875,
47741,mscoco,People working in a kitchen together trying to organize food.,75,
47742,mscoco,A kitchen with white cabinets and black appliances,229,
47743,mscoco,Sports car convertible in traffic next to other cars.,398,
47744,mscoco,A person working behind the counter of a food truck.,896,
47745,mscoco,"People sit at a library, studying and using computers",474,
47746,mscoco,A dog sitting on the floor in the pantry.,686,
47747,mscoco,A bathroom with carpeted floors and wallpaper covered walls.,96,
47748,mscoco,A blonde woman in a necktie is wearing colorful makeup.,358,
47749,mscoco,A kitchen with a lot of counter space covered in bottles.,478,
47750,mscoco,A man riding a skateboard on top of a cement floor.,480,
47751,mscoco,A group of people are riding their bikes in the city.,658,
47752,mscoco,A group of chef preparing sandwiches in the kitchen,548,
47753,mscoco,an image of a man talking on his cellphone,922,
47754,mscoco,a closeup of a person in bed under covers,838,
47755,mscoco,A man wearing glasses is typing on a computer.,477,
47756,mscoco,The wall in the bathroom has a lot of graffiti on it.,112,
47757,mscoco,Three bananas hanging from a metal hook by some flowers.,88,
47758,mscoco,The kitchen is nice and shiny and clean,185,
47759,mscoco,COLORFUL HAND MADE BASKETS SITTING ON DISPLAY RACKS,750,
47760,mscoco,An old kitchen has standard appliances and brown cabinets.,111,
47761,mscoco,A white toilet sitting next to a white sink in a bathroom.,940,
47762,mscoco,A bathroom with a large round bathtub with two round sinks.,983,
47763,mscoco,A bunch of food on a counter top.,945,
47764,mscoco,"A bathroom with toilet, sink, washer, and dryer.",407,
47765,mscoco,A large black dog standing on a kitchen floor.,787,
47766,mscoco,Neatly white folded towels on shelving unit with earth tone walls.,444,
47767,mscoco,two women in a kitchen with two silver stoves,205,
47768,mscoco,A black cat is drinking out of a toilet.,412,
47769,mscoco,a kitchen with a silver refrigerator and oven and counter,337,
47770,mscoco,a bunch of bikes standing side by side next to a body of water,67,
47771,mscoco,A dog is in the grass trying to catch a frisbee.,325,
47772,mscoco,a bunch of bikes sitting for sale on the side walk,351,
47773,mscoco,A stove and microwave in a small room.,619,
47774,mscoco,"A toilet, sink and first aid kit in a bathroom.",498,
47775,mscoco,A woman on a bike takes her picture in the mirror,218,
47776,mscoco,Two chefs are standing in the kitchen smiling.,720,
47777,mscoco,Hanging plane near building with people at amusement part.,760,
47778,mscoco,Bicycles are parked next to the door of a building,488,
47779,mscoco,A large industrial looking kitchen in a restaurant or home,118,
47780,mscoco,"A view of street from curb with cars parked on side of street, rows of parking meters, trash bin, with trees.",286,
47781,mscoco,a black cat sitting on top of a car in the sun,466,
47782,mscoco,A bathroom that seems to be in possibly a basement.,40,
47783,mscoco,"A mid sized bathroom with toilette, shower and vanity mirror above a sink.",559,
47784,mscoco,A woman in green jacket brushing her teeth outdoors.,160,
47785,mscoco,a wind-chime made of a stick and seashells hanging outside a window,972,
47786,mscoco,"A bathroom with bathtub, vanity, mirror and windows.",482,
47787,mscoco,A cat sitting on a toilet in a room.,150,
47788,mscoco,A kitchen filled with appliances next to a hard wood floor.,656,
47789,mscoco,There is a person in a hospital bed with two others looking over him.,219,
47790,mscoco,a man that i standing up by some pots and pans,328,
47791,mscoco,A stove with pots and food in the oven,582,
47792,mscoco,Two women walking on the beach holding up their surfboards.,33,
47793,mscoco,"In the bathroom there is a shower, sink, and toilet.",616,
47794,mscoco,A man takes a nap on an outdoor bench.,793,
47795,mscoco,An island can be seen out of the window of the small bathroom.,390,
47796,mscoco,A young woman is helping a small child to brush their teeth.,64,
47797,mscoco,She is barking instructions for the someone on her cell phone.,959,
47798,mscoco,A dog sitting in a basket on a bike in front of a store.,828,
47799,mscoco,"A bathroom containing a sink, toilet, cabinet and window.",371,
47800,mscoco,The surfer rides the wave into the beach,809,
47801,mscoco,A messy kitchen counter with spices and other items sitting on it.,441,
47802,mscoco,A bathroom is being renovated and a person is painting the wall.,485,
47803,mscoco,A silver car parked under a tree on a suburban street,219,
47804,mscoco,A cat sitting on the hood of a snow covered car.,56,
47805,mscoco,A bicycle with many bags in front of a bus,217,
47806,mscoco,A plane surrounded by a crowd of people.,889,
47807,mscoco,Doorway view of a bathroom area with toilet and hamper.,24,
47808,mscoco,A man is holding a terrifying clown cake.,976,
47809,mscoco,a room showing a cooker and an oven,777,
47810,mscoco,Debris is scatter beside a bench and waste barrel.,701,
47811,mscoco,an image of a bathroom setting with studio lighting,434,
47812,mscoco,Two people ride a motorcycle down a street while others look on.,277,
47813,mscoco,"A bathroom with a toilet, a tub and a mirror.",259,
47814,mscoco,A woman preparing to serve a large meal from her kitchen.,651,
47815,mscoco,A cat out on the patio on a sunny day,181,
47816,mscoco,A kitchen counter with playing boom box and refrigerator across from it.,86,
47817,mscoco,A couple of sinks sitting underneath a mirror.,146,
47818,mscoco,A woman taking a picture over her should while standing in front of a mirror.,71,
47819,mscoco,A bathroom with a small white toilet next to a shower.,281,
47820,mscoco,a kitchen with lots of bottles on the counter,415,
47821,mscoco,a young woman riding a long board on the sidewalk.,84,
47822,mscoco,A group of people riding bikes down a street.,306,
47823,mscoco,A man on a bike near the beach.,895,
47824,mscoco,A large decorative kitchen with candles on the table and counter tops.,730,
47825,mscoco,A woman with pink hair taking a  selfie in a bathroom mirror.,463,
47826,mscoco,"A bathroom with a shower, sink and mirror.",893,
47827,mscoco,A cat is in a bathroom siting on the toilet lid.,430,
47828,mscoco,a police officer on a red motorcycle in the street,538,
47829,mscoco,A walk in white shower next to a toilet and a sink.,220,
47830,mscoco,People ride different sized cycles in the mural painted on a building wall.,686,
47831,mscoco,The contemporary bathroom features a gray marble countertop.,915,
47832,mscoco,A large kitchen has food all over the bar area.,266,
47833,mscoco,"Bathmat fills space on floor between toilet, sink and tub",189,
47834,mscoco,Neat bathroom with wooden walls and surroundings and has a glass shower.,851,
47835,mscoco,gray and white cat sitting on the hood of car,56,
47836,mscoco,Two people in a kitchen with one wearing a silly hat.,95,
47837,mscoco,"Kitchen with wood ceiling, shelves and stainless steel sinks.",917,
47838,mscoco,A woman stands on an inflatable yellow boat and oars through some plant debris.,924,
47839,mscoco,A little girl is riding a pink bicycle as other children are standing behind her in a residential neighborhood.,439,
47840,mscoco,Friends in a kitchen about to have a meal together,351,
47841,mscoco,A restroom with the toilet in the corner.,987,
47842,mscoco,a bath room with a toilet a sink and a mirror,772,
47843,mscoco,A kitchen with a refrigerator and an oven and lots of cabinet space.,305,
47844,mscoco,A man in white shirt walking by a red and yellow dirt bike.,169,
47845,mscoco,A yellow tow truck has a gray car attached to it while a man in a safety vest is near.,204,
47846,mscoco,A couple of urinals that have sun light shinning on them..,358,
47847,mscoco,"A toilet, shower, and other accessories in a bathroom.",965,
47848,mscoco,Row of outdoor tables with chesse boards on them,430,
47849,mscoco,A delapidated small kitchen with an electric stove,494,
47850,mscoco,"A bathroom with toilet, bathtub, and towels in it.",487,
47851,mscoco,Two women in alluring poses ready to take of bite of some food.,549,
47852,mscoco,A bathroom with a shower and toilet and window,706,
47853,mscoco,A kitchen with a pets food dishes on the floor.,803,
47854,mscoco,A woman peeking out behind a dog that is laying across her face.,165,
47855,mscoco,A kitchen with a white counter top and an oven.,989,
47856,mscoco,A cook has a pan of food going into a bowl.,714,
47857,mscoco,The woman in uniform is filming herself in the kitchen.,448,
47858,mscoco,There is a clean bathroom counter and sink.,364,
47859,mscoco,Several people are boarding a small passenger plane.,935,
47860,mscoco,A stop sign stands on a corner across the street from several buildings.,710,
47861,mscoco,"Outdoor cafe, with metal-and-wicker chairs and red umbrellas, frames a daytime street scene.",585,
47862,mscoco,A small kitchen with stove near some stairs.,399,
47863,mscoco,A small blender with a bowl of fruit next to it,843,
47864,mscoco,A man sits in front of brightly colored bags,11,
47865,mscoco,There are two stools sitting in the kitchen.,575,
47866,mscoco,a line of bathroom stalls with a colored floor and white toilets,802,
47867,mscoco,A group of men standing around parked motorcycles.,916,
47868,mscoco,A bathroom with a shower curtain that has a tree on it,612,
47869,mscoco,A white bathroom with a sink and bathtub.,204,
47870,mscoco,Nicely redone bathroom with tub and tiles and a toilet,80,
47871,mscoco,An immaculately clean bathroom with a curved tub.,741,
47872,mscoco,"A restroom contains a toilet, seat covers and handicap bars.",684,
47873,mscoco,A bathroom with a long vanity and toilet cubicle.,593,
47874,mscoco,A man jumping his bicycle onto a bench.,632,
47875,mscoco,Two hairless cats are sitting on a woman.,149,
47876,mscoco,A man wearing a backpack waits for the crossing signal.,332,
47877,mscoco,A bicycle with red and white handlebars at bus door.,681,
47878,mscoco,The army officers are listening to the speaker.,844,
47879,mscoco,"A bathtub, sink and window in a bathroom.",962,
47880,mscoco,A bathroom with a high small window and a red tile floor.,752,
47881,mscoco,a bathroom picture with a bottle of mouth wash.,761,
47882,mscoco,A row of men using laptops on side of a building.,846,
47883,mscoco,A man riding skis down a ski slope.,755,
47884,mscoco,A woman drinks from a mug while a man prepares food.,751,
47885,mscoco,A man brushing his teeth in front of a bathroom mirror.,325,
47886,mscoco,A man smiles while holding a small black dog.,15,
47887,mscoco,Some pink writing on a cement block wall,155,
47888,mscoco,"a hairdressing room with strange eupiment, some kind of sink.",919,
47889,mscoco,Shirtless guy jumping off a boat into the water.,470,
47890,mscoco,a kitchen showing a stove some appliances and cookware,957,
47891,mscoco,An incredibly dirty and destroyed bathroom with a toilet and sink covered in filth.,152,
47892,mscoco,A man in black shirt riding a bike and pulling a cart.,512,
47893,mscoco,a bath room with a toilet and a cat on the rug,886,
47894,mscoco,"An empty bathroom with sink, toilet, medicine cabinet and shower.",325,
47895,mscoco,a white cat is sitting on a black bicycle,117,
47896,mscoco,A bicycle leaned on a wooden structure outside on a lawn,812,
47897,mscoco,A museum of that has a lot of planes in it.,994,
47898,mscoco,a man reaching down for something in a box,691,
47899,mscoco,a living area with a kitchen and dining room,417,
47900,mscoco,A woman is holding two toddlers on her lap as they play on the keyboard.,270,
47901,mscoco,a white refrigerator some bowls bottles pots and knives,534,
47902,mscoco,Two people sitting on a park bench under a purple flowered tree.,740,
47903,mscoco,a woman leaning on a counter poses for a picture,4,
47904,mscoco,a fully tiled bathroom with a toilet and sink,462,
47905,mscoco,A kitchen with a red stove top under a framed picture.,966,
47906,mscoco,a black cat is sitting in a sink and some sunglasses,853,
47907,mscoco,"A bathroom with a sink, medicine cabinet and mirror.",878,
47908,mscoco,A hotel bathroom with stone counter and mirror,129,
47909,mscoco,There are four glasses of wine on the counter.,650,
47910,mscoco,A bicycle leaning up against a park bench.,461,
47911,mscoco,Black and white photograph of a man on subway with bicycle.,655,
47912,mscoco,Several people in bike suits sit around in chairs and standing while wearing their helmets.,993,
47913,mscoco,A woman is holding an umbrella over her head,593,
47914,mscoco,A group of red and black bicycles in front of a blue and white train.,100,
47915,mscoco,A roll of toilet paper is on the floor next to a toilet.,38,
47916,mscoco,A woman with a racquet standing on a tennis court.,224,
47917,mscoco,"A man using a computer and a laptop with several I-pods on his desk,",764,
47918,mscoco,"A kitchen with an oven, stove, and refrigerator in a highlighted type picture.",193,
47919,mscoco,Man driving a motorcycle with a woman passenger.,431,
47920,mscoco,The woman is taping a show inside in front of a audience.,714,
47921,mscoco,A bathroom with a Monogrammed symbol above a toilet.,560,
47922,mscoco,A vehicle parked by a fence with a cat on top of the roof.,793,
47923,mscoco,A dimly lit kitchen with many modern appliances.,171,
47924,mscoco,The dog is hanging out the pickup looking for his owner.,616,
47925,mscoco,a kitchen with a sink and fridge inside of it,387,
47926,mscoco,Two bananas with jars of Peanut Butter in the background.,222,
47927,mscoco,A bare bathroom with yellow walls and white appliances.,357,
47928,mscoco,A young man and woman laughing in a kitchen with party food.,215,
47929,mscoco,A white toilet sitting inside of a bath tub in a bathroom.,976,
47930,mscoco,A very plain and sparsely decorated bathroom in someone's house.,196,
47931,mscoco,a bench sitting on a platform between two passenger trains,996,
47932,mscoco,a kitchen with a counter and stools inside of it,696,
47933,mscoco,An intersection with cars and three traffic signs.,591,
47934,mscoco,A clean bathroom is seen in this image.,979,
47935,mscoco,A bathroom with a view of the toilet and some shelves.,15,
47936,mscoco,an empty bathroom of a hotel is well decorated,380,
47937,mscoco,A reflection of a car on the side of a wall.,834,
47938,mscoco,A person kite surfing in the white capped ocean.,373,
47939,mscoco,A kitchen with a stainless steel sink and a black refrigerator.,17,
47940,mscoco,a kitchen with a stove counter top and hard floors,310,
47941,mscoco,A very small rest room with a toilet and sink.,919,
47942,mscoco,A BATHROOM WITH A SINK AND A TOILET IN IT,315,
47943,mscoco,A white tank of some kind sits next to rolls of toilet paper in a small niche area.,515,
47944,mscoco,A beautiful large bath room with flowers and magazines inside.,839,
47945,mscoco,a person is outside trying to fix a bike,889,
47946,mscoco,A woman standing at a counter in an empty restaurant,128,
47947,mscoco,A guy with a frisbee is jumping while the other players watch.,717,
47948,mscoco,a black microwave oven a white stove and brown cabinets,512,
47949,mscoco,A kitten rubbing against the legs of a person wearing blue jeans and new balance sneakers.,665,
47950,mscoco,black and white photo of a bathroom and sink.,467,
47951,mscoco,A woman in a short dress talking on a phone.,424,
47952,mscoco,"A kitchen scene with the sink, refrigerator and dishwasher.",421,
47953,mscoco,A very nice looking big tub near a bright window.,361,
47954,mscoco,A young lady crossing the road with her dog on a leash.,361,
47955,mscoco,A woman in a bikini riding a bike,849,
47956,mscoco,A blender on a counter top holds some food.,556,
47957,mscoco,The shower curtain next to the toilet has a tree outline on it.,437,
47958,mscoco,A kitchen counter is covered with knives and other cooking implements.,536,
47959,mscoco,A man in white stepping on a red bus with his dog and bike.,998,
47960,mscoco,The room has a very modern looking sink in it.,784,
47961,mscoco,A woman standing next to another woman holding a paintbrush near a sign.,344,
47962,mscoco,A man walks past birds in multiple cages.,117,
47963,mscoco,black and white of an umbrella and man.,949,
47964,mscoco,A kitchen with marble counter tops under a window with a stove top oven.,181,
47965,mscoco,a large kitchen with wood cabinets and tile floors,470,
47966,mscoco,A large kitchen with stainless steel appliances and a wooden floor.,439,
47967,mscoco,A bathroom scene looking at the toilet and the bathtub.,383,
47968,mscoco,A beautiful young lady riding a bike across a street.,182,
47969,mscoco,a black cat stands along the side of a wall in the bathroom,567,
47970,mscoco,A group of bicyclists ride with little or no clothes on.,610,
47971,mscoco,a kitchen with a stove a microwave and a cupboard,167,
47972,mscoco,A folding table sitting in a kitchen with a window behind the sink.,556,
47973,mscoco,The laptop is next to the burners of a stove.,447,
47974,mscoco,A closeup of a bathroom in a hotel,391,
47975,mscoco,A black and white cats sits on the edge of a sink.,292,
47976,mscoco,A woman sitting in a building with other people in the background.,866,
47977,mscoco,Several bicycles line the street waiting to be used.,676,
47978,mscoco,Books and snacks resting on and around a small table.,706,
47979,mscoco,A kitchen with a table in the forefront of the picture,697,
47980,mscoco,An empty kitchen has a potted plant on the counter.,448,
47981,mscoco,There is a full view of an outdoor area and it is nice.,650,
47982,mscoco,A man passing behind an officer on a horse on his bike.,291,
47983,mscoco,A tea kettle sitting on top of a stove top oven.,719,
47984,mscoco,"Kitchen with an island, counter top space, and silver appliances.",636,
47985,mscoco,"A kitchen with a refrigerator, oven, and counter.",961,
47986,mscoco,Bathroom that has toilet sitting in the bathtub,948,
47987,mscoco,The back view of a person standing in front of the stove.,928,
47988,mscoco,A cat is standing outside looking in a house through a window.,878,
47989,mscoco,a man and a woman sitting down next to a railing one on the phone,102,
47990,mscoco,This is a picture of black and white cars coming down a street,90,
47991,mscoco,A man skating down a sidewalk on a skateboard.,826,
47992,mscoco,a cat standing on a snow covered car,858,
47993,mscoco,A laptop on a counter with food and other stuff.,107,
47994,mscoco,A person with an umbrella is riding a bike down a street.,92,
47995,mscoco,A bike parked by a fence on a street.,666,
47996,mscoco,A man walking down a street next to a bunch of parked cars.,17,
47997,mscoco,A white bathroom with white towels and brown shower curtain,632,
47998,mscoco,"A shower, toilet, and a sink in a bathroom.",955,
47999,mscoco,An orange double bus drives alongside a man in business-causal attire.,422,
48000,mscoco,Granite kitchen counters and a steel stove and oven.,107,
48001,mscoco,A man fixing a bowl of food at a counter.,509,
48002,mscoco,"A bathroom with a mirror, shower, towels and a glass shower door in it.",768,
48003,mscoco,A large brown dog laying on top of a wooden floor.,770,
48004,mscoco,a man carving the turkey for thanksgiving dinner,639,
48005,mscoco,A group of people riding horses down the coast.,950,
48006,mscoco,A couple of guys in a kitchen with a short ceiling.,558,
48007,mscoco,A white toilet in a bathroom next to a sink.,103,
48008,mscoco,A white toilet sitting next to a shower and a towel.,649,
48009,mscoco,A neutral colored bathroom is free from all items.,455,
48010,mscoco,A stove top oven sitting inside of a kitchen.,516,
48011,mscoco,"A kitchen with a refrigerator, electric stove,microwave and a large window",596,
48012,mscoco,Light filters into an empty room containing a table and chairs and extensive open counter space.,826,
48013,mscoco,A guy in a sweater in a room holding some cups.,34,
48014,mscoco,a dog lying on the ground next to a red bicycle with a laundry basket attached.,684,
48015,mscoco,A large bus parked on a city street at night.,297,
48016,mscoco,A bathroom with a sink and several towels on the counter,873,
48017,mscoco,A cat sitting on the hood of a taxi parked on a snowy street,431,
48018,mscoco,A table topped with white plates and cups next to eating utensils.,217,
48019,mscoco,An RV is parked next to a moped and a bicycle.,229,
48020,mscoco,An artistically decorated bathroom with mannekins and posters.,796,
48021,mscoco,A young man skateboarding on the edge of a fountain.,466,
48022,mscoco,The trees on the sidewalk all have orange leaves.,565,
48023,mscoco,A small tiled bathroom with shower and sink.,391,
48024,mscoco,"a knife, scissors and blade laying on a table",118,
48025,mscoco,Sepia toned picture of cars on the highway with low hanging clouds above.,201,
48026,mscoco,A convertible volkswagon is parked by a meter.,877,
48027,mscoco,A parking meter and a vehicle on a lot.,481,
48028,mscoco,A boy with a backwards baseball cap in a cluttered home kitchen.,974,
48029,mscoco,The woman smiles at her office computer desk.,128,
48030,mscoco,Two bikes are on display in a shop window.,360,
48031,mscoco,A wooden bathroom with white sink and bathtub.,991,
48032,mscoco,It is night time and a group of people are standing on a corner talking and a white building in the background is all lit up.,813,
48033,mscoco,Four men preparing food in a large kitchen.,936,
48034,mscoco,A group of people standing and sitting around a kitchen.,476,
48035,mscoco,"A woman sits on a brick wall, holding her umbrella, looking out at the city.",423,
48036,mscoco,A man standing in a kitchen next to a refrigerator and in front of a window.,930,
48037,mscoco,A woman in a kitchen preparing food at a stove.,841,
48038,mscoco,People gathered together in a kitchen looking into an oven at what's cooking.,661,
48039,mscoco,A white toilet and bath in a room.,721,
48040,mscoco,A woman in a professional kitchen by a wok.,804,
48041,mscoco,A woman in the kitchen with others preparing a meal.,759,
48042,mscoco,a bunch of little metal cans with some little cups of food in them,406,
48043,mscoco,a large bathroom with a tub and white floors,8,
48044,mscoco,A woman stands in the kitchen holding a large knife and a partially cut watermelon.,963,
48045,mscoco,"A bathroom has a toilet, tub, sink, and mirror in it.",384,
48046,mscoco,People standing besides a table full of food eating from bowls with chop sticks.,801,
48047,mscoco,A young person wearing glasses and a ball cap in front of a steel cabinet.,230,
48048,mscoco,A group of chefs stand in the background and a statue is in the foreground.,520,
48049,mscoco,A TV monitor in the tile of a bathroom wall above the bathtub faucet.,291,
48050,mscoco,"A restroom area features a bathtub, toilet, sink and round mirror.",275,
48051,mscoco,a white microwave oven a pot holder and some books,901,
48052,mscoco,A city street crosswalk with a pedestrian and traffic.,675,
48053,mscoco,"A bathroom with a sink, mirror and a window.",271,
48054,mscoco,a bathroom that has  a sink and a mirror,315,
48055,mscoco,A couple enjoying beverages and a snack on a sunny day,859,
48056,mscoco,A woman is in a tent near a coffee pot.,925,
48057,mscoco,A cat passes in front of the grate of a blue car.,815,
48058,mscoco,A blue and white bathroom with butterfly themed wall tiles.,932,
48059,mscoco,two people standing near one another with stuffed animals,425,
48060,mscoco,A toilet stall has a working toilet and toilet paper.,690,
48061,mscoco,A kitchen that is on the inside of a train.,248,
48062,mscoco,"A group of bicycles stacked outside ""Edmonton Bicycle Commuters""",5,
48063,mscoco,A man in a suit standing in a kitchen.,922,
48064,mscoco,Red and white shower curtain in household bathroom.,931,
48065,mscoco,An oven range sits in a small kitchen space with a microwave and cabinets.,425,
48066,mscoco,A glass fronted cabinet over a very small stove and oven,34,
48067,mscoco,A woman rides a bicycle holding an umbrella.,16,
48068,mscoco,An aqua volkswagon parked next to a parking meter.,27,
48069,mscoco,A kitchen filled with appliances with a very large window.,158,
48070,mscoco,A white kitchen area with granite counter tops.,810,
48071,mscoco,A dated kitchen is ready for an upgrade.,384,
48072,mscoco,A famous actor and actress posing in a kitchen.,861,
48073,mscoco,A man sitting in front of two computer screens.,837,
48074,mscoco,"Small bathroom with a toilet, sink, shower, and mirror.",532,
48075,mscoco,A bathroom with sink and toilet shown in the picture,840,
48076,mscoco,a close up view an recreational vehicle toilet,760,
48077,mscoco,The silhouette of a person standing in front of a sunset over water.,615,
48078,mscoco,A kitchen with an oven and refrigerator,326,
48079,mscoco,A man selling a large variety of veggies,344,
48080,mscoco,Three people standing in a line with their eyes closed and one of the people is wearing a lei.,175,
48081,mscoco,THERE IS A BATHROOM WITH A SINK AND TOILET,983,
48082,mscoco,A person walking in the rain with an umbrella and bag.,586,
48083,mscoco,A bunch of men standing in a building and one of them is on a cell phone.,441,
48084,mscoco,A bathroom mirror displaying in it's reflection the shower and some boxes with cursive writing on them.,248,
48085,mscoco,A mother and her daughter riding bikes while walking the dog,570,
48086,mscoco,A combination shower and bathtub with an open window.,997,
48087,mscoco,A motorbike parked by a fence with two bicycles leaning against it.,401,
48088,mscoco,A bus driving down a street next to a parked bike.,198,
48089,mscoco,A very nice kitchen with all black appliances.,632,
48090,mscoco,A skateboarder has one end of the board in the air on top of a bench.,660,
48091,mscoco,A small brown dog on a leash standing next to a bike rack.,403,
48092,mscoco,a bathroom with a sink that has two yellow towels rolled up beside it,849,
48093,mscoco,A crafting table with sheets of colored foam and different colors of paint.,53,
48094,mscoco,A bathroom with a toilet that has no tank.,821,
48095,mscoco,A kitchen with yellow walls and a wood floor.,955,
48096,mscoco,A bathroom sink beneath a very large mirror reflecting a roll of toilet paper.,592,
48097,mscoco,"A cramped airplane restroom, with the Golden Gate Bridge visible through the window.",440,
48098,mscoco,A woman standing next to a parked car near  stop sign.,132,
48099,mscoco,A bathroom vanity with a small sink and faucet,962,
48100,mscoco,"This is a full bathroom and has a shower/tub, toilet, and a sink.",652,
48101,mscoco,This dimly lit bathroom has a shower and a nice closet.,400,
48102,mscoco,A simple modern bathroom is displayed in the dim light.,746,
48103,mscoco,A rustic painting above the toilet in a modern bathroom gives the effect of looking through a window in time.,178,
48104,mscoco,A kitchen filled with metal counters and stools.,413,
48105,mscoco,A very nice and clean and sparsely decorated counter top.,926,
48106,mscoco,A bicycle sitting on a ledge near a building.,326,
48107,mscoco,A modern residential bathroom with a heated towel rack,530,
48108,mscoco,A man and woman with a knife that are next to a cake.,163,
48109,mscoco,Two women snowboarders smiling and holding their boards.,448,
48110,mscoco,"A bathroom with a toilet, a sink and black dots on the floor.",237,
48111,mscoco,"An empty, dark kitchen is pictured in this image.",102,
48112,mscoco,A young man wearing jeans and a t-shirt rides a ten speed bike without using his hands to steer.,728,
48113,mscoco,The brown and white dog stands on a wooden kitchen floor.,821,
48114,mscoco,a very crowded train and people are standing close to each other.,130,
48115,mscoco,A man pedals a stationary bike indoors as a group of people look on.,517,
48116,mscoco,The white bathroom features a wooden toilet and an antique sink.,122,
48117,mscoco,"A cupboard with vase, bottles and cup inside",647,
48118,mscoco,some red and white scissors a knife and a cutting tool,591,
48119,mscoco,A woman petting a cat sitting in a bathroom sink.,804,
48120,mscoco,there is a large display of many desserts,402,
48121,mscoco,A bathroom has a white brick wall and a two drawer cabinet and a toilet.,864,
48122,mscoco,An airport employee is signaling the large plane.,781,
48123,mscoco,An array of measuring spoons are laid out on a colorful towel.,643,
48124,mscoco,Kitchen with wood cabinets and refrigerator with utensils,939,
48125,mscoco,A kitchen with white tile floors white fixtures and an enclosed bath and shower combination.,267,
48126,mscoco,A Mercedes Benz sitting at a yellow traffic light.,858,
48127,mscoco,A woman stands in a kitchen with the cabinets open.,567,
48128,mscoco,A woman in glasses hugs and kisses her cat.,163,
48129,mscoco,a bath room with a toilet a sink and a mirror,972,
48130,mscoco,A couple of sinks in a small bathroom.,331,
48131,mscoco,two bikes carrying three people on the street,209,
48132,mscoco,The refrigerator has messages for various mmembers of the family.,96,
48133,mscoco,A toddler plays in the bathtub with a smile.,96,
48134,mscoco,A man preparing food on top of a counter in a  kitchen.,27,
48135,mscoco,A picture of a office kitchen and break room.,448,
48136,mscoco,There is no  image shown here for me to display and so I have nothing specific to write about,12,
48137,mscoco,A white bathroom with beige tile on the floor.,644,
48138,mscoco,"A kitchen with wooden cabinets, and a kitchen island.",789,
48139,mscoco,This is a view of a kitchen from out in the hallway.,608,
48140,mscoco,A urinal stall stands with the door open.,157,
48141,mscoco,Kitchen shelves with a lot of utensils and cooking implements.,29,
48142,mscoco,A bathroom vanity with windows open on top of it.,633,
48143,mscoco,A modern toilet is seen in this bathroom.,725,
48144,mscoco,Doorway view of bathroom with toilet and sink.,557,
48145,mscoco,A well lit bathroom with a painted glass door.,943,
48146,mscoco,This is an image of the inside of a kitchen.,996,
48147,mscoco,The kitchen area is clean and brand new.,81,
48148,mscoco,Woman riding a bike on a street with parked cars.,586,
48149,mscoco,Black and white bathroom with large shower stall.,392,
48150,mscoco,A police officer sighting a woman on a bike,26,
48151,mscoco,A bearded man sitting with his legs up in a cluttered kitchen.,761,
48152,mscoco,A skier skis low to the ground on a snowy mountain,752,
48153,mscoco,Beautiful flowers a blooming in foreground while a large body of water is in the background.,134,
48154,mscoco,A small white toilet sits next to a shower with clear doors.,465,
48155,mscoco,A big bunch of motorcycles and bikes parked in a lot.,650,
48156,mscoco,A white refrigerator freezer sitting inside of a kitchen.,647,
48157,mscoco,A wall mounted mirror in a small bathroom.,797,
48158,mscoco,a mans legs wearing sandals walking his dog,367,
48159,mscoco,The passengers are sitting next to each other on the bus.,192,
48160,mscoco,A sink that is a wash basin with a pot underneath.,246,
48161,mscoco,"The kitchen has a stove, and a microwave in it.",669,
48162,mscoco,A woman walking her dog across a busy city street,920,
48163,mscoco,Various Coca Cola items sitting next to a keyboard for a computer,228,
48164,mscoco,A person riding a bicycle over a bridge carrying a backpack and bicycle tires.,305,
48165,mscoco,A person and a kid by a bike watching a boat.,199,
48166,mscoco,A red motorcycle built for travel and comfort is parked on the roadside.,549,
48167,mscoco,A man stands with a knife and onions in front of a garage.,861,
48168,mscoco,There is a woman holding a knife in a bath tub,252,
48169,mscoco,A closed umbrella is strapped to the middle bar of a bicycle.,744,
48170,mscoco,a toilet and a wash area and windows,799,
48171,mscoco,Several wine bottles and wine glasses in a kitchen,827,
48172,mscoco,A stereo sits to the left of the range in the kitchen.,805,
48173,mscoco,Ingredients and measuring cups on a kitchen counter,388,
48174,mscoco,A bathroom with a small sink vanity and a toilet.,789,
48175,mscoco,Two cats that are sitting in the bathtub.,267,
48176,mscoco,"a bathroom with a tub, sink, and mirror",676,
48177,mscoco,a teen boy laying on a bed while reading a book,53,
48178,mscoco,A man laying on the beach holding up a kite.,282,
48179,mscoco,People on scooters are parked and viewing something.,85,
48180,mscoco,A view of a kitchen with a very nice stainless steel sink in it.,958,
48181,mscoco,A kitchen with a center island with two computers on it,148,
48182,mscoco,a couple standing at a table cutting into something,643,
48183,mscoco,A businessman sitting down in front of a microphone.,24,
48184,mscoco,A man in a straw hat riding a small brown horse.,654,
48185,mscoco,A bowl has been filled with small oranges,594,
48186,mscoco,A woman in a bathroom with children's toys on the floor.,888,
48187,mscoco,A man on a bicycle wearing a scary mask.,106,
48188,mscoco,A stove is dirty and sitting in the middle of a room.,114,
48189,mscoco,this bathroom has an all glass shower and tile floor,471,
48190,mscoco,A group of young men sitting on steps in front of the ocean.,950,
48191,mscoco,A small flip phone sits on a wooden desk.,611,
48192,mscoco,A person's head hidden behind a big umbrella.,126,
48193,mscoco,A group of people sit on benches on the helm of a boat in the water.,110,
48194,mscoco,An archway shades a narrow cobbled street leading to a doorway.,146,
48195,mscoco,A man and woman standing by a large tree while the woman is on a phone.,290,
48196,mscoco,A bathroom with red walls and a white toilet.,269,
48197,mscoco,A green motorcycle sits parked by a gas station.,917,
48198,mscoco,a person taking pictures of a bathroom area,185,
48199,mscoco,A man wearing glasses has a hairless cat on his back.,96,
48200,mscoco,The large kitchen is clean and ready to cook in.,80,
48201,mscoco,A man kissing a woman's forehead while laying in bed together.,507,
48202,mscoco,A kitchen with a sink and white stove and white walls,865,
48203,mscoco,A man on a beach throws a frisbee.,371,
48204,mscoco,"A bathroom with a phone, a kleenex holder, and a televison.",935,
48205,mscoco,Bathroom with small sink and towels with white tiles,859,
48206,mscoco,this is a toilet and a sink in a bathroom,213,
48207,mscoco,A woman walking in front of a man talking on a cell phone.,401,
48208,mscoco,Two people carrying a surf board down a sidewalk.,104,
48209,mscoco,A white fire place sitting below a giant clock.,503,
48210,mscoco,A portion of a bath room with a large mirror over the sink.,815,
48211,mscoco,The kitchen and part of a living room of a trailer.,23,
48212,mscoco,a person on a stage with a basketball,424,
48213,mscoco,A bathroom toilet is surrounded with silver handrails.,76,
48214,mscoco,They are playing their instruments at an event.,499,
48215,mscoco,A man cooking in the middle of kitchen,983,
48216,mscoco,"A counter area that is behind glass, with various fruit and vegetables on the counter and posters of primates on the wall behind it.",641,
48217,mscoco,Many people in a field stand beneath a large flying kite.,79,
48218,mscoco,An orange and white kitty cat resting its head on a person.,216,
48219,mscoco,"A sink, toilet, mirror and shower sitting in a bathroom.",704,
48220,mscoco,A black and white picture of cooks cutting open an animal.,430,
48221,mscoco,A baby is in the sink holding a toothbrush,385,
48222,mscoco,A very nice bike sitting near some pretty old cars.,912,
48223,mscoco,A towel and a mirror in a room.,322,
48224,mscoco,Dog in the air to catch a frisbee while a man lays on the ground.,649,
48225,mscoco,A man holding his laptop toward the kitchen wall.,931,
48226,mscoco,a woman standing next to a car with bikes attached to the back of it,462,
48227,mscoco,A small cupboard with dishes and other knick knacks on it,828,
48228,mscoco,A horse drawn carriage with a man and a boy in it riding down a road.,165,
48229,mscoco,Small toilet shown in very small enclosed area.,185,
48230,mscoco,A group of motorcycles parked in front of a building.,306,
48231,mscoco,A group of people with umbrellas wait in a rainy park.,11,
48232,mscoco,A PERSON IS SMILING N THE KITCEHN,926,
48233,mscoco,"A kitchen with a microwave, oven, and stand mixer.",183,
48234,mscoco,"a kitchen with a white stove, refrigerator, deep freezer and shelves",676,
48235,mscoco,A toilet sits in the corner of the dirty bathroom.,581,
48236,mscoco,A black man taking a nap on a public bench.,647,
48237,mscoco,A cat on the hood of a car gets ready to pounce.,622,
48238,mscoco,a glass walled shower in a bathroom,876,
48239,mscoco,There is shampoo and conditioner in the shower.,33,
48240,mscoco,The home is constructed of wood including the furniture within.,121,
48241,mscoco,Darth Vader standing inside of a restroom in front of sinks.,1000,
48242,mscoco,Two people sitting getting their hair cut at a barber.,352,
48243,mscoco,a male and female in black shirts a mirror and sink,356,
48244,mscoco,A white bathroom which includes a white sink and a bathtub.,496,
48245,mscoco,A crowded street market filled with people and produce.,629,
48246,mscoco,A man blending white liquid on top of a counter.,615,
48247,mscoco,Four chairs sit around a table in a very clean kitchen.,560,
48248,mscoco,Modern kitchen with white counter tops and dark wood cabinets.,6,
48249,mscoco,A white bathroom with blue tile floor and large windows.,163,
48250,mscoco,A man that is standing next to a white truck.,535,
48251,mscoco,A center island with a marble counter top.,760,
48252,mscoco,That looks to be a very cozy soaker tab behind the shower curtain.,261,
48253,mscoco,A counter and a refrigerator in a room.,949,
48254,mscoco,a bearded man wearing a red hat is on a tv set,125,
48255,mscoco,"A living area with chairs, a bookshelf and a dining table.",198,
48256,mscoco,The dog is sitting in the car with the window down.,621,
48257,mscoco,Little girl riding a bycicle in a neighborhood.,31,
48258,mscoco,A man in a kitchen smiles holding a large drink lid.,549,
48259,mscoco,A white sink and mirror in a room.,24,
48260,mscoco,A bath tub sitting in a bathroom next to a window.,531,
48261,mscoco,Several people gathered together with umbrellas open.,525,
48262,mscoco,a bathroom with a sink and a mirror,780,
48263,mscoco,A tub and a window in a room.,157,
48264,mscoco,A little orange kitten looks out from behind the tire of a car that is parked on a city street.,222,
48265,mscoco,An animal printed sitting on a public street.,888,
48266,mscoco,A clean kitchen has a stainless steel microwave and teapot.,374,
48267,mscoco,a man in a hat is standing over some food,118,
48268,mscoco,Snow skier doing tricky stunt in a drift area,921,
48269,mscoco,A white door with a microwave on a counter nearby.,223,
48270,mscoco,Open door going into a bathroom with black and white tile floor.,31,
48271,mscoco,A man riding a bike next to a bus on a street.,336,
48272,mscoco,"Home scene of stairwell and bathroom, shower curtain and partial toilet seat visible.",142,
48273,mscoco,A kitchen with a white sink and a stove top oven.,226,
48274,mscoco,Some players in action on the baseball field.,86,
48275,mscoco,there is a purple curtain that is in this bathroom,746,
48276,mscoco,A cat sitting in a white sink in a bathroom,709,
48277,mscoco,"Several signs with the word ""ants"" are posted next to each other.",963,
48278,mscoco,A shower is made of wood and will not warp.,130,
48279,mscoco,A man is walking a city street with an umbrella.,275,
48280,mscoco,An office kitchen with the sign Grouplab over the cabinets,281,
48281,mscoco,"A bathroom featuring the shower, toilet, sink and vanity.",494,
48282,mscoco,A bathroom counter with personal hygiene products on it.,205,
48283,mscoco,A window with a decoration of a branch and shells.,977,
48284,mscoco,Open bar area inside a house made all of wood.,95,
48285,mscoco,an image of a bathroom setting with toilet and counter,357,
48286,mscoco,A man in green shirt painting the ceiling of a kitchen.,726,
48287,mscoco,The bathroom is decorated in mostly white with a bright pink accent shelf behind the toilet.,565,
48288,mscoco,The groceries are out on the counter in the kitchen.,668,
48289,mscoco,A kitchen area with tan counter and two white sinks.,302,
48290,mscoco,A block bike is propped up on the fence railing as a red 40-wheel drive truck is parked behind it.,479,
48291,mscoco,"A bathroom with a toilet, a vanity, a sink and a mirror.",764,
48292,mscoco,Workers wearing hats and aprons work behind the counter.,829,
48293,mscoco,People wait to cross at a busy crosswalk in a large town,508,
48294,mscoco,A woman holds a furry dog by its leash.,447,
48295,mscoco,a grey cat standing at the sink with its eyes wide open,525,
48296,mscoco,A woman holding a cup smiling for the camera,970,
48297,mscoco,A photograph of the bathroom inside a house.,410,
48298,mscoco,"A table and chairs covered with plates, bowls and a basket.",945,
48299,mscoco,A sink and vanity in a luxurious bathroom.,198,
48300,mscoco,A nicely displayed bathroom sink in a hotel.,257,
48301,mscoco,A woman in a black and white dress on a bicycle.,178,
48302,mscoco,A bathroom sink and cabinet featuring everything white,203,
48303,mscoco,A group of women standing around a kitchen together.,704,
48304,mscoco,Clean white bathroom with a large enclosed tub.,867,
48305,mscoco,this is a picture of a boy getting ready to play frizbee .,909,
48306,mscoco,A man who is standing next to a bicycle.,735,
48307,mscoco,The kitchen of this home is made from wood.,288,
48308,mscoco,People are carrying surfboards down a street next to each other.,985,
48309,mscoco,A person is riding a bike on a street with traffic.,403,
48310,mscoco,Sunny modern bathroom with sinks and closed toilet.,106,
48311,mscoco,A BMW is pictured with a man walking with a bicycle,598,
48312,mscoco,A traffic light above a busy traffic dense street.,813,
48313,mscoco,Kitchen sink with a toaster and scrub brush next to it.,785,
48314,mscoco,A dog tied to a sign next to a man on a bike.,602,
48315,mscoco,Two people flying a kite in a park.,320,
48316,mscoco,A woman holding a small white kitten inside her jacket.,170,
48317,mscoco,Thee cats sleeping on a bed with a person.,814,
48318,mscoco,A person riding a bike down a city street,211,
48319,mscoco,A toilet and sink in a bathroom,977,
48320,mscoco,There is a case hanging from a hook in the bathroom.,740,
48321,mscoco,A table with a lit candle and plates and glasses on top of it.,500,
48322,mscoco,A kitchen filled with lots of clutter and appliances.,444,
48323,mscoco,"A kitchen area with an oven, stove and sink.",905,
48324,mscoco,"A view of a bathroom shower, two sinks, mirrors, and window.",457,
48325,mscoco,"A small bathroom with a toilet, bathtub and shower curtain.",434,
48326,mscoco,A group of three men preparing food in a kitchen.,611,
48327,mscoco,Two women in the kitchen holding food dishes.,766,
48328,mscoco,A woman in tie and skirt taking a picture with cellphone.,279,
48329,mscoco,A large black cat laying under a car.,836,
48330,mscoco,"A male holding a cake with ""Congrats on coming out"" written on it.",327,
48331,mscoco,"A bathroom with a sink, toilet, shower, bathtub, and mirror.",638,
48332,mscoco,A large open kitchen space with white and red cabinets,111,
48333,mscoco,A kitchen with a variety of appliances on the counter.,622,
48334,mscoco,A SMALL BATHROOM WITH LIGHT TILE FLOORS ON THE GROUND,393,
48335,mscoco,A large clean bathroom with modern fixtures and a large shower with glass doors.,440,
48336,mscoco,a messy kitchen that has s washer in it,205,
48337,mscoco,Two stands standing on the floor by their owner's legs,581,
48338,mscoco,A gigantic yellow rubber duck in a body of water.,362,
48339,mscoco,A woman in a bikini top skateboarding down a street.,383,
48340,mscoco,A couple of young people talk on the terrace of a shop in the city.,920,
48341,mscoco,A cat stands on a counter while a dog stands on the floor.,648,
48342,mscoco,a bathroom with a lot of towels and big mirror in it,840,
48343,mscoco,Two Asian women cooking in an apartment kitchen,66,
48344,mscoco,A mass transit bus with a bike mounted on the front.,461,
48345,mscoco,A small bathroom has separate tub and shower.,172,
48346,mscoco,This is a bathroom with a sink and a mirror.,911,
48347,mscoco,"A bathroom with toilet, sink and mirror on tiled wall.",35,
48348,mscoco,"A group of people with chef hats on, holding knifes and cutting a vegetable in front of each of them as a chef looks on.",982,
48349,mscoco,a couple of sinks in a white and black bathroom`,524,
48350,mscoco,A guy standing in front of a sink looking at his reflection in a mirror.,260,
48351,mscoco,Nice spacious bathroom with marble tiling and dual sinks,601,
48352,mscoco,Passengers waiting to exit a train at a train stop.,420,
48353,mscoco,Boy rowing a wood boat in the water.,301,
48354,mscoco,A woman carrying a shopping bag walking down the street.,619,
48355,mscoco,A man is sitting on a bench with some buildings in the background.,847,
48356,mscoco,a blue kitchen with an old looking stove,899,
48357,mscoco,People are crowding through an outdoor Oriental market.,661,
48358,mscoco,A small bathroom with a single sink vanity and small mirror.,974,
48359,mscoco,"PERSON RIDING IN CROSS COUNTRY GEAR, DRINKING WHILE RIDING",989,
48360,mscoco,A busy street filled with cars and people.,544,
48361,mscoco,A bookshelf on the outside of a bathroom with a toilet.,361,
48362,mscoco,A bathroom with a toilet and a bath tub.,408,
48363,mscoco,A bathroom is adorned with a quilt pattern-inspired floor and walls.,31,
48364,mscoco,A couple of people that are in a kitchen.,118,
48365,mscoco,A woman driving a car while holding a banana.,185,
48366,mscoco,An upside down catsup bottle on a coffee table.,829,
48367,mscoco,A man riding a bicycle along the ocean.,331,
48368,mscoco,The interior of a modern kitchen including an eating area,440,
48369,mscoco,"A man with a paintbrush, painting designs on the outside of a train car.",810,
48370,mscoco,"A man lies in bed resting while a small black and white cat wearing a cone, lies on top of him",191,
48371,mscoco,A kitchen has a black stove and microwave and wooden cabinets.,367,
48372,mscoco,Bright kitchen made mostly of wood with metal refrigerator.,252,
48373,mscoco,A bathroom is shown with green decor nicley.,75,
48374,mscoco,"Kitchen cabinet with built in microwave, stove and wine holder.",221,
48375,mscoco,A shot looking straight down at a mans feet on a bike.,673,
48376,mscoco,A blue bike is chained to a pole while a brown and black dog sits in a window.,381,
48377,mscoco,a bunch of little oranges sitting together next to a wall,381,
48378,mscoco,A man holding a brown teddy bear in his right hand.,149,
48379,mscoco,Graffiti and an advertisement festoon a parking meter.,799,
48380,mscoco,A cat stands on a wind shield and looks behind him.,322,
48381,mscoco,Woman showing facial expression while holding cell phone.,126,
48382,mscoco,A refrigerator containing a variety of beverages and other items.,10,
48383,mscoco,The restroom is clean and ready for customers to use.,327,
48384,mscoco,A white bathroom sink sitting next to a shower.,705,
48385,mscoco,A table topped with personal care items next to a window.,12,
48386,mscoco,A bathroom in which are hung white towels and a white bathrobe.,735,
48387,mscoco,"Two men, one with red hair, sit on an old wooden bench.",337,
48388,mscoco,a red bike has a bag on the back of it,219,
48389,mscoco,Several men riding bikes down a residential street.,477,
48390,mscoco,Horse patrols help to slow down the pace of car traffic.,582,
48391,mscoco,Clutter blocks antique cars from leaving the garage,815,
48392,mscoco,A man riding a bike down the middle of a street.,330,
48393,mscoco,a male and female couple a boat and water,921,
48394,mscoco,two people sitting on a bench and eating,239,
48395,mscoco,A urinal and sink in a small green bathroom.,576,
48396,mscoco,A gir waits on a park bench out side,68,
48397,mscoco,A small dark bathroom with two sinks and a tub,395,
48398,mscoco,a couple of men are sitting at a table,291,
48399,mscoco,A river running through the center of a city with tall buildings.,617,
48400,mscoco,A large commercial kitchen with lots of food.,218,
48401,mscoco,an image of a man standing in front of a kitchen cabinet,540,
48402,mscoco,A young girl sits in the grass petting a cat.,223,
48403,mscoco,a white and blue bus and a red bicycle,106,
48404,mscoco,an old man checking his cell phone by a building,575,
48405,mscoco,A woman in a kitchen cutting up food over a platter.,285,
48406,mscoco,A bathroom with a sink and tiled bathtub.,734,
48407,mscoco,"A large washroom with bath tub, washbasin,a mirror and rugs.",623,
48408,mscoco,A young skateboarder performing a stunt at a skatepark.,969,
48409,mscoco,A run down toilet in need of desperate work.,905,
48410,mscoco,A mirror and sink have dark colored wood.,827,
48411,mscoco,Two horses on a street with people and bicycles,881,
48412,mscoco,A person rides a bicycle next to a large bus.,688,
48413,mscoco,a close up of a person talking on a cell phone,77,
48414,mscoco,a toilet in a bathroom with a naked woman collage on the wall,588,
48415,mscoco,A bike that is leaning against a pole.,915,
48416,mscoco,The large bathroom mirror is clean and spotless.,662,
48417,mscoco,The bathroom has a splash of color with the blue tiles.,432,
48418,mscoco,A white toilet sitting in a stall next to a hand rail.,699,
48419,mscoco,A baby is staring a two birds with yellow feathers on their heads.,775,
48420,mscoco,"A kitchen area with stove, oven and a white refrigerator.",446,
48421,mscoco,"A bathroom containing shower, sink, and a picture.",326,
48422,mscoco,two toothbrush holders holding multiple toothbrushes in a bathroom.,833,
48423,mscoco,"A bathroom with a bathtub, sink, mirror and tiles on the walls.",328,
48424,mscoco,a silver oven some pots pans a knife and cabinets,203,
48425,mscoco,A bathroom with a sliding shower door next to a toilet and sink.,202,
48426,mscoco,Three birds in a parking lot near some cars.,51,
48427,mscoco,Man standing in bathroom looking at reflection in mirror.,822,
48428,mscoco,a kitchen and living room seperated by a single beam,506,
48429,mscoco,Group of people riding on bicycles in front of orange flowers.,511,
48430,mscoco,a bath room with a toilet and towel racks,48,
48431,mscoco,A few people are crossing the street in the city.,282,
48432,mscoco,some people standing by the corner of the street,432,
48433,mscoco,A young man smiling directly at the camera.,123,
48434,mscoco,A refrigerator and a table in a kitchen.,128,
48435,mscoco,A small white kitchen with a meal preparation in progress.,464,
48436,mscoco,A group of people that are standing in the kitchen.,176,
48437,mscoco,A lady working in a kitchen with several different types of dishes.,616,
48438,mscoco,A man is doing a hand stand on a skateboard.,335,
48439,mscoco,a police officer rides a motorcycle on a walkway,606,
48440,mscoco,A group of young women getting food from a table.,393,
48441,mscoco,A family sitting down at a table wearing hats.,243,
48442,mscoco,Modern professional cook's kitchen features ample shelf space and two range tops and ovens.,591,
48443,mscoco,An old fashioned bathroom with gravity fed toilet and bidet and a gas water heater on the wall.,22,
48444,mscoco,A huge fireplace in a wooden house covered in soot.,292,
48445,mscoco,A black cat sitting on top of a car outside.,19,
48446,mscoco,A small kitchen painted white and looking baron.,660,
48447,mscoco,Two bathroom pictures with upper one showing a toilet and sink base.,803,
48448,mscoco,A person wearing a hoodie watches a video on a laptop computer.,877,
48449,mscoco,An open bathroom door with a sink and mirror.,590,
48450,mscoco,"A doorway showing a bathroom,a sink and a mirror.",5,
48451,mscoco,a bath room with a toilet a shower and a mirror,934,
48452,mscoco,a bath room with a toilet a bath tub and a sink,473,
48453,mscoco,A fluffy cat is lying on top of a BMW car.,292,
48454,mscoco,A white sink and a toilet in a room.,135,
48455,mscoco,A young girl rides a white horse pulled by a man.,862,
48456,mscoco,A man in a white jumpsuit is fixing the walls in the house.,991,
48457,mscoco,A bicycle parked in the grass by a tree.,413,
48458,mscoco,The parachutes fly through the sky next to each other.,38,
48459,mscoco,Boxy traditional cabinets don't marry well with stainless steel appliances.,918,
48460,mscoco,A large kitchen window sitting above a kitchen sink.,547,
48461,mscoco,a bathroom with a sunny window by the shower,941,
48462,mscoco,A white tub sitting below a window with in a  bathroom.,541,
48463,mscoco,The kitchen has a a white stove and refrigerator.,41,
48464,mscoco,a group of men looking a building with other men inside,346,
48465,mscoco,An array of pots and pans are hanging on the wall.,661,
48466,mscoco,a silver and black fride in the corner of the room,17,
48467,mscoco,a couple of people that are sitting on a bench,72,
48468,mscoco,People play tennis on a designated court with leave less trees surrounding them.,482,
48469,mscoco,A bus drives down a street lined with buildings.,98,
48470,mscoco,A large kitchen with white cuppards and a black stove.,850,
48471,mscoco,The bathroom sink by the window is clean.,822,
48472,mscoco,"A bunch of mopeds sitting at a line, getting ready to go.",426,
48473,mscoco,A child holding a baseball bat and wearing helmet.,741,
48474,mscoco,There is a towel hanging in the bathroom.,309,
48475,mscoco,A bicycle that is parked on a sidewalk area.,282,
48476,mscoco,A man with a book opened next to a man hunched over on a bench.,325,
48477,mscoco,A street scene with trees and a group of bicycles.,772,
48478,mscoco,A young man riding a skateboard down a road near a building.,355,
48479,mscoco,A few bicycles parked outside a building door.,410,
48480,mscoco,A male pedestrian on a sidewalk as traffic passes by.,82,
48481,mscoco,A blue bike on a black parking meter next to street.,570,
48482,mscoco,Dozens of bicycles secured in a covered double level bike rack.,794,
48483,mscoco,The white refrigerator is next to the kitchen counter.,321,
48484,mscoco,A man with a skateboard is flipping and jumping.,506,
48485,mscoco,Bare-looking kitchen and shiny hardwood floors in a new home.,628,
48486,mscoco,Two people cooking in a industrial kitchen with ducks hanging in the foreground.,49,
48487,mscoco,The dog is laying in the man's lap.,403,
48488,mscoco,A white toilet sitting in a bathroom with a paper on top of it.,306,
48489,mscoco,A woman in a red hat is brushing her teeth.,714,
48490,mscoco,Large stand alone bathtub in bathroom with lots of cabinets.,466,
48491,mscoco,a clean bathroom with a tub and a toilet,506,
48492,mscoco,A white kitchen with a counter in the middle.,870,
48493,mscoco,A woman that is holding a stuffed bear.,657,
48494,mscoco,Close-up image of a plate of vegetable soup.,991,
48495,mscoco,White tiled bathroom with blue walls taken from inside shower.,933,
48496,mscoco,"A small kitchen with wood cabinets, a stove, microwave, fridge and plant.",125,
48497,mscoco,A Wired magazine placed above a toilet in a small bathroom.,864,
48498,mscoco,Two men standing in a kitchen preparing food.,383,
48499,mscoco,A Stop sign is shown covered with stickers.,961,
48500,mscoco,A man in a sports jacket is sitting in front of a microphone.,633,
48501,mscoco,Light fills a clean kitchen at morning time.,106,
48502,mscoco,A toilet is in a bathroom with white subway tile.,30,
48503,mscoco,Man sitting at table with two cats sitting near him.,230,
48504,mscoco,A girl sitting atop the kitchen counter cleaning a baking pan.,49,
48505,mscoco,a riding a bicycle on road in front of bus,846,
48506,mscoco,A cluttered pink tile bathroom counter and a porcelain sink.,11,
48507,mscoco,A man on a bicycle tows a very large sign.,143,
48508,mscoco,Two round sinks are in a wooden counter top next to a large mirror.,108,
48509,mscoco,a bathroom with a tiny toilet and a tiny sink,331,
48510,mscoco,Three skiers skiing in a line on a hill.,883,
48511,mscoco,A multicolored cat is climbing on the handle bars of a bicycle.,705,
48512,mscoco,White pointer looking at an open tool case.,742,
48513,mscoco,A woman holding a white colored dog with a red dyed mohawk hair style on the dog.,447,
48514,mscoco,A close-up picture of a man in a fedora.,232,
48515,mscoco,A man riding a bike down a street with a bus behind him.,175,
48516,mscoco,AA man with signals standing in front of a plane,91,
48517,mscoco,A bicycle sitting by a fire hydrant and a sign saying Paid For.,196,
48518,mscoco,This is a nice kitchen with stainless steel appliances and wooden cabinets.,742,
48519,mscoco,A large garden style bathtub in a bathroom.,924,
48520,mscoco,A postal carrier waiting at a curb for a buss to pass by.,832,
48521,mscoco,A MAN GETTING PULLED FROM A BOAT IN THE WATER,378,
48522,mscoco,A white bathroom with wallpapers that has small flowers.,836,
48523,mscoco,A guy standing in a grassy field with a disc in the air.,925,
48524,mscoco,A room with tables and multiple lighting,551,
48525,mscoco,A bathroom painted orange and decorated with candles.,6,
48526,mscoco,a blue bathroom with a sink and toilet,957,
48527,mscoco,The person is mounting the bicycle as he rides beside a white building.,705,
48528,mscoco,two brown birds and one is sitting on a cars side mirror,889,
48529,mscoco,A group of men playing instrument next to a wooden wall.,54,
48530,mscoco,A cat sits curled up in the drivers seat of a car.,266,
48531,mscoco,"A bathroom with a sink, toilet, mirror and towel racks.",905,
48532,mscoco,Picture of a man with his arm  extended  above a picture of a vegetarian meal.,804,
48533,mscoco,A policeman issuing a traffic ticket to a person riding a three wheeler bicycle.,45,
48534,mscoco,A man flying a kite and holding a dog on a leash on a field.,114,
48535,mscoco,"Two people holding a sign that says ""vote"" and another person holding a sign that says ""honk"".",50,
48536,mscoco,A bathroom counter with his and her sinks.,970,
48537,mscoco,A young man sits on a cement bench wearing a blue and white jacket.,312,
48538,mscoco,a red and white bus a bicycle and some people,77,
48539,mscoco,Man smiling in the mirror while another man takes a photograph.,271,
48540,mscoco,a kitchen with a silver table a light and some cabinets,338,
48541,mscoco,A group of snowboarders sitting down on a slope.,705,
48542,mscoco,A large clock sitting above a fire place in a living room.,628,
48543,mscoco,A bearded man looking at his reflection in a mirror.,811,
48544,mscoco,A dog stares out the open window of a car.,832,
48545,mscoco,Two cats sitting on a green towel inside of a bathroom.,389,
48546,mscoco,Hot pots and pans on the kitchen stove cooking a meal.,277,
48547,mscoco,couple of pastry on top of a bag near a cup of coffee.,716,
48548,mscoco,A red and white street sign stating no bicycle parking.,175,
48549,mscoco,A man pours yellow liquid into a tray with meat.,948,
48550,mscoco,A plain cafeteria is empty and quiet with no one in sight.,142,
48551,mscoco,Three huge pizzas being cooked in the kitchen.,598,
48552,mscoco,A small white hotel bathroom with provided amenities.,472,
48553,mscoco,"A kitchen with an old-fashioned stove, and many toasters on the floor.",123,
48554,mscoco,A bathroom area with a sink and toilet.,130,
48555,mscoco,woman looking at cell phone while at work.,327,
48556,mscoco,A bathroom scene complete with a sink and mirror.,883,
48557,mscoco,Boy being given medicine by a parent at bedtime.,152,
48558,mscoco,"A bathroom are with sink, chair, toilet and a bathtub.",772,
48559,mscoco,This woman is riding her bicycle behind three taxi cabs.,599,
48560,mscoco,A kitchen with many pots and pans hanging above the oven.,910,
48561,mscoco,The portable stereo is on the kitchen counter next to the stove.,871,
48562,mscoco,A cat crouched on the hood of a car,990,
48563,mscoco,A man in black and read gear on a snowy hill.,917,
48564,mscoco,"A tiled back splash sits above a sink covered with soaps, toothbrushes, and other kinds of beauty products.",424,
48565,mscoco,A man in a suit and hat standing next to a bicycle.,653,
48566,mscoco,A man is attempting to bring his bicycle on the train.,458,
48567,mscoco,A man holding a toothbrush while standing in front of a bathroom mirror.,685,
48568,mscoco,A vanity and sink next to a window in a home.,126,
48569,mscoco,Bicycle locked to street post covered with several inches of snow at night.,535,
48570,mscoco,A green kitchen with a white stove and silver refrigerator.,541,
48571,mscoco,a white fridge in a large home kitchen,247,
48572,mscoco,A kitchen with dark wood cabinets and clutter.,592,
48573,mscoco,The view of a cream colored bathroom through the mirror.,490,
48574,mscoco,A lady and a small girl in a room full of things.,678,
48575,mscoco,A row of checkerboard tables sitting next to each other.,502,
48576,mscoco,"A bathroom with a bathtub, toilet and vanity sink.",1000,
48577,mscoco,Several people are standing on the sidewalk as a bus goes by.,288,
48578,mscoco,two brown white and black cats a girl and a red couch,330,
48579,mscoco,a white tub in a brown cabinet bathroom,792,
48580,mscoco,A white toilet sitting underneath a window next to a sink.,749,
48581,mscoco,Cars driving down a windy street with a lot of bushes and flowers decorating the edges.,495,
48582,mscoco,A man sitting on a bike while holding the top to a blender.,232,
48583,mscoco,A clean and empty looking kitchen with a great tiled floor.,95,
48584,mscoco,A person lying in a bed with an open book.,271,
48585,mscoco,A surfer lies prone on his board in a wave,785,
48586,mscoco,a group of children sit on top of a parked motor bike,304,
48587,mscoco,A mirror hanging in a small white bathroom,729,
48588,mscoco,Dishes and silverware in a commercial kitchen setting,85,
48589,mscoco,A kit is flying a kite high in the sky.,362,
48590,mscoco,A men in a suit and hat holds a checked umbrella.,572,
48591,mscoco,a little table that has pans hanging above it,856,
48592,mscoco,"A man with red hair, wearing a vest with a shirt and tie, making a drink at a bar area.",894,
48593,mscoco,A person on some skis in the snow.,249,
48594,mscoco,a black and white photo of a person wearing a suit and tie,676,
48595,mscoco,A group of bike riders waiting to load bikes on a truck,663,
48596,mscoco,A group of people riding skis down a snow covered road.,753,
48597,mscoco,A modern and neat kitchen with a full size refrigerator and a dining table.,877,
48598,mscoco,A man riding a motorcycle through a forest.,211,
48599,mscoco,A mostly white bathroom is seen and has most likely been recently used.,712,
48600,mscoco,Two officers riding horses on a city street.,80,
48601,mscoco,A person is riding a skate board down the side walk.,77,
48602,mscoco,All of those bikes look exactly the same.,996,
48603,mscoco,People are snow skiing down a mountain slope.,507,
48604,mscoco,A view of a hallway in a house.,62,
48605,mscoco,Three bicycles near a tent at a camp site.,218,
48606,mscoco,A toilet sitting inside of a bathroom next to a wall.,14,
48607,mscoco,An old photo of two policemen on horseback.,687,
48608,mscoco,A man waits at the curb with 2 grocery bags.,222,
48609,mscoco,A row of bikes parked next to each other on a street.,480,
48610,mscoco,A subway train sitting while another one speeds by next to it.,839,
48611,mscoco,Two people sitting at a table and eating.,395,
48612,mscoco,A oven with a teapot and a shelf with jars and appliances.,193,
48613,mscoco,A car parked in a parking lot with a bicycle in front of it bearing a bicycle repair sign.,500,
48614,mscoco,A full point of view of a restroom with a sink and toilet,108,
48615,mscoco,A bathroom sink with items next to a window.,349,
48616,mscoco,The interior of a bathroom with a floating counter and wash basin.,214,
48617,mscoco,this kitchen has all white cabinets and a black stove,834,
48618,mscoco,A lady is holding up her cellphone as a guy sits across from her talking on his.,605,
48619,mscoco,A banana offers an opportunity for a wide smile.,780,
48620,mscoco,A typical residential bathroom with shower over the tub,541,
48621,mscoco,"A white tiled bathroom with toilet, sink, and bath/shower.",527,
48622,mscoco,A man standing in a kitchen holding a box of fish sticks.,880,
48623,mscoco,An orange tabby cat peaking out from behind a tire.,321,
48624,mscoco,People holding umbrellas standing outside in the rain.,779,
48625,mscoco,A chef standing in a  kitchen in front of a lot of plates.,968,
48626,mscoco,A man riding a paddle board on top of water.,320,
48627,mscoco,A young man in a bathroom dancing while looking at his reflection in the mirror.,726,
48628,mscoco,A large bathroom with a glass shower wall and vanity.,465,
48629,mscoco,A man sitting on a kitchen floor has tools spread out beside him and is holding a drill.,672,
48630,mscoco,a bathroom in white except for a black and white tile floor,158,
48631,mscoco,A bike parked in a bunch of grass on a sidewalk in front of a wall with graffiti.,869,
48632,mscoco,"A decrepit bathroom with rusted bathtub, radiator and tattered hangings.",517,
48633,mscoco,A large galley kitchen with tile floors,109,
48634,mscoco,an open kitchen and living room in a daylit house,937,
48635,mscoco,A person hula hooping while holding a frisbee,134,
48636,mscoco,there is a very small kitchen with silver and black appliances,225,
48637,mscoco,A man in a knight costume on a cell phone.,939,
48638,mscoco,"A sidewalk and street with a bus, a bike, and other vehicles.",373,
48639,mscoco,The dog rides in the rear basket of the bicycling traveler.,395,
48640,mscoco,A kitchen that has various items on the counter.,999,
48641,mscoco,The toilet in the restroom is not flushed.,464,
48642,mscoco,A very large bathroom has red walls and lights,889,
48643,mscoco,Many items are placed on a tray in the kitchen,636,
48644,mscoco,a grey cat with brown eyes staring sited beside the sink,526,
48645,mscoco,Some women preparing some food in a kitchen.,208,
48646,mscoco,"There are two guys looking at a lot of bikes.,",799,
48647,mscoco,A group of buddhist monks taking pictures and wearing red and orange robes mixed in with a child and man.,410,
48648,mscoco,A kitchen with it's sink cabinets made of wood and a set of knives.,193,
48649,mscoco,A large kitchen generously adorned with shiny metal surfaces.,71,
48650,mscoco,A middle aged man sleeps on a dirty sidewalk.,285,
48651,mscoco,A bike laying on a train track in a road.,434,
48652,mscoco,A small bathroom with a single vanity with overhead lights and a painting.,169,
48653,mscoco,Here is a compact kitchen that uses it's limited space well.,703,
48654,mscoco,inside view of all white bathroom with the door open,315,
48655,mscoco,a small bathroom with a toilet and a sink,975,
48656,mscoco,A picture of a toilet in the middle of a black tiled bathroom.,891,
48657,mscoco,A woman riding a bicycle holding an umbrella,592,
48658,mscoco,a tv plays behind an empty bar in a restaraunt,664,
48659,mscoco,A man stands beside a basket of tennis balls on a cloudy day.,105,
48660,mscoco,Oranges are next to the hand juicer next to a knife and a bowl.,151,
48661,mscoco,A boat with people on it in a marina.,473,
48662,mscoco,a man on a bike holds an umbrella over his head,898,
48663,mscoco,A bicycle laying down on the beach.,110,
48664,mscoco,Boy riding skateboard and doing trick in air.,763,
48665,mscoco,The men are pushing bicycles across the dock.,113,
48666,mscoco,A glass enclosed show stall in the corner of a bathroom.,247,
48667,mscoco,A cat in a bathroom near a bathtub,17,
48668,mscoco,A young man watching television at a desk with a laptop and a notebook.,916,
48669,mscoco,A group of children with skis on a snowy slope.,472,
48670,mscoco,A bike is parked on a street near a yellow door.,192,
48671,mscoco,A bathroom with a white sink and marble tiles.,274,
48672,mscoco,A boar with four food items on top of it.,30,
48673,mscoco,2 women sitting on a floor in a ceramic house preparing dinner.,488,
48674,mscoco,"A small bathroom has a vanity, mirror, toilet and bathtub.",678,
48675,mscoco,A golden bath area with a chandelier and blue and white bathtub.,544,
48676,mscoco,Classy restroom with bath on the side and sink on right.,464,
48677,mscoco,A kitchen area has bar and a multitude of decorations.,361,
48678,mscoco,two bikes behind a display glass on a city street,272,
48679,mscoco,"This is an unused bathroom with a sink, toilet, and bathtub.",122,
48680,mscoco,A rain soaked street with a red traffic light.,950,
48681,mscoco,many people and a male in a black suit has a cellphone,564,
48682,mscoco,a bathroom with a bathtub and a mirror,87,
48683,mscoco,An interior shot of a small tiled bathroom.,363,
48684,mscoco,Many white sinks lined up in a room.,442,
48685,mscoco,A bathroom showing a toilet with the seat up,218,
48686,mscoco,Some people standing in a very small kitchen.,155,
48687,mscoco,A man petting a cat that's sitting on a kitchen counter.,407,
48688,mscoco,A grainy photo shows an old model car with two cats sitting on the roof.,515,
48689,mscoco,two men waiting in front of a tattoo store.,442,
48690,mscoco,A picture of a bathroom with white tile walls and a window with white blinds.,521,
48691,mscoco,A boy is outside with his dog in a field surrounded by a sign and other items.,342,
48692,mscoco,The bathroom is painted and decorated in darker colors,55,
48693,mscoco,A dog in a kitchen that is not well-lit.,452,
48694,mscoco,A kitchen has wood cabinets and white appliances.,280,
48695,mscoco,A bike parked next to a silver and yellow train.,379,
48696,mscoco,A person on a skateboard doing tricks on the cement,101,
48697,mscoco,A dimly lit bathroom painted aqua and white.,51,
48698,mscoco,"A person in a kitchen with cluttered counters, cutting vegetables in a bowl.",665,
48699,mscoco,A bathroom sink and mirror next to a shower curtain.,392,
48700,mscoco,A woman standing in a bathroom by a shower.,750,
48701,mscoco,A man and small dog are riding an ice cream bike down the street.,951,
48702,mscoco,A MAN AND A WOMAN CROSSING A STREET ON THEIR BIKES,433,
48703,mscoco,Some people riding some bikes in the street.,199,
48704,mscoco,An old black dog standing on a tile floor.,302,
48705,mscoco,People on a cobble stone pavement walking and someone riding a bike.,194,
48706,mscoco,an image of bathroom setting with two faucets and a tv,413,
48707,mscoco,"Bathroom area with a sink, mirror, toilet and shower.",181,
48708,mscoco,A view of a bathroom that is bare except the fixtures.,609,
48709,mscoco,A man in a hat is holding a frisbee in the grass.,283,
48710,mscoco,Two adults and a child sit on the beach watching the waves.,543,
48711,mscoco,A kitchen with lots of wooden cabinets and shelves,623,
48712,mscoco,A yak and a man swimming back to shore.,506,
48713,mscoco,A white pedistal sink in a small bathroom.,532,
48714,mscoco,Two people on a train car full of bicycles.,444,
48715,mscoco,"A newly remodeled, very large bathroom painted green.",112,
48716,mscoco,a group of people on bikes ride down a city street,698,
48717,mscoco,A cook is holding a wooden cooking utensil in his hand.,52,
48718,mscoco,Food on a grill with people working,662,
48719,mscoco,A kitchen with a wooden table and hanging pots.,255,
48720,mscoco,a person riding a skate board on a street uphill,982,
48721,mscoco,there are many people on bikes going up an down this road,114,
48722,mscoco,a large modern bath tub in a yellow tiled bathroom,225,
48723,mscoco,A gook preparing food on an old gas stove.,118,
48724,mscoco,a kitchen with ovens tables and sinks,55,
48725,mscoco,A bathroom with dual sinks and two tall vases with roses.,917,
48726,mscoco,There's a flat toilet in a small bathroom,37,
48727,mscoco,a young person and an older person in a kitchen,590,
48728,mscoco,Her pit bull takes the lead when she is on her skateboard.,273,
48729,mscoco,a gray kitchen a glass table chairs and a refrigerator,245,
48730,mscoco,The kitchen has a black oven with a white refrigerator.,68,
48731,mscoco,A kitchen has a green floor and a wooden table.,545,
48732,mscoco,"A bathroom area with a toilet, tub and sink.",104,
48733,mscoco,a person wearing an apron in front of kitchen appliance,283,
48734,mscoco,a bicycle some buildings and banner with letters,232,
48735,mscoco,Two women cooking on a single stove top.,904,
48736,mscoco,a man standing by  a bike on a street corner,636,
48737,mscoco,A kitchen with a white refrigerator and a large window.,717,
48738,mscoco,This is a photo of someones car in their driveway.,734,
48739,mscoco,The tower of the building has a clock displayed on it.,415,
48740,mscoco,A bathroom vanity with stone back splash and glass bowl sink,402,
48741,mscoco,an image of a duck sitting on top of a car,403,
48742,mscoco,A chef preparing meal for his hungry customers.,104,
48743,mscoco,Three images of the process of a bathroom remodel.,226,
48744,mscoco,A white bathroom with the tank above the toilet,752,
48745,mscoco,A public sink in front of a window that overlooks a runway.,844,
48746,mscoco,a bathroom with dark tiling in iit and a pink bathtub,901,
48747,mscoco,A man riding a bike down a dirt road.,709,
48748,mscoco,A silver laptop computer sitting on top of a table.,275,
48749,mscoco,a close up of a person eating a sandwich,508,
