case_number,source,prompt,evaluation_seed,celebrity
203564,mscoco,A bicycle replica with a clock as the front wheel.,41337,
179765,mscoco,A black Honda motorcycle parked in front of a garage.,63155,
322141,mscoco,A room with blue walls and a white sink and door.,78978,
16977,mscoco,A car that seems to be parked illegally behind a legally parked car,19959,
106140,mscoco,A large passenger airplane flying through the air.,86628,
571635,mscoco,"A bathroom with a toilet, sink, and shower.",10030,
301837,mscoco,"A long empty, minimal modern skylit home kitchen.",65989,
190236,mscoco,An office cubicle with four different types of computers.,48295,
315702,mscoco,A bathroom sink with toiletries on the counter.,82318,
331352,mscoco,A small closed toilet in a cramped space.,33826,
517069,mscoco,Two women waiting at a bench next to a street.,52484,
189634,mscoco,This is an open box containing four cucumbers.,51519,
472598,mscoco,An old-fashioned green station wagon is parked on a shady driveway.,17242,
162113,mscoco,A gas stove next to a stainless steel kitchen sink and countertop.,39503,
126657,mscoco,Several motorcycles riding down the road in formation.,59719,
285421,mscoco,A black cat is inside a white toilet.,94308,
71988,mscoco,A man in a wheelchair and another sitting on a bench that is overlooking the water.,8445,
193622,mscoco,A man sits with a traditionally decorated cow,17487,
459912,mscoco,Rows of motor bikes and helmets in a city,62115,
548498,mscoco,A cute kitten is sitting in a dish on a table.,62693,
52087,mscoco,A man getting a drink from a water fountain that is a toilet.,46111,
182417,mscoco,A beautiful dessert waiting to be shared by two people,26502,
119964,mscoco,A person holding a skateboard overlooks a dead field of crops.,53235,
230610,mscoco,A bathroom with a sink and shower curtain with a map print.,20618,
226419,mscoco,A random plane in the sky flying alone,95749,
218026,mscoco,A brown and black horse in the middle of the city eating grass.,82701,
352538,mscoco,A brown purse is sitting on a green bench.,77506,
202913,mscoco,Half of a white cake with coconuts on top.,90351,
202658,mscoco,An old toilet with a hello kitty cover top.,97789,
79472,mscoco,Office space with office equipment on desk top.,11131,
346071,mscoco,Two husky's hanging out of the car windows.,54741,
6672,mscoco,The back door with a window in the kitchen.,78518,
419074,mscoco,Jet liner flying off into the distance on an overcast day,27989,
46378,mscoco,A cat eating a bird it has caught.,53479,
382406,mscoco,A woman is walking a dog in the city.,60951,
175948,mscoco,A tiny bathroom with only a toilet and a shelf.,48267,
573223,mscoco,A little girl in a public bathroom for kids.,10953,
402514,mscoco,A picture of a man playing a violin in a kitchen.,41009,
93437,mscoco,A shot of an elderly man inside a kitchen.,28856,
407286,mscoco,A trio of dogs sitting in their owner's lap in a red convertible.,13147,
172330,mscoco,A cat in between two cars in a parking lot.,2670,
82673,mscoco,A small car is parked in front of a scooter,64740,
141172,mscoco,A door with a sticker of a cat door on it,52194,
472678,mscoco,An office cubicle with multiple computers in it,85612,
104326,mscoco,A pinewood and green modern themed kitchen area.,33034,
581177,mscoco,A kitchen is shown with wooden cabinets and a wooden celling.,91523,
267802,mscoco,A group of people riding mopeds in a busy street.,69072,
208408,mscoco,A person walking in the rain on the sidewalk.,81457,
314251,mscoco,A parade of motorcycles is going through a group of tall trees.,70097,
560591,mscoco,a modern flush toilet in a bathroom with tile.,41670,
507362,mscoco,Fog is in the air at an intersection with several traffic lights.,72777,
57429,mscoco,An airplane with its landing wheels out landing.,93360,
153184,mscoco,Little birds sitting on the shoulder of a giraffe.,5425,
571970,mscoco,a man with a bike at a marina,45169,
133680,mscoco,A man is sitting on a bench next to a bike.,84823,
139011,mscoco,People are waiting for the bus near a bus stop.,3670,
223747,mscoco,a man sleeping with his cat next to him,36179,
505386,mscoco,four urinals in a public restroom with a window,25477,
107990,mscoco,A small child climbs atop a large motorcycle,89741,
527510,mscoco,A large U.S Air Force plain sits on an asphalt ramp.,57643,
5247,mscoco,A black and white photo of an older man skiing.,46637,
107960,mscoco,Riding a motorcycle down a street that has no one else on it.,81839,
109976,mscoco,An all white kitchen with an electric stovetop.,70873,
12667,mscoco,The telephone has a banana where the receiver should be.,62254,
410627,mscoco,The young man is stirring his pot of food with a wooden spoon.,44183,
232223,mscoco,A fighter jet is flying at a fast speed.,76887,
22793,mscoco,A public bathroom with a bunch of urinals.,82315,
436456,mscoco,The airplane is on the runway with two young men standing by.,4147,
368402,mscoco,The woman in the kitchen is holding a huge pan.,16720,
135161,mscoco,A toilet sits next to a window and in front of a shower.,94272,
178761,mscoco,A dog and a goat with their noses touching at fence.,58805,
491000,mscoco,Pedestrians walking down a sidewalk next to a small street.,14625,
538092,mscoco,A man standing in a kitchen while closing a cupboard door.,41678,
205577,mscoco,A photograph of a kitchen inside a house.,16817,
508672,mscoco,a bike leaning on a metal fence next to some flowing water.,58906,
334015,mscoco,a small toilet stall with a toilet brush and 3 rolls of toilet paper,60888,
27842,mscoco,A dual sink vanity with mirrors above the sinks.,604,
358606,mscoco,A fireplace with a fire built in it.,25350,
567730,mscoco,The sign of a restaurant in the outside of the store.,15596,
61259,mscoco,an airport with one plane flying away and the other sitting on the runway,36194,
554037,mscoco,"a counter with vegetables, knife and cutting board on it.",83202,
5394,mscoco,A boat that looks like a car moves through the water.,10169,
455384,mscoco,A delivery truck with an advertisement for Entourage.,43593,
249352,mscoco,A black and white toilet with a plunger.,2689,
348306,mscoco,A bike leaning against a sign in Scotland.,68696,
482917,mscoco,A dog sitting between its masters feet on a footstool watching tv,64297,
475593,mscoco,Women father around a desk and machinery in a factory.,66052,
145523,mscoco,A few items sit on top of a toilet in a bathroom stall.,6237,
143370,mscoco,A bathroom with a poster of an ugly face above the toilette.,4419,
279806,mscoco,A dirt bike rider doing a stunt jump in the air,54899,
59171,mscoco,A couple of birds fly through a blue cloudy sky.,49590,
369826,mscoco,A picture advertising Arizona tourism in an airport,45863,
534605,mscoco,Man in motorcycle leathers standing in front of a group of bikes,70037,
400552,mscoco,A variety of pots are stored in a nook by a fireplace.,17016,
238836,mscoco,A car is stopped at a red light,54156,
264461,mscoco,A bathroom with a traditional toilet next to a floor toilet.,92514,
342387,mscoco,A group of people preparing food in a kitchen.,34982,
488327,mscoco,Posted signs point the way through a parking garage.,76569,
540860,mscoco,A green car on display next to a busy street.,49222,
172851,mscoco,A large passenger jet taking off from an airport.,87976,
486194,mscoco,Young woman carrying an opened umbrella in a city neighborhood.,36632,
236148,mscoco,An older man backing up a truck with a bicycle in it's flat bed.,24012,
289393,mscoco,Set of toy animals sitting in front of a red wooden wagon.,88656,
115930,mscoco,A group of men standing in front of a bar having a conversation.,29444,
75663,mscoco,A children play area absent of any children.,81366,
352794,mscoco,Fruit in a jar filled with liquid sitting on a wooden table.,42517,
561256,mscoco,A woman wearing a hat & pink top takes a selfie in front of a bathroom mirror.,1699,
175954,mscoco,A work station in use inside an office.,65251,
484751,mscoco,Three computer screens showing a panoramic beach scene.,12316,
457834,mscoco,Elephants are in a long line with people on top of them.,5121,
412151,mscoco,A bicycle store shows two males leaning toward a bike.,89688,
427091,mscoco,City traffic and pedestrians are headed in multiple directions on the street.,92488,
32203,mscoco,There are some dirt bike riders taking a sharp turn,55189,
525971,mscoco,A large group of motorcycle riders collect in a parking lot.,31088,
354572,mscoco,People sitting under an umbrella looking at the scenery.,11980,
185360,mscoco,A cow standing next to a damaged car on a dirty lot.,79355,
338325,mscoco,A striped plane flying up into the sky as the sun shines behind it.,22651,
65485,mscoco,A dog driving an SUV in an open grass covered field.,25962,
226662,mscoco,A customized motorcycle with more in the background.,87586,
321064,mscoco,A small wooden table covered with delicious vegetables.,72342,
11511,mscoco,A sculpture of two women stting on a bench with their purses on the ground while people standing in a line behind them.,84582,
263664,mscoco,A couple on a motorcycle in front of a bus and a metermaid car,91607,
468508,mscoco,A red motorcycle parked on a sidewalk near multi-story buildings.,34269,
31984,mscoco,A model standing next to a scooter in the middle of a room of people,61883,
322791,mscoco,An airplane is doing tricks and emitting smoke.,65938,
295768,mscoco,Computer monitor and accesories sitting on a desk.,24200,
229067,mscoco,A group of people skiing down a snow covered slope.,70299,
156324,mscoco,A woman takes a selfie in front of a bathroom mirror.,94278,
508605,mscoco,Boy rides skateboard and does trick over stairs.,80162,
268224,mscoco,Three young people in a kitchen pointing to a pizza.,36210,
206260,mscoco,Assorted flavored donuts being grabbed by multiple hands.,77756,
489528,mscoco,An outside doorway to a restroom showing a destroyed wall and damaged floor.,30124,
450308,mscoco,A man stands with his bike in ankle deep water in a flooded city.,89971,
221754,mscoco,There is very little traffic at this city intersection.,1066,
446409,mscoco,A tabby cat laying on a cat scratcher in front of a bicycle wheel.,47435,
420958,mscoco,This a view from an airplane of the landscape below.,2857,
523400,mscoco,"A bathroom with double sinks, mirrors, toilet and towel racks.",43009,
40986,mscoco,Raw cookies in a pan on the counter and baked cookies in a pan on the stove.,51873,
8045,mscoco,Tub and shower on platform in modern tiled bathroom.,44012,
249025,mscoco,An orange reddish rose in a vase filled with water on top of a table.,68992,
255965,mscoco,A cat pausing as it's picture is taken.,21718,
529691,mscoco,A row of park benches on the side of a green grassy hill.,78007,
482597,mscoco,A man in an ATV is moving the cows along.,7552,
51191,mscoco,The view of a large bathroom with a walk in closet.,15294,
249371,mscoco,"Many sheep grazing in a large, green pasture.",56793,
51598,mscoco,A black trash bag in a restroom next to a sink.,91062,
408364,mscoco,A young man standing next to a race car with the red sox logo on it's hood.,47749,
267862,mscoco,A guy sitting on his motorcycle while a woman stands beside him,93338,
536321,mscoco,An adorable caleco cat sitting underneath a bicycle.,30304,
148272,mscoco,An adorable cat attempts to hide in a purse to steal the persons identity.,62285,
36450,mscoco,A very big teddy bear is next to a woman.,83334,
138599,mscoco,A BMW motor cycle parked next to shrub..,19005,
501055,mscoco,A photograph taken from an airplane window while in flight.,87363,
445846,mscoco,A clean kitchen with the windows white and open.,49142,
363272,mscoco,A man sitting on a stone block talking on a cell phone.,41014,
231846,mscoco,A yellow stripped cat sitting in a bathroom sink.,13464,
260409,mscoco,A person in a helmet standing by their motorcycle.,88045,
220704,mscoco,A cafeteria type kitchen that is not in use.,10412,
158466,mscoco,A young man jumping up into the air to catch a Frisbee.,72378,
100138,mscoco,A black motorcycle parked in front of trees.,86021,
192871,mscoco,A glass bowl filled with oranges on a table.,72208,
349344,mscoco,A yellow dune buggy on display amongst other automobiles.,22338,
365642,mscoco,A young attractive woman sitting on a toilette on the side of a street.,4296,
317639,mscoco,A woman is taking a picture of herself in a bathroom mirror.,40647,
393569,mscoco,A young woman using a laptop computer while sitting on a bunk bed.,20052,
556837,mscoco,A toilet in a stall with remote control buttons.,95809,
282346,mscoco,A skateboarder is riding his skateboard at night.,74803,
116479,mscoco,An old victorian style bed frame in a bedroom.,45518,
63740,mscoco,Two computers sitting on top of a desk.,38201,
477016,mscoco,A young child stands in the kitchen with an adult.,76099,
172710,mscoco,A woman kisses a man as they sit on a motorcycle.,7315,
214274,mscoco,A man and a woman cook in the kitchen.,33160,
385757,mscoco,A picture taken from the driver seat of car at a stop sign.,48874,
181586,mscoco,A black and white cat sits near a window looking outside.,44024,
383464,mscoco,The exterior of an airport with some planes.,8266,
552979,mscoco,A cat looking inside of a door from the outside.,42254,
289714,mscoco,A person in a kitchen looking at the oven.,64627,
425690,mscoco,An overview picture of a street at night.,87654,
19523,mscoco,two women loading their bicycles onto a bus rack,43624,
570736,mscoco,A view of a bathroom that is clean.,45536,
510992,mscoco,A picture of a white gas range with figurines above.,35501,
278237,mscoco,A street scene with several cars and a bus.,18246,
319275,mscoco,a person riding skis in the middle of a snowy street,85943,
492937,mscoco,A close up of a bike brake on a bicycle.,75512,
430750,mscoco,People walking toward an airplane to board it.,66961,
370462,mscoco,A ski resort that has a couple people outside.,97940,
205570,mscoco,A woman uses a paintbrush on a melting candle.,78190,
117425,mscoco,A toddler celebrates his birthday with a cupcake.,83710,
443351,mscoco,One white motorcycle and one green motorcycle parked on the road,85041,
97790,mscoco,1 military jet fighter flying in formation alongside a 1 military propeller pilot.,31506,
375415,mscoco,Fruit and vegetables are hanging in a metal basket.,90870,
159977,mscoco,A giraffe and a zebra checking each other out.,38299,
576981,mscoco,"Oranges in a basket, a pillow and a bottle of liquor.",12810,
124766,mscoco,A man wearing a blue bow tie and a fedora hat in a car.,52790,
498547,mscoco,The kitchen has many grill with pots hanging all around.,740,
561620,mscoco,Light from an open door shines on a simple wooden pew in a church.,60177,
239985,mscoco,A dog with goggles is in a motorcycle side car.,39678,
43098,mscoco,A man is walking down the street in front of a red door.,27929,
325374,mscoco,A woman holding a sheep by its front legs.,64190,
568265,mscoco,A man flying a kite in a park on a clear day,85576,
14297,mscoco,A house boat along the water has bicycles on deck.,84693,
30423,mscoco,Four giraffes in the wild eating from trees.,98366,
8180,mscoco,A large airplane is on the airport runway.,60899,
207652,mscoco,A parked motorcycle with a red enclosed side car.,84614,
232538,mscoco,A yellow and blue train is next to an overhang.,73321,
510150,mscoco,A stoic looking cat sits in a green bowl.,86600,
436972,mscoco,A man in a uniform standing on a motorcycle in front of a crowd.,37142,
564911,mscoco,A oneworld passenger plane taking off from an airport.,24775,
373193,mscoco,A girl is sitting by her dog on the stairs.,55112,
127585,mscoco,An office with a leather couch surrounded by books.,58846,
349590,mscoco,Women taking picture of themselves while brushing their teeth.,21835,
372413,mscoco,Motorcyclist is taking a turn while onlookers observe,79501,
102625,mscoco,An empty kitchen filled with dishes and appliances.,98854,
145093,mscoco,A stone building with a clock displayed on the outside.,63897,
100711,mscoco,"Entertainment room with rack of dvds, tv and seating area.",83525,
300216,mscoco,A clean white bathroom with a simple mirror above the vanity.,34991,
306313,mscoco,An oven in a kitchen with a stove on top in between counter tops.,28527,
349804,mscoco,Three airplanes on display behind a high fence.,93680,
548706,mscoco,A bathroom sink and towels hanging on the door.,2501,
271206,mscoco,A white sink sitting underneath a round mirror.,1203,
177934,mscoco,A group of women operating a car wash.,13712,
369763,mscoco,A polie officer standing next to a  motorcycle parked on the street.,99063,
312724,mscoco,A group of different animals are grazing in the wild.,39079,
96549,mscoco,An airplane on the runway either just landed or ready to take off.,83151,
322604,mscoco,A motorcycle rally on the street with many spectators.,71189,
445002,mscoco,an empty modern style bathroom for two people,10836,
469192,mscoco,A car is parked on dry grass with kites overhead.,55529,
39430,mscoco,Two sheep are looking over a cement wall.,39121,
215708,mscoco,People are looking at a decorative cake with long candles.,53653,
123843,mscoco,A white bathroom has a white shower curtain.,89257,
175024,mscoco,A person sits on top of a motorcycle with a stuffed toy.,57261,
106900,mscoco,"A woman, man, and a dog standing in the snow.",17536,
74132,mscoco,A bathroom with a large bathtub and sink under a large mirror.,81949,
428769,mscoco,Car parked at meter with license plate that says SUPABAAD.,75009,
69236,mscoco,a wooden and metal bench near a over grown bush,84275,
262594,mscoco,People standing on a roadway next to a vintage motorcycle.,46814,
32054,mscoco,A dog standing next to an address marker and a woman holding an umbrella.,4572,
56070,mscoco,A motorcycle parked next to a yellow thing and tree.,63748,
11334,mscoco,A close up detail of an ornate brickwork cathedral,88938,
81505,mscoco,The plane is flying through a clear blue sky.,42391,
555472,mscoco,An elephant is crossing a road while a jeep is parked watching.,61891,
468858,mscoco,An old floor standing tv next to a leather couch.,71695,
104381,mscoco,A car stopped at a traffic light with it's brake lights on.,97248,
525667,mscoco,People standing around a park bench next to a bicycle.,35295,
549386,mscoco,A man standing outside of a building next to bicycles.,59157,
237920,mscoco,Empty seats in front of a building on a sidewalk.,63329,
155997,mscoco,A dog rides in a cart pulled by a man on a bike.,2438,
5879,mscoco,Two bicycle riders riding in the city at night.,90436,
93959,mscoco,A white kitchen with marble countertops and stone floors.,94645,
251075,mscoco,A bathroom with a vanity mirror toilette and kitchen sink next to a shower.,26084,
281950,mscoco,A lone toilet sits in a large bathroom.,69399,
370210,mscoco,Two dogs in a car looking out the window.,72155,
531111,mscoco,A bathroom with a black and white checkered floor.,56732,
499177,mscoco,A man riding a dirt bike on a country road in a forest.,33001,
75118,mscoco,A fighter jet doing tricks with smoke trailing behind it.,37667,
90732,mscoco,A little girl is mixing in a  kitchen bowl while standing on a chair.,12361,
301574,mscoco,three motor cycle racers posing on their parked bikes,41815,
241876,mscoco,A cat on the lid of a toilet looking perturbed.,15004,
34474,mscoco,A home with lots of wood darkly stained.,32637,
364113,mscoco,Two people riding different colored horses down a dirty road.,44111,
79920,mscoco,A living room with a large tv and pictures all around.,81763,
494629,mscoco,A man sits on a toilet while working on his computer at his desk.,12466,
61422,mscoco,A bathroom with a sink and a toilet.,94595,
44652,mscoco,A flying plane with smoke trailing behind it.,19308,
210502,mscoco,Part of train car with a door to the rear connected to the car behind it,51325,
146961,mscoco,A man is cooking in a crowded kitchen.,44170,
9288,mscoco,A toilet in a restroom next to a toilet paper dispenser,52285,
136783,mscoco,A rock wall next to a green tiled room.,54987,
120157,mscoco,A toilet bowl with no toilet seat in a restroom,71417,
193680,mscoco,Full grown cat laying down and sleeping on top of a car.,15400,
298396,mscoco,Kitchen area with counter top space and dining room table.,14390,
565635,mscoco,two lines of motorcycles driving down the road while a crowd watches,39890,
561780,mscoco,A group of older people sitting on a park bench with a dog on a leash.,31219,
187513,mscoco,A bathroom with a sliding shower door next to a toilet.,30354,
230600,mscoco,A toilet on the outside of a building next to a parking meter.,49199,
552883,mscoco,"A view of a kitchen with cabinets, a sink and a clothes washer.",1721,
69293,mscoco,"The bathroom toilet with the cover up, sink, and bathroom items are shown.",76545,
369979,mscoco,Several pieces of art and a painting on display,11217,
21711,mscoco,Motorcyclists and a bicycle are parked on a yard.,64958,
293153,mscoco,The sightseeing boat streams along the river joined by a plane,61324,
20788,mscoco,A woman hovering over food on a wooden table.,29479,
228214,mscoco,A Marine that is looking at his cell phone.,44841,
424378,mscoco,A man with glasses riding in a car with an adorable dog in the backseat.,11012,
400456,mscoco,A man riding on the back of a brown horse in front of a truck.,90092,
186697,mscoco,A peson riding a bike down a long narrow road.,81179,
336384,mscoco,An airliner taking off from an airport runway.,77880,
154419,mscoco,A dog wearing a protective cone around it's head watching TV.,16050,
331366,mscoco,A man riding a bicycle down a sidewalk.,61946,
251639,mscoco,A cat sniffing an upside down blue bicycle.,11792,
372113,mscoco,A celebration with cake for Navy members stationed in Thailand,30267,
554625,mscoco,a boy wearing headphones using one computer in a long row of computers,27322,
453634,mscoco,A bathroom with a toilette with it's seat down.,27268,
297414,mscoco,A kitchen filled with dishes and appliances with lots of cupboards..,11022,
412693,mscoco,Two adorable birds perched on a piece of bamboo.,4544,
442609,mscoco,A messy kitchen with pots and pans laying around.,71272,
132901,mscoco,A man and a woman standing next to a motor cycle.,26846,
75101,mscoco,A large bathroom with an enclosed toilet and a large sink.,56005,
493753,mscoco,An office desk holding multiple computers and various supplies.,71044,
521906,mscoco,A man wearing a striped suit standing next to butcher knives.,82626,
353982,mscoco,A woman sitting at a table while holding a pair of scissors.,23695,
85316,mscoco,An old picture of a family on their farm.,8004,
201775,mscoco,A bathroom with two urinals and a sink.,63220,
527260,mscoco,A kitchen cluttered with dishes with a stove and oven.,929,
85145,mscoco,An airplane flying in a blue sky with it's landing gear down.,49328,
533900,mscoco,A wooden bathroom with a wooden toilet next to a window.,91007,
102735,mscoco,Dog in parking lot and on a leash.,49060,
56752,mscoco,Man on a bicycle riding on the road next to a river.,84031,
391375,mscoco,A girl sitting on a bench in front of a stone wall.,60768,
522137,mscoco,Three Mercedes Benz on the top of a train as cargo,21115,
544713,mscoco,A man sitting on a parked motorcycle on the street,82340,
448151,mscoco,A birthday boy with car shaped cake and candles on it.,27392,
537955,mscoco,A brown dog standing on the kitchen floor looking up.,21474,
557501,mscoco,A bathroom is very colorful with blue yellow and red.,25275,
327565,mscoco,A collection of photos of an old motorcycle and parts.,74967,
411564,mscoco,A man sitting in a window ledge with a cell phone in his hand.,17262,
438258,mscoco,A little girl in ponytails holding on to a teddy bear.,38461,
435880,mscoco,A refrigerator next to a red wall in the kitchen.,58673,
555050,mscoco,"A car driving in an intersection, past a furniture shop.",12451,
306444,mscoco,A bathroom scene with focus on the toilet.,7448,
139440,mscoco,Six people in a boat rowing on a body of water.,56982,
401411,mscoco,A chef in a kitchen preparing a meal.,23006,
31519,mscoco,A group of rescue workers helping an overturned car,46136,
220255,mscoco,A large commercial airplane sitting on the runway.,43305,
383601,mscoco,A toilet with an object hanging off of it.,13833,
154324,mscoco,An empty bathroom with a shower next to a toilet.,49236,
368978,mscoco,A four engine jet transport airplane flying low.,15612,
466085,mscoco,A bathroom that has been gutted with the shower basin the only thing left.,34729,
237428,mscoco,A blonde woman sitting on a park bench next to a green bike.,75142,
5802,mscoco,Two men wearing aprons working in a commercial-style kitchen.,58071,
272015,mscoco,A park bench in front of a porch in a green grass filled park.,23299,
108283,mscoco,A rotten door leading into a restroom covered in filth.,11621,
360673,mscoco,A group of motorcycles parked side by side in front of a donuts shop.,83658,
465877,mscoco,A chef in a kitchen standing next to a counter with jars and containers.,50020,
524954,mscoco,A urinal is displayed with modern porcelain structuring.,45000,
242363,mscoco,"A bathroom with a sink, toilet and shower bathtub combination.",95062,
488943,mscoco,A European street scene with a motorcycle and a car.,36351,
396673,mscoco,Two large commercial airplanes sitting on the runway.,55018,
8218,mscoco,A building with a black and gold clock on it.,59338,
140307,mscoco,A group of people sitting around a table under an umbrella.,17056,
27065,mscoco,A towel hangs beneath a sink in a bathroom.,25319,
442009,mscoco,a bathroom with a bath tub near windows,7211,
264599,mscoco,A crowded city street with lots of people walking around.,85110,
332653,mscoco,A man stands next to a motorbike on some pavement.,99668,
239252,mscoco,An elaborate contraption on a water faucet for a bathtub.,68425,
506906,mscoco,Two cups of black coffee sitting next to a coffee pot.,49696,
34196,mscoco,Two desktop computer monitors sitting on a desk with a keyboard and mouse.,98292,
260627,mscoco,A commuter train traveling down train track next to a rural road.,1323,
13466,mscoco,Two street signs are shown against more buildings.,8794,
262514,mscoco,A display of a toilet and sink in a store.,54251,
352151,mscoco,a plane on an air port run way,34026,
127987,mscoco,A baseball player bobble head next to two computer monitors on a desk.,69917,
57703,mscoco,A man and two women walking their dogs and hiking in the woods.,10370,
199951,mscoco,a person riding a motorcycle on an enclosed road,51591,
525420,mscoco,A bathtub is beneath a torn down wall.,65821,
567220,mscoco,"An open door leading to a bathroom toilet, with a shower rack and bureau visible.",29285,
236535,mscoco,A small plane is taking off from a grassy field.,32084,
568893,mscoco,"A hotel room with a flat screen tv, chair, and bed.",84139,
62483,mscoco,A young soldier has his picture taken with a young lady with an open jacket and brazier showing.,41120,
137967,mscoco,A cubicle desk with two laptops on it.,49197,
580255,mscoco,Two big dogs ride beside one another on the same vehicle seat.,15245,
99389,mscoco,A motorcycle parked in front of a graffiti covered building.,27673,
152649,mscoco,A jumbo jet airplane in flight on a sunny day.,13761,
294832,mscoco,A bathroom with an enclosed shower next to a sink and a toilet.,85681,
499281,mscoco,A kitchen with a bag from Whole Foods on the counter.,52184,
73280,mscoco,a brown and white kitchen with a silver refrigerator,7469,
176828,mscoco,A airplane banking to the right as it ascends into the sky,63501,
288639,mscoco,A calico cat drinking water from a running tap in a bathroom.,71120,
420490,mscoco,A kitchen with an island and window over the sink.,2112,
528729,mscoco,A man talking on a cell phone walking an orange bike across a street.,21961,
196047,mscoco,a bathroom with a toilet and a bath tub,69806,
147042,mscoco,"A kitchen refrigerator with numerous pictures held up by magnets, next to counters and a dining table and chairs.",80312,
50411,mscoco,A mounted police officer riding down a city street past parked cars.,66752,
43771,mscoco,A bathroom containing a toilet and a sink.,81133,
120021,mscoco,A motorcycle with a red seat is on top of a stand.,28927,
27517,mscoco,A person holds a flip phone displaying the screen.,97884,
92678,mscoco,A couple flying a kite at dusk on the seaside.,71975,
175942,mscoco,A street view with a plane flying ahead.,78653,
279343,mscoco,A group of fighter jets sitting on an airport tarmac.,57308,
486521,mscoco,A hood lifted on a Chevrolet vehicle with a teddy bear on the side.,81849,
564003,mscoco,A restroom stall with a white toilet and a toilet paper dispenser.,44940,
283910,mscoco,A group of sheep being herded by a black dog.,64205,
497099,mscoco,A room filled with bathroom sinks and bath tubs.,32974,
318361,mscoco,a girl sitting at a kitchen table in a home,50376,
115229,mscoco,A  lawn sitting on a snowy sidewalk by a hydrant.,97276,
148766,mscoco,some white and blue porcelain designer toilet bowls,21258,
562090,mscoco,A bathroom with all black fixtures in it.,41285,
166003,mscoco,A small room with a heater and a desk filled with clutter.,54682,
136793,mscoco,a toilet a toilet paper roll and a newspaper,54505,
368335,mscoco,a brown horse is walking in between two cars,85742,
383777,mscoco,A man in hipster clothes straddling a bicycle on the sidewalk.,80269,
422326,mscoco,A modified motorcycle parked with other motorcycles on the pavement.,69725,
162280,mscoco,A small bathroom with focus on the shower curtain.,55642,
211491,mscoco,An older woman sits in a sweater at the beach.,1308,
160345,mscoco,A man is sitting on a bench reading a book.,38224,
231236,mscoco,A beige tiled bathroom with white fixtures and a mirror.,1350,
264964,mscoco,A pile of feces sits on the back of a public restroom toilet.,89011,
28389,mscoco,A plane parked next to a truck next to a house.,9645,
423798,mscoco,A street at night is lit up by streetlights.,89455,
307993,mscoco,a man is reading a book in a car with a small dog,54622,
351711,mscoco,A motorcycle parked next to a bunch more with a plastic sign in front of it.,57917,
449279,mscoco,Three birthday candles stand lit on a cake.,77092,
140420,mscoco,A motorcycle is parked on a dirt road in a forest.,46098,
386613,mscoco,An older floor light sits deserted in an abandoned hospital.,30039,
391132,mscoco,A bowl of peeled oranges sitting on a white bowl on a kitchen counter.,96145,
204186,mscoco,Racers riding four wheelers while a crowd watches.,42879,
421195,mscoco,A combination of black and white sheep grazing in a meadow,76418,
555983,mscoco,A blurry motion picture of a person doing a wheelie on a motorcycle.,68131,
544975,mscoco,Wild animals grazing near a lagoon surrounded by trees.,30885,
370165,mscoco,A person on a motor bike doing a wheelie jump,51053,
514537,mscoco,A wild animal drinks water from the toilet bowl.,79287,
292648,mscoco,A man in a wetsuit is holding his surfboard on the pier.,88328,
246233,mscoco,A massive wooden ship beached on snow covered ground.,18637,
170232,mscoco,A bus driving down a street in a small city.,64718,
524202,mscoco,The Space Shuttle is being transported by a NASA jumbo jet.,59073,
208169,mscoco,A large number of people riding motorcycles down the road.,7074,
376177,mscoco,A group of people observing two planes at an air show.,6908,
40471,mscoco,An older picture of a large kitchen with white appliances.,19558,
523953,mscoco,A young boy stands next to a row of parked motorcycles.,46182,
10363,mscoco,A gray cat standing on top of a black car.,4057,
173008,mscoco,A man in a tropical print shirt with glasses and long hair is eating a banana.,16337,
391837,mscoco,A man sitting on a motorcycle posing in front of a bay.,57147,
118965,mscoco,A man sitting on his skateboard in a field.,2967,
190829,mscoco,Separate men sitting on park benches playing on phone and reading.,66496,
314328,mscoco,A clean white toilet in a stall with a chrome toilet brush.,72356,
538359,mscoco,A public bathroom sink and hand drying area.,25988,
482187,mscoco,a group of men staring at a cellphone image,57660,
452793,mscoco,A kitchen with a granite counter top and faucet.,30981,
538497,mscoco,There is a urinal and trash can inside a small room.,11214,
172843,mscoco,An old toilet is transformed into a lawn ornament by adding soil and plants.,86952,
140006,mscoco,Mopeds and bicycles parked next to parking meters.,8526,
574145,mscoco,A new and stylish bathroom with a walk in shower is shown.,43032,
456865,mscoco,An airplane just landed on the runway,75710,
504711,mscoco,A fork rests on a plate next to a piece of cake.,85346,
288584,mscoco,A person dressed as a giraffe carrying a bullhorn.,91607,
546642,mscoco,A motorcyclist riding down the street with a dog in a basket.,30690,
184531,mscoco,A custom motorcycle sits in a car show,52746,
49428,mscoco,A bicycle is on the shelf in a display,60380,
499391,mscoco,A stove with a frying pan and a teapot on it.,65036,
254644,mscoco,A country charm type of kitchen is equipped with greenery and nick nacks.,65831,
325357,mscoco,Metallic looking container sitting in front of a brick wall.,18441,
283498,mscoco,Plane on the tar mat of an airport.,25055,
107907,mscoco,Artistic toilet piece sitting in the center of a museum gallery.,9451,
57072,mscoco,A stainless shiny serrated knife sits in front of a sliced loaf.,52963,
526401,mscoco,A group of motorcyclists driving down the road.,17557,
246613,mscoco,A bathroom with a toilet and a couple towels.,98757,
56205,mscoco,A person sits next to their bike while birds walk nearby.,36528,
540669,mscoco,A cat sitting on a desk next to a window.,27925,
67252,mscoco,Two shake boarders playing on the street with one individual sitting under a tree.,99303,
551304,mscoco,A white and gold fancy toilet and stainless trash can.,50961,
309071,mscoco,A man bending down next to a bicycle.,20959,
283904,mscoco,A cat walking on the top of an open door.,54350,
245818,mscoco,a man in a uniform checking out the wreckage of a bus crash,15155,
317320,mscoco,A bicyclist is riding across the street next to someone on a motorcycle.,3166,
67327,mscoco,A Qatar airlines plane on an airport runway.,33781,
72077,mscoco,Hospital display of different bed setups and a nurses uniform.,28743,
75560,mscoco,An empty road with buildings on each side.,29140,
315173,mscoco,A group of people riding on the back of a tour bus,27091,
238090,mscoco,A bathroom with an enclosed shower door next to a toilet.,78674,
276284,mscoco,A motorcycle is parked in a parking lot.,26563,
34811,mscoco,A bathroom sink underneath a medicine cabinet next to a window.,85411,
451202,mscoco,A classic car parked next to a large metal Canadian airplane.,31135,
374950,mscoco,A large white bathroom with a massive mirror over a sink,8170,
103548,mscoco,A herd of animals traveling down a country road surrounded by a lush green landscape.,77486,
143582,mscoco,a person riding a motorcycle on a race track,98880,
430774,mscoco,a restaurant called time to eat on lincoln avenue,85725,
144941,mscoco,This is an image of the inside of a nice bathroom.,75142,
488278,mscoco,China Airlines plain on the ground at an airport with baggage cars nearby.,66120,
74920,mscoco,An open laptop equipped with a webcam in front of a television.,26997,
226408,mscoco,Child laying down with arms extended in the air.,79580,
447787,mscoco,A lady holding up a pot roast while posing for a photo.,62660,
477688,mscoco,A row of motorcyclists lined up while passer byers watch.,95317,
148737,mscoco,A cat sitting on a hard wood floor in front of a large library of books.,71111,
374743,mscoco,An orange cutting knife on top of a black case.,66625,
10800,mscoco,"A bathroom with a sink, counter, toilet and shower curtain.",39456,
360434,mscoco,a man in red and plack sleeping on a park bench,15894,
558073,mscoco,a cat sitting in a bathtub not looking amused,88525,
167443,mscoco,a lit up counter with two fancy sinks on it,6468,
2881,mscoco,Two men walking through a field next to a large jet liner.,42003,
80737,mscoco,A parked black motorcycle in front of a brown house.,80641,
337403,mscoco,Some pans and kitchen spoons hang from hooks on a ceiling rack.,10255,
371117,mscoco,A black and white cat sitting on the side of a computer monitor.,67963,
506151,mscoco,A domestic cat rests on a kitchen table in front of a microwave.,9986,
73009,mscoco,a man sits on a toilet in a bathroom.,70730,
75051,mscoco,A small white toilet sitting next to a metal trash can.,17550,
384036,mscoco,a group of urinals is near the trees,23001,
490927,mscoco,The bathroom counter is nicely decorated and organized.,84932,
298784,mscoco,A man walking his bike past a wooden boat.,81696,
196758,mscoco,Two stuffed animals are cutting bread and spreading jelly on it.,24030,
537548,mscoco,A  soldier riding a red motorcycle down a busy street.,26629,
474430,mscoco,"The bathroom is small but clean and neat looking, with an immaculate black and white tub / shower.",76329,
519649,mscoco,A kitchen filled with appliances and lots of cupboard space.,54204,
163333,mscoco,A man standing by a large air gondola that is docked in a station,44124,
159377,mscoco,Two people preparing a meal in a kitchen.,52363,
401556,mscoco,A towel on a drying rack in a bathroom with a wooden stool.,10888,
48419,mscoco,Small grey cat crawling over a woman's stomach.,32535,
287151,mscoco,View of a narrow bathroom with white vanity and commode with brown tile,28640,
139291,mscoco,Woman riding her bike down a small side path.,30526,
242611,mscoco,a long beige bathroom with a door to a bedroom and another to the hallway,87113,
419978,mscoco,A group of bikers riding down the road together.,57957,
257996,mscoco,The unfinished room has tools and construction materials scattered about.,57183,
411685,mscoco,A black cat half-submerged in a toilet while drinking out of it.,11527,
15918,mscoco,A restroom hanging off the side of a building over a mountain.,39567,
205533,mscoco,A bathroom with powers on a towel rack under a painting.,15842,
252911,mscoco,A man riding a motorcycle next to a woman driving an SUV,76263,
544237,mscoco,A woman preparing food at a restaurant for customers.,41121,
120428,mscoco,A girl with a drink sitting on the toilet.,71836,
64088,mscoco,An older woman walking behind a bus on a city street.,99286,
102411,mscoco,Two people riding a motorcycle to the beach.,49859,
48924,mscoco,A dirt bike parked near a tent in the woods.,19720,
436467,mscoco,A pan filled with veggies and a block of butter.,37026,
523297,mscoco,A bathroom with a toilet bowl and shower.,27906,
230008,mscoco,a traffic motorcycle cop waits to give a ticket,63333,
469134,mscoco,A group of bikers assembles outside of a pizza shop.,57875,
314370,mscoco,A kitchen filled with clutter all over it's counter.,36065,
122317,mscoco,a kite with a long tail some people and a black truck,23140,
539478,mscoco,Pair of giraffes in an open field grazing and watching.,61409,
181666,mscoco,a flock of goats and some men watching them,8898,
542211,mscoco,A red fire hydrant between two trees in front of a building.,3107,
264659,mscoco,Two birds sit on top of a parked car.,8990,
435444,mscoco,three bicycles are parked against a fence a car and building,39031,
572733,mscoco,A large airliner jet flying through the blue sky.,75688,
128842,mscoco,A kitchen with an odd shaped counter top with a metallic stove oven.,32325,
342515,mscoco,A long row of motorcycles parked side by side next to a garage.,42621,
221737,mscoco,A long empty road way surrounded by wild plants.,8802,
258680,mscoco,A man wearing a suit and tie under a brown umbrella.,74544,
170389,mscoco,A person is watching two basketball games at once.,83730,
506577,mscoco,A green mountain bike sitting next to a bridge as a train passes by.,97298,
261679,mscoco,"A white kitchen with plenty of counter space, a dishwasher and a oven.",9131,
576305,mscoco,"A little girl lies on a wooden bench, eating snacks from a bag.",5547,
316429,mscoco,Four airplanes  that are crop dusting over some land.,932,
113588,mscoco,several young students working at a desk with multiple computers,31184,
543047,mscoco,A scene of an apartment with a dining table and a couple of couches.,15971,
263163,mscoco,A man sits on a bench in a no smoking area,49656,
557016,mscoco,A man drives his car down a road with foot and animal traffic,91943,
54679,mscoco,A woman holds a pink and blue kite in her hand,96038,
106335,mscoco,Several vehicles turning the corner on a busy intersection.,28902,
8718,mscoco,A breakfast bowl consisting of blueberry sconce and strawberry with side of coffee,92553,
245902,mscoco,The bathroom has two large windows with a ledge.,49625,
210060,mscoco,A woman on a bike with a baby seat holding a dog leash.,79364,
580388,mscoco,The man is holding two knives in his hands.,77543,
92963,mscoco,An airplane on a runway with snow on it.,449,
206176,mscoco,A colorful checkered motorcycle parked along the street.,83971,
559252,mscoco,A grey van in front if a parking meter that takes credit cards.,88755,
347142,mscoco,A men's public washroom with a blue floor.,13101,
358765,mscoco,A brown songbird perched on the handlebars of a bicycle.,83017,
101172,mscoco,A local hero rides through the streets of town on his motorcycle with stuffed animals.,32967,
195179,mscoco,A small kitchen with black countertops and stainless steel appliances.,55635,
364243,mscoco,A man rides a silver motorcycle down the street in town.,47233,
321432,mscoco,A little boy in the airport watching an airplane.,21398,
53434,mscoco,A fuzzy photo shows a simple bathroom and bathtub.,17825,
565391,mscoco,A jeep with a dead bird on the windshield.,306,
775,mscoco,A rear view mirror on a bike is reflecting a poster on building.,66695,
215408,mscoco,A medieval style tower and clock against blue sky.,92100,
47775,mscoco,a bathroom with two sinks two mirrors and a bath tub,23197,
469492,mscoco,An old fashioned biplane with its propeller spinning.,49168,
383065,mscoco,Unique looking Modern Outdoor Public restroom on a sidewalk.,77764,
310121,mscoco,"A baby, an old lady, a woman, and a man prepare for turkey",81229,
287554,mscoco,A bathroom with a brown shower curtain and white toilet,22301,
69773,mscoco,"Inside a restroom stall, a rag floats in the toilet water.",56141,
484397,mscoco,Person on a motorcycle driving on a paved course.,96100,
461017,mscoco,A plane getting ready to land on a runway with another parked on the side or waiting to take off.,76242,
285007,mscoco,a kitchen with a sink a stove and a microwave,94336,
550527,mscoco,A bathroom with an odd shaped toilet next to a shower.,88731,
356528,mscoco,Three monitors sitting on a table one with a view of a baseball game.,53659,
436875,mscoco,"Photo of a white towel, plunger and a wall air freshener.",79229,
127496,mscoco,This is an aerial view of the nearly-finished bathroom  in a house still under construction.,64684,
533039,mscoco,A park bench has been crushed by something,23201,
281676,mscoco,a person riding a motorcycle on a closed course,47396,
3035,mscoco,an airplane is getting ready to be loaded with passengers,65087,
485802,mscoco,An airplane leaving a trail in the sky.,36016,
37322,mscoco,An orange motorcycle is parked next to a car.,85784,
86220,mscoco,A car and a public transit vehicle on a road.,99042,
168775,mscoco,A person standing in the kitchen holding a ladle above a bowl while reading a book.,30592,
142340,mscoco,A white toilet with a blue seat on a display platform.,68272,
497375,mscoco,People in a kitchen are preparing food with plastic gloves on.,41542,
170393,mscoco,An old Mustang sits parked next to a parking meter with a sign on it.,96316,
208871,mscoco,An older man carrying a plate of food and making a silly face.,66300,
89281,mscoco,a close up of a person cleaning a toilet,45317,
428305,mscoco,A pirstine white and black bathroom with a tub by a window,75938,
556545,mscoco,A skateboard resting against a wall with a photo sitting next to it.,26877,
412894,mscoco,Dozens of people walking around a metro area,38621,
253441,mscoco,"A pink bathroom contains a toilet sink, cabinets, and mirror.",39712,
556349,mscoco,"Red motorcycle parked outside of large building in the city,",74955,
440124,mscoco,A plane on the tarmac with airport personnel.,30780,
70889,mscoco,A large airplane sits on a wet airstrip on the other side of barred windows.,55829,
531061,mscoco,two people riding on a motorcycle on a road,29611,
365822,mscoco,a kitchen with a window some cupboards,64318,
293228,mscoco,A library is ready for summer reading along the bookcases.,28404,
577377,mscoco,a kitchen with a refrigerator a sink and a stove,98964,
99054,mscoco,some planes on an air port run way,69618,
26564,mscoco,An office desk with a row of books and a desktop computer and laptop computer on the desk.,63202,
36124,mscoco,an orange and white cat is sitting under a car,22544,
368349,mscoco,A tiled bathroom with white towels hanging up.,57686,
463555,mscoco,Banana slices and peanut butter on a blue plate.,86295,
161603,mscoco,A cow inside a brick building with people looking at it through the door way.,13290,
77102,mscoco,Several types of houseplants sitting on a window ledge to receive light from the sun.,43843,
441473,mscoco,This bathroom could benefit from a decorating makeover.,44787,
377867,mscoco,A cat sits next to a bike that is garnished with flowers.,8761,
511622,mscoco,A woman in a scarf cooks using a huge ladel,39050,
19358,mscoco,Two blue bowls of food next to a bottle of cinnamon and sugar.,53543,
425266,mscoco,A fully furnished living room with a television leads into a bed room.,66040,
238147,mscoco,two bikes parked on the street with pizza delivery boxes attached to their back ends,41516,
278295,mscoco,view of a mountain top and clouds from a very high angle,59715,
538319,mscoco,a man on skis holds onto the hands of a small girl on skis,58244,
467887,mscoco,A man uses his computer while sitting at a desk.,3710,
112915,mscoco,some gray walls a toilet a dartboard and some pictures,47128,
137330,mscoco,Black and white photo of a boat full of rowers.,1181,
84980,mscoco,a dog is herding some sheep and some people are watching,66195,
75001,mscoco,three people on bicycles lined up behind one another along a road.,80102,
145448,mscoco,A cat sleeping on a grey tarp on top of a car.,166,
44361,mscoco,A bathroom with a large white tub and his and her sinks.,10564,
24996,mscoco,A bathroom with a glass door and a sink.,48794,
258985,mscoco,A large porcelain toilet posed with a tan flower pot.,42399,
204805,mscoco,A large boat filled with mean on wheels.,53288,
265574,mscoco,A bathroom with a white bathtub next to a toilet.,36310,
93791,mscoco,two street signs on a red and white pole next to street.,87165,
545162,mscoco,A sink and a show with a cream tile and red painted wall.,25785,
426840,mscoco,Two airplanes on a landing strip next to green field and wired fence.,11197,
358103,mscoco,A lucky bamboo plant in the window of a small bathroom.,28360,
153445,mscoco,"a living room with a leather sofa , flat screen television, throw pillows and a wood slatted coffee table.",93633,
135671,mscoco,The motorcycle procession made their way down the crowded street.,95371,
68852,mscoco,An old car in a parking lot with a surfboard strapped to the top,40580,
406201,mscoco,An open beige toilet with some sort of meter across the seat.,30868,
580543,mscoco,Photo of bathroom with tank less toilet and beige and brown walls.,94913,
501385,mscoco,Three giraffes in a wood and metal fenced enclosure.,13038,
561088,mscoco,A reflection of a woman in a mirror with a camera.,72375,
124210,mscoco,A cooler and fishing gear on a fishing pier.,44079,
327433,mscoco,The wildlife is grazing on the tall vegetation.,58910,
230226,mscoco,A bath caddy is stuffed with all the amenities for teeth care.,38096,
217039,mscoco,Closeup of view of the cabin and wing of a large commercial airliner.,2089,
51628,mscoco,People are lying down watching television with their socks on.,20693,
374060,mscoco,A small airplane getting ready to take off in field,93051,
185276,mscoco,A bathroom with two toilets look in very bad shape.,86096,
62025,mscoco,An image of a hotel bathroom that is ugly.,52336,
489091,mscoco,A residential bathroom has a modern motel look with upgraded fixtures and accessories.,18674,
380247,mscoco,A small kitchen inside of a dark office,84952,
155154,mscoco,The bathroom is small and white and gray.,76974,
484531,mscoco,A young man stands by two red motorcycles.,95138,
79446,mscoco,Three piece fixture bathroom with window over the bathtub.,33407,
554749,mscoco,Bathroom with a large  marble tub and marble floor.,63828,
295574,mscoco,A man taking pics in a bathroom with a cellphone,92980,
243386,mscoco,A shower equipped for a physically challenged person with a shower chair,22440,
520941,mscoco,A group of people shopping inside a foreign market,47060,
384007,mscoco,A dog out in a field with a herd of sheep.,58136,
265313,mscoco,Two cat lying on a floor playing with each other,277,
197792,mscoco,A black and white photo of a teddy bear holding a cross.,42603,
514116,mscoco,A toilet as is typical in Asian countries.,18451,
577212,mscoco,"A kitchen area is being built that contains a deep sink, a dishwasher, and cabinets.",45774,
82363,mscoco,A very small white bathroom with some sort of electronic apparatus beside the commode.,8070,
71711,mscoco,A large airplane museum with old war planes.,95306,
416668,mscoco,A black cat is huddled in the bathroom sink for a perfect fit.,67387,
431113,mscoco,A man riding on the back of another mans bike in the street,5412,
17235,mscoco,A light brown bathroom with a white toilet and sink.,83736,
488349,mscoco,An angled view from the kitchen of an unfurnished home.,39659,
345930,mscoco,A view of a cloudy sky beyond a street lamp.,87621,
152771,mscoco,A bike in the middle of an empty parking lot next to trees,36126,
437392,mscoco,A toilet that is decorated like a pink stuffed animal,44868,
570001,mscoco,A large passenger plane on a runway prepares to taxi,85647,
213429,mscoco,A small bathroom with a stainless steel sink,19442,
349101,mscoco,A car accident between a car and a bus,20418,
422416,mscoco,A ladder sitting against a bathroom wall next to a toilet.,20443,
96946,mscoco,A woman is crossing the street with a bouquet of flowers.,68897,
237060,mscoco,A huge airplane looks small against a wide open concrete area.,66866,
577912,mscoco,A bathroom that has a sink in a window sill.,23643,
559303,mscoco,A man is lounging on a motorcycle while parked alongside the road.,3751,
444382,mscoco,A wooden kitchen table and bench on wooden floor.,95611,
384111,mscoco,A blue race car bed sitting next to a fake fuel pump.,25701,
482974,mscoco,A desktop computer in a kitchen with a lamp next to it.,47411,
19028,mscoco,Small kitchen with white cabinets and white appliances with a city view.,9302,
230190,mscoco,A computer keyboard next to a mouse and remote control sitting on top of a table.,13794,
35768,mscoco,This office area is organized with many notes and materials.,11275,
571804,mscoco,Ten porcelain pieces with floral patterns painted on them.,22704,
78404,mscoco,Three women sitting on a park bench next to each other.,59109,
258266,mscoco,A bowl of food sitting on top of a white kitchen counter.,58095,
187680,mscoco,A large propeller airplane flying through the sky.,80661,
308631,mscoco,People stand around an antique motorcycle in a grassy area.,15645,
369190,mscoco,A row of bicycles parked on the sidewalk.,93183,
427639,mscoco,a spotted dog sitting underneath the kitchen counter,4285,
482707,mscoco,Two nice motorcycles are parked in the grass,35498,
170630,mscoco,A woman standing in a kitchen in front of a washing machine.,73905,
399879,mscoco,A woman in a red robe is sitting at a dining table.,49544,
423971,mscoco,A toilet with an illuminated seat in a restroom.,3459,
499802,mscoco,A parade with police officers riding police motorcycles,93019,
304560,mscoco,A black ct with green eyes sitting in the sun.,29615,
117869,mscoco,A giraffes peaking over a rock with trees in the background.,53386,
432397,mscoco,A black and white photograph of a plane with many admirers.,41990,
292278,mscoco,A bathroom with a sink under a huge vanity mirror.,73510,
464534,mscoco,a view of a bathroom area with a white long flusher and window behind it,35832,
553436,mscoco,Two men and a dog in a kitchen.,27431,
386766,mscoco,A marble tiled bathroom with double sinks and wooden cabinets,20627,
196521,mscoco,A bathroom has a self standing sink on the wall.,35329,
479008,mscoco,A group of passengers sitting on an airplane in flight,52805,
532686,mscoco,A white bathroom with a walk in shower and a toilet.,48757,
361386,mscoco,A motorcycle is in a parking lot with a helmet on top.,96036,
32124,mscoco,A pretty young lady sitting on a sidewalk next to an older man.,27763,
478120,mscoco,An ANA airplane as it is taking off.,28525,
283833,mscoco,An adorable small dog wearing sunglasses while sitting in a back seat.,13154,
172285,mscoco,Two tall giraffe standing next to a green leaf filled tree,78523,
221708,mscoco,Lights shine on a wooden dining room table.,29714,
118097,mscoco,A man thinks as he stands in front of a sign.,10476,
412184,mscoco,An airplane parked in front of a small airport.,93936,
240565,mscoco,Three white urinals hanging on a wall in the bathroom.,19141,
293218,mscoco,An airplane flies low to the ground near a mountain range.,30198,
169111,mscoco,MIXTURE OF FRUITS KEPT IN A BIG BOWL.,6545,
11721,mscoco,A golden stoned elevator has a clock above it.,65507,
13296,mscoco,A clown riding a bike down the street,60305,
241867,mscoco,A orange and cream colored bus parked outside a small market.,62923,
490847,mscoco,A man riding a bike on a dirt path through a forest.,99436,
88682,mscoco,A group of people set on the ground talking in a park.,33358,
559270,mscoco,"A man, woman and child in an advertisement vehicle for a seafood restaurant.",94799,
121430,mscoco,A green motor bike with an odd leather seat sitting on a road.,67529,
276387,mscoco,A snow covered soiled toilet sitting in front of a house.,2840,
195894,mscoco,A large bedroom with big windows and a patio.,50263,
434891,mscoco,A picture of a cat on a bike panted on a garage door.,7950,
82312,mscoco,A brown dog standing next to bicycles in front of a store.,85859,
487181,mscoco,A young man crossing a street next to bikers.,58935,
515422,mscoco,A black and white image of a plane flying over treetops.,36774,
36492,mscoco,A large jetliner parked an airport near a passenger loading terminal.,50857,
16730,mscoco,A dog sitting in front of a brown wooden door.,88834,
80017,mscoco,"A toilet with a blue seat cover with a note that reads "" Please Don't Use Sorry"".",24241,
509811,mscoco,A library filled with wooden tables with apple laptop computers on them.,57599,
484080,mscoco,A glass vase filled with oranges on a table next to a plate filled with even more oranges.,74553,
301827,mscoco,A kitchen with a doorway leading to a laundry room.,17746,
455943,mscoco,An airplane high in the sky flying overhead.,9400,
18975,mscoco,An airport with large jetliners and a bus traveling on a tarmac.,47268,
26204,mscoco,A street filled with lots of traffic next to tall buildings.,2344,
133002,mscoco,A man riding a motorcycle with a woman on the back.,45126,
8292,mscoco,A narrow kitchen with a refrigerator at the end of it.,74796,
85576,mscoco,A commercial bathroom stall with empty toilet paper holders.,59846,
283190,mscoco,A kitchen with a white stove and oven.,17934,
542183,mscoco,A man standing next to a motorcycle in the middle of a street.,18121,
409500,mscoco,A bathroom with the toilet tank high up on the wall.,73169,
443652,mscoco,A bathroom with a walk in shower next to a toilet.,52846,
215255,mscoco,A bathroom with a white sink next to a toilet paper roller.,44773,
314016,mscoco,A shelf in a bathroom holding liquor and a book.,79369,
3466,mscoco,The man is wearing orange and black shoes.,15450,
308677,mscoco,A young man riding a bike through a trail in the woods.,93533,
35897,mscoco,A sloping street in a small mountain community.,97054,
28714,mscoco,A bicycle resting outside of a building door,73490,
498350,mscoco,Motorcycle rider rides a rocky trail in the forest.,75236,
363286,mscoco,passengers sitting in the seats aboard an aircraft,63134,
108838,mscoco,"People outside a building on a street with a gay crossing, girl with bicycle, and a motorcycle rider with helmut.",51115,
153217,mscoco,a black cat standing in front of a motorcycle,51237,
196415,mscoco,Old motor bike sitting on display in a museum.,15051,
316183,mscoco,A person with an umbrella is standing by a fountain.,43145,
48708,mscoco,A kitchen has a dining table with a lime green chair.,35149,
98194,mscoco,Two black and white dogs in front of an abandoned truck in a wooden area.,2535,
487338,mscoco,A girl is holding a paper up over her face as a man is shown behind in a mirror talking on a phone.,15274,
120340,mscoco,a man putting his bike on a rack in front of the bus,9045,
25853,mscoco,A mountain bike leaned up against a bus stop bench.,1444,
202573,mscoco,Clear blue sky's with a plane flying by.,65423,
575032,mscoco,A square white sink beneath an elegant mirror,31070,
381551,mscoco,a punch of people sitting on park benches,27108,
319345,mscoco,A row of motorcycles parked next to each other.,5688,
62200,mscoco,Two parking meters on a city street.,21203,
567636,mscoco,A woman standing in a kitchen with her hands clasp together.,39962,
460567,mscoco,"Antelopes, zebras, and giraffes are gathered around the watering hole.",36926,
204930,mscoco,A giraffe standing by itself in the sand.,55799,
270066,mscoco,A motorcycle is parked near a puddle and a van.,20707,
155617,mscoco,A small bathroom with a checker board  wall.,86039,
470313,mscoco,A girl takes a picture of herself in the mirror.,58009,
276631,mscoco,A large bowl full of noodles and onions,90378,
48185,mscoco,A clean bathroom with black marble counter top.,32965,
554433,mscoco,A foot ball fan is showing off his team spirit,39770,
348708,mscoco,The banana is laying next to an almost empty bowl.,10876,
195955,mscoco,A group of people sitting on a train with lots of luggage.,1778,
241113,mscoco,A yellow and green checkered motorcycle parked in front of a store window.,88919,
79930,mscoco,"A man, a woman and a child ride a motorbike together in front of a small building.",91417,
552074,mscoco,"A dirty bathroom features a toilet with a blue seat, a tub and a waste paper basket.",91373,
224051,mscoco,A bike is perched on a concrete girder on the road.,72586,
163746,mscoco,A pretty young girl standing next to another pretty young girl on a beach.,80044,
382122,mscoco,A large church building with a massive clock tower.,29823,
93331,mscoco,A white toilet sitting next to a window in a bathroom.,10644,
60760,mscoco,A bathroom with a walk in shower currently under repair.,62867,
570981,mscoco,A kitchen filled with dishes and clutter and its sink under repair.,77811,
367336,mscoco,A large cathedral with a massive tower in front of a street.,10747,
183379,mscoco,Large jetliners parked on an airport tarmac outside of an airport.,77328,
253986,mscoco,Two women sitting on benches in an outdoor setting.,77813,
939,mscoco,a bathroom wih a big mirror and a tv attached in the corner,44987,
441695,mscoco,a group of airplanes waiting on the tarmac,60839,
110560,mscoco,A bathroom sink under a mirror in a bathroom.,97131,
532285,mscoco,A bike parked on a grass field next to a river.,78278,
65057,mscoco,A man with a football being chased by another man.,4092,
330676,mscoco,A herd of sheep standing on a dry grass field behind a white fence.,83357,
531234,mscoco,A man working on a motorcycle suspended in a garage.,60327,
372220,mscoco,A man with white hair and a beard wearing priestly robes.,38111,
571857,mscoco,"In the desert, two people are sitting next to a small propeller plane next to a tent with other planes in the background.",53587,
170041,mscoco,"A tiled shower, molded plastic bathtub, shelf, mirror, wooden vanity, lamp, and sink make up a beige colored bathroom.",5891,
243456,mscoco,Two cats sitting on a  sill looking out the window,70155,
83049,mscoco,Two people sitting and laying on top of a park bench.,62904,
209747,mscoco,A gray and white kitten sitting in a bathroom sink.,2072,
160529,mscoco,An commerical airplane is flying high in the sky,84117,
127119,mscoco,A motorcycle parked outside in a parking lot near the beach.,70299,
358302,mscoco,A woman gathers the trash in her kitchen.,88220,
278509,mscoco,a motorcycle sitting on the sidewalk in the shade,84989,
575205,mscoco,A small plane is preparing to land on the strip,11137,
466118,mscoco,Bathroom designed to look like a caveman's den.,43812,
395978,mscoco,A large jetliner lading on a runway at an airport.,15934,
81922,mscoco,A large jetliner flying over a traffic filled street.,26332,
318161,mscoco,Two urinals sitting side by side in a restroom.,36304,
264121,mscoco,A motorcycle parked in the middle of a roadway.,59154,
393659,mscoco,A bathroom with two sinks and two mirrors.,84634,
545317,mscoco,A bathroom with a vanity mirror next to a white toilet.,61649,
326937,mscoco,A small black dog watching a flat screen TV.,39507,
495984,mscoco,A white toilet sitting in the corner of a bathroom.,38380,
346904,mscoco,A bus driving down a road by a building.,28912,
55955,mscoco,A sports motorcycle is parked on a gravel road by a river.,14054,
53431,mscoco,A man wearing a beret while using a laptop computer.,86250,
370138,mscoco,A kitchen with a wooden counter next to an oven with a stove.,37549,
325958,mscoco,A person on a motorcycle looks at a sign.,36945,
246004,mscoco,A man and a pretty woman sitting together while the woman holds a teddy bear.,59267,
511145,mscoco,A man riding a motorcycle on a race track.,50370,
540354,mscoco,A bathroom filled with urinals mounted on a wall side by side.,10774,
99518,mscoco,A mean leaning against a metal rail next to an airport.,84416,
17379,mscoco,a flat screen TV embedded in a restroom mirror.,24524,
283816,mscoco,a kitchen with a refrigerator a small table and chairs,44384,
434060,mscoco,A herd of sheep grazing in a grass covered field.,7792,
386313,mscoco,a bicycle in a living room with a tv,12705,
55002,mscoco,A metallic toilet sitting in a small bathroom.,87011,
263961,mscoco,A bike leans on a wooden fence on a hill.,6897,
125870,mscoco,An airport filled with large passenger jets parked next to each other.,9902,
432605,mscoco,A bathroom with an open door and a sink beneath a mirror.,33949,
210883,mscoco,A couple of men herding sheep down a road.,26028,
482382,mscoco,An overhead view of a man in front of a public toilet.,18503,
560879,mscoco,A beach filled with people flying colorful kites,31259,
210228,mscoco,Two small planes flying with each other in the sky,24003,
53484,mscoco,A red painted wall is against a television.,55882,
45208,mscoco,A small black cat sitting on the ground.,24892,
471858,mscoco,A middle aged man standing next to a parked motorcycle,25385,
509807,mscoco,A kitchen counter with dishes dryin g on the stove,25501,
486400,mscoco,A young woman on a beach flying a kite,70111,
331686,mscoco,an image of a group of policeman on motorcylces,92428,
570138,mscoco,"A bathroom with a sink, toilet, and vanity.",26580,
439837,mscoco,This kitchen has a blue sink with many plants hanging around,50026,
568717,mscoco,"A very roomy, clean kitchen in green and white tile.",59840,
263700,mscoco,A citizen stands pointing to a Police motorcycle as the cop looks on.,43159,
463825,mscoco,A cat climbing into a bathroom sink looking at someone,30811,
202228,mscoco,The reflection of a man taking  a picture in a mirror,81104,
194832,mscoco,A television screen is displayed in an empty bus.,7560,
541783,mscoco,Blurred image of motorized scooters on a wooded road.,99603,
392320,mscoco,mANY CHEFS WORK ON COOKING FOOD IN THE KITCHEN.,36860,
89391,mscoco,A small bath room with a sink and toilet.,49301,
173530,mscoco,A Ford Mustang next to a brown horse.,76553,
147518,mscoco,A bathroom that has magazine rack and small cabinet.,48113,
22718,mscoco,The airplane flies low to the ground during sunset.,76120,
95736,mscoco,A house's address is visible through a cracked windshield.,60456,
117458,mscoco,A man is riding with a box on the back of his bike.,65751,
569652,mscoco,a stainless steel tabletop covered in dinnerware in a kitchen,98806,
347740,mscoco,A bathroom is photographed with a fisheye filter.,9116,
284153,mscoco,a bathroom with a bath tub a toilet and a sink,96946,
566038,mscoco,A bird sits on an outside windowsill overlooking a parking lot.,15712,
46011,mscoco,a small air plane on an air plane run way,48625,
543203,mscoco,"Passenger air planes parked at an airport, overcast weather.",20584,
295756,mscoco,Six white pedestals sinks sitting by the wall in a bathroom.,10399,
26522,mscoco,Extremely modern bathroom renovation with wood and porcelain,32460,
427796,mscoco,a table with pots and pitchers with knives in a cupboard,94884,
581654,mscoco,A dog approaches two sheep in front of onlookers.,8030,
571518,mscoco,All of the bunches of bananas are yellow and ripe.,8632,
254172,mscoco,"A woman with a giraffe , parrot and kangaroo near the eiffel tower",86494,
304447,mscoco,Cats in a bathroom playing with the toilet paper,44172,
135116,mscoco,A furry long haired dog standing near a car,92859,
332607,mscoco,A girl sitting on a kitchen counter drinking wine.,47754,
146112,mscoco,A man standing next to a bike inside of a building.,27579,
535483,mscoco,A woman is riding a bike with something in her hand.,94955,
315191,mscoco,An airplane doing maneuvers with white smoke pouring out of it's back end.,50190,
105177,mscoco,A simple white residential kitchen with breakfast bar,79885,
453093,mscoco,A bathroom that has recently been tiled and grouted,18354,
72810,mscoco,A bicycle parked next to a snow covered park bench.,17309,
337044,mscoco,A man standing next to a dog near a sheep penn.,26499,
391371,mscoco,A silver park bench is in the park,90489,
541274,mscoco,A group of giraffe standing next to each other by tall trees.,25723,
3661,mscoco,A bunch of bananas sitting on top of a wooden table.,41596,
7288,mscoco,A white toilet bowl with an electronic brown seat.,44872,
410350,mscoco,Two cooks standing at the counter on a kithchen next to bottles.,89009,
449466,mscoco,A man prepares food in a restaurant kitchen.,34824,
150144,mscoco,A woman in vintage clothing carrying an umbrella,4818,
111076,mscoco,A bathroom with a sink and toilet and a window.,45834,
173350,mscoco,Two dogs are looking up while they stand near the toilet in the bathroom.,9017,
579593,mscoco,A giraffe walking through dead bushes and grass.,78292,
150538,mscoco,A lone man sitting on a bench on hill next to a large tree,554,
560373,mscoco,A tan dog with sky blue eyes posing for a picture with a man sitting on a chair in the background.,71222,
133503,mscoco,A double decker bus driving while it snows.,17813,
562150,mscoco,A little girl holding a kitten next to a blue fence.,69922,
347925,mscoco,Two giraffes standing beside each other next to a fence.,57146,
385181,mscoco,A white dish with a tomato based casserole,30400,
200365,mscoco,A plate with two hot dogs and a cup of coke on a table next to a bike.,60795,
543660,mscoco,A public rest room with a black and white checkered floor.,88691,
378727,mscoco,Person on motorbike  with speed detector showing 26.,99208,
541086,mscoco,An ornate vase with a handle sitting on a table.,94681,
558642,mscoco,a bowl of fruit and pastry on a table,53318,
147740,mscoco,A woman walking while carrying bananas on her hat.,81172,
255654,mscoco,"Commode scene, probably commercial establishment, outside of USA.",49247,
436130,mscoco,A small kitchen cluttered with a variety of kitchen items.,3581,
561578,mscoco,a brick clock tower in the middle of a street,5279,
178084,mscoco,A motorcycle being held up slightly by its back tire.,84379,
43997,mscoco,A row of wall mounted sinks in a restroom.,61206,
91263,mscoco,A woman making sandwiches on a kitchen counter top.,29511,
312175,mscoco,A woman standing outside with her black luggage.,45383,
553588,mscoco,A tall building with a lot of windows and a clock.,64722,
99425,mscoco,A large crowd of motorcycle enthusiasts at a motorcycle event.,67507,
303321,mscoco,A biker with a helmet on is standing behind two motorcycles.,63345,
497504,mscoco,A walkway suspended over a street with a clock mounted to it.,88794,
84064,mscoco,A bathroom with white tile and a beige toilet.,21354,
31019,mscoco,A crowd of people walking down a street next to a traffic light.,14742,
423769,mscoco,A green bathroom with a mirror and a pink sink.,36046,
35525,mscoco,Man in a restaurant kitchen preparing a meal.,5038,
465664,mscoco,A 787 Jet Airplane sitting on a runway at an airport.,76609,
127668,mscoco,A large truck drives up to an airplane.,75226,
85632,mscoco,A small bathroom with a white toilet sitting next to a sink.,51381,
167724,mscoco,A woman holding a big spoon while cooking spaghetti.,89410,
243204,mscoco,A person is holding a spatula near slices of bread on a stove.,1477,
375916,mscoco,A compact bathroom with vessel sink and toilet.,48092,
177101,mscoco,A plane is sitting on the tarmac as the sun rises or sets.,67888,
93703,mscoco,a white and blue jet is flying in some clouds,10547,
512334,mscoco,An airplane sitting in front of a group of people.,99128,
43092,mscoco,a computer on a desk surrounded by papers,23231,
340511,mscoco,A kitchen filled with pots and pans under a microwave.,45729,
415874,mscoco,"A pizza sitting on top of a table with olives, sausage and cheese.",46687,
556230,mscoco,a kitchen has a chrome stove and oven with white cabinets.,60505,
394517,mscoco,a shower door a sink a mirror and an outlet,37475,
368900,mscoco,A cluttered room filled with a tv and a kitchen.,91948,
263687,mscoco,a person in an office setting sitting in a chair,65704,
426053,mscoco,a bathroom with a toilet and a sink,21040,
271970,mscoco,A small white church with a clock on the side of it's tower sitting on the end of a street,77633,
5412,mscoco,a light brown bathroom with drawers sink and toilet,74648,
471488,mscoco,Two motorcyclists driving on a street with parked vehicles.,63683,
356145,mscoco,two people with a motorcycle and trailer parked by a waterfall.,92204,
234590,mscoco,"a bathroom with towels , lights, and a sink that is clean",57312,
94745,mscoco,Young man holding a tennis racket while standing in front of a fence.,10863,
320249,mscoco,THERE IS A MOTORCYLCE WITH PEOPLE STANDING ON THE SIDE OF THE STREET,17837,
401623,mscoco,A nice shower has a glass enclosure and sliding door,85648,
204507,mscoco,THERE ARE TWO PEOPLE THAT ARE STANDING TOGETHER,38545,
241888,mscoco,"Two toilet stall, one blue and the other orange.",17646,
413096,mscoco,A plane on the runway is being led by a tow cart,571,
380756,mscoco,A herd of sheep is on the side of the road and a bus drives through.,17886,
334291,mscoco,A woman cooks dinner while three people stand at a counter in the kitchen.,1401,
14921,mscoco,There are pictures of flowers in the bathroom.,50485,
454203,mscoco,"A long, narrow yellow kitchen with black and white floor tiles.",59753,
51844,mscoco,four lambs grazing in a fenced in pasture,25735,
214192,mscoco,two motocross racers in the middle of a race,9208,
53838,mscoco,A large plane flies in the sky while a reflection shines from the wings.,33369,
134096,mscoco,A calico cat drinking from a sink faucet.,74099,
441586,mscoco,"MAN ON A CONTRAPTION, SURROUNDED BY A BICYCLE AND ANOTHER PERSON",17318,
515289,mscoco,People riding bicycles down the road approaching a bird.,50751,
488755,mscoco,Two skiers trekking across the terrain in the snow,15408,
262394,mscoco,Motorcycle parked along the street next to a building.,42565,
570349,mscoco,"BLACK, BLUE, WHITE, RED, ORANGE RED AND YELLOW AIRPLANE",21818,
309022,mscoco,A commercial stainless kitchen with a pot of food cooking.,92142,
345389,mscoco,A tall woman is standing in a small kitchen,61,
352000,mscoco,The large mirror has bright lighting behind it.,79700,
299042,mscoco,Two sheep are standing side by side behind a fence.,14085,
280320,mscoco,Urinals lined up along one wall with a handicap accessible one at the end.,14043,
565296,mscoco,Long counter in center of room surrounded by grocery cases.,12474,
484723,mscoco,Lovingly restored antique double decker buses in London,34621,
483994,mscoco,Sheep are standing on a platform with a dog behind them.,73032,
425221,mscoco,A plane is flying away from the airport,97186,
363048,mscoco,There are two people riding on a motorcycle together,55489,
195267,mscoco,A person in a red sweatshirt on a motorcycle,57452,
86426,mscoco,A computer screen is lit up on a computer desk.,72763,
2061,mscoco,A public restroom with a  garbage can and shower hose,53681,
183895,mscoco,People watching a plane take off from a runway.,10092,
181524,mscoco,A gas station and a traffic light.,19108,
438999,mscoco,Food and a spoon sit on a plate on a table.,37185,
402626,mscoco,A dog chasing several sheep through a pasture.,32940,
65258,mscoco,A makeshift tent is constructed at a camp site.,26765,
165750,mscoco,A shower curtain is pulled back in a bathroom.,4627,
507958,mscoco,A kitchen with oak cabinetry  and white appliances,32877,
57454,mscoco,A bathroom with urinals that have graffiti above them,14769,
556345,mscoco,A welcome sign over a road with cars driving underneath,53813,
102668,mscoco,A large white bus drives through an intersection.,85749,
24061,mscoco,A picture of a bathroom with a sink and tolet.,88368,
163155,mscoco,A cat crouched over sitting by a brick wall.,22868,
504900,mscoco,A man sitting on a couch with a dog on his lap,22141,
315868,mscoco,A motorcycle parked next to street with little to no traffic.,34297,
578632,mscoco,A cat sitting on the hood of a car.,91634,
557135,mscoco,A large empty bathroom with a walk in shower tub.,35764,
216497,mscoco,Some chairs sit at an island near an open door.,57376,
107922,mscoco,A person sits at a table in a kitchen.,47607,
339974,mscoco,A traffic signal sitting next to a street at night.,19927,
54305,mscoco,A giraffe walks through a line of cars in a parking lot.,13256,
560367,mscoco,A white toilet sitting next to a toilet paper roller in a bathroom.,56810,
563311,mscoco,An old wooden steeple with a clock on it,69569,
448765,mscoco,A restroom with two toilets sitting side by side.,73756,
525344,mscoco,A large Delta passenger jet being prepared for take off from an airport runway.,80147,
79878,mscoco,The interior of a bathroom with crumpled and torn toilet paper on the floor along with a toilet roll that has been pulled.,48065,
515266,mscoco,A white truck parked next to a white trailer.,68314,
41271,mscoco,Two cats eating food from bowls on a black and white checkered tile floor.,11995,
360564,mscoco,A walk in shower next to a toilet with a wooden seat.,4566,
497969,mscoco,A crowd of bikers driving down a street next to tall buildings.,45691,
151911,mscoco,A blurry photo of a kitchen and a dining room.,32805,
142261,mscoco,A young woman stands by the post with a pink umbrella.,27964,
344488,mscoco,A modern kitchen that is bright and painted blue and yellow.,18403,
360573,mscoco,A man standing next to a set of piked motorcycles.,33593,
267135,mscoco,A modern style wooden kitchen with multi layered counters.,73406,
348140,mscoco,An intracately designed boat on a river bank.,56456,
290521,mscoco,A herd of sheep walking on a cluster of dry grass.,56018,
550864,mscoco,"A modern kitchen with stainless steel fridge, wooden cabinets, and overhead lighting is separated from the dining room by a bar.",11245,
190734,mscoco,A kitchen with a washer sitting next to a metal sink.,21163,
523373,mscoco,A table full of vegetables and fruits  piled on top of each other.,16379,
489248,mscoco,A man sitting on a park bench next to a herd of sheep.,26395,
90631,mscoco,A colorful fighter jet flying through a blue sky.,12887,
429074,mscoco,A white toilet sitting in the corner of a bathroom.,45816,
427338,mscoco,A city made out of stone brick with large arches.,5583,
111099,mscoco,People standing and sitting around at a pier,56960,
283505,mscoco,A bike parked next to a cat leaning up against a stone wall.,31442,
58705,mscoco,A man wearing a helmet while holding a banana next to a woman wearing a helmet.,77504,
388026,mscoco,Light poles in the snow with yellow traffic lights mounted on them.,42819,
111789,mscoco,"A large elephants reflection in a cars side view mirror, with other elephants in the distance.",58379,
436653,mscoco,A small town street filled with traffic beneath a mountain.,40961,
360943,mscoco,An orange cat sitting in front of a door to a house.,78915,
533003,mscoco,A kitchen counter top filled with appliances and a wooden shelf..,29873,
280619,mscoco,A bathroom with a white toilet and a white toilet seat.,368,
493695,mscoco,A city street filled with traffic at night.,29943,
302760,mscoco,A bathroom sink with a marble counter top under a large mirror.,87070,
252219,mscoco,a person with a shopping cart on a city street,99911,
522198,mscoco,a person riding a dirt bike in the air with a sky background,96333,
296243,mscoco,A white compact car parked on a sandy dirt road.,62093,
64723,mscoco,A face car driving past a parked motorcycle.,29822,
288923,mscoco,A bicycle chained to a pole on a snowy day,79619,
189939,mscoco,A black and white cat sits in a white sink.,92884,
309925,mscoco,"An empty clean kitchen with island, marble countertops , stove and cabinetry.",22236,
434467,mscoco,A man riding a motorcycle in pink furry boots.,33012,
320641,mscoco,A young man riding a bike past a lake.,46489,
313182,mscoco,A purple and white bus driving down a street.,22371,
67956,mscoco,A blue car making a right turn at an intersection.,11406,
91636,mscoco,A man riding a motorcycle down a busy city street.,79540,
98520,mscoco,A large passenger jet sitting on top of an airport runway.,59522,
41839,mscoco,A bathroom with a walk in shower next to a toilet and a sink.,48529,
106351,mscoco,A white and green kitchen filled with dishes and appliances.,99307,
378163,mscoco,The grinch riding a motorcycle with a small dog with antlers.,91713,
354072,mscoco,A bathroom sink under a mirror next to a plant.,57698,
502311,mscoco,Two giraffe standing next to each other at a zoo.,40772,
5476,mscoco,A group of people walking towards a beach while carrying surfboards.,18589,
547003,mscoco,A small bathroom with a small brown toilet next to a white sink.,56572,
96107,mscoco,A kitchen filled with appliances and track lighting.,280,
206135,mscoco,A herd of cattle sitting in front of a church with a steeple.,94310,
357475,mscoco,A white toilet sitting next to a white bath tub.,97838,
252203,mscoco,A couple of dogs sitting in the front seats of a car.,44859,
139169,mscoco,Two magazine photos of a motorcycle and rider.,84419,
523526,mscoco,A desktop computer monitor on a white desk next to books.,21239,
10954,mscoco,A blue motor scooter parked in front of a brick building.,69606,
573072,mscoco,A man riding a green motorcycle on a winding road.,63205,
108679,mscoco,A bicycle parked on top of a bed in a bedroom.,64180,
11182,mscoco,People walking outside of a red brick building.,1722,
513064,mscoco,A busted bathroom sink underneath a mirror in a bathroom.,47929,
308799,mscoco,A doorway into a clean wood floored kitchen.,50208,
245013,mscoco,A large white teddy bear sitting on top of an SUV.,74679,
281111,mscoco,A man sanding next to a brick oven filled with fire.,44766,
338098,mscoco,A bathroom with a white toilet sitting next to a bath tub and a sink.,44977,
281533,mscoco,A dog watches an animal on the television.,44399,
483249,mscoco,A couple of cats sleeping on a car hood.,48291,
410319,mscoco,Three woman with their backs turned in a kitchen.,47546,
282658,mscoco,Two people going through belongings from the truck of a car.,67753,
145019,mscoco,A group of people are looking at a plane being removed from a field by a bulldozer.,60516,
485916,mscoco,A red carpet in a bathroom with white fixtures,71425,
266070,mscoco,A plane flying over the water at sunset,20811,
527506,mscoco,A small plane landing in  a grassy field,34483,
66879,mscoco,A blue bathroom has an updated sink and toilet.,57421,
543112,mscoco,A bench sitting on a sidewalk near a line of cars.,58214,
318405,mscoco,A bowl filled with fruit on a napkin.,36102,
233079,mscoco,A plane sits outside a room full of chairs.,19420,
396204,mscoco,Clouds can be seen beyond the wing of the plane.,24993,
285742,mscoco,Black and white photograph of cars parked along a curb in the city,22538,
566249,mscoco,A black motor cycle parked on a cobblestone street,36356,
462565,mscoco,people on bicycles ride down a busy street,58619,
255795,mscoco,A woman walking across the street looking at a Car Quest vehicle.,3549,
205514,mscoco,The large living room has been decorated in modern furnishings.,55785,
537812,mscoco,A tiled bathroom with toilet and open shower,9282,
521877,mscoco,The graveyard in front of the church is very spooky.,86685,
555023,mscoco,"The giraffe is sticking out its long tongue, perhaps tasting the fence rail.",59505,
284623,mscoco,A black cat sits in a bathroom sink.,56883,
528962,mscoco,A dump truck passing a gentleman on a bicycle loaded with wood benches.,22584,
250790,mscoco,A person gets ready to indulge in drinking a shake and eating a slice of cheesecake.,544,
261603,mscoco,An older gentleman is taking a ride on his motorcycle.,79748,
45976,mscoco,A man standing in front of a mirror shaving,51595,
111014,mscoco,The modern made toilet is next to a small bidet.,93490,
135613,mscoco,A nice spacious bathroom with light brown tile.,63644,
278338,mscoco,A bathroom with orange and white flooring with double sinks,38914,
319285,mscoco,A bathroom with a bathtub sitting next to a toilet.,82937,
567171,mscoco,A scooter is parked on the street in front of a car.,31234,
148968,mscoco,A striped cat sleeping on someones white purse,31189,
415967,mscoco,The dark mirror shows a bathroom in it's reflection.,52256,
31000,mscoco,Many oranges have been placed inside a bowl.,31736,
398385,mscoco,A group of traffic lights sitting above an intersection.,72549,
51476,mscoco,A series of images of pots filled with chocolate and desert.,87349,
207853,mscoco,a person riding a motorcycle on a road with a hill in the background,57012,
478077,mscoco,A microwave oven sitting on top of a counter top.,92376,
302159,mscoco,Two bathroom sinks under two mirrors next to paper towel dispenser.,1318,
136355,mscoco,A kitchen with a bright window and house plants,17274,
179930,mscoco,A man watches a giraffe eating from a tree.,78193,
562592,mscoco,A person that is driving on the street.,90309,
204757,mscoco,A close up of a person's hand with a scissors cutting something wet.,62209,
469719,mscoco,A skier in the midst of a jump,35621,
275270,mscoco,A very clean sink that is in the bathroom.,26142,
338044,mscoco,A parked motorcycle on display next to the skull of a demon.,93916,
222494,mscoco,A traffic light with a smile green light above a red sign.,72388,
368541,mscoco,A picture of some people about to board a plane.,44871,
237568,mscoco,Person on a motorcycle coming up to a stop sign on the street.,9782,
62443,mscoco,A brick building with an open window next to a few colorful bushes.,99751,
519479,mscoco,A man in  library looking at his laptop.,24438,
306404,mscoco,An man taking a picture of a sink through a mirror.,84575,
1761,mscoco,Two planes flying in the sky over a bridge.,31299,
257448,mscoco,A cop car parked in front of a white fire hydrant.,77362,
164,mscoco,A small kitchen with low a ceiling,64323,
267861,mscoco,A red motorcycle with a back seat parked on the side of a road.,66832,
469638,mscoco,A bathroom that is very clean and white.,58904,
246265,mscoco,Many motorcycles are parked around a crowd of people.,23975,
10114,mscoco,A picture of a very nice kitchen that is white.,97229,
371683,mscoco,A bunch of bananas hanging from a green tree.,22933,
392650,mscoco,A large Delta passenger jet flying through a blue sky.,75161,
579602,mscoco,Three kites in the air with many umbrellas on a beach,97523,
23623,mscoco,His and her bathroom sinks underneath a large mirror.,795,
180787,mscoco,A picture of some people that are cooking some food.,79659,
467475,mscoco,A formation of birds in a sky at sunset.,61010,
95772,mscoco,A pile of rusted metal junk laying in the weeds.,91303,
453020,mscoco,A public restroom with several urinals and stalls.,12685,
255482,mscoco,A blue turboprop airplane races across the blue sky.,53065,
188651,mscoco,The picture of a cat under a car.,73379,
370090,mscoco,A blue toilet bowl in a bathroom that says rabies,23334,
327514,mscoco,A man standing in a kitchen ironing his clothes while cooking food.,74236,
428234,mscoco,A plant is growing on the window sill in the bathroom.,20899,
213932,mscoco,A picture of a motorcycle on the street.,61857,
267351,mscoco,A large clock tower is yellow and white.,31818,
462026,mscoco,Several beautiful vintage racing motorcycles on public display.,45867,
401783,mscoco,A view of the mountains is shown from an airplane window.,82405,
168512,mscoco,A turkey or chicken cooks inside a kitchen oven.,53988,
431236,mscoco,A kitchen with a washer and a stove top oven.,45599,
172911,mscoco,A car seat covered in a piece of cake and frosting.,42427,
484432,mscoco,A bunt cake sitting on a glaze cake plate with glazed being drizzled over it.,51933,
414156,mscoco,A kitchen with wooden counter tops and a stove top oven.,5330,
320703,mscoco,A narrow kitchen with a white stove top oven.,24889,
555686,mscoco,A woman posing and riding on a red motorcycle,79760,
357567,mscoco,A small bathroom with a white toilet next to a shower curtain covered bath tub.,34786,
253223,mscoco,a building with two towers and an air plane in the background,71117,
579468,mscoco,A beautiful woman with a blue fro brushing her teeth with a giant toothbrush.,1066,
255248,mscoco,A cook sanding between two women inside of a kitchen.,43127,
456328,mscoco,A bathroom photo focusing on the toilet and the window.,43973,
390241,mscoco,A white train car lays on its side in the dark while a man with a light is nearby.,17801,
564699,mscoco,A tiled bathroom altered to suit the needs of the handicapped.,73399,
577796,mscoco,Three urinals mounted to a wall with white little dividers.,64292,
143653,mscoco,A herd of sheep standing between a train and a river.,48686,
493235,mscoco,A kitchen with lots of black counter top space.,66828,
526186,mscoco,An older woman holding a metal tea kettle in a kitchen.,3197,
115162,mscoco,A fire burns while a person rides a green motorcycle and several motorcycles are flipping in the air.,44338,
4554,mscoco,Several people snowboarding and one skiing in the snow.,15679,
128373,mscoco,Various stuffed animals behind a pane of glass,29643,
245462,mscoco,A man in a gray jacket standing in a kitchen next to a black dog.,70709,
290532,mscoco,A desk topped with a desktop computer monitor behind a keyboard.,16865,
370842,mscoco,A knife being slid into a wooden block.,81868,
303520,mscoco,A woman cutting up a large chocolate sheet cake.,94127,
58364,mscoco,A person standing in a living room with a fire place.,92889,
560948,mscoco,A bathroom with focus on a counter with dual sinks.,63153,
377845,mscoco,A bathroom with focus on the toilet in the bathtub.,1393,
556278,mscoco,A street intersection at night with no vehicles on the road.,17878,
42970,mscoco,A group of bikers traveling down a road past a store.,3385,
30707,mscoco,a man sitting on the end of  a bed in front of a small TV.,76339,
473935,mscoco,A plane is taking off from a runway.,65576,
493843,mscoco,A trashcan has been knocked over in a kitchen.,62954,
150685,mscoco,two gray stove burners and a wooden bowl with four apples,59896,
77296,mscoco,A man in a black outfit sleeping on a small bench.,41035,
176474,mscoco,Three different types of dogs looking at the camera.,87525,
191842,mscoco,Photo taken in a car of the television on the roof.,89171,
143908,mscoco,A person on a motorcycle doing a burnout.,70504,
447546,mscoco,A large kitchen with many people preparing food.,82655,
306108,mscoco,A kitchen filled with wooden cabinets and a white refrigerator.,57880,
270376,mscoco,A downtown area of a city with buildings and billboards.,3160,
341659,mscoco,A parked car with a cat laying on top of it.,40008,
1525,mscoco,A plane parked in a large airplane hanger.,13662,
221502,mscoco,A park bench surrounded by floral arrangements on either side.,26092,
135117,mscoco,A set of three wall mounted urinals with pictures of men on top of them.,19833,
291833,mscoco,A restroom with three stalls with three toilets.,1754,
403013,mscoco,A narrow kitchen filled with appliances and cooking utensils.,38754,
25972,mscoco,A blue love seat sitting on a trailer attached to a bike.,17134,
455528,mscoco,A man sitting on the snow while riding a snowboard.,77283,
503790,mscoco,three different motorcycle couples riding down a road,64071,
185904,mscoco,a man in a blue shirt riding a blue motorcycle and some people,98232,
291930,mscoco,a man wearing leathers and his black motorcycle,27369,
98280,mscoco,a male with glasses and a green helmet is eating a banana,59462,
332908,mscoco,a ratchet ass room with a shelf on the wall,84272,
211825,mscoco,A man blowing out candles on a cake.,28218,
444270,mscoco,A person is in a bathroom and is taking a photo of himself in a mirrors reflection.,78192,
531069,mscoco,A bike rider rests on his bike as he looks at his phone.,8648,
529069,mscoco,A bathroom toilet with a light fixture overhead,58392,
429633,mscoco,Black and white historical photo man next to motorized bicycle.,12081,
152543,mscoco,A group of young people are sitting on a concrete divider.,56609,
438024,mscoco,A city with a river in the middle with boats docked,50901,
382734,mscoco,A bathroom being renovated with pipes in the wall,47220,
456394,mscoco,"BLUE MOTORCYCLE ON DISPLAY, SURROUNDED BY OTHER VEHICLES",65811,
79465,mscoco,A bathroom toilet nestled in a cubby is turned into a room for darts.,18621,
59463,mscoco,a public bathroom with a clock tower in the background,50952,
154587,mscoco,A motorcycle carrying a bicycle is parked in the gravel.,55512,
212074,mscoco,A bathroom with white colored cabinets and toilet,74117,
82229,mscoco,A modern flatscreen television sits upon a nostalgic console model.,9103,
533026,mscoco,a bathroom with a cat underneath a bath tub,10074,
553776,mscoco,A man rides a large motorcycle on a freeway.,36112,
251098,mscoco,A military motorcycle is parked behind a van on a street way.,85256,
347253,mscoco,A plane is boarded with maintenance trucks alongside cargo trailers.,51422,
332455,mscoco,a close up of a toilet with a pink seat and lid,9940,
429323,mscoco,"Bathroom view, brightly lit, blue square basin, commode on right, shower curtain on left and heater and window on far end.",49583,
465179,mscoco,a close up of a person brushing her teeth in the bathroom,54054,
423767,mscoco,A colorful jet is sitting patiently on a runway.,4698,
261062,mscoco,the door to the room is open to the outside,5551,
540694,mscoco,A giraffe standing in a lot filled with cars.,22903,
378448,mscoco,Several small electronic devices are sitting with a backpack at an airport window.,39766,
305545,mscoco,a close up of a woman wearing jewelry and a boat in the background,64798,
183249,mscoco,An open door that leads into a kitchen,84976,
117037,mscoco,Three people standing in a parking lot smiling to take a picture.,20764,
321742,mscoco,A picture of a lot of motorcycles together.,81203,
151988,mscoco,A picture of two people sitting on a bench.,57516,
315601,mscoco,A close-up of a one-way street with many cars and motorcycles.,47519,
571718,mscoco,A man standing in front of a fruit stand containing several bunches of bananas.,23705,
29709,mscoco,"A photo of a dining venue outside complete with tables, chairs and umbrellas.",65218,
75283,mscoco,Two people that are walking a dog together.,50990,
171717,mscoco,A well lit area of the bathroom with white paintings.,23320,
126876,mscoco,A picture of a plane is flying in the air.,6923,
415672,mscoco,A street scene with people on motorcycles and people sitting on benches.,85391,
527220,mscoco,A red car next to a gas station sign and parked blue and silver motorcycles.,57451,
334140,mscoco,A close up of a woven basket on a bicycle.,30085,
456323,mscoco,A bedroom with a bike parked in it,30090,
554002,mscoco,A black dog standing between people in line,29249,
460812,mscoco,A bathroom scene with focus on the toilet and the sink,97638,
27390,mscoco,A picture of a plane that is in the air.,78800,
433504,mscoco,The view of a room with several different utensils displayed on shelves.,57149,
239355,mscoco,A cop car sitting on the side of a road behind a motorcycle.,43556,
293964,mscoco,Cooks standing in a kitchen preparing food for a restaurant.,72039,
424445,mscoco,A fighter jet taking off from an airport runway.,67985,
193599,mscoco,A close-up of a toilet with a pink stuffed bunny inside.,49439,
84474,mscoco,A boat dock with two planes floating on the water.,62302,
580829,mscoco,A street scene of a road going through the mountains.,87849,
25685,mscoco,People on a boat looking at a plane in the water.,91139,
141086,mscoco,A dog in an enclosure with a  herd of sheep,76345,
414379,mscoco,A street scene of the intersection with people and cars.,2777,
373574,mscoco,A TV sitting on top of a table next to a laptop computer.,7642,
369259,mscoco,Thee family is standing around the island in the kitchen.,76053,
256983,mscoco,"A woman at a baseball game with a Chicago Cubs visor, talking on her cell phone.",8016,
122217,mscoco,Two people skateboarding down a roadway in a downhill descent.,55359,
12101,mscoco,A toilet bowl with a sign on the top,83708,
348092,mscoco,A man on a motorcycle on a racetrack.,21413,
202040,mscoco,Two motorcycles parked on the side of the road.,44197,
332625,mscoco,A man sitting on a plane in back of a seat with a monitor on it.,50049,
395463,mscoco,A group of people sitting at a bar as a man prepares food.,53775,
429497,mscoco,Several bicycles lined up against a brick building.,79319,
516868,mscoco,A kitchen scene with focus on a sink and oven.,24759,
94140,mscoco,A photo taken in a car looking at a dog in the back seat.,75212,
268259,mscoco,A metal gear with chain on a wheel.,38854,
104837,mscoco,"A bathroom scene with a toilet, sink and a mirror.",39493,
475923,mscoco,A black and white dog sleeps in front of a blue door.,99158,
418816,mscoco,A man waling his bike along a road with cars.,97402,
400945,mscoco,A plain white bathroom that is completely unfurnished.,75273,
79966,mscoco,A black puppy with a ball in its mouth sitting in a bicycle basket.,78144,
517128,mscoco,"inside a airplane hangar,a stealth plane hanging -up.",59237,
24924,mscoco,A bathroom scene with a bathtub and a sink.,13613,
474519,mscoco,A toilet that is very clean in a bathroom.,75437,
109045,mscoco,A black and white photo of a propeller plane.,88075,
529159,mscoco,A very old picture of a women posing.,88136,
552610,mscoco,a stove top and counter in a kitchen,51504,
115709,mscoco,A photo of a restroom containing two toilets.,1999,
450206,mscoco,Several people standing around with a green bus along the road.,46858,
306936,mscoco,A close up of a plane with several people around it on the ground.,33602,
507249,mscoco,Two bikes parked next to each other on a bike rack.,94634,
212525,mscoco,A restroom with focus on the modern sink.,52045,
88634,mscoco,A kitchen with a black stove top oven.,92892,
521542,mscoco,A pink cookie jar on a tile kitchen counter.,89092,
482210,mscoco,A photo taken through a bathroom door of a bathroom.,44629,
556025,mscoco,A kitchen scene looking over the table at the refrigerator.,85546,
243857,mscoco,"A kitchen scene complete with a dishwasher, sink and an oven.",76836,
393858,mscoco,A plane that is flying in the air.,60921,
47873,mscoco,A picture of a counter and some chairs.,88450,
352196,mscoco,A cat that is playing on the ground with a door.,474,
555648,mscoco,A motorcycle that is parked in a parking lot.,34706,
168337,mscoco,Two people outside of a stone building near a red fire hydrant.,53813,
132861,mscoco,A large church tower with a clock mounted on each of it's sides.,23986,
150088,mscoco,A woman standing in front of a bathroom mirror taking a picture of herself.,54749,
21232,mscoco,A white toilet sitting inside of a bath tub.,35754,
91416,mscoco,A cook standing in a professional kitchen preparing food.,45489,
27285,mscoco,"Kitchen with refrigerator, range and vent, and white colored cabinets with an oak top.",19433,
143576,mscoco,A cook is in the kitchen preparing a big pot of food.,23146,
459219,mscoco,"A white colored vanity area with a mirror, sink and double light on the wall above the mirror.",50819,
517548,mscoco,A charming country bathroom includes a hotel style wall hung blowdryer.,61528,
441841,mscoco,Motor bike taking a fast turn on a track.,64925,
191691,mscoco,A man is shaving while looking in a mirror of a cluttered bathroom.,39439,
561037,mscoco,A cruiser bike in line with others at a biker gathering,5639,
561187,mscoco,A horse is saddled up while a cowboy checks out a hoof.,77860,
562356,mscoco,A motor cycle procession down a wet street.,99316,
145032,mscoco,A blue clock on the top of a stone building.,94232,
486008,mscoco,a bathroom with multiple stalls with doors and toilets,42161,
1146,mscoco,A young man wearing black attire and a flowered tie is standing and smiling.,90011,
411908,mscoco,Indians ride tandem on a motorcycle through a busy street.,66836,
437556,mscoco,A kitten eating food out of a dish on the kitchen floor.,6718,
326582,mscoco,A fighter is jet flying through the clouds,64209,
23272,mscoco,A Calico cat laying on the hood of a Mercedes.,62748,
368940,mscoco,a bathroom with a mirror and a sink,25715,
434958,mscoco,A man is in a car holding a black cat.,9514,
391343,mscoco,Two people standing next to a motorcycle on a brick path.,35210,
232488,mscoco,Two young men are looking at a computer screen.,76554,
481573,mscoco,Boy standing on a skate board as seen from under the board.,1896,
19157,mscoco,a group of guys showing off a cow to an audience.,18159,
50655,mscoco,A bathroom with a narrow toilet and hanging towels.,33539,
542611,mscoco,The toaster adorned with a face sits atop the tiled surface.,13360,
311887,mscoco,a bathroom with a toilet and a bath tub,79110,
553935,mscoco,a surveillance camera attached to a building with a plane flying in the background,48921,
262672,mscoco,A skier attempts to slow down on the slopes by pointing the skis toward each other.,58860,
313948,mscoco,A motorcycle is on display at a convention.,19468,
89188,mscoco,two dogs are at a door trying to get outside,12157,
264976,mscoco,A cat is using the toilet in a white tile bathroom.,60696,
355221,mscoco,A silver motorcycle with many lights parked on the street.,58116,
553698,mscoco,A cat sitting on a pile of books.,86001,
542089,mscoco,a bathroom with a bath tub a sink and a mirror,88890,
77811,mscoco,A mini car mouse is sitting on a mousepad with the headlights on.,45467,
50713,mscoco,A man and woman are riding down the street in a parade wearing patriotic hats.,69387,
13876,mscoco,a black and white photo of a long bench for sitting near a building,73639,
165681,mscoco,This is an image of a row of scooters,82534,
63240,mscoco,a man and some people riding on a raft,56462,
531967,mscoco,A beautiful woman sitting on top of a kitchen counter.,62198,
295199,mscoco,A white urinal mounted to the side of a wall.,73650,
231093,mscoco,A toilet in a bathroom underneath a window.,8831,
337120,mscoco,A tall brick building with a bike parked in front of it.,35165,
151347,mscoco,A large passenger jet flying over a mountain.,24189,
11081,mscoco,An experimental airplane flying through a  cloudy blue sky.,59577,
212351,mscoco,A large passenger jet flying through a cloudy sky.,73082,
74,mscoco,A picture of a dog laying on the ground.,6840,
562139,mscoco,A lighted kitchen looks shiny clean and nice.,4741,
357737,mscoco,A picture of a person standing by a bicycle.,68561,
234697,mscoco,Stop lights are lit up in a cloudy dark sky.,74563,
435316,mscoco,A cat watching water go down a sink drain,90075,
67213,mscoco,A lot of people that are looking at a pool.,24333,
325356,mscoco,A tiger cat sitting in a bathroom sink next to a tub.,46614,
343708,mscoco,A parking lot outside of an extremely large building.,44552,
84447,mscoco,A motorcycle driver sitting next to his motorcycle.,28051,
533548,mscoco,A man wearing a red jacket sitting at a desk.,73604,
154420,mscoco,A clean bathroom with blue tiles on wall and counter.,9432,
222825,mscoco,A kitchen with a stove top oven next to a white fridge.,165,
369485,mscoco,A bathroom with a marble counter under two giant mirrors.,9370,
577030,mscoco,A large white couch in a living room in front of a TV.,97626,
543090,mscoco,The inside of a small building with a brown couch.,46920,
546687,mscoco,Cityscape of a train stopping traffic on a street,51924,
170893,mscoco,A dog is standing next to a toilet playing with tissue,76015,
257685,mscoco,A clean counter top with flowers and a sink.,93207,
126192,mscoco,A giraffe running across a grass covered field.,63360,
86320,mscoco,A bathroom sink sitting under a large mirror.,86673,
295303,mscoco,A young child eating cake with pink and white frosting on a high chair.,28662,
101456,mscoco,A kitchen counter covered in metal bowls and dishes filled with food.,10243,
49683,mscoco,A black and yellow bike making a turn on the track,99213,
63882,mscoco,A PINK TOILET AND A PINK BATH TUB IN THE BATHROOM,6957,
107087,mscoco,A black cat sits in a car and looks out.,26558,
405526,mscoco,A vase filled with red flowers sitting on a counter.,99851,
104715,mscoco,Man flying a colorful dragon kite in a blue sky,8455,
268092,mscoco,Basket of old stuffed animals upside down in the trash.,88571,
366884,mscoco,A man sitting at a computer desk in front of a monitor.,36963,
342142,mscoco,A busted up toilet sitting inside of a bath tub.,69083,
38732,mscoco,A towel rack in a bathroom topped with two stuffed animals.,52341,
41397,mscoco,Two wooden benches sitting on top of a lush green grass covered park.,81668,
455261,mscoco,The view of a person riding a motorcycle on a paved road.,58958,
106392,mscoco,A kitchen with a washing machine under the counter,9922,
337815,mscoco,A small kitchen with black and wooden cabinets.,9749,
521587,mscoco,A bathroom filled with a white toilet next to a sink.,17171,
251124,mscoco,A bike parked next to a street in a city at night.,25200,
276149,mscoco,many people on a snowy slope riding skis and snowboards,37567,
179311,mscoco,A plane that is flying in the air.,25049,
286662,mscoco,A person that is looking at a cake.,65379,
520251,mscoco,A living room filled with furniture and a flat screen TV.,29535,
479440,mscoco,A white cat sitting on the floor next to a feeding dish and a mat.,32348,
555597,mscoco,Many cars parked on a city street with tall buildings in the background.,47073,
356533,mscoco,A white kitchen filled with a refrigerator freezer.,4557,
138246,mscoco,some horses grazing in front of a church,90908,
114726,mscoco,A black and white cat sitting on top of cabinets.,86212,
12343,mscoco,a man wearing black is riding a red and silver motorcycle,78361,
235380,mscoco,an old photo of a castle at the end of the street,79018,
543525,mscoco,A kitchen area with all white cabinets mad a white refrigerator.,57228,
467966,mscoco,A small white plane sitting on top of the ocean.,62792,
262386,mscoco,a white bathroom with a toilet and a roll of toilet paper,83137,
89099,mscoco,A couple of women standing in a kitchen preparing food.,66274,
463459,mscoco,four white urinals against a green wall with lines,61088,
139099,mscoco,A street scene with a person on a motorcycle.,17667,
366031,mscoco,A woman standing with a bi-wing airplane on a runway.,27532,
551170,mscoco,Some roll down doors  at a building painted with graffiti.,90918,
103035,mscoco,Four officer are riding motorcycles with giant letters on them.,81050,
232455,mscoco,A large flock of birds fly through the sky.,85604,
40446,mscoco,A church with lots of wooden pews and an illuminated crucifix on the wall.,75065,
567693,mscoco,A bucket that is on top of a table.,6630,
357096,mscoco,A young child plunging a toilet with a plunger.,50867,
190227,mscoco,A steel toilet near a window in a very small bathroom.,19093,
142386,mscoco,There are multiple pictures of the same man standing in the kitchen,6233,
81943,mscoco,There is a white toilet with red tiled floors,32459,
12326,mscoco,"This kitchen contains a stove with an exhaust hood, many cabinets, and a microwave.",17985,
566576,mscoco,A blue double decker bus pulling into a bus station.,26291,
274959,mscoco,An airplane parked on a dirty field next to a chain fence.,21795,
484028,mscoco,A man on a bike wearing glasses riding indoors.,70602,
337517,mscoco,A man sleeping on the end of a wooden bench.,26216,
303928,mscoco,a walk in shower with a seat next to a white sink.,10059,
162249,mscoco,A flat screen TV sitting on top of a step in a bathroom.,66220,
472621,mscoco,"An elegant bathroom features a tub, sink, mirror, and decorations.",16622,
60623,mscoco,A young girl inhales with the intent of blowing out a candle.,30950,
421307,mscoco,Two airplane shaped kites flying through a blue sky.,25498,
360678,mscoco,A table topped with dessert next to a window.,22877,
74743,mscoco,A picture of a painting and a couch.,25271,
107304,mscoco,A woman opening the bathroom door with the room chained off.,8393,
333683,mscoco,A kitchen with a metallic refrigerator freezer next to a sink.,44351,
105303,mscoco,A person that is sitting on a bench.,82758,
280498,mscoco,A kitchen that is very clean in a house.,12003,
237759,mscoco,A tall building on the street corner filled with traffic.,44774,
399832,mscoco,A stainless steel table is in the middle of the large room.,62071,
14869,mscoco,A park bench siting next to a tree next to a  park.,14001,
246701,mscoco,A white toilet sitting next to a tub next to a sink,88842,
40414,mscoco,A kitchen filled with furniture and a stove top oven.,15996,
94610,mscoco,A sidewalk lined with parked cars next to tall buildings.,30662,
80131,mscoco,A group of people sitting around a table in the kitchen.,97458,
540763,mscoco,A restroom has a toilet and a decorative sun wall plaque.,6610,
407146,mscoco,A group of people boarding in airplane on a runway..,69112,
144114,mscoco,A small glider flying through the sky with a pilot.,75445,
487450,mscoco,A man riding a motorcycle with a child on the back of it.,66191,
117191,mscoco,A toilet seat with a fake foam butt on top of it.,5371,
500446,mscoco,A large clock mounted to the face of a buildings entrance.,67216,
431047,mscoco,A baby boy sitting on top of a toilet reading a book.,95509,
274262,mscoco,A large kitchen with a center island surrounded by stools.,61994,
367619,mscoco,A white cake topped with coconut on a counter.,89902,
255917,mscoco,A cluster of traffic driving towards a capital building.,52801,
117891,mscoco,A gray and white cat sitting in blue bowl.,44466,
176120,mscoco,A bathroom with a shower covered in a curtain next to a toilet.,84994,
75344,mscoco,There are a lot of trees and plants beside the house.,12159,
106166,mscoco,The car is traveling down the road while the dog watches.,87649,
473623,mscoco,"A white porcelain toilet with the lid down, in a bathroom.",64056,
205102,mscoco,A bike parked next to a wall next to a river.,11065,
504498,mscoco,"The rider, clothed in camoflague and ski boots, is sure to blend into the grassy area on his motorbike.",23551,
213765,mscoco,An old photo of a small family kitchen.,61651,
149974,mscoco,A service vehicle sits on a tarmac in front of a jet.,60193,
503255,mscoco,The bench at the tree offers a respite and a scenic autumnal view of a grand valley,96296,
521197,mscoco,A man poses with a yellow bicycle and a banana.,6636,
403432,mscoco,A blurry and out of focus image of a person on a bike riding in a field  towards cows in the distance.,44463,
30828,mscoco,"A person with an orange blanket covering them, sleeping on a wooden park bench.",94070,
8594,mscoco,older man standing in his kitchen reads book.,91354,
105647,mscoco,"A  street with pedestrians, bikes, a jitney and a bus.",1052,
395290,mscoco,A cat is sitting on the hood of a car in a residential area.,62382,
427133,mscoco,A group of people behind a white picket fence watching a person in the grass with a dog and small group of sheep.,2412,
216867,mscoco,an airplane taking off with one waiting to take off,24140,
150284,mscoco,A man stands beside his motorcycle in front of a store.,55671,
330098,mscoco,a bike sitting in front of colorful signs,7857,
373029,mscoco,An aircraft is overtaken by maintenance workers as it sits on a landing.,64152,
138079,mscoco,"A door opens to a bare, white bathroom.",48013,
28790,mscoco,A door open to a bathroom with the vanity showing.,14088,
34445,mscoco,A woman unpacks a box in a kitchen.,65142,
581886,mscoco,Two people sit in the sand with their surf boards.,83950,
261175,mscoco,Wide shot of a kitchen and a kitchen table with a plaid tablecloth.,58690,
163562,mscoco,The young man is holding a clear Frisbee.,9776,
224010,mscoco,A toilet is used for outdoor decoration beside a log cabin building.,79331,
93116,mscoco,Photo of a two bathroom fixtures and a vinyl shower curtain.,73421,
557339,mscoco,Ladies in a kitchen laughing at the camera while one grates cheese.,2294,
21839,mscoco,a person walking across the street with a traffic light above,66021,
295403,mscoco,A man helps a woman sit on a bike.,17063,
217783,mscoco,a large air plane on a snowy surface with a sky background,79760,
412753,mscoco,"A small bathroom with a shower, sink, and two toilets.",47318,
366111,mscoco,A black and white photograph of men on bicycles in a city.,70052,
345224,mscoco,"A small, yet clean looking bathroom, with blue pained walls.",84653,
371958,mscoco,The top of a brick clock tower surrounded by birds.,17163,
251065,mscoco,A black toilet in a tiled public bathroom stall.,76457,
577946,mscoco,Some pots and pans that are in a room.,97950,
270744,mscoco,A man carries a leash around his shoulders as two dogs make their way alongside.,10859,
145651,mscoco,A small white room with an unmade bed that has a backpack and a pair of glasses resting on it.,6771,
383703,mscoco,a man in a kitchen cutting lettuce with a knife,93222,
522751,mscoco,A view of a stoplight by a street.,18768,
57645,mscoco,Adults with childern walking in the rain with umbrellas.,53766,
408859,mscoco,a bathroom with a sink a mirror and a toilet,99729,
215812,mscoco,A lot of urinels that are in a bathroom.,64405,
205573,mscoco,A motorcycle stopped on the road during nighttime in the city.,74468,
322783,mscoco,A white sink sits on a beige vanity in this uninspiring bathroom.,48990,
555669,mscoco,A smiling woman nonetheless cringes as a dog licks her ear.,70485,
103855,mscoco,An old couple is sitting down on a bench together.,55580,
237626,mscoco,a motorcycle on the back of a truck with a fence in the background,91390,
561563,mscoco,A white and green bathroom with sink and toilet.,3941,
480036,mscoco,many bikes parked in a parking lot very close to each other,88673,
213816,mscoco,a close up of a public transit train with its doors open,55912,
577783,mscoco,A Delta aircraft is parked at a terminal while maintenance men attend to it.,59405,
103806,mscoco,a cat laying on the floor of a kitchen,24803,
214463,mscoco,A bathroom sink with toothbrush holder and soap dispenser,6736,
11340,mscoco,A large elephant walking next to a man,68700,
448759,mscoco,A happy man roller skiing in the mist,29448,
413435,mscoco,A bathroom sink with a large mirror above it next to a doorway.,71057,
412978,mscoco,A kitchen counter with a rounded edge and shelves,67543,
163167,mscoco,a rustic kitchen with lots of stonework and wood accents,98911,
46432,mscoco,A view from an airplane flying over a mountainous region.,47425,
442136,mscoco,A man looks over a parked motorcycle that has an American flag on the back.,61144,
183176,mscoco,A man on a motorcycle with a woman on back,22753,
435003,mscoco,A laptop computer sitting on a desk next to a desktop monitor.,55401,
381608,mscoco,Two people setting up a market stand with jars,94157,
435896,mscoco,A toilet bowl with buttons on the toilet seat,35835,
576667,mscoco,A bare bathroom has a window over the toilet.,10814,
91353,mscoco,A chef is in a restaurant making sushi.,61005,
515854,mscoco,A group of people boarding a passenger jet up stairs.,57591,
544198,mscoco,A kitchen has dark counters and wood cabinets.,77485,
331268,mscoco,A kitchen filled with plants and lots of clutter.,35426,
519330,mscoco,A group of people dressed in some nice clothes,12059,
567683,mscoco,Some motorcyclists getting off their street bikes at a gathering,23515,
389974,mscoco,A woman cooking with a large white bot and a cooking board with meat in it in a small kitchen.,89197,
79841,mscoco,"Two bikers, one in front of a building, the other in the city.",18417,
307145,mscoco,A kitchen with old wooden cabinets and a stove top oven.,40628,
109648,mscoco,A row of white urinals mounted to a restroom wall.,62168,
281032,mscoco,An elderly person in a kitchen cooking food.,61076,
404484,mscoco,A woman bending over in a living room to pet her dog.,55102,
291742,mscoco,A kitchen filled with metallic appliances and a stove top.,91526,
208517,mscoco,A woman with a suitcase holding a phone,68637,
210982,mscoco,A group of parked motorcycles sitting on the side of a road.,81364,
69121,mscoco,A bathroom sink surrounded by a stone counter top.,31689,
425280,mscoco,A city bus traveling down a rod next to a stadium.,49046,
359310,mscoco,"A man on a motorcycle with a passenger car attached, parked on the side of the street.",88586,
91283,mscoco,An SUV with pennants and decals supporting a sports team,11974,
159133,mscoco,A bathroom toilet sitting next to a counter and a roll of toilet paper.,92893,
265378,mscoco,A white car parked in a parking space.,14153,
132682,mscoco,A very white toilet that is in a clean room.,81282,
124300,mscoco,A toilet sitting next to a bathroom counter.,19783,
416184,mscoco,"The bath room is clean with brown tile, white sink and large mirror.",388,
501875,mscoco,A woman is walking with a blue umbrella.,88620,
135972,mscoco,The stainless steel black and aluminum toilet is opened.,65392,
567863,mscoco,A mother and baby giraffe leaning against a wall,91545,
8267,mscoco,A small white toilet sitting in a bathroom.,9236,
227044,mscoco,A black and white cat standing in a white bathroom sink.,78745,
480215,mscoco,"A bathroom with tile flooring and walls, and a white toilet.",9283,
149052,mscoco,Two small airplanes parked on a lush green field.,98082,
578099,mscoco,A blue motorcycle parked on a sidewalk next to a street.,55811,
248231,mscoco,A white toilet sitting in a bathroom next to a sink.,90875,
386755,mscoco,We are looking at the floor between the toilet and the wall.,67104,
209655,mscoco,A bathroom with a white bath tub and a sink.,69017,
253964,mscoco,A man popping a wheelie on a motorcycle on a street.,78648,
22208,mscoco,A flat screen TV next to a fire place in a living room.,60946,
386968,mscoco,A woman riding a green bike with a small white dog on the back.,50924,
451053,mscoco,A computer desk with highlighted papers all over it.,91300,
49236,mscoco,A man riding skis down a snow covered slope.,48327,
302038,mscoco,A dinning room table sitting next to a small fireplace.,2890,
185622,mscoco,A large jetliner taking off from a runway.,21137,
461976,mscoco,A train traveling down train tracks in a rural area.,48836,
399851,mscoco,"A kitchen shelf holds an assortment of pots, pans, and utensils.",43673,
388677,mscoco,A cop riding a motorcycle next to a  white van.,71133,
415843,mscoco,A row of three wall mounted urinals in a bathroom.,44126,
270758,mscoco,The four urinals have a very modern design.,41687,
5205,mscoco,The man is giving the young girl a ride on his motorcycle.,74544,
2532,mscoco,A person standing on top of a ski covered slope.,37963,
156071,mscoco,A group of people standing around at a rodeo.,58091,
175052,mscoco,A girl in the bathroom tying back her hair.,80676,
127182,mscoco,A kitchen filled with metal appliances and a window.,80543,
510755,mscoco,A row of motorcycles parked next to each other on a lush green field.,6337,
177338,mscoco,Two men riding motorcycles and ATV on a walk way.,59063,
491090,mscoco,A man sitting on one of a group of motorcycles.,11100,
293749,mscoco,A scene of a park with a plane in the sky in the background.,91793,
276488,mscoco,a table with a white plate a sandwich and a bottle,50665,
327436,mscoco,A beautiful woman with red hair sitting at a table.,43088,
276836,mscoco,A white toilet with a wooden toilet seat.,10861,
356387,mscoco,A row of parked motorcycles sitting in front of a tall building.,57255,
183407,mscoco,A motorcycle parked on a grass covered field.,13312,
176374,mscoco,A building with a tall clock tower with a green top.,90418,
33871,mscoco,A woman standing in front of a kitchen sink on display.,519,
92093,mscoco,Hundreds of people gathered around looking at motorcycles.,63591,
437432,mscoco,a person waits by a sign for something maybe a bus,52684,
549763,mscoco,A kitchen filled with white appliances and wooden cabinets.,82954,
452516,mscoco,A white toilet sitting in a bathroom next to a toilet paper roller.,31366,
302710,mscoco,Two NYPD motorcycles parked along a city street.,81137,
388534,mscoco,A large sink next to a kitchen in a hotel room.,37492,
504811,mscoco,A biplane flying over a small church with a steeple.,30842,
130826,mscoco,Two men sitting next to each other on a wooden bench.,32845,
357944,mscoco,A tall green building with a massive tall brown clock tower behind it.,87727,
469467,mscoco,A woman talking on a banana phone with Andy Warhol.,75576,
264961,mscoco,A man riding a motorcycle down the middle of a street.,66054,
205040,mscoco,A crowd of people standing on top of a beach.,24040,
285068,mscoco,A helicopter flying through a light blue sky.,17319,
24391,mscoco,A couple of men standing next to each other at a ribbon cutting ceremony.,30638,
406555,mscoco,a person sitting down in front of a couch,27644,
375783,mscoco,A couple of sheep grazing on the side of a road.,70208,
472623,mscoco,A young man riding a bike on top of a beach.,44364,
305480,mscoco,A large passenger jet sitting on top of an airport tarmac.,71794,
521495,mscoco,A aerial photo showing a tennis player ready to serve the ball.,17764,
430420,mscoco,A bathroom sink sitting underneath a mirror mounted on it's wall.,66340,
481404,mscoco,A church with a stain glassed window of the virgin mary.,99977,
194875,mscoco,Here are motorcyclists parked outside a Polish gathering spot for women,35526,
578485,mscoco,A empty living room with hard wood flooring.,74475,
165937,mscoco,Two green and white jetliners sitting on top of an airport runway.,13969,
275668,mscoco,Two large beds in a hotel room next to a desk.,95713,
448243,mscoco,A white VW Bug with a surfboard mounted to it's roof.,83821,
130564,mscoco,A person sitting on a large cement planter.,41637,
575946,mscoco,Small white toilet with spare rolls of toilet paper beside it.,23589,
162589,mscoco,Small white toilet with a small window above it.,23825,
506335,mscoco,"Two men riding mopeds, one with a woman and boy riding along.",12912,
510734,mscoco,People are sitting on benches that line a street.,56042,
139004,mscoco,A kitchen with canisters on the neat counter,90008,
39871,mscoco,The door of a public bus with a reflection of a woman's photo in the side window of the bus.,90990,
74458,mscoco,A bedroom suite with tile flooring and two lamos,88829,
25096,mscoco,A young boy cuts into a cake shaped like a skateboard.,51566,
235491,mscoco,A city street with a sign that says fun,72743,
202748,mscoco,The black and white toilet is opened in the narrow bathroom.,59449,
218924,mscoco,an image of a cat in a toilet with the water,78329,
485895,mscoco,The giraffe is standing in the shade of the tree.,42471,
243495,mscoco,a toilet with writing under the lid,94944,
384850,mscoco,A bathroom with a shower curtain that has four palm trees on it and a white tile floor.,9816,
22103,mscoco,The people are feeding the giraffe at the zoo.,65997,
304964,mscoco,The woman is sitting and looking at something on her mobile phone.,19810,
255633,mscoco,A fighter jet is flying through a clear sky.,83021,
423058,mscoco,Vet supplies laying on the floor of a room.,89739,
53505,mscoco,A toilet sitting underneath a medicine cabinet in a bathroom.,61139,
425578,mscoco,A shack with a  floor covered with dirt and straws.,73292,
12754,mscoco,A scene from the show Mad Men and some appliances.,88132,
114173,mscoco,"The bathroom has white and green tiles on the wall, and green tiles on the floor, along with a white porcelain toilette, and a white garden style tub with a shower hook up.",33809,
552454,mscoco,A small white toilet sitting in a bathroom in a restroom.,62046,
534467,mscoco,A kitchen filled with appliances and an open laptop.,50508,
137803,mscoco,Pictures of Queen Elizbeth the second riding a horse.,14420,
18750,mscoco,Artistic photograph of architecture and frost-laden trees at dawn,50375,
327263,mscoco,A wooden park bench between two floral arrangements.,50887,
146667,mscoco,A woman digging through the storage compartment on her moped.,30691,
294484,mscoco,The giraffe eats from a reachable limb of the tree.,3601,
382668,mscoco,Two adorable chubby dogs sleeping next to each other.,48635,
151670,mscoco,A white toilet sitting in front of a brick wall.,14269,
207400,mscoco,"A room filled with a tub, sink and toilet.",48119,
239082,mscoco,A white toilet sitting on top of a wood floor in a bathroom.,29322,
531707,mscoco,A group of people sitting on a wooden bench next to a  field.,6250,
555939,mscoco,A small bathroom with a toilet and shower.,20824,
31817,mscoco,A man riding a motorcycle while eating food.,28948,
498374,mscoco,A person's reflection is shown in the bathroom mirror they are photographing.,96587,
536343,mscoco,A bath tub in a small bathroom with towels hanging over it.,50689,
183657,mscoco,An orange in a bowl near a puddle of water.,84869,
394957,mscoco,"A bathroom scene with a toilet, sink and a suitcase.",1537,
365503,mscoco,A bath room with an old fashioned looking tub.,62909,
492885,mscoco,A man riding a motorcycle down a road with a POW - MIA flag.,55087,
268943,mscoco,A lake filled with water and a kite flying over itl,5721,
65358,mscoco,A dirty kitchen floor with soot on the tiles.,17638,
562289,mscoco,A cat sitting behind a white toilet next to a rug.,79331,
29187,mscoco,A man riding a horse drawn carriage on a race track.,7747,
339943,mscoco,A kitchen with a bath tub sitting behind a wooden door.,86137,
439907,mscoco,A bathroom with a shower and a white sink on a wooded counter.,43186,
327529,mscoco,Bicycle owned by the New World Tourist Company,200,
117899,mscoco,A kitchen filled with wooden cabinets and a table.,8041,
396304,mscoco,A bathroom with some of the wall removed during a renovation.,54483,
51880,mscoco,A orange and white cat sitting underneath a white bush.,12600,
49014,mscoco,A very large airplane sitting on a runway.,75228,
494555,mscoco,A young man in a sweat shirt is standing on a wooden walkway.,53933,
402346,mscoco,Tomatoes sit in a black bowl next to a flower.,54855,
429025,mscoco,A group of people walk around in a business area.,67763,
92016,mscoco,A bathroom mirror with a chrome towel holder and faucet and a window above.,49332,
458768,mscoco,A brightly lit kitchen with lots of natural light.,46800,
48674,mscoco,This is a black and white photo of a girl under a pedestrian traffic signal.,53017,
18737,mscoco,A motorcycle parked near a fence by a beach.,78316,
293044,mscoco,A plastic dish with the food sectioned off.,6730,
148055,mscoco,A brown cow stands at the edge of a roadway.,15929,
426133,mscoco,A white stove top oven sitting inside of a kitchen.,50266,
45229,mscoco,A kitchen filled with a wooden cabinet and a large window.,75865,
522554,mscoco,A bench in a park covered in lots of snow.,73770,
344498,mscoco,Friends having a drink together in the kitchen,34352,
212453,mscoco,A white toilet sitting in a corner of a room.,2931,
570782,mscoco,Three computers without screens sit on a desk.,50347,
538153,mscoco,Three mass transit trains underneath an overpass at a train stop.,16770,
69926,mscoco,Traffic jam at a busy hotel parking lot.,95102,
164515,mscoco,Three motorcycles parked next to a motor home.,42654,
443281,mscoco,A TOILET IS IN THE BATHROOM DOOR WAY,89901,
192616,mscoco,A living room filled with furniture and large persian rug.,41123,
450357,mscoco,"A man standing with his back to a mirror, but his reflection facing him.",43866,
374987,mscoco,A gang of bikers driving down a city street.,23742,
361022,mscoco,A man kneeling down on a sidewalk to hug his two dogs.,58370,
307511,mscoco,An old green and brown car with chrome trim.,2861,
441483,mscoco,A toilet with no seat sits in a tiny bathroom.,3845,
533805,mscoco,A plane is flying above the airport terminal,26599,
170550,mscoco,"Road construction and street signs in Cape Town, SA",56832,
430690,mscoco,A traffic light turns green on the corner of a city street.,23513,
538230,mscoco,A group of men riding dirt bikes across a grass covered field.,3077,
343692,mscoco,A motorcycle in a garage-like area by the wall.,91466,
51685,mscoco,A small biplane flying through a bright blue sky.,95169,
518203,mscoco,A large passenger jet taking off from an airport runway.,35658,
480421,mscoco,A bathroom with a walk in shower and a white bath tub.,67633,
69213,mscoco,Two men wearing suits and hats are walking together.,63434,
278582,mscoco,A person holding up a smart phone to take a picture.,87730,
520324,mscoco,Someone is driving a cart near a single engine airplane.,60756,
357943,mscoco,A LOT OF SHEEP IS IN THE GRASS WITH A SHEEP DOG,42527,
69577,mscoco,A table full of many different types of food.,42844,
455624,mscoco,Person driving a plated motorcycle on a track with people watching.,51831,
221547,mscoco,a couple on a subway looks at each other,85826,
29776,mscoco,A man riding a red motorcycle next to  buildings in front of a street.,18414,
408112,mscoco,A small propeller plane sitting on top of an airport tarmac.,76097,
172599,mscoco,A large passenger jet sitting on top of an airport runway.,35525,
159151,mscoco,A bathroom has a large mirror and black wall.,58139,
322594,mscoco,A series of photographs depicting bathroom before and after minor changes.,41548,
406949,mscoco,A large white bush driving down a city street.,59604,
183348,mscoco,A entrance into a building next to a parking meter.,50923,
129707,mscoco,A person holding an old phone showing it to the camera.,22779,
297578,mscoco,A man walking down a street smoking a cigarette.,20047,
128119,mscoco,The bus has bikes on the front of it,62464,
14845,mscoco,A river with boats docked and houses in the background.,21709,
194288,mscoco,A bathroom filled with a messy toilet and a sink.,67778,
581245,mscoco,a black and white photo of young people holding an open umbrella,25116,
168246,mscoco,A white toilet sitting next to a red counter with a  sink.,62792,
581501,mscoco,A kitchen filled with wooden cabinets and stools.,92901,
358191,mscoco,a bath room with two sinks a large mirror a bath tub,99274,
232654,mscoco,A baby sitting in a high chair eating food.,30336,
129989,mscoco,A fighter jet flying through a sky above water.,24098,
12547,mscoco,Two elderly people are sitting on a city bench.,10335,
580613,mscoco,A woman is riding an orange sports motorcycle.,62909,
179611,mscoco,A toilet sitting in a bathroom on top of a tiled floor.,99866,
109216,mscoco,A red kitchen with metallic appliances and paintings on the wall.,64936,
286907,mscoco,A bathroom scene with focus on the toilet.,83325,
54039,mscoco,Several motorcycles and cars parked on a city street.,11258,
192701,mscoco,A guy rides a bike in a race and has fun,89235,
144064,mscoco,A plan sitting on top of a sandy beach.,22643,
359715,mscoco,A blue motorcycle is parked on the street next to a truck.,67068,
359182,mscoco,a long row of motorcycles parked along a sidewalk in a city,34474,
570528,mscoco,A large orange cat sitting in a white glass bowl.,75970,
553094,mscoco,a fighter het flying up in the air,42511,
538054,mscoco,A person holding up a piece of banana to the camera.,17837,
139168,mscoco,A squadron of four fighter jets flying through a blue sky.,10468,
162256,mscoco,A large hairy dog on a leash next to a crowd.,57158,
3335,mscoco,A clean white toilet with the toilet seat up.,57366,
257660,mscoco,A toilet with a light blue cover next to a shower.,44992,
62510,mscoco,A small kitchen has a stove and a blender.,78454,
85288,mscoco,A GIRAFFE IS NURSING ITS YOUNG IN THE ZOO,55315,
293611,mscoco,"A kitchen with a sink, bottles, jars and a dishwasher.",37194,
259085,mscoco,A rather portly woman crosses a city crosswalk,19089,
562519,mscoco,A man in full gear stands next to his motorcycle,2301,
454907,mscoco,"A kitchen that includes a stove, ovens and refrigerator.",15316,
296730,mscoco,A brick building with a clock tower at the corner of a street.,22588,
155270,mscoco,A police officer rides a motorcycle next to a beach.,42405,
414510,mscoco,A few people sitting by a busy street,82801,
185633,mscoco,"A bathroom has a bathtub, sink and window in it.",31420,
581863,mscoco,"Bathroom with tiled floor, radiator, shower and bathtub.",11869,
465692,mscoco,Person in jacket riding a bicycle on a street.,34552,
473849,mscoco,A white tiled bathroom with black counter top.,56898,
336372,mscoco,a close up of a kitten under a parked car very close to the tire,33127,
384952,mscoco,a kitchen with a table a stove and a sink,10385,
66567,mscoco,a bathroom with a toilet and a stand up shower,35705,
537611,mscoco,a very used and dirty harley davidson motorcycle,52250,
574672,mscoco,a group of people wearing skis on a snowy surface,68397,
70774,mscoco,Small motorcycle with several bicycles tied to the back of it.,22416,
68114,mscoco,an empty street and signals that are red,58823,
42147,mscoco,a white plane is going low to make a landing,96373,
53139,mscoco,a white structure with a building in the background,38546,
175831,mscoco,Two people on mopeds passing in front of a building.,81471,
15272,mscoco,A red light is a wonderful contrast to the pink leaves on trees,29839,
78035,mscoco,A bathroom showing the bathtub and the sink and mirror.,95284,
134010,mscoco,A passenger train traveling through rural mountain countryside.,23290,
87588,mscoco,A person walking down a walkway next to a tree.,19840,
15006,mscoco,A restroom filled with graffiti and two toilet stalls.,22661,
152120,mscoco,A man in a jean jacket riding a motorcycle on a road.,82860,
161112,mscoco,A black and white photo of a child putting on gloves next to a suitcase.,13529,
555953,mscoco,A small airplane flying over a field filled with people.,44709,
233553,mscoco,two giraffes in  field near some trees,6931,
36478,mscoco,The view from the inside of a jetliner looking out over the earth.,19029,
564283,mscoco,A white refrigerator freezer sitting inside of a kitchen.,27859,
465327,mscoco,A kitchen filled with appliances and cooking utensils.,81050,
218224,mscoco,A large white airplane sits on the runway.,17480,
353551,mscoco,A large passenger jet flying over the top of a forest.,49260,
313491,mscoco,A metal toilet with a blue seat in a bathroom.,99819,
261115,mscoco,a bath room with a bath tub and a window,4069,
441247,mscoco,A woman standing in a kitchen next to a table.,44415,
340998,mscoco,A person standing next to a bike covered in flowers.,81309,
229740,mscoco,A yellow striped cat sitting on a bathroom sink.,25909,
69670,mscoco,A motorcycle parked on a lush green field.,18075,
359659,mscoco,A white toilet sitting in a bathroom on a wooden floor.,3112,
106739,mscoco,A man and child near a short stop sign.,79336,
136680,mscoco,A woman sitting on a toilet wearing pink shoes.,40418,
281868,mscoco,A bathroom with a raised sink and a mirror.,70913,
503837,mscoco,A group of young people riding motorcycles down a street.,53586,
84124,mscoco,A large cat climbing up the side of a window.,46955,
521352,mscoco,A large orange sitting on a glass plate.,65751,
258285,mscoco,Two large passenger jets flying over a beach filled with birds.,13077,
26209,mscoco,A red all terrain vehicle next to a man with a green dirt bike.,8299,
323263,mscoco,A group of people standing around a blue building.,75066,
320659,mscoco,A toilet has been turned on it's side out in a yard.,16769,
386707,mscoco,A young man standing in front of a Canon store.,85218,
279649,mscoco,A large passenger jet taking off from a runway.,70498,
462614,mscoco,A bathroom filled with fixtures and a shower.,65129,
163361,mscoco,A colorful airplane flying though a blue sky.,90903,
535643,mscoco,A urinal mounted to a pink wall next to a toilet.,34929,
92124,mscoco,A bathroom with a white toilet and a sink net to a shower.,50367,
561054,mscoco,A small child riding on a blue wheeled toy.,44241,
25282,mscoco,A smiling woman sitting on a stationary motorcycle.,51308,
62167,mscoco,a man standing next to sheep on a lush green park.,53680,
449976,mscoco,A bottle of sprite sitting on top of a bench.,80860,
160456,mscoco,A woman standing next to two parked motorcycles and a child.,359,
172627,mscoco,A yellow smiley face cat sitting on a white plate.,10589,
29197,mscoco,An airplane flying through the gray sky with smoke pouring out it's back.,97954,
380706,mscoco,A man riding a motorcycle down a city street.,6352,
507352,mscoco,A bathroom with a toilet and a toilet paper dispenser.,44758,
29587,mscoco,Black and white cat sitting on a man's head in front of a storefront.,56241,
180362,mscoco,A car dashboard with a group of brown cows waking towards it.,84466,
39770,mscoco,A pot on top of a stove next to a large metal ladle.,2862,
483553,mscoco,A man preparing food outside of a shop on a street corner.,91119,
479378,mscoco,A parked motorcycle sitting on the side of the road.,10542,
474786,mscoco,A bathroom with a sink and television inside of the mirror.,68741,
355370,mscoco,A large passenger jet sitting on top of a runway.,75757,
194013,mscoco,A man working on an intricate task while on a canoe in an everglade.,64893,
177420,mscoco,White counter top sink with wooden cabinets and a mirror.,22852,
576160,mscoco,The interior of a public bathroom with multiple sinks.,61033,
415828,mscoco,A group of people standing under an umbrella on the side of a street.,85714,
47603,mscoco,A bathroom with a shower next to a large mirror.,59061,
385248,mscoco,Scantily dressed women near a line of motorcycles.,26303,
552824,mscoco,A car parked outside of a gas station with chrome rims.,56183,
252829,mscoco,"A bathroom with white counters, wooden cabinets and a toilet.",12718,
388298,mscoco,A white toilet sitting next to a wall outdoors.,42668,
67164,mscoco,A white cat sitting in the drivers seat of a car.,61586,
68878,mscoco,A cat that is sitting on the hood of a car.,77381,
531970,mscoco,A red fire hydrant mounted to the side of a building.,46526,
116712,mscoco,A man riding a motorcycle on top of a race track.,83962,
290868,mscoco,A grandmother standing next to a child in a kitchen.,29571,
403145,mscoco,The bathtub and sink of a bathroom with a large mirror.,18160,
472,mscoco,A plane flies over water with two islands nearby.,48006,
360772,mscoco,A toilet sitting in a bathroom next to a sink.,58557,
372938,mscoco,A group of people riding on the back of a loaded red pickup truck.,25455,
128280,mscoco,A metal bowl filled with wet juicy oranges.,14058,
97022,mscoco,A kitchen filled with wooden cabinets and a microwave oven.,50226,
208901,mscoco,A large passenger jet flying through a gray sky.,83394,
74209,mscoco,A counter in a kitchen line with black metal stools.,91070,
236023,mscoco,A beautiful red haired woman holding a cup while wearing a sweater,91409,
151877,mscoco,A large truck parked next to palm trees on a street.,27021,
472375,mscoco,A small black and brown dog sitting next to a motorcycle.,40497,
195271,mscoco,A woman standing in a kitchen holding a jug of milk.,80555,
176271,mscoco,A glass bowl filled with oranges on top of a table.,48752,
502749,mscoco,A kitchen with a center island with wooden stools.,98358,
465324,mscoco,A herd of elephants grazing on a lush green field.,60018,
93140,mscoco,A kitchen filled with hard wood flooring and appliances.,8331,
224724,mscoco,There is a woman standing on a city street.,86140,
216014,mscoco,"A small dog on TV behind the words "" What Did I Do Wrong?'.",64354,
38769,mscoco,A cat perched on a car dashboard travelling on a street.,95458,
361750,mscoco,"A fancy toilet, including a sink on the back and controls on the side.",71224,
73450,mscoco,Airport workers loading luggage onto into an airplane's cargo hold.,15210,
104647,mscoco,A group of bikers riding on the back of motorcycles.,86809,
504248,mscoco,A bathroom with a tub next to a toilet and a sink.,73179,
564151,mscoco,A bathroom with a large white sink and a door.,87062,
564816,mscoco,A bathtub is in a bathroom with green tile.,22969,
553280,mscoco,"A small bathroom with a toilet, sink and window.",95345,
84752,mscoco,a jet on three pillars in front of a building,33247,
187647,mscoco,Two brown teddy bears sitting on top of a wooden table.,97779,
227224,mscoco,a person driving a motorcycle on a closed course,52179,
64152,mscoco,A kitchen with a refrigerator freezer next to a sink.,36182,
550552,mscoco,A large kitchen with an  island surrounded by stools.,17217,
403863,mscoco,A blue and white tooth brush sitting on a sink.,81075,
180495,mscoco,A stove top oven covered in pots and pans.,55491,
283438,mscoco,A TV inside of a bathroom mirror next to a light.,88594,
469471,mscoco,A bathroom with a white toilet sitting next to a sink.,40218,
467742,mscoco,A woman carrying a red purse filled with hot dogs.,95055,
211189,mscoco,A group of motorcycle riders racing down a track.,80851,
180411,mscoco,A large Air Force jet taking off of a runway.,31789,
173584,mscoco,Two fighter jets flying through a blue sky.,88964,
256094,mscoco,A white toilet sitting in a bathroom next to a wall.,5825,
33243,mscoco,A bathroom with a white bath tub and two sinks.,69445,
466005,mscoco,A jetliner flying above in a light blue sky.,5504,
390348,mscoco,A motorcycle parked on a walkway next to a dog.,3676,
156846,mscoco,A group of people sitting around a long table,10445,
506220,mscoco,A bathroom filled with a bath tub and his and her sinks.,50040,
511236,mscoco,A white toilet sitting in front of a building under a window.,45817,
193271,mscoco,A kitchen filled with black appliances and lots of counter top space.,97882,
38630,mscoco,A white toilet sitting in a bathroom next to a wall.,12836,
405432,mscoco,A white table topped with cakes and nuts.,58783,
313337,mscoco,A paper bowl filled with cake and a muffin next to a banana.,48606,
347879,mscoco,A brown cat laying in a white bathroom sink.,21113,
290269,mscoco,A black and white dog chasing sheep in a field.,51761,
153083,mscoco,Two motorcycles parked in a grassy area next to a tree.,43134,
347535,mscoco,An old black and white photo of a city street with a large cathedral on the right hand side.,92724,
62311,mscoco,"A living area with a television, CD rack and various posters.",56188,
542509,mscoco,A computer desk with various monitors and speakers.,87465,
145199,mscoco,A kitchen area with a dining table and counter.,7785,
377595,mscoco,A gigantic pastry held together by a bag and skewers,50248,
436392,mscoco,A bathroom with a frame on wall and sink,72594,
56373,mscoco,A grey and white cat sitting at foot of a doorway.,83181,
84870,mscoco,A large passenger jet flying through a cloudy sky.,70831,
507274,mscoco,A white bath tub in a bathroom under a mirror.,99092,
245274,mscoco,A bathroom with a toilet and a bathtub with a safety rail.,85167,
172886,mscoco,A bathroom with two sinks mounted on a wall.,50112,
293324,mscoco,A group of large passenger jets parked in front of an airport.,89960,
97159,mscoco,a compact kitchen with stainless-steel cabinets behind glass blocks,48746,
527102,mscoco,A man sitting in a chair holding a yellow umbrella.,90924,
467705,mscoco,A kitchen filled with bottles on it's counters and lots of counter space.,58669,
350639,mscoco,A woman standing in a kitchen preparing food.,69142,
412764,mscoco,A crowd of people standing around a field.,78197,
209682,mscoco,A white toilet in a bathroom next to a white sink.,20078,
185201,mscoco,A butcher cutting up the corpse of a dead animal.,77583,
8211,mscoco,Two men talking to each other on a street corner,91655,
577857,mscoco,A metal sink next to a white top oven,4767,
459408,mscoco,A bathroom under construction with a white tub next to a toilet.,19534,
382625,mscoco,A group of people standing behind a blue table topped with sheet cakes.,60697,
190150,mscoco,A motorcycle parked next to a black truck.,54634,
325768,mscoco,A small kitten is lying on the seat of a large motorcycle.,55872,
539808,mscoco,A humongous jumbo jet is on the airport runway.,75499,
64629,mscoco,A large propeller airplane flying through a blue sky.,67724,
256505,mscoco,A woman riding a bike while wearing really short shorts.,48727,
185546,mscoco,A bathroom with a white toilet underneath a window.,79271,
182734,mscoco,A person riding a motorcycle on a playground.,32778,
34873,mscoco,A kitchen with a counter and a table with chairs.,2260,
370325,mscoco,A large passenger jet flying through a blue sky.,99286,
409842,mscoco,A shower door with a white towel hanging from it.,85216,
576080,mscoco,A white toilet sitting up against a yellow wall.,61682,
479950,mscoco,A group of  people sitting around a table on laptops.,70522,
492395,mscoco,A group of motorcycle cops riding across a field.,50,
167477,mscoco,A white toilet in a bathroom next to a white sink.,88717,
138488,mscoco,A man riding a white scooter down a street with a woman on the back.,47566,
68381,mscoco,A bike parked in front of a window on the side of a building.,84432,
504948,mscoco,A blue motorcycle parked outside of a building.,38113,
229599,mscoco,A crystal bowl filled with oranges on top of a table.,68054,
581394,mscoco,Group of people standing outside of a green bus.,10354,
565031,mscoco,A group of bikers parked in a parking lot under large lights.,82520,
31660,mscoco,A bathroom with a small white toilet under a skylight.,92590,
263178,mscoco,A clear glass bowl filled with fruit on a wooden table..,24545,
323418,mscoco,A sky filled with airplanes flying underneath the clouds.,8460,
182715,mscoco,A little girl cutting up food on a  cutting board.,15896,
233075,mscoco,A group of knives mounted to a kitchen wall.,51251,
169972,mscoco,a close up of a person riding a motorcycle,3948,
560623,mscoco,An airport filled with planes sitting on tarmacs.,75413,
74135,mscoco,A man standing next to another man as they prepare food.,57848,
580294,mscoco,Person cooking an eggs on a black pot on a stove.,95381,
333140,mscoco,A black cat sitting at a computer desk topped with a monitor.,20671,
129520,mscoco,A couple of men riding horse drawn carriages.,91203,
490567,mscoco,A bathroom with a white toilet next to a walk in shower.,90186,
492800,mscoco,A diner with large pepsi signs on the front of it.,14762,
327663,mscoco,A group of horse mounted police standing in front of a crowd.,3486,
507893,mscoco,The bathroom is white and looks very clean.,79357,
573756,mscoco,Two giraffe standing next to each other in a forest.,84572,
101762,mscoco,A cat standing next to a bike parked against a wall.,71503,
374628,mscoco,A kitchen with wood floors and lots of furniture.,47629,
139567,mscoco,A tall church sitting next to a lush green field.,62735,
68520,mscoco,Three buses pulled in front of a bus station loading passengers.,62337,
559159,mscoco,A kitchen with a wooden floor and white cabinets.,76037,
53748,mscoco,A tall giraffe studding next to a  parked truck.,30715,
564629,mscoco,"A kitchen, with a sink, oven, fridge, and cabinets.",94338,
124979,mscoco,A man laying on top of a wall next to a bike.,88320,
226984,mscoco,A kitchen filled with appliances and wooden cabinets.,14402,
533721,mscoco,A table topped with a bottle of alcohol and a plastic cup.,75389,
52017,mscoco,A yellow and blue plant flying in a gray sky.,43143,
397375,mscoco,A dog sitting in the passenger seat of a car.,78106,
182279,mscoco,A couple of people standing in a field flying a giant kite.,65109,
9668,mscoco,A kitchen filled with appliances and a wall mounted picture.,43205,
319456,mscoco,A woman standing in front of a bathroom mirror next to a sink.,94117,
489339,mscoco,A woman is wearing a wetsuit while holding a surfboard.,86590,
131919,mscoco,A woman walking a bike next to a river with a boat in it.,18109,
262054,mscoco,A large kitchen filled with white appliances with lots of counter space.,442,
257236,mscoco,A man sitting on a bench on top of a pier.,75190,
540816,mscoco,A large passenger jet flying through a blue sky.,76321,
258472,mscoco,A group of people walking across a bridge over a river.,18413,
13769,mscoco,A white toilet sitting in a bathroom next to a white wall.,71870,
208991,mscoco,A couple of red motorcycles parked in front of a building.,53210,
416467,mscoco,A kitchen filled with a metal stove top oven.,19689,
103306,mscoco,A bathroom with a shower and a sink.,59339,
490225,mscoco,A large jetliner sitting on top of an airport tarmac.,45120,
476299,mscoco,A bathroom with a white toilet next to a sink.,4682,
241844,mscoco,A kitchen with white cabinets has a sink and white refrigerator.,69367,
64510,mscoco,A group of jets sitting on top of an airport tarmac.,84686,
462364,mscoco,A white toilet with a box of tissues on it's tank.,67034,
414917,mscoco,A large passenger jet sitting on an airport tarmac.,70361,
123136,mscoco,A kitchen sink and part of a stove with a doorway leading into an adjacent room,4481,
268469,mscoco,A red motorcycle parked next to a woman sitting down.,21279,
101647,mscoco,A bathroom with a run down looking shower next to a sink.,81671,
180953,mscoco,A large purple and red passenger jet flying through a blue sky..,17427,
340665,mscoco,A woman holding an umbrella standing next to a black wall.,23204,
322922,mscoco,A group of men on bikes hitching a ride on the back of a bus.,84036,
574138,mscoco,A chef preparing food in a kitchen on a platter.,12607,
35498,mscoco,A mouse sitting on the side of a computer monitor.,31119,
161347,mscoco,A large passenger jet sitting on top of a tarmac.,70937,
465463,mscoco,A woman preparing food inside of a kitchen.,81610,
205401,mscoco,A plane floating on top of a lake surrounded by mountains.,43917,
166142,mscoco,A white  and gray water fixture sitting on top of cardboard.,19916,
419974,mscoco,a man standing next to a kitchen counter preparing food.,21992,
480591,mscoco,A group of men and women playing a game on the Nintendo Wii.,22372,
360510,mscoco,A cat laying on to of a car roof.,47079,
381519,mscoco,A row of wooden park benches sitting next to a street.,6343,
459786,mscoco,A bathroom filled with a row of sinks under mirrors.,43537,
311374,mscoco,A child sitting at a table eating food from a small car.,53118,
422785,mscoco,a kitchen filled with lots of counter top space and cooking utensils.,13729,
566189,mscoco,"A bathroom filled with rotten,crap filled, destroyed toilets sitting in a row in a destroyed bathroom.",61578,
523978,mscoco,"A bathroom with a white bath tub, sink and large window.",86300,
299288,mscoco,A picture of a person talking on a phone.,34835,
182056,mscoco,A white toilet sitting in a bathroom on a tiled floor.,94456,
292505,mscoco,A motorcycle parked next to a group of electrical boxes.,47952,
496166,mscoco,A large white toilet next to a child's white toilet.,17840,
504167,mscoco,A cat looking off to it's right with bright blue eyes.,34760,
262895,mscoco,"A man wearing a tie, jacket and white shirt.",16333,
180784,mscoco,A small propeller plane sitting on top of a field.,32344,
328452,mscoco,A bathroom sink below a well lit mirror.,59542,
53677,mscoco,A man standing next to a small airplane with two dogs.,40628,
224819,mscoco,A cheesy pastry sitting on top of a plate.,22153,
474410,mscoco,Four jets flying in formation in a blue sky.,26317,
569450,mscoco,A white stove top oven sitting in a kitchen.,38419,
10825,mscoco,A woman sitting in a car holding a smart phone.,52432,
361656,mscoco,a bunch of ripe bananas sitting on a table.,69589,
223746,mscoco,A man standing in a bathroom not wearing a shirt.,68867,
170852,mscoco,a man riding a wave on top of a surfboard.,95703,
543192,mscoco,A pile of different fruits sitting next to each other in a  bowl.,5822,
552510,mscoco,A group of young children kicking a soccer ball around a field.,35693,
42144,mscoco,a traffic light with all green lights over a street.,29598,
46877,mscoco,A grey and white cat outside looking into a window.,16215,
253171,mscoco,A couple of glasses next to a  bottle.,87118,
324253,mscoco,a bathroom with a white sink next to a white bath tub.,72799,
138639,mscoco,A group of men standing on the side of a street.,70442,
554466,mscoco,A white church sitting at the bottom of a hillside.,44011,
76674,mscoco,A wooden bench sitting in front of a park.,84123,
249482,mscoco,A large passenger jet taking off from an airport runway.,33074,
144062,mscoco,A white toilet sitting next to a window in a bathroom.,82344,
381615,mscoco,A window in a kitchen filled with green plants.,18725,
190326,mscoco,A cat standing on top of a car trunk next to a parked motorcycle.,13796,
298137,mscoco,A jet airliner flying over a building with sky in background.,63091,
525208,mscoco,A busy city street filled with traffic at night.,4612,
159427,mscoco,An intersection and three sets of traffic signal light.,34259,
151807,mscoco,A parked motorcycle in front of a small store.,28004,
459141,mscoco,A person wearing a straw hat walking a bike.,94251,
118507,mscoco,A hallway with yellow painted walls and a light mounted on a wall.,83319,
394773,mscoco,A parked motorcycle on the side of the road.,46675,
523371,mscoco,A man wearing a leather jacket standing next to a black motorcycle.,80314,
225847,mscoco,A white sink in a bathroom under a window.,20553,
152111,mscoco,A man kiteboarding on top of waves in the ocean.,74383,
252857,mscoco,A bathroom filled with a toilet next to a tub and a sink.,48713,
349184,mscoco,A woman sitting on top of a wooden bench near a park.,81023,
548766,mscoco,A couple of baby sheep standing next to each other.,66724,
59207,mscoco,A woman riding a motor scooter with a woman on back.,29885,
251343,mscoco,A kitchen with a black stove top oven and white cabinets.,58643,
411093,mscoco,A red car sitting on to of a black boat.,89640,
400247,mscoco,A man riding a motorcycle down a city street.,53117,
507273,mscoco,A woman putting on a lipstick holding a sharp knife.,89055,
566687,mscoco,A pile of different types of vegetables on top of each other.,64334,
514682,mscoco,A bathroom with a white tub next to a sink and toilet.,37640,
63565,mscoco,A group of people enjoying a day at the beach.,73935,
427561,mscoco,A man on a motorcycle with a group of people standing around it.,88158,
37670,mscoco,A man holding holding a giant remote control.,72447,
141416,mscoco,A yellow motorcycle passing by people behind a barrier.,24412,
120254,mscoco,A bathroom sink under a mirror and lights.,17789,
366157,mscoco,A herd of sheep passing by people behind barriers.,37946,
391011,mscoco,A row of parked motorcycles sitting on the side of a road.,13061,
338219,mscoco,A couple of motorcycles parked next to each other.,39847,
206487,mscoco,A man riding a motorcycle with a woman on back of it.,38624,
360346,mscoco,A small propeller airplane taking off from a runway.,30465,
21198,mscoco,A woman sitting at a table inside of a kitchen.,65659,
120806,mscoco,A large large floating out in the water with an airplane flying over it.,47139,
234733,mscoco,an unattached toilet in the middle of a room with red tiled floors.,37686,
11149,mscoco,A man standing next to a bikes and a motorcycle.,67619,
497674,mscoco,An older person sitting on a wooden bench.,10348,
60988,mscoco,A large airplane flying over a lush green hillside.,81581,
268556,mscoco,A woman is riding a motorcycle down the street.,71504,
379453,mscoco,An Air Force jet flying in a deep blue sky.,94901,
142697,mscoco,A man flying through the air while riding a surfboard.,7671,
312632,mscoco,A white toilet sitting in a bathroom next to a counter.,53153,
184773,mscoco,A pine apple on top of a pile of mixed fruit.,95111,
104112,mscoco,A toilet in a bathroom next to a window and toilet paper dispenser.,36768,
469795,mscoco,A walk in shower next to a tub in a bathroom.,11355,
404988,mscoco,A line of benches that are snow covered,78117,
158344,mscoco,A white toilet sitting next to a white sink in a bathroom.,18613,
579902,mscoco,A person riding a motorcycle down a street.,71449,
107541,mscoco,A man standing on a snow covered field holding skis.,71049,
84762,mscoco,A group of men riding motorcycles in street with American flags.,75945,
123842,mscoco,A TV with two cows standing in a forest displayed on it's screen.,9463,
488387,mscoco,A blue motor scooter with a cat sitting on it.,49392,
351930,mscoco,A fighter jet sitting on top of an airport tarmac.,99111,
200302,mscoco,A messy home office space with no one working.,71939,
374559,mscoco,A man in black shirt on a motorcycle in a street.,67098,
485424,mscoco,an image of a junky garage with trash everywhere,44153,
548296,mscoco,a close up of a giraffe and a zebra in a field near trees,4845,
232262,mscoco,an image of a cars driving on the highway,43228,
187286,mscoco,an image of two bikers at a cross walk,46170,
328462,mscoco,Lady working in a kitchen while man sits at table watching TV.,84363,
171349,mscoco,An unfinished bathroom with a boarded window and exposed pipes.,95322,
67823,mscoco,a close up of a scooter parked indoors,51382,
220171,mscoco,A brown wooden bench sitting up against a wall.,61264,
264336,mscoco,A man riding a bike through a lush green park.,95941,
104751,mscoco,A man taking a selfie in front of a mirror.,68468,
237777,mscoco,Two elephants standing next to each other in a jungle forest.,44138,
71384,mscoco,an over head view of cars parked below,3955,
214727,mscoco,A man standing in a bathroom in front of a mirror.,6094,
223574,mscoco,Emergency vehicles are on the scene of the accident.,59673,
323186,mscoco,A white egg-shaped bathtub in a decorative bathroom.,41703,
244246,mscoco,A commercial aircraft flies low above street traffic.,16666,
134483,mscoco,A white toilet with a black seat in a small bathroom.,5912,
247184,mscoco,A bathroom being remodeled with a white toilet.,24269,
520956,mscoco,A tall building with a massive clock on it's face.,55817,
217883,mscoco,A subway train with it's loading doors wide open.,32875,
105465,mscoco,A passenger jet filled with purple and blue seats.,13940,
552302,mscoco,A man standing next to an airplane on a runway.,14810,
33854,mscoco,"A bus, old cabin cars, and motor cycles with people",14861,
191381,mscoco,Blue dust pan and brush on floor next to white commode.,54647,
385346,mscoco,"An orange, white and blue bus on a street.",53144,
408621,mscoco,A yellow and green bus passing in front of a building.,19899,
86408,mscoco,"A kitchen with a stove, microwave and refrigerator.",19330,
44590,mscoco,A group of motorcycles parked on the side of a road.,84386,
282229,mscoco,an airplane is being towed away from the jet bridge,70845,
195306,mscoco,"A bathroom with a toilet, sink and bathtub.",45641,
11374,mscoco,A branch stretches in the air while an airplane flies in the distance.,59481,
377314,mscoco,We are looking up at the underside of an airplane.,75480,
15596,mscoco,Two speed motorcyclers turning a corner very sharply,98082,
252844,mscoco,An airplane at its gate on an overcast day.,27903,
199540,mscoco,A women holding up a very large pair of scissors .,18279,
433373,mscoco,two plates of food on a table with chairs,94758,
153901,mscoco,A glass cup full of some drinks set on a table counter.,56942,
275161,mscoco,People are hiding under colorful umbrellas on a rainy day.,47320,
215867,mscoco,A man on a bicycle passing by a taxi.,43835,
574825,mscoco,Two women in street holding scissors and papers.,39239,
167898,mscoco,"A kitchen with a toilet, sink and a bathtub.",67362,
167122,mscoco,an image of a night scene with a cat on top of a car,75175,
397459,mscoco,an image of a kitchen setting with ceramic backsplash,13418,
347367,mscoco,An airplane is going over a steep mountain.,53356,
764,mscoco,an image  of people outside playing frisbee,72962,
227220,mscoco,A kitchen with a white tile wall and a chrome counter with a built in oven.,74563,
266677,mscoco,A woman holding a microphone stands in front of two giraffe.,46088,
103462,mscoco,Black and white photograph of a woman using a sewing machine.,72660,
459502,mscoco,A black and white plane flying in a blue sky.,89794,
487702,mscoco,The street sign is across from an electronic sign of a restaurant.,65349,
365766,mscoco,"A kitchen area with a stove, sink and microwave.",33812,
206411,mscoco,A hand spraying water into a white toilet bowl.,60788,
500464,mscoco,Bathroom with a white tiled floor and sink.,15302,
467511,mscoco,A biker chic in high heel boots is talking to a man at a gas pump.,52581,
399400,mscoco,an image of a a plane that is flying in the air,61432,
51495,mscoco,The wing of an airplane flying above a beach.,65515,
231402,mscoco,A motorcycle passing by a yellow dump truck.,76399,
311295,mscoco,A field with various wildlife and trees in the background.,69370,
170099,mscoco,a person wearing a suit and tie next to a couch,86931,
201163,mscoco,Three men sitting on motorcycles on a sidewalk.,93097,
73861,mscoco,Black cat lying on smooth tiled kitchen floor.,2635,
15663,mscoco,Bicyclists riding down the middle of a city street.,30523,
354976,mscoco,Laptop lifted up on a desk next to another monitor.,78799,
110881,mscoco,Two motorbikes outside of a glass window with a bike next to them.,31652,
84936,mscoco,A close-up of a television on white wall.,55949,
33638,mscoco,A woman observing something on a kitchen stove.,62279,
235126,mscoco,two people on a snowy surface with a sky background,30323,
116061,mscoco,"Several people who are riding motor scooters, stopped at an intersection.",42300,
550273,mscoco,three people holding wine glasses in the air before them while seated at a dining table.,50714,
546210,mscoco,A man lying down on a couch with a cat on top of him,50895,
106677,mscoco,Traffic lights and people walking as other on a crane continue with their work,46440,
548464,mscoco,A green traffic signal at an intersection in a town.,92182,
280736,mscoco,A cat sitting outside on some cobble stone.,39804,
403565,mscoco,A man wearing a bike helmet standing next to a bicycle.,170,
562834,mscoco,A wooden bench next to a wall with a wooden door.,45617,
451559,mscoco,A bicycle sits next to an empty park bench.,69458,
509185,mscoco,A white church has a decorative window and gold clock.,12281,
140465,mscoco,A motorcyclist relaxes in full garb leaning on the vehicle.,37886,
281766,mscoco,A man on a bike rides through the crowd.,2785,
383443,mscoco,"A bathroom with a tub, sinks, lights and a television.",83925,
464831,mscoco,People are in a circle at a table on laptops.,36527,
164305,mscoco,A teddy bear in a pink dress and pink shoes.,5322,
233660,mscoco,a couple of small dogs sit in a basket on a bike,38278,
541279,mscoco,Two potatoes sit on a cluttered kitchen counter.,61862,
495348,mscoco,some zebras a giraffe and other animals and some bushes and trees,10684,
542934,mscoco,"Cabinets, a sink, a dishwasher and a microwave in a kitchen.",85855,
510651,mscoco,A young couple smile as they sit in a nice restaurant.,72908,
477470,mscoco,A red traffic light with vehicles passing by too fast to capture.,20901,
557552,mscoco,Several motor scooters parked in a row on the side of a street.,67422,
430804,mscoco,some zebras and giraffes are walking around,70686,
326256,mscoco,A small bathroom with a dark vanity and tiled floor.,47378,
331642,mscoco,A tall wooden pole with a Mcdonald's sign posted to it.,30130,
27463,mscoco,A cat sitting on top of a seat behind a steering wheel.,84692,
205350,mscoco,A bathroom with marble walls and counters surround a large mirror.,81886,
368611,mscoco,a large passenger sitting next to a loading doc at an airport.,53424,
539124,mscoco,A young girl riding a skateboard next to two guys.,19234,
542145,mscoco,A toilet and a sink in small bathroom.,36515,
198139,mscoco,A car is parked next to an old fashioned parking meter.,33639,
520524,mscoco,A bicycle and a motorcycle parked near a door on a narrow street.,96635,
559171,mscoco,A man and woman ride on a red motorcycle with others in the background.,61249,
446455,mscoco,"View of a airplane gas station from inside, showing fancy airplane model sign.",30917,
525021,mscoco,Two motorcycle riders leaving out on a ride.,58066,
5713,mscoco,Two teenaged boys sitting on the floor posing next to a computer.,37053,
579226,mscoco,A large clock on the side of a building has biblical pictures.,10739,
535519,mscoco,A large number of motorcycles parked along side each other in a row.,77954,
174313,mscoco,a guy sitting on a motor cycle next to some trees,71525,
352744,mscoco,a bathroom with a white sink and  tolit,79222,
187745,mscoco,a small yellow Cessna plane flying on a clear day,11145,
365207,mscoco,rear view mirror reflection showing a dog in the back seat,37788,
491755,mscoco,A very large living room with many bright windows.,21409,
343934,mscoco,A blue motorcycle is parked in a corner covered in graffiti.,76579,
19455,mscoco,Two rooms of a house are left in disarray on moving day.,78710,
93393,mscoco,A giraffe is walking up a grassy and rocky hill.,1891,
353981,mscoco,large NASA plane parked near the landing stripe next to a smaller plane,82663,
540186,mscoco,A view of a very large bathroom with mirrored walls.,84610,
14282,mscoco,"A fancy bathroom with a large tub, separate shower, and double sink.",57533,
183905,mscoco,A girl holding a skewer with a banana on the end.,71935,
290619,mscoco,Banana and plastic drink container sitting on a table.,40472,
331883,mscoco,A person laying on an inflatable mattress with two sleeping bags.,33859,
308507,mscoco,A kitchen filled with lots of clutter and a table with blue metal chairs.,68246,
325022,mscoco,A passenger jetliner sitting on top of a tarmac at an airport.,60551,
209613,mscoco,Three look alike dogs are herding sheep into a pile.,9729,
137830,mscoco,Some food is sitting on a stove top in a kitchen area.,61263,
525371,mscoco,A tall yellow building next to a traffic light that's green.,9414,
486233,mscoco,A squadron of fighter jets flying in formation in a blue sky.,20547,
525058,mscoco,A group of people walking across a street near tall buildings.,58604,
67558,mscoco,A white toilet sitting in a bathroom next to a tp dispenser.,56777,
398067,mscoco,"a bathroom with a toilet, tub and window",83279,
188421,mscoco,A toilet next to a sink inside of a bathroom.,68038,
561928,mscoco,A bike mounted to a wall next to a tall pole.,53219,
322263,mscoco,A motorcycle parked on a lush green field.,18876,
435883,mscoco,A ripe banana bleeding with a razor blade stuck in it.,63176,
147027,mscoco,A monkey runs past some giraffe standing by the trees.,6344,
542570,mscoco,A man and a woman standing in front of a kitchen table.,15667,
327177,mscoco,A cat sitting on top of a green car.,20564,
459272,mscoco,A woman holding a smart phone next to a group of people.,70601,
530384,mscoco,"A kitchen area with bar, stove and refrigerator.",46627,
328,mscoco,"Three men in military suits are sitting on a bench,",5754,
487095,mscoco,Giraffes and zebra watching a zookeeper in their enclosure.,50919,
371588,mscoco,Yellow military jet making pass against gray cloudy sky.,73997,
264909,mscoco,Mountain sheep standing in outdoor natural setting area.,7786,
247477,mscoco,Person lying on brown leather couch in sparsely fille room.,23045,
443737,mscoco,An old style jet plane on a tarmac.,46713,
421682,mscoco,The moon in the sky above a jetliner.,63200,
514416,mscoco,A woman standing in front of a mirror taking a selfie.,94834,
34212,mscoco,A man doing something to a kitchen window.,6610,
131597,mscoco,Row of motorcycles parked at curb in outdoor area.,4395,
185922,mscoco,A row of motorcycles parked next to each other.,26629,
514604,mscoco,A toilet in a bathroom next to a amp.,58077,
437126,mscoco,A cat sitting on the back of a car seat.,62178,
579696,mscoco,Two men sitting in front of a brick building holding skis.,52846,
557451,mscoco,White and gray cat looking past spoked wheel.,79110,
295105,mscoco,The man is in his refrigerator looking for something to eat or drink,79405,
19333,mscoco,A collection of items from a bag laid on floor.,23137,
261645,mscoco,Plane in the sky flying sideways all by itself.,27087,
355057,mscoco,Photo of airplane wing as the plane flies in the blue sky.,71662,
386457,mscoco,Cat wedged between two large oak doors trying to get out.,6412,
359086,mscoco,A parked motorcycle sitting on a lush green field.,97837,
520326,mscoco,Two motorcycles parked next to each other on a parking lot.,59377,
190951,mscoco,People holding umbrellas with a blue light in back.,34362,
556616,mscoco,A row of parked cars sitting next to parking meters.,51898,
245513,mscoco,A giraffe standing in a field next to a fence.,11089,
101088,mscoco,A group of people standing outside of a small airplane.,10686,
307342,mscoco,A group of people riding up a ski lift.,31004,
77396,mscoco,These two cats are playing in a room that has a large TV and a laptop computer.,81078,
143737,mscoco,A couple of motorcycle cops driving down a street.,91552,
7394,mscoco,A man walking down a street holding an umbrella.,49229,
477441,mscoco,A large passenger jet sitting on top of an airport tarmac.,58215,
213687,mscoco,Motorcycles driving down a wide city street nearing a white building.,61687,
249815,mscoco,Racks full of bikes fill an entire street.,95680,
402433,mscoco,A pizza sitting on top of a pan in the oven.,11229,
156832,mscoco,A toilet sitting in a bathroom next to a mirror.,95726,
511777,mscoco,A group of people on bicycles huddled together.,38680,
103585,mscoco,A bathroom with two sinks sitting under mirrors.,89955,
254045,mscoco,A black and white cat sitting on top of a toilet seat.,66119,
147762,mscoco,A white plate topped with a chocolate cake and a lemon wedge.,92621,
556205,mscoco,Two individuals riding bicycles on a board walk.,89564,
75857,mscoco,A church filled with rows of wooden seats.,90580,
291606,mscoco,A woman standing outside of a metallic bus parked.,78868,
489624,mscoco,A white toilet in a very small bathroom.,85644,
137369,mscoco,A silver motorcycle parked next to a forest filled with lots of trees.,56832,
136833,mscoco,A couple of police motorcycles parked next to each other.,93379,
540388,mscoco,A shower head with an electric device hooked up to it.,13102,
287560,mscoco,A toilet in a bathroom next to a plaque on a wall.,25953,
256844,mscoco,A white toilet sitting inside of a restroom next to toilet paper.,30457,
255401,mscoco,A bathroom filled with toilets and a tub next to a sink.,62612,
235517,mscoco,A parked motorcycle sitting next to a store front.,91379,
171753,mscoco,An orange cat sitting on top of a white bench next to a bike.,27522,
288528,mscoco,A group of kids in helmets on skateboards.,84047,
279948,mscoco,A  young boy standing next to a kitchen sink next to a dish rack.,58675,
215596,mscoco,A bathtub sitting under a chandelier and next to a pair of windows and a mirror in a bathroom.,41537,
240537,mscoco,A man is herding some sheep and with a black dog.,86301,
231450,mscoco,A kitchen with a freezer refrigerator next to counters.,24863,
135690,mscoco,A man riding on the back of a dirt bike in the air.,56206,
44279,mscoco,Two men work in the kitchen of a restaurant.,6443,
292526,mscoco,The motorbike is driving on a dusty road.,52283,
89359,mscoco,The adjacent computer screens near the keyboard show different displays.,90730,
93894,mscoco,Some people sitting at a table eating in a restaurant.,81237,
386584,mscoco,A bathroom with a white toilet next to a sink.,32773,
210012,mscoco,A woman standing in a kitchen with hard wood floors.,24901,
44718,mscoco,A couple of motorcycles parked next to each other.,2238,
480133,mscoco,A formation of airplanes in the distance with colored smoke.,64177,
459933,mscoco,A couple of bikes parked next to each other near a ramp.,46279,
410878,mscoco,A parked motorcycle sitting on a dirty road.,46604,
85268,mscoco,A sink under a mirror next to a door way.,42808,
222500,mscoco,A kitchen with lots of wooden cabinetry and a stove top oven.,88726,
19904,mscoco,A group of motorcycle cops riding down a street.,90576,
39504,mscoco,A man dressed in mostly all black riding on a black motorcycle.,84267,
57495,mscoco,A standing toilet sitting inside of a stone and cement room.,72482,
365068,mscoco,A woman and two men sitting on a bench in front of a store.,21119,
459467,mscoco,A small wheeled airplane on an open runway.,35983,
23821,mscoco,A red motorcycle is parked in between white lines.,71146,
507081,mscoco,"A kitchen with its light's off, with light coming from an open door.",51366,
262440,mscoco,"A bathroom with a toilet, sink, bath tub, and a small cabinet.",4985,
254930,mscoco,A man holding two cups filled with dessert.,15520,
507143,mscoco,A parked motorcycle sitting next to a white brick wall.,43359,
58797,mscoco,A toilet is in a dirty bathroom with a sink.,15138,
398905,mscoco,A person is sitting at a keyboard near a microphone.,73668,
383322,mscoco,A man and woman riding a motor scooter.,88234,
552563,mscoco,A fan sitting in the middle of a room next to a sink.,98493,
449038,mscoco,A large white clock tower sitting on top of a large building.,45774,
196681,mscoco,An airplane flying in the sky above a mountain.,29541,
146999,mscoco,A modern bathroom with a spacious tub and shower,1925,
441415,mscoco,A wooden table sitting under a picture with wooden chairs.,1977,
471251,mscoco,Stripped kitty finds a comfy place in the bathroom for a nap,47205,
298773,mscoco,A toilet with a hammer on it in a small room.,37417,
435533,mscoco,A bathroom toilet with yellow liquid inside and a dirty tub.,92225,
389655,mscoco,Large unusual looking plain on the runway surrounded by many people.,80159,
212122,mscoco,A boat sitting out on an island surrounded by water.,33211,
372191,mscoco,A group of young people sitting around a piece of luggage.,7320,
233090,mscoco,A boat floating in a harbor of a very large city.,17379,
316694,mscoco,A small black dog on a leash next to a bike.,88338,
186165,mscoco,A clock mounted on a wall over the doorway of a kitchen.,24820,
480225,mscoco,A crowded city street filled with traffic at night.,41265,
259342,mscoco,In building has a picture of a woman in a bikini hugging a hot dog.,98198,
425303,mscoco,A large passenger jet flying over the top of a large body of water.,14610,
58133,mscoco,A white bathroom mirror mounted to it's wall.,24643,
541627,mscoco,The runway has a few airplanes on it.,67055,
125059,mscoco,A bathroom with a white toilet sitting next to a bathroom sink.,10751,
534659,mscoco,A kitchen with a metallic refrigerator and stove top oven.,44692,
173302,mscoco,A restaurant with red stools next to a bar  and a blue table.,94185,
26982,mscoco,Two motorcycles parked next to each other on a lush green field.,78628,
511463,mscoco,A woman and her dog taking a walk down a path in the woods.,31668,
214664,mscoco,A very roomy modern style rest room nicely decorated.,54803,
210467,mscoco,an image of a public bathroom scene with colorful decor,30035,
11172,mscoco,A kitchen view of a dining table with a bowl with bananas.,87243,
164637,mscoco,A picture of pink bathroom sink and a mirror.,57655,
176330,mscoco,"A view of a kitchen sink, knives, hanging cups, and wine glasses.",94095,
242529,mscoco,A bicycle is parked near a body of water.,73535,
221307,mscoco,"The bathroom has a sink, and see through shower.",52773,
329562,mscoco,The jet is about ready to take off from the runway.,85367,
362090,mscoco,The man is sitting on the bench on the side of the building.,93114,
108094,mscoco,Two people on motorbike passing by a clock facade.,99666,
263268,mscoco,A modern bathroom with a toilet and shower.,39609,
502644,mscoco,A woman sitting on a toilet with a mask on.,25261,
409125,mscoco,"A bathroom containing a toilet, sink, window, and bath tub.",67812,
134691,mscoco,"A dirty bathroom consisting of a toilet, bath tub and sink.",65111,
240798,mscoco,a close up of a banana on a plate next to a bowl,79313,
544122,mscoco,A lady in bed with oxygen tube and a dog.,56421,
326592,mscoco,A goat in a field with a dog running beside it.,63514,
185802,mscoco,A banana in a little chair near a window.,43399,
208028,mscoco,Hands typing on light colored electronic computer keyboard.,11152,
508656,mscoco,A man is sitting in a beige chair in a living room,65722,
580953,mscoco,"A desk with a laptop, computer monitor and a keyboard.",45927,
96183,mscoco,"A kitchen with a stove, sink, microwave and various other items.",7063,
17436,mscoco,A man sitting on a bench with a tall building behind him.,43707,
109600,mscoco,A person sitting next to a toilet that is sitting on a sidewalk and filled with papers.,30292,
26348,mscoco,A very large double door refrigerator in a kitchen.,97168,
78748,mscoco,A group of motorcycles on display for a crowd.,99949,
397665,mscoco,"A group of people and bicycles and an orange sign that reads ""orange.""",28609,
232511,mscoco,There is a older man on a motorized chair riding on the grass,724,
57936,mscoco,A picture of a young woman holding hands with a dog.,25371,
382696,mscoco,A kitchen under construction with a trashcan and stove.,36759,
125944,mscoco,An open toilet with a sign posted on it.,93140,
576582,mscoco,An airplane being serviced while parked at a gate at the airport.,37967,
559665,mscoco,Black and white photograph of two men on motorcycles.,27813,
402798,mscoco,a close up of the tail section of a large passenger airplane,91581,
419216,mscoco,A group of people eating at tables under umbrellas in front of a restaurant.,71696,
365387,mscoco,View of a public men's' room with a  cot on the side.,5175,
387478,mscoco,There is a black and white photo of a cat behind a fence,63768,
232649,mscoco,A bathroom has the blue toilet seat off.,65929,
490936,mscoco,A row of parked motorcycles on the side of a street.,61660,
184945,mscoco,a row of parked bicycles and motor cycles,80141,
353398,mscoco,a sculpture made of spoons and an old toaster,19826,
217387,mscoco,A bath tub with potted plants in it.,57469,
14781,mscoco,A news paper sitting on a floor next to a toilet.,9171,
469480,mscoco,A brown bird perched on the handle bars of a bike.,28969,
370953,mscoco,A woman and a man standing next to a bush bench.,4857,
534784,mscoco,People walking across two bridges on a sunny day,14568,
200023,mscoco,A big dog sticking its head out a car window.,45548,
506137,mscoco,A large collection of cooking utensils hanging on a wall.,52000,
536972,mscoco,The dining room is empty of people but the light is left on.,81359,
312340,mscoco,A black and white cat sitting on top of leaves.,74349,
207675,mscoco,A church with a massively tall tower covered in a clock.,96000,
31446,mscoco,four fighter jets flying through the air in formation,48052,
534736,mscoco,People and bicycles in a crowded street in China.,97550,
581180,mscoco,A green bench sitting in front of a building.,91918,
388619,mscoco,Three bikes on the shore while people talk on a small boat.,22952,
180718,mscoco,A man holding a knife while standing over a sink.,64246,
227730,mscoco,A cat is curled up inside a bowl.,64617,
177453,mscoco,A giraffe standing next to a tall tree.,41148,
330536,mscoco,A white sink and toilet in a small bathroom.,69925,
285352,mscoco,a very small bathroom with a dirty toilet and scrub brush near by,56006,
499302,mscoco,A sheep dog herding a group of three sheep.,3872,
479597,mscoco,A man wearing a white shirt and red tie.,44032,
12744,mscoco,one motorcycle rider riding going up the mountain two going down,74637,
158421,mscoco,a sky lift for skiers coming down the mountain,27371,
218587,mscoco,A photo of an old building with focus on the clock tower.,81866,
579463,mscoco,Two horses grazing in a field with ruins in the background.,84989,
68457,mscoco,A photo of the tail of a jet engine airplane on the tarmac.,85921,
542605,mscoco,A guy on a motorcycle riding down a street lined with motorcycles.,77580,
493641,mscoco,Two men are riding on horses in the middle of a field.,10770,
70471,mscoco,A man sitting in a chair holding a baby who is chewing on a remote.,94400,
232563,mscoco,A man standing in the street with a umbrella.,36516,
389812,mscoco,A smiling man holds a bunch of freshly picked bananas,31291,
521359,mscoco,Small bathroom with toilet and sink connected to each other.,37670,
254491,mscoco,Two bikes are sitting in the sand on the beach.,26471,
144003,mscoco,A group of people watching a woman cutting a cake.,28088,
260247,mscoco,A man sitting in a chair under an umbrella.,4305,
135275,mscoco,A small blue car on a city road.,86313,
376310,mscoco,A small bathroom with a mirror and sinks.,45218,
485731,mscoco,A small kitchen with a stove and counters.,5637,
220106,mscoco,Many motor bikes lined up on a city street.,69448,
312020,mscoco,A man with his pants around his ankles sitting on a toilet in a bathroom,98384,
250240,mscoco,"A mirror, sink, towel, toilet paper, mop and toilet sitting in a bathroom.",75962,
452122,mscoco,An airplane flying in the air during the day.,51689,
445038,mscoco,A sky view looking at a plane in the sky.,12138,
97131,mscoco,A car parked by a parking meter in front of a building.,77253,
245448,mscoco,A man standing with his motorcycle outside of a repair shop.,48546,
359965,mscoco,A white electronic toilet with the seat open.,19345,
48905,mscoco,A metallic refrigerator freezer sitting in a kitchen.,80301,
19451,mscoco,A road where cars and motorcycle are parked at the side.,23226,
277865,mscoco,A bathtub sits next a window showing a ferris wheel.,27117,
32941,mscoco,A street that has all the traffic stopped at a traffic light.,39941,
12570,mscoco,A counter top in a kitchen with various items on it.,23157,
223648,mscoco,Multiple wooden spoons are shown on a table top.,53362,
574402,mscoco,A giraffe is standing in the grass near a stone wall.,46873,
185512,mscoco,A small blue and white bathroom with a toiler and sink.,99844,
374184,mscoco,A clock is sitting on the tank of a toilet.,90746,
325505,mscoco,A kitchen counter top with many different appliances.,61289,
393692,mscoco,A white table topped with a laptop computer sitting next to a phone.,19681,
556178,mscoco,A kitchen with a piano and an automatic dishwasher.,50031,
574790,mscoco,a lot of cars driving on a road beside a gas station,22977,
213978,mscoco,Someone taking a slefie with a large camera in a large mirror.,92511,
149406,mscoco,An old motorcycle rests near a rundown building.,6123,
315908,mscoco,A child with a helmet on a motor bike.,53753,
543961,mscoco,A bathroom consisting of a toilet and a tub.,69307,
46869,mscoco,"A household bathroom with vanity sink, toilet and tub and shower.",85357,
183393,mscoco,A man taking a selfie in a bathroom mirror.,78150,
274494,mscoco,A white sink and shower in a small bathroom.,33407,
403820,mscoco,Large airplane flying below the clouds from underneath,57439,
71986,mscoco,Skiers waiting for their turn to make a run on a slope.,53761,
2149,mscoco,A large white bowl of many green apples.,30337,
388643,mscoco,an aerial view from a planes window of clouds and a sunset,77190,
234794,mscoco,A vintage STOP sign in black & white,29426,
315923,mscoco,A motorcycle sitting next to a sidewalk with a potted plant on it.,22683,
114184,mscoco,"A table filled with cakes, cupcakes, pies and whip cream.",85309,
146805,mscoco,Laptop and desktop computers in use on a cluttered desk.,38838,
70321,mscoco,People are standing and talking on a city street.,54846,
181296,mscoco,A person that is sitting on top of a motorcycle.,17442,
398661,mscoco,A view of a kitchen shows large and small appliances and pans on the cabinets.,12133,
370209,mscoco,A man in glasses is mixing in bowls near pots on a stove.,6147,
568633,mscoco,A view looking down in to a bathroom stall.,29339,
531134,mscoco,A traffic light with a sad face on the red light.,84213,
578524,mscoco,A tv sitting on top of a wooden shelf.,89346,
254589,mscoco,A man mixing food in a bowl behind a girl who is reaching into another bowl in a kitchen.,14711,
467000,mscoco,a rainy day with people on the road with umbrellas and a person with a cycle waiting in the shade.,52183,
263796,mscoco,A red toilet in a very small bathroom.,73524,
229324,mscoco,A chandelier hangs in the foreground of a picture of a kitchen.,37190,
322353,mscoco,A cat sitting on top of a window sill over a sink.,15598,
306524,mscoco,A beautiful tower building with a big clock on it.,53354,
577398,mscoco,A man on a motor bike driving down the road.,16897,
117380,mscoco,A motor bike stationary in a parking lot.,93875,
445658,mscoco,A family kitchen cluttered with items on the counters,888,
528411,mscoco,A teenager in a bathroom looking at a stand alone shower.,80813,
531569,mscoco,A white toilet sitting up against a wall under a window.,30351,
353920,mscoco,A bathroom with a sink and toilet and dark hardwood floor.,48655,
61503,mscoco,A woman standing under an umbrella looking up.,1702,
148077,mscoco,A plane just having taken off from the ground,6603,
292997,mscoco,A snowy ladnscape with a car crashed into a pole,54571,
474526,mscoco,A collection of various cars stopped at a stop light.,98137,
302077,mscoco,"This kitchen is cluttered, cabinet and drawers are not shut all the way, and there is paper taped to the floor.",64267,
137496,mscoco,A man standing on a plane wing to board the plane.,21724,
12448,mscoco,A baby is laying down with a teddy bear.,66134,
88031,mscoco,A composting toilet is shown for sale at a store.,53995,
303549,mscoco,A white toilet with a black lid and red painting on it.,42417,
162677,mscoco,A white toilet in a bathroom next to a white sink.,25102,
483328,mscoco,A flat screen TV mounted to a wall next to a doorway.,20469,
339256,mscoco,A bath tub sitting under a window in a bathroom.,48481,
82462,mscoco,An Oscar Mayer truck is parked at a festival.,99627,
33405,mscoco,A woman is walking her two dogs on the beach.,33681,
546428,mscoco,A kitchen with a white stove top oven.,24652,
67805,mscoco,A bathroom with three white wall mounted urinals.,20967,
383606,mscoco,A blue corner sink with a man reflected in the above mirrors.,14066,
32766,mscoco,An air plane wing flying over a very large mountain.,45673,
139097,mscoco,A sink under a large mirror in a bathroom.,80339,
520862,mscoco,"A plate of food with shrimp, pasta, and salad.",88204,
530631,mscoco,A man works on a motorcycle inside a motorcycle repair garage,66103,
188733,mscoco,A public bathroom with a white sink and sign regarding dirty hands.,77669,
472253,mscoco,A group of people in a conference room watching a televisions.,38257,
124707,mscoco,"A kitchen area with a table, dishwasher and stove.",49946,
192594,mscoco,A view of an empty city street at night,61973,
65124,mscoco,a messy bathroom with a toilet and toilet paper,50357,
419401,mscoco,an image of a train that has a bike sign on the side,76799,
382542,mscoco,"A bathroom with a sink, toilet and safety rails.",47187,
239988,mscoco,Five men pose for a photo as they sit on their motorcycles,6293,
326911,mscoco,Two small dogs on a sidewalk near a bicycle.,70650,
577521,mscoco,A white toilet and a sink in a bathroom.,43297,
512912,mscoco,A white bowl of bananas and sour cream sits on a white plate next to a banana half in the peel.,85951,
169505,mscoco,A person flying a kite high in the sky.,29152,
133087,mscoco,Night time view of empty streets in commercial district.,99501,
43678,mscoco,A very large commercial plane flying in blue skies.,36374,
455716,mscoco,A row of motorcycles parked together on a grass yard area with a house in the background.,49470,
348087,mscoco,A black and white clock on a street with people walking by.,70338,
53016,mscoco,The giraffe are walking through a wooded park trail.,38510,
474215,mscoco,The airplane flew across the blue skies and over the expensive beachside resort.,65195,
199158,mscoco,an image of a toilet that is sitting outside,71754,
2592,mscoco,Decorated coffee cup and knife sitting on a patterned surface.,86823,
428263,mscoco,The young kids are playing Frisbee in the field.,13639,
318543,mscoco,The young boy is doing tricks on his skateboard.,5834,
345329,mscoco,A jet airplane flying above the clouds in the distance.,3112,
369820,mscoco,A very rusty old car near some pretty flowers.,98943,
267844,mscoco,It is a small kitchen with standard appliances.,70044,
231952,mscoco,A giraffe drinking water and some elephants near a watering hole.,76441,
329957,mscoco,A couple of girls are standing in a kitchen,95794,
275754,mscoco,A small child in pajamas is holding bananas.,53641,
489613,mscoco,Photo of a uninstalled toilet on a towel and a drop cloth with buckets and bags.,29427,
449660,mscoco,Two cats seen from behind sitting by a window on a carpet.,67672,
20820,mscoco,A toilet sitting on the ground near a wall.,84942,
79689,mscoco,A partial view of a toilet and sink in a bathroom.,71797,
212558,mscoco,A person stopped wearing a yellow jacket riding a motorcycle.,43852,
7241,mscoco,A glazed donut propped against a cup of coffee.,40493,
308506,mscoco,There is a person sitting on the toilet using the bathroom,18595,
110081,mscoco,A group of people on mopeds in a busy street.,28553,
46870,mscoco,A motorcycle leaning on a car in street.,22979,
124102,mscoco,Two pictures of streets with cars on them.,12342,
52386,mscoco,A giraffe grazing in pen next to a tree trunk.,46625,
304379,mscoco,"A man sitting in a passenger seat of a vehicle, wearing a dress shirt and tie.",26757,
262323,mscoco,a full frontal view of a giraffe and an ostrich behind,93216,
14773,mscoco,A hotdog is sitting with fries in a paper car on a plate.,90804,
111830,mscoco,An airplane can be seen traveling through the clouds.,82740,
161079,mscoco,A black and white photo of a woman standing next to a cows rear,54862,
240681,mscoco,A man in green shoes stands next to a red motorcycle.,42212,
336309,mscoco,a large passenger airplane flying through a cloudy sky,49363,
151651,mscoco,A bathroom with a row of wall mounted sinks.,98420,
362026,mscoco,A standup shower and toilet in a small bathroom.,29624,
26051,mscoco,Three men are packing fruit in containers in the middle of a factory.,74140,
157124,mscoco,Various sink cabinets lined up in a warehouse,68581,
384402,mscoco,A man on a motorcycle who took a picture of himself in his rear view mirror.,39372,
481567,mscoco,A man stands beside his black and red motorcycle near a park.,17573,
33909,mscoco,"This is a bathroom with a toilet and a tub with a clear shower curtain,",43388,
547583,mscoco,A train door is open of a white and red train.,19614,
493205,mscoco,"A white toilet with its seat up, and a roll of toilet paper",4015,
113082,mscoco,quaint kitchen with pink flowers on a small central table,29452,
276151,mscoco,Young guy in mid motion of catching a frisbee.,61301,
276892,mscoco,A giraffe and a zebra stand on a concrete area near rocks.,18235,
211192,mscoco,A pristine doctors examining room waiting for the next patient.,86609,
536683,mscoco,A toilet in a room with a broken wall.,13908,
249418,mscoco,A view of a small kitchen with some amenities.,45628,
503008,mscoco,A man waving a red flag at cows in the road.,29545,
93736,mscoco,A group of bicycles on a subway train.,84414,
144870,mscoco,"A bedroom area with a bed, mirror and window to patio.",86056,
249227,mscoco,A white bath and toilet image on a room wall.,92081,
283380,mscoco,an orange motor cycle sitting by the water,74009,
103114,mscoco,Two male chefs cooking in a kitchen while another staff member uses a mobile phone.,93921,
343073,mscoco,A mirror and soap dispenser in a bathroom.,14045,
473055,mscoco,A mirror and sink in a small bathroom.,44070,
84749,mscoco,A cat curled up in the shade on a door stoop.,30259,
518197,mscoco,A crowd of passengers standing outside of a commuter train.,83238,
328777,mscoco,A larger passenger jet flying through a blue sky.,99011,
273450,mscoco,A person flipping of a parking meter on the side of a road.,44366,
481753,mscoco,A white toilet is at the end of a trail.,56605,
131063,mscoco,"A large bathroom features tiled walls, two mirrors and two sinks.",27481,
301595,mscoco,A shower and a white toilet in a small bathroom.,18964,
471578,mscoco,A church with a clock tower and a bell.,19316,
211112,mscoco,"A bed room with bunk beds, a double bed desk and chairs in it.",27984,
309033,mscoco,A large kitchen with a stove and a sink.,41448,
221523,mscoco,A man sitting on a bike holding a large dog on his knee with one are and guiding the bike with the other hand.,96779,
530099,mscoco,A orange calico cat on top of a vehicle.,61827,
265584,mscoco,A white plane has bright orange stripes and is parked in a lot near other planes.,38841,
523403,mscoco,A dog sitting on the floor in a room.,7322,
368291,mscoco,A blue plate of food on a table.,19090,
55375,mscoco,A woman bathing a baby near a kitchen sink.,86991,
64240,mscoco,Four identical motorcyclists viewed from the back as they look over their shoulders.,48634,
385625,mscoco,Many small airplanes with propellers parked in a stationary position.,43948,
157944,mscoco,a close up of a tv with a man wearing s suit and shirt,92493,
272136,mscoco,A large propeller plane mounted to the ceiling of a building.,48579,
60093,mscoco,Cars driving on a road near a traffic light.,72199,
167700,mscoco,a silver toilet and some toilet paper and a green switch,35917,
75216,mscoco,A herd of cattle laying in the grass on the ground.,49253,
434371,mscoco,A TV set sitting on top of a shelf next to movies.,79243,
155451,mscoco,a green traffic light a street  some buildings and some other lights,34852,
470113,mscoco,Add you own paint or woodstain to these unfinished cabinets.,68103,
545978,mscoco,A couple of people on motor bikes on a dirt road.,23600,
150342,mscoco,A person with a hooded jacket is working on a laptop while sitting on a bench in the park.,4602,
577355,mscoco,three traffic lights hanging off a pole and some buildings,49568,
5503,mscoco,a man standing in front of a toilet taking a piss,67451,
29680,mscoco,Three giraffes in grassy field next to trees.,89109,
151247,mscoco,A white open toilet seat with signatures sitting amongst posters.,96275,
550714,mscoco,The little  girl is eating a banana.,64676,
227265,mscoco,A group of people walking near some skis.,35135,
148282,mscoco,A baby in a carriage on street next to market.,44917,
523229,mscoco,A dirty public bathroom with a handicap sign located above the toilet.,43579,
533074,mscoco,A marble-look bathroom with a bath enclosure and white sink on a long counter.,50003,
267972,mscoco,A group of people on bicycles in a busy street.,68832,
564127,mscoco,Toilet with a black lid and rolls of toilet tissue in a bathroom,51857,
16180,mscoco,A dog laying on the dashboard of a vehicle.,34193,
449996,mscoco,Two planes in runway and another plane in the sky.,92613,
375180,mscoco,"A kitchen area with a sink, refrigerator and stove.",8541,
469840,mscoco,A man and child on a red and black motorcycle.,98543,
534827,mscoco,a group of young men are riding their motocycles down the street,74229,
395124,mscoco,A bathroom with a decorated shower curtain.,37909,
137004,mscoco,Baskets of oranges and a basket of pears.,95801,
373713,mscoco,Three men sit at a conference discussing a topic,47449,
52232,mscoco,A bed in a hotel room with doors leading to a balcony.,78861,
214519,mscoco,Two side by side urinals mounted on a wall.,47981,
480021,mscoco,A painting of a man and woman riding together on a motorcycle.,93150,
421201,mscoco,Doorway view of a bathroom that includes a toilet and tub.,98480,
431352,mscoco,"Closed toilet in a narrow, tiled bathroom, with sink and shower stall.",73048,
123570,mscoco,A man and woman under an umbrella on a sidewalk at night.,88011,
263505,mscoco,A man wearing jeans sitting on a parked motorcycle.,98602,
186036,mscoco,a person on the back of a parked truck,64005,
478312,mscoco,"a kitchen with a fridge, stove and sink",43235,
513681,mscoco,A man in a safety vest holds him arms up as he stands in front of an airplane.,83216,
550007,mscoco,A person is racing around a track on a motorcycle.,14000,
487525,mscoco,a bath room with a toilet a bath tub and curtains,11986,
225963,mscoco,A girl mixing food with a whisk in a measuring bowl.,80345,
419971,mscoco,This men's bathroom has two urinals and a sinks.,96890,
184762,mscoco,A gold clock with ornate iron hands keeps time on a large clock with roman numerals.,13240,
260330,mscoco,The kitchen has two refrigerators and a stove in it.,5168,
436141,mscoco,The bathroom is clean and ready to be used.,56337,
325385,mscoco,Office scene showing frosted glass cubicles and a computer screen on.,48088,
86448,mscoco,Woman in green jacket holding up a bicycle in a park.,36591,
522452,mscoco,Large white airplane with blue tail sitting on a runway.,79354,
149222,mscoco,The computer monitor has a framed picture near it.,60025,
161202,mscoco,Motorcycles parked curbside in front of a run down repair shop.,75504,
466332,mscoco,a bench in front of a house with bushes,74382,
334170,mscoco,a bath room with a toilet a sink and a bath tub,28549,
580108,mscoco,A couple browsing the motorcycles for sale outside,77989,
279140,mscoco,A white and blue bus passing a street intersection.,74331,
529698,mscoco,a close up of a motorcycle parked on a street filled with people,28115,
500718,mscoco,Several airplanes are parked neatly in a row.,86814,
38465,mscoco,Traffic on a busy city street at night.,91504,
567609,mscoco,A decorative space with yellow ceramics and a vase of flowers.,84745,
490381,mscoco,Various people walking on a street in front of a wall advertisement.,39002,
281017,mscoco,"A bathroom with a sink, toilet and bathtub.",18236,
409566,mscoco,a bathroom with a toilet and a sink and a bath tub,61620,
37751,mscoco,A person on dirt bike riding down a hill with mountains in background.,4728,
500420,mscoco,A multicolored kite against a blue sky with clouds.,77125,
508370,mscoco,A bicycle parked on top of a baby dolls head.,93968,
581157,mscoco,a cat laying on the floor next to a fish bowl,94282,
221536,mscoco,A large room with marble floors and white ceramic toilets,77787,
135071,mscoco,A stove top oven with a tea kettle on top of it.,89934,
376608,mscoco,A brown dog laying down in a room next to a desk.,3237,
124462,mscoco,A orange tabby cat laying down on a black car,13901,
326517,mscoco,a cargo plane being loaded by a scissor jack truck,348,
472233,mscoco,a parade of motor cycles being watched by a crowd,30030,
283119,mscoco,a dog laying down eating food out of a bowl,63361,
579814,mscoco,This airplane is taking off in the air near other airplanes.,38249,
515043,mscoco,The air plane is traveling down the runway at the airport.,95506,
304749,mscoco,The woman is taking a picture in the bathroom mirror.,69935,
565045,mscoco,Blue bathroom with two white towels hanging by the shower.,11756,
539390,mscoco,an up close picture of mechanic of a bike,33546,
56580,mscoco,An old time car is parked at the curb near a stop sign.,39327,
346482,mscoco,the propeller of a plane flying in the air,56431,
200116,mscoco,A beautiful kitchen with lots of windows and wooden cabinets.,17376,
69969,mscoco,A restaurant full of people sitting on benches,17796,
298225,mscoco,A man wearing a hat riding a motorcycle.,55078,
1342,mscoco,Open book with images of various airplane models and shapes,18943,
520108,mscoco,A big screen TV in a fancy looking Hotel room,62660,
102275,mscoco,Giraffes and a Zebra under a locust tree.,84288,
84540,mscoco,Two people on bicycles riding next to a building.,10269,
512394,mscoco,A metal motorcycle parked on top of a metal grate.,68771,
63661,mscoco,"A kitchen area with counter, sink , stove and windows.",45078,
566155,mscoco,A bathroom area with a crate full of water and an in-floor urinal.,60270,
300659,mscoco,A formation of airplanes flying through a  blue sky.,75386,
480015,mscoco,"A desk with a book, computer and other electronic devices.",99002,
281353,mscoco,A bathroom with a toilet sitting next to a tub.,78103,
309492,mscoco,A cop riding on the back of a motorcycle down a street.,29007,
496383,mscoco,A man and woman sitting on a wooden bench together.,9119,
242222,mscoco,a red motorcycle parked on some gravel next to grass,53524,
23369,mscoco,This motorcycle is parked on the side of the grass.,72752,
250311,mscoco,A kitchen counter with pots hanging above it and several objects in the corner.,30366,
246951,mscoco,A group of people standing on top of a sandy beach.,63290,
242940,mscoco,"A stop sign at an intersection, with Hammer time and a person's picture displayed on the sign",87292,
193424,mscoco,A view of a traffic street filled with cars and motorcycles.,36910,
412531,mscoco,a single parking meter sitting next to some plants and a tree,58044,
568925,mscoco,A stove top burner sitting inside of a storage room.,70938,
398554,mscoco,The bathroom sink and vanity is a little messy.,23433,
345960,mscoco,A woman with a nice ass standing in a kitchen preparing food.,68939,
352361,mscoco,A man flying through the air while riding a snowboard.,97439,
407861,mscoco,A toilet is on a tile floor in a bathroom.,76357,
450125,mscoco,A sink is under a mirror with bottles of soap and lotion.,37490,
501315,mscoco,The racer drives the motorcycle around the curve.,61604,
452013,mscoco,A small bathroom with a white toilet and tan tile.,840,
538792,mscoco,A red and black motorcycle parked near another bike.,37397,
50942,mscoco,two males on computers and a gray keyboard,45513,
363840,mscoco,Several different pieces of electronic equipment and computers on a desk.,4513,
420081,mscoco,The front of a Chinese postal store with people walking by.,23167,
113897,mscoco,A beige bathroom with a phone beside the toilet.,65876,
426541,mscoco,Two jet liners sitting on top of an airport runway.,76973,
455610,mscoco,A parked red motorcycle sitting in front of a building.,5049,
255213,mscoco,A jumbo jet airplane coming in for a landing on a runway.,73512,
241319,mscoco,A bathroom sink with two toothbrushes facing each other.,58504,
362306,mscoco,A man holding a large knife on top of a table.,12587,
131494,mscoco,A man riding a motorcycle down a street with a person.,91367,
502599,mscoco,A group of airplanes floating over the ocean.,1413,
52996,mscoco,A group of women in military outfits helping other women in a kitchen.,99809,
496402,mscoco,A man playing chess as a cat watches in the other chair.,94063,
304876,mscoco,The Seattle Space Needle as a Jumbo Jet Plane flies by.,24336,
233446,mscoco,A cat sitting on the steps in front of its cat door.,39045,
567093,mscoco,A white toilet sitting in a bathroom next to a roll of TP.,7712,
446053,mscoco,A couple of beautiful women talking to an older man.,8372,
123289,mscoco,A crowded city street filled with traffic at night.,20854,
186980,mscoco,A wooden table with two chairs next to a sink.,48847,
448690,mscoco,A group of people standing behind a Military cargo plane.,21201,
445309,mscoco,A woman riding a bike next to a red compact car.,852,
153524,mscoco,A computer desk topped with a computer and two monitors.,90934,
480944,mscoco,A traffic light sitting on the side of a road.,29297,
199771,mscoco,A group of people in chef outfits at a kitchen counter.,80845,
224736,mscoco,A professional kitchen filled with sinks and appliances.,40902,
435466,mscoco,"A kitchen area with shelves, counter and bar stools.",37781,
517029,mscoco,A giraffe grazing from a tree with rock wall in background.,17220,
537727,mscoco,A spinning wheel and hutch by window at night.,14359,
411201,mscoco,A large two level bus near a tall structure.,36346,
86848,mscoco,A smiling lady sitting by a cake with a lit candle.,70778,
122851,mscoco,There is a man picking bananas next to a street.,16890,
529568,mscoco,A big fancy glass chandelier hanging in a small kitchen.,15395,
457684,mscoco,A large white airplane parked on a runway.,39325,
326079,mscoco,Three giraffes standing amongst a copse of trees.,56445,
494269,mscoco,"A bathroom with a toilet, sink and trashcan in it.",37010,
79415,mscoco,"A bathroom with bathtub, sink, toilet and washing machine.",82943,
245161,mscoco,A toilet setting in a bathroom with tile flooring.,69783,
495613,mscoco,A yellow motorcycle and a blue motorcycle parked on red gravel.,99543,
329219,mscoco,A man standing next to a dog on the ground.,6047,
142257,mscoco,Multiple vehicles on a city street near a light.,96219,
110951,mscoco,A remote control sitting on a dash of a car.,32086,
262800,mscoco,Jet flying in the sky among the clouds.,49404,
196168,mscoco,"Doorway view of a bathroom with sink, toilet and bidet.",82597,
574166,mscoco,"A bathroom with a sink, toilet, trashcan and tub.",27652,
442688,mscoco,A plane on a runway at a small airport.,6912,
301201,mscoco,A collection of books and knick-knacks on shelves.,79038,
34222,mscoco,A person riding a motorcycle down the street.,2439,
463132,mscoco,The top of the computer desk is very shiny.,68738,
285433,mscoco,A toilet with a black seat cover next to a sink.,19419,
115700,mscoco,Two people sitting at a table eating food,73647,
310103,mscoco,a motorcycle in a driveway with a vanity license plate,20733,
379310,mscoco,"Two computers, keyboard and phone with mouse on a desk.",77913,
433204,mscoco,a person riding a motorcycle on a city road with a sky background,46,
283768,mscoco,a person standing next to a trindle bed,47926,
9274,mscoco,"A single pillar with a clock is near approaching traffic, including a police car.",12478,
426247,mscoco,A small dog laying next to a door.,88802,
474499,mscoco,Towels hanging on an oven in a kitchen,39685,
108669,mscoco,"A bow of fruit, such as bananas and apples.",80007,
391656,mscoco,A bathroom features a picture of a woman a toilet and a sink.,62405,
505709,mscoco,Empty bar or lounge before or after business hours.,18130,
294853,mscoco,"A man in a red cap, green shirt and white shorts holds a tennis racket under his arm.",29733,
377401,mscoco,A large yellow building has a clock on it.,23429,
10039,mscoco,A very large tower has a clock on it.,61284,
462341,mscoco,An older building with birds flying near it.,87256,
165771,mscoco,There is a clock tower with colored embellishment on top,1828,
267875,mscoco,A picture taken through a car window of a shop with many motorcycles parked in front of it.,82976,
34830,mscoco,A white urinal in a small red tiled bathroom.,73502,
102353,mscoco,A couple of people standing in a large kitchen.,65386,
18783,mscoco,A man in white shirt on bicycle with a dog riding in the back.,94687,
58232,mscoco,A man at a restaurant is waiting to serve customers.,82682,
66827,mscoco,A kitchen with a screen glass door next to the counter.,94442,
42433,mscoco,an overhead view of many people on motorcycles,33644,
407017,mscoco,two people in a kitchen area preparing food on a stove,25046,
20536,mscoco,a toilet with many rolls of toilet paper next to it,2627,
464006,mscoco,A motorcycle that is on the ground sideways.,91954,
328530,mscoco,Two white plates sit on the edge of a table holding pizza slices with fried eggs on them.,48958,
142537,mscoco,A motorcycle parked at a store parking lot.,84996,
431306,mscoco,A man taking a picture of his reflection in the bathroom,49732,
27519,mscoco,a person standing on a city sidewalk holding a dog leash,93356,
392364,mscoco,a statue of a person riding a horse in front of a building,37,
29833,mscoco,A woman is holding a small bunch of fruit.,25085,
285882,mscoco,A plate of pasta with sauce and bread on a table.,42719,
118728,mscoco,A plane flying in the sky during the day.,7840,
497443,mscoco,A cat sitting on the edge of a tub with the faucet running.,80034,
110258,mscoco,Two giraffe standing next to each other behind a wire fence.,19820,
203732,mscoco,A white toilet seat in some lavatory somewhere.,73262,
427521,mscoco,"A bowl of prepared food including rice, meat and broccoli.",60158,
266348,mscoco,An old stone building with a clock on one outside wall.,83653,
533166,mscoco,"A modern kitchen with a fridge, island counter, hardwood floor, and deco ceiling artwork.",30872,
157416,mscoco,A girls bicycle leaning against a street sign,90212,
367142,mscoco,A woman in white shirt standing in kitchen area.,61653,
242510,mscoco,A large white dog statue sitting next to a clock.,24265,
68650,mscoco,A man and a boy standing next to a tall giraffe.,99480,
106901,mscoco,A sign above a doorway with a bench in front,1382,
242189,mscoco,The reflection of a woman carrying a bag over each shoulder in a mirror.,66769,
388290,mscoco,A wooden area on a ship with lots of food.,55664,
244833,mscoco,A yellow and a green motorcycle in the back of an auditorium.,3044,
94651,mscoco,A couple of cats standing on top of a desk.,13750,
225686,mscoco,A man with a bicycle with tanks for holding a liquid mounted on it.,61688,
72843,mscoco,A red double decker bus parked in front of a tall building.,7483,
191705,mscoco,A white toilet sitting on the floor next to a tiled wall.,29893,
271712,mscoco,A bathroom with a white bath tub under a window.,89859,
143876,mscoco,Two cats in a vehicle with one laying in the dashboard and one perched looking out the side window.,57628,
555035,mscoco,there is a withe toilet and the tub has a blue curtain,92044,
39726,mscoco,A danish dessert with frosting that is partially eaten,56206,
331698,mscoco,"A bathroom with a bath tub, toilet and different designed light beige tile.",76024,
535322,mscoco,An airport is mainly empty concrete parking with other planes far in the distance.,90706,
177938,mscoco,A man standing next to a parked motorcycle.,23733,
163755,mscoco,a group of people skiing on a hill,93918,
463066,mscoco,A cat perched on top of  a white toilet seat.,53367,
349459,mscoco,A passenger jet that is pulled in next to the terminal.,37594,
460053,mscoco,there is a man fixing something under a sink,34968,
504977,mscoco,A lady sitting on a bench in a very open field.,78810,
390190,mscoco,"A bathroom with sinks, a toilet and a mirror.",35554,
378482,mscoco,A lady wearing an apron in a kitchen.,91801,
492067,mscoco,An airplane flying over a man standing in the ocean.,89762,
57350,mscoco,A group of zebra on a grassy field.,64624,
359959,mscoco,a white urinal with its blue and white controller,29298,
123580,mscoco,A table with four bowls of food on the top.,67304,
452727,mscoco,A table and a clock in a small room.,67495,
109434,mscoco,A bathroom with a large mirror above a white sink.,66009,
50481,mscoco,A creepy Spinx statue suspended to the front end of a dump truck.,4003,
512966,mscoco,A white toilet sitting next to a sink in a bathroom.,7075,
515904,mscoco,A bathroom with a large tub next to a sink.,74653,
171962,mscoco,A city bus driving down a road with bikes fixed to it's front.,37865,
313386,mscoco,A couple of large white airplanes parked in a stationary position.,9125,
103667,mscoco,A kitchen with a center island surrounded by wooden stools.,30311,
53697,mscoco,A white stove top oven sitting inside of a kitchen.,83291,
248382,mscoco,A woman in orange sari on a park bench.,45468,
12946,mscoco,People walking around downtown and a man riding his bike.,48772,
185930,mscoco,This is a public bathroom with  soap dispensers installed on the wall.,65090,
374886,mscoco,A United States air plane taking off .,27748,
207072,mscoco,Flowers in a glass vase with traffic in the background .,46687,
178189,mscoco,A air plane that is parked at air port.,93054,
361586,mscoco,several people are purchasing tickets at a bus station,80896,
182611,mscoco,A man making his plate with a table full of food.,48563,
327892,mscoco,People using their laptops in the backseat of a car.,87341,
495252,mscoco,A man on a skateboard riding on a street.,91699,
26045,mscoco,A long line of white urinals in a public restroom.,67301,
569103,mscoco,A small piece of cake on a table.,33457,
56988,mscoco,Top down view of a bathroom with a toilet and trash can.,14313,
189828,mscoco,Grey plane taking off above some green vegetation.,88773,
169347,mscoco,A dog on a leash in front of a closed door,76253,
328041,mscoco,There are black and white poles along a street corner,3584,
98716,mscoco,Elderly man sitting on a bench facing the beach.,77837,
568611,mscoco,A motorcycle sits in the parking spot in the parking lot.,47794,
80219,mscoco,A sink with cups and towel next to it,73784,
509192,mscoco,A woman is standing on a kitchen floor.,17986,
434098,mscoco,"A tiled bathroom with a single vanity, toilet and shower.",40382,
455981,mscoco,A white toilet that does not have it's seat down.,52936,
241350,mscoco,A ten speed bike is next to a wooden desk.,30138,
364521,mscoco,A red helmet is on a yellow toilet in the dirt.,9146,
86835,mscoco,The large building has many windows and a white door.,72159,
310407,mscoco,A man watching a single engine plane make an approach to land.,15168,
232949,mscoco,The van is driving down the street in traffic.,65790,
281365,mscoco,A metal sink and a row of white urinals,37571,
382191,mscoco,"A bathroom area with lights, standup shower and trashcan.",32696,
565941,mscoco,A man serving a small chocolate cake on a white table.,27834,
117222,mscoco,A man on bicycle carrying bunches of bananas through street.,42797,
272863,mscoco,"A bathroom area with a tub, sink and wooden floor.",91932,
103488,mscoco,a public bathroom with several sinks and mirrors,59580,
316365,mscoco,"A person working at an airport, outside of an airplane.",23059,
141795,mscoco,a bath room with a toilet a large mirror,38051,
259519,mscoco,A laptop sits on a metal table by a metal stool.,76834,
134815,mscoco,A kitchen that has wooden cabinets and lots of pots and pans.,56275,
166323,mscoco,Mirror view of a bathroom with a sink and tub.,5465,
448176,mscoco,some cars on a ferry on a body of water,60786,
71918,mscoco,a person riding a bike on a grass field with rocks,82845,
404462,mscoco,A black and white photograph of something I cannot quite make out.,66329,
448205,mscoco,A renovated propeller airplane flying in a blue sky,81298,
498804,mscoco,A tower of a building that has a clock on it.,3247,
421952,mscoco,A row of motorcycles is sitting on the sidewalk.,93825,
154363,mscoco,a bathroom with a wooden water box for the toilet,61362,
218205,mscoco,A woman siting at a table in front of a coffee cup in a a kitchen.,1614,
404608,mscoco,A white wall mounted toilet in a bathroom.,18959,
135356,mscoco,A man drying a pan with a dish towel.,89431,
332221,mscoco,People walk by a row of parked motorcycles.,63342,
429598,mscoco,An interesting kitchen renovation with brick and wood,17721,
104392,mscoco,"a modern kitchen with an oven, stove, and a fridge",60060,
305978,mscoco,A giraffe is walking in a grassy field as a cow is laying down.,79337,
478338,mscoco,A women using sports equipment on the water.,21188,
395512,mscoco,A kitchen with marble counter tops has wooden cabinets and many appliances.,20593,
548523,mscoco,Some steel counters that have various items on them.,60371,
88846,mscoco,A clean bathroom that has a sink and a bathtub.,42650,
42893,mscoco,Airplanes set to take off at a city airport,96075,
435937,mscoco,its sunny outside and you can see the shadows of benches,74736,
561500,mscoco,A storage room full with wooden furniture and bikes.,37373,
355106,mscoco,A table with portable cook stove  and other objects on it.,81220,
456574,mscoco,There are two men sitting on a park bench,9221,
255279,mscoco,A motorcycle parked in a parking lot next to a car.,31588,
453302,mscoco,"A kitchen that has a tile floor, a refrigerator, a microwave, and a toaster.",91184,
103413,mscoco,A man riding a skateboard up the side of a ramp.,43629,
215998,mscoco,A parked black motorcycle sitting on top of a parking lot.,57793,
116279,mscoco,A large jetliner flying through a cloudy blue sky.,9250,
46775,mscoco,Two long metal tables sitting inside of a kitchen.,63107,
367128,mscoco,A pregnant women takes a selfie wearing a black tank top.,35953,
297976,mscoco,"Doorway view to a bathroom with a sink, cabinets and a toilet.",6827,
5477,mscoco,large mustard yellow commercial airplane parked in the airport,39571,
233997,mscoco,A welcome mat placed at the foot of a closed door.,39518,
522232,mscoco,a person washing a parked motorcycle on a concrete road,2010,
463048,mscoco,a couple of red light and a green light,58467,
127141,mscoco,a spoon with some foam and a tomato sitting in it,30915,
302531,mscoco,a giraffe stands looking over a watering hole,13456,
401642,mscoco,A metallic sink in a kitchen with a couple of dirty dishes.,72341,
468043,mscoco,A little boy is sitting on a statue of a sheep.,85559,
494345,mscoco,a cat is climbing from a window sill on top of a toilet seat,15220,
63950,mscoco,A black and white cat is sitting in the sink.,20166,
68833,mscoco,A kitchen that has carpeted floors and wooden cabinets.,96527,
46538,mscoco,"A pristine modern bathroom, toilet, sink and bathtub.",31694,
284658,mscoco,a man sits with his dog as they watch television,44969,
194313,mscoco,A black and white cat is sitting on the bathroom sink.,40483,
299776,mscoco,An unfinished kitchen that has a refrigerator and cabinets.,71041,
560025,mscoco,A toilet that has a Harry Potter themed lid.,46809,
351609,mscoco,a bunch of already peeled oranges grouped together,80352,
47938,mscoco,A pair of slippers sits on the bathroom floor.,22851,
464515,mscoco,The couple is riding the motorcycle together.,72273,
403107,mscoco,An open laptop computer sitting on top of a desk.,1671,
197254,mscoco,A horse drawn carriage is parked along the curb.,22909,
117645,mscoco,A man riding a snowboard down a snow covered slope.,74287,
352334,mscoco,A bathtub with candles lit up around it and a stool next to it.,83183,
459634,mscoco,People are riding on motorcycles on a scenic road.,70377,
436385,mscoco,A crashed airplane is shown with its front missing.,30395,
66841,mscoco,"A whimsical artistic toaster has eyes, a mouth, a nose, spoon feet, spoon ears, and a mixing beater tail.",12429,
269105,mscoco,A white toilet sitting next to a green wall under a picture.,9052,
32779,mscoco,A very upscale looking hotel room with large bed and a bathroom in the next room.,8862,
445638,mscoco,A water-stained cathedral/clock-tower enveloped by various green vines.,40047,
501788,mscoco,A cat on the ground by a very old door leaning against a wall.,4118,
269807,mscoco,A man dressed all in leather standing next to a motorcycle.,57342,
358883,mscoco,A bath tub sitting next to a large window.,93204,
540449,mscoco,A medium-sized black dog lies in the back of a car.,46896,
103757,mscoco,A cat on a toilet seat of some sort.,69362,
575473,mscoco,A white toilet sitting inside of a bathroom.,8011,
475407,mscoco,A man riding on the back of a red motorcycle.,35041,
412510,mscoco,A man in black shirt using urinal in bathroom.,9515,
421569,mscoco,A brown and white dog on street next to a blue car.,53008,
491213,mscoco,A motorcycle of some sort parked somewhere during the day.,73328,
223335,mscoco,A man riding a motorcycle on a racing track.,20040,
229481,mscoco,A woman cooking in a skillet on the stove.,99186,
216428,mscoco,a cat drinking from a toilet and the cat on top of the toilet,89767,
175737,mscoco,a man standing at the back of one of the two cycles,17472,
508846,mscoco,A cat hiding in a basket of some sort.,45328,
187933,mscoco,A white toilet sitting underneath a window next to a sink.,28823,
102707,mscoco,a bottle a glass and utensils behind a stove,5451,
9426,mscoco,A small plane flying through a cloudy blue sky.,5686,
470935,mscoco,A stove top oven sitting underneath a microwave.,87599,
40842,mscoco,A computer monitor sitting on top of a desk.,89674,
450483,mscoco,A small airplane sitting on top of an airport tarmac.,22655,
57672,mscoco,The group paddles the boat down on the water.,70026,
519676,mscoco,A motorcycle parked in a parking lot next to a building.,41358,
409581,mscoco,A boy carrying a surfboard on a busy sidewalk.,61818,
150616,mscoco,A white tub sitting underneath a couple of windows.,61533,
325969,mscoco,A dog is standing on a miniature motorcycle.,21834,
451412,mscoco,A child is flushing the commode as an adult stands near.,67883,
459566,mscoco,A woman's shoes as she holds a dog on a leash with a shirt around its waist.,17032,
31730,mscoco,A white toilet in a bathroom with a digital arm rest.,62002,
102637,mscoco,An airliner is descending over the water to an airport.,83301,
186368,mscoco,a smiling woman wearing sunglasses in the snow,89827,
430302,mscoco,A man riding on top of a surfboard next to a  woman in the ocean.,30570,
54766,mscoco,Two men watch as yellow aircraft flies over a lake.,69550,
221753,mscoco,A refrigerator freezer sitting inside of a kitchen next to a window.,77460,
47255,mscoco,Two giraffes stand side by side in a fenced in enclosure.,71394,
562160,mscoco,a bookshelf with books and a small statue of a bicycle with a basket.,70922,
123017,mscoco,a wooden desk outdoors with pink flowers in front of it.,66864,
480757,mscoco,A white toilet with a black lid sitting in a bathroom.,1333,
330455,mscoco,A bus driving down a street next to a car.,56127,
524850,mscoco,A crowd of people standing around a bus next to a parked jetliner.,50543,
44294,mscoco,A black refrigerator freezer sitting next to a dishwasher.,62015,
575544,mscoco,A gray motorcycle parked in a parking lot.,82120,
258523,mscoco,A black cat laying on the tank of a toilet.,89934,
460145,mscoco,A herd of sheep walking down a road in front of a silver truck.,98379,
468885,mscoco,A white toilet under a window next to a sink.,98197,
546388,mscoco,A man standing next to a red motorcycle next to a orange van.,23575,
296969,mscoco,A group of giraffe standing next to each other.,88233,
199977,mscoco,The airplane in the sky is doing tricks while spitting out smoke.,45429,
311954,mscoco,A clean organized and fully furnished living area.,3673,
404444,mscoco,A woman kissing a giraffe over a wooden fence.,87233,
218637,mscoco,A motorcycle parked in front of a house.,77363,
440299,mscoco,A white toilet in a bathroom next to toilet paper.,33104,
78701,mscoco,A woman holding a large sheet cake in front of a screen.,59635,
140658,mscoco,A brick building with a tall clock tower beside it.,91577,
104015,mscoco,Two urinals in wall with a white divider.,59905,
113139,mscoco,There is alcohol and ginger ale on the tray.,28229,
22191,mscoco,A single toilet on black and white tiles.,92432,
296459,mscoco,The man is sitting in front of a laptop with his hands over it.,5901,
273470,mscoco,Woman standing behind open refrigerator door in modern kitchen.,89858,
560830,mscoco,A black and white dog on a brown tile floor next to counter.,86947,
270918,mscoco,A sharp steeple on a building is lit in the sky.,3474,
209239,mscoco,A tasteful white and beige bathroom features and oval sink and large mirror.,57766,
568653,mscoco,A shiny black motorcycle with gleaming chrome is parked on a city sidewalk.,35118,
105249,mscoco,A small bathroom has an open toilet seat.,11965,
20342,mscoco,Aerial tricks performed on red bike over stacked skateboards with photographer in background.,35124,
578107,mscoco,Lap top computer and monitor on a desk with assorted papers and devices.,74085,
452158,mscoco,Sheep grazing on the side of a country road,60020,
294131,mscoco,This bathroom looks like a very compact one.,65047,
406119,mscoco,a little plane landing on the water,64780,
352093,mscoco,Two metal vats on a brick space next to wall.,30468,
381323,mscoco,A cat sits on the edge of a bathroom sink.,79733,
102497,mscoco,"The back of a large, blue motorcycle and rider",33611,
407614,mscoco,A smaller kitchen with a very decorated fridge.,49199,
123555,mscoco,Many people bike through the streets at night.,20842,
135666,mscoco,Three motorcycles stop at an intersection at an oriental restaurant.,58815,
84241,mscoco,A group of women in kitchen next to pot.,45636,
275749,mscoco,A group of people standing in a room.,17024,
59383,mscoco,A large kitchen with wood cabinets and black accents.,7267,
241124,mscoco,A young man has his foot placed on a pole while another looks on.,63592,
400658,mscoco,a bike sitting by a pole in a narrow alley,82698,
267521,mscoco,An American Airlines jet plane parked near a terminal.,68362,
266400,mscoco,a row of motorcycles parked on a city street,28502,
237735,mscoco,A sleek gray plane flying through a cloudy sky.,6115,
437898,mscoco,A medium sized home kitchen with wood cabinets.,64515,
459400,mscoco,A person lying down by an open toilet!,39869,
505447,mscoco,A plate that is flying in the air during the day.,15750,
32992,mscoco,A picture of a wooden container with crosses on it.,85367,
154589,mscoco,A woman standing in a kitchen with a dog.,99337,
232348,mscoco,Toaster and blender plugged in on a kitchen counter.,20723,
107123,mscoco,"Bathroom with white pedestal sink, bathtub and shower, and commode.",30541,
102331,mscoco,A person on a motorcycle in the dirt doing tricks.,47581,
196793,mscoco,A full view of a bathroom with the shower and sink.,82096,
339588,mscoco,A kitchen with a stove and a microwave.,89196,
492878,mscoco,A bathroom sink and its reflection in the mirror.,77730,
451234,mscoco,People walking down a sidewalk passing Chinese restaurants.,618,
487631,mscoco,Photo taken from inside a car showing lamb in the street.,1028,
177069,mscoco,Man lounging on a boat giving a thumb up.,64582,
344561,mscoco,a bathroom with two sinks and a mirror,43340,
533201,mscoco,a jumbo jet sits parked in an airport,38069,
29224,mscoco,a toilet sits in front of a bath tub,67791,
440284,mscoco,Three young men are standing next to four bicycles.,82717,
471642,mscoco,Passengers getting on and off of a tram at the station.,91589,
32456,mscoco,A giraffe and a zebra are on the grass near trees & cars.,54840,
478093,mscoco,A white air plane flying in the air with its landing gear.,41481,
507879,mscoco,A dark picture of a toilet with a small roll of toilet paper on the back of the tank.,65698,
174871,mscoco,A photograph of a cat and mouse on top of a dog.,21047,
214046,mscoco,A picture of an older man cutting a turkey on the counter.,33578,
81210,mscoco,A young couple sharing an umbrella in pouring rain.,74673,
497002,mscoco,Two people are standing in a kitchen talking about a phone,97366,
365556,mscoco,A window shot of a plane in the air with another plane present.,35233,
320098,mscoco,A shelving unit containing items next to a vegetable rack.,20083,
277073,mscoco,Two people are on a bike together traveling down the road.,34362,
545114,mscoco,A man dressed in a helmet and goggles indoors has a goofy smile on and his hand raised.,40767,
435387,mscoco,Two individuals wearing the same thing sitting on a bench.,55325,
559440,mscoco,"very small bath with stand-up shower, commode and sink",32877,
323760,mscoco,A toilet is shown in a bare room.,53823,
59973,mscoco,There is a lovely bathroom with a full-size sunken Jacuzzi.,9496,
301453,mscoco,"Two men are crouched down, working on a motorcycle",83798,
240501,mscoco,"A bathroom with a shower, toilet, and sink.",17448,
235833,mscoco,A toilet is shown against a wall with wires.,79885,
42968,mscoco,A plane is somewhat distant away from the green grass.,52295,
245764,mscoco,A cat sits on the edge of a toilet.,49251,
162939,mscoco,A plane is parked near the pretty blue ocean.,63,
58472,mscoco,"A bathroom with blue walls, a white commode and a contemporary white sink without faucets.",77023,
283131,mscoco,"Doorway view into bathroom area with sink, toilet and tub.",12752,
526767,mscoco,A bathroom with a stall shower and a white sink basin.,99890,
362343,mscoco,A busy road with people on bikes and in vehicles is shown.,70744,
412963,mscoco,A dog rides on the back of a sheep.,1026,
201555,mscoco,A sign is displayed next to piles of sand.,60243,
480985,mscoco,The shiny motorcycle has been put on display.,32547,
465357,mscoco,The apples on the table are being peeled.,61841,
459487,mscoco,Two sheep graze in a valley near a small town.,57760,
24790,mscoco,A plane has its wings folded up towards the body.,96496,
345027,mscoco,A scooter and tiny truck at a beach dry dock.,24663,
430525,mscoco,Two women are sitting on benches and one has a purse and shopping bag beside her.,94962,
305101,mscoco,a railroad crossing and some cars and trees,11658,
435569,mscoco,a zebra a giraffe and some birds by some water,21145,
520910,mscoco,A lady is standing in pastel colored bathroom in front of the bathtub and there are christmas lights hanging up outside of the doorway.,76683,
519569,mscoco,a kitchen with a refrigerator a counter with chairs,38570,
486488,mscoco,A public bathroom stall with a toilet and trashcan.,47977,
397133,mscoco,A man is in a kitchen making pizzas.,48528,
483767,mscoco,a air plane that is a model conected to a pole.,60175,
173379,mscoco,Four apples sitting in a bowl viewed from above.,84270,
287830,mscoco,A couple of planes that are out in the airport.,93992,
480951,mscoco,Cars and traffic signals light up the streets at night around a busy intersection.,38035,
131504,mscoco,A BRICK TOWER WITH A BIG CLOCK IN THE MIDDLE OF IT.,83217,
204448,mscoco,"A kitchen complete with a microwave, sink, and dishwasher.",18232,
217846,mscoco,a taillight is in a rear view mirror and some cars,89172,
106120,mscoco,A small bathroom stall with a toilet and wash basin.,24905,
362127,mscoco,Elegant marbled bathroom with blinds and toiletries with mirror,91625,
113801,mscoco,Airplane with vintage bus in front of air plane hangar,69197,
465545,mscoco,Bathroom with wood trim and toiletries with window,77113,
100234,mscoco,a blue boat in the water and a factory and a dock,8063,
10428,mscoco,A sink is shown in front of a frame covered wall.,20458,
388829,mscoco,Woman and her dog tends to the herd of sheep,66553,
71123,mscoco,A large jumbo jet with huge wings is on the runway.,60194,
38314,mscoco,A couple of sinks and some toilet in a room.,56606,
308907,mscoco,A corner of street with a building showing a bowling pin.,1374,
321522,mscoco,"Outside view of a cafe', and shot of old oven and fridge",94893,
271565,mscoco,People on motorcycles riding pass parked cars on the street,97654,
446651,mscoco,Young girl with helmet on hold on tight to her father driving the motorcycle.,77823,
410301,mscoco,A bathroom with a blue toilet next to a sink,5441,
561903,mscoco,A dog standing by a television in a room.,3579,
407915,mscoco,A white sink and mirror in a room.,70534,
192403,mscoco,"A very modern hotel bedroom holds a large, white bed.",70675,
357992,mscoco,"A wooden desk with several computers on the desk, including laptops and computer monitors.",94575,
24323,mscoco,"A bathroom area with a  sink, cabinets and a tub.",68728,
581829,mscoco,"A bowl of cereal with milk, bananas, raspberries and blueberries.",18920,
301376,mscoco,A street area with a building and cars.,91797,
131273,mscoco,A grey and white dog sitting in the passenger side of a car.,90323,
100896,mscoco,Artistic black and white photo of man on a motorcycle.,87464,
532671,mscoco,A blue motorcycle parked on street next to hill.,57899,
531086,mscoco,"A kitchen area with a refrigerator, dishwasher and cabinets.",33388,
364079,mscoco,Two people on a motorcycle driving up a street.,31871,
578454,mscoco,A bathroom with tile and a shower is shown.,28501,
455229,mscoco,A giraffe stands next to a pole in a habitat.,99123,
196280,mscoco,A picture of a boy looking into a pot.,70630,
117098,mscoco,A red motorcycle on display at a show.,2968,
454810,mscoco,Cluttered sink and countertop in an institutional kitchen.,98493,
580704,mscoco,A group of people on motorbikes ride on a path.,43538,
312278,mscoco,Suitcases on top of a carrier onto of a vehicle.,18276,
478009,mscoco,"A bathroom with a toilet, tub, mirror and shower curtain.",38826,
551650,mscoco,A plane travels through the clouds in the sky.,74036,
404128,mscoco,A propellor airplane is on a grassy runway.,61986,
135673,mscoco,Two planes are close together in the sky.,57189,
232905,mscoco,The tower of the building has a clock displayed.,95606,
590,mscoco,A sink is shown with a mirror and lights.,33541,
480605,mscoco,An airplane flies up into the sky with the wheel out.,96556,
190447,mscoco,A bike is shown attached to a rack.,55934,
105757,mscoco,Bathroom sink has a long counter space and 3 piece mirror.,21407,
132644,mscoco,A cook in a restaurant kitchen putting chopped vegetables in a bow.,25317,
397523,mscoco,A stationary train with the door wide open.,3889,
254732,mscoco,Four black jets are flying above in the middle of the blue sky.,86168,
483182,mscoco,Multiple jet airliners in runway next to an airport at night.,28095,
263474,mscoco,"A bathroom area with a toilet, trashcan and dresser.",12754,
562645,mscoco,A pair of dogs sit on a bathroom rug.,18579,
353409,mscoco,A group of people on motorbikes ride on the road.,85379,
14352,mscoco,A modern bathroom design with a skylight above the toilet.,68977,
398992,mscoco,A girl in white shirt painting a black umbrella.,8644,
290070,mscoco,Motorcycle on platform to be worked on in garage,39222,
511892,mscoco,"A kitchen area with oven, pots and various cabinets.",45999,
384213,mscoco,A kitchen is shown with a variety of items on the counters.,51944,
408696,mscoco,A man sitting on a toilet that isn't connected to anything.,70717,
28903,mscoco,A cat is sitting on a white toilet.,73568,
418757,mscoco,A building with a clock on the front and other buildings in front of it.,71161,
484415,mscoco,A hand is reaching out to the top if a toilet.,58409,
85803,mscoco,A simple but fully stocked and well designed kitchen,20441,
167588,mscoco,A large navy propeller plane is boarded on the tarmac,8097,
545101,mscoco,A kitchen that is ready to have appliances put into it.,57708,
572604,mscoco,Red brick building with fire hydrant and car with cloudy sky,90617,
560312,mscoco,A run down waiting room at a transit station.,6646,
26183,mscoco,An ornate set of towers n an old church.,11741,
576704,mscoco,A chef chops up ingredients in a pot of stew.,45636,
16523,mscoco,"Doorway view into a bathroom with a sink, toilet and mirror.",470,
227478,mscoco,"two women sitting on a park bench, one looking over her shoulder",10483,
191990,mscoco,2 motorcycles stand next to each other on the street.,58515,
369386,mscoco,A red and green walled bathroom with a toilet.,69539,
248919,mscoco,Lots of fruit sits on bowls on the counter of this kitchen.,35566,
182755,mscoco,There are three monitors and a laptop on the desk.,65322,
400853,mscoco,Two people are riding a small motorcycle off-road.,11375,
146767,mscoco,A cat laying next to a stainless steel bowl.,52841,
254571,mscoco,Motorcycle parked on the curb of an empty road.,80303,
174390,mscoco,A police man on a motorcycle drives down the road.,17741,
83045,mscoco,A bicycle leaning against the hull of a boat,90660,
173968,mscoco,a ath room with a toilet a bath tub and a sink,73794,
89032,mscoco,A man with an umbrella is standing in front of a shop.,72260,
254814,mscoco,A busy city intersection clogged with bike traffic,84768,
332877,mscoco,A group of motorcyclers riding down a street with traffic,44753,
30254,mscoco,A bathroom with a white toilet sitting next to a white ball.,18921,
256713,mscoco,"Bathroom with tub, toilet, sink, mirror and window.",42284,
404718,mscoco,In the foreground of the picture there are couples riding on motorcycles on a city street,85262,
177935,mscoco,A large white kitchen range with gold towels on the front.,34626,
191280,mscoco,A dog is catching a Frisbee at the dog show,47206,
313093,mscoco,A happy motor cyclist in leathers on a sunny day,35286,
245383,mscoco,a motorcycle and a three wheeler both coming same direction on both sides of street,40155,
554669,mscoco,A person on a skateboard up on a ledge.,55293,
225014,mscoco,A person in a costume on the back of a car.,2623,
124236,mscoco,A table in a small room with some pots.,55168,
333371,mscoco,A four engine Air Algerie prop plane with landing gear out,37051,
169076,mscoco,A television is on a tv stand next to a bureau.,23027,
548485,mscoco,A bathroom with the door open so you can see a toilet and bathtub,39194,
288062,mscoco,A colorful toilet seat open in a toilet stall,51808,
300732,mscoco,A black cat standing over a glass bowl.,77769,
209015,mscoco,A large giraffe sticking its head into a vehicle.,10263,
298578,mscoco,A group of people on a court with tennis rackets.,40113,
304044,mscoco,A bus traveling down a city street at night.,80738,
144122,mscoco,A small airplane flying through a blue sky.,98410,
268927,mscoco,Black and white photograph of person with birds.,3799,
572399,mscoco,A toilet in a bathroom suspended in the air,24185,
185327,mscoco,A group of cows on street next to building and bus.,86049,
265872,mscoco,A motorcycle parked on the side of a grassy field.,94581,
505385,mscoco,A man is in a black and white public restroom.,36324,
425371,mscoco,A white sink sitting under a mirror in a bathroom.,48875,
432176,mscoco,A wooden bench sitting next to an entrance.,93862,
128201,mscoco,A wooden floored room with various chairs around it.,2491,
361382,mscoco,A man on a motor bike on the road.,22561,
536027,mscoco,A person walking along wet ground holding an umbrella.,65596,
99747,mscoco,A couple of bathrooms one with a standing toilet next to one with a sitting toilet.,69936,
580870,mscoco,A woman standing with her hands on her hips,24167,
430546,mscoco,Man on blue and white motorcycle riding on one wheel.,32085,
581401,mscoco,A group of people on motorcycles riding down the street,10719,
410272,mscoco,A chef preparing vegetables at a counter in a kitchen.,57484,
576576,mscoco,A bathroom with white fixtures and green flooring,58836,
51533,mscoco,Many pots and pans are hooked on a kitchen wall.,87793,
131661,mscoco,A man standing at a kitchen counter working.,91613,
338304,mscoco,A bunch of sheep make their way through the crowded city street.,77672,
31092,mscoco,A person on a motorcycle is next to parked bicycles on the sidewalk.,14327,
352127,mscoco,A group of chefs preparing food inside of a kitchen.,28147,
302292,mscoco,A man holding a small cat in his hands.,46444,
60548,mscoco,A man sitting on a couch in a hotel room that also has a bed and desk.,19499,
2388,mscoco,A white toilet sitting inside of a bathroom.,93672,
47687,mscoco,The two cyclists are going down the country road.,34477,
342295,mscoco,A white toilet sitting next to a bath tub filled with paintings.,45007,
311081,mscoco,A bathroom is adorned with beige and white tiles.,94341,
484301,mscoco,A couple of motor bikes and cars on a street.,71187,
214204,mscoco,an all white bathroom with a sink and toilet,38181,
522425,mscoco,A person in front of a mirror with a toothbrush.,5778,
396461,mscoco,A bowl in a sink and window in a room.,41983,
443640,mscoco,A young boy kneeling beside a toilet in rubber gloves.,75125,
191845,mscoco,A crowd of people with umbrellas on a street.,95035,
153734,mscoco,A brown cow walking along side of a man.,81521,
135057,mscoco,An army jeep with an American Flag sitting at an airport.,25619,
563295,mscoco,A propeller plane flying through a gray sky.,39823,
468953,mscoco,A woman dressed in a police uniform talking to a man on a motorcycle.,84975,
465591,mscoco,"A very fluffy, calico-colored cat sits on the toilet seat.",48778,
451944,mscoco,A blue and white bus with two bicycles and people by it.,27387,
513580,mscoco,A motorcycle driving by a red and white biplane.,6798,
549649,mscoco,A grey and white cart laying on table with sunglasses on.,32847,
110026,mscoco,A car covered in various empty toothpaste tubes.,77455,
147897,mscoco,A man taking his picture in the mirror with a camera.,3282,
212257,mscoco,Three giraffe standing near trees and one eating on a tree.,56129,
304063,mscoco,A picture of a green airplane with propellers.,65423,
390137,mscoco,A man on a bike near people on a bench,14717,
414884,mscoco,A toilet is outside on the sidewalk by a door.,39765,
27146,mscoco,A very long kitchen looks kind of messy.,26950,
295242,mscoco,A virgin plane is sitting on the runway,14609,
422350,mscoco,A sink and refrigerator in a small room.,23525,
91341,mscoco,A microwave and counter in a small room.,53896,
329931,mscoco,A woman opening up the refrigerator looking for something.,2932,
100404,mscoco,A distant airplane high up into the sky.,11548,
491872,mscoco,A person pouring water into a drain from a bowl.,4236,
21924,mscoco,Two women stand and talk on the beach while holding surfboards,17600,
308543,mscoco,A hand holding two spoons over a metal sink.,5785,
568502,mscoco,A man smiling near the seat of a toilet.,83445,
276964,mscoco,An above snap shot of a flushing toilet bowl.,66743,
61862,mscoco,A person is looking in the mirror of a motor bike,92428,
466156,mscoco,The striped cat is sitting on top of the car.,65971,
444682,mscoco,A messy desk is shown with a laptop computer.,60122,
93553,mscoco,A lady with a flower in her hair taking of picture of herself in a mirror.,1624,
203317,mscoco,A red and white bicycle next to a building and door.,1547,
440575,mscoco,The snow covered mountain looks over the small city.,40985,
104150,mscoco,"A cat is curled up, asleep, on a chair.",45409,
368196,mscoco,Two metal bowls filled with apples and oranges.,14961,
164121,mscoco,A kitchen with a cluttered counter and wooden cabinets,12642,
524436,mscoco,Black and white picture of guy and girl in an embrace on a park bench.,48415,
567789,mscoco,A large water goblet half filled with a liquid.,19219,
58758,mscoco,"A kitchen area with refrigerator, counter and a microwave.",65533,
207557,mscoco,An orange and white cat sitting on metal surface at night.,9118,
279278,mscoco,a person riding a skate board on a city street,33874,
379580,mscoco,a bath room with a toilet a sink and stand up shower,50934,
444199,mscoco,a person with a bat near many tvs,20238,
201190,mscoco,A woman with a braid holds her dog in her lap.,14069,
491497,mscoco,A fluffy white chair that faces away fro a television.,31660,
415048,mscoco,"A black leather couch in a living room with two chairs, a table and a book case.",59243,
383621,mscoco,Commercial airliner flying  near mast on cloudy day.,93383,
3067,mscoco,a close up of a cat on a desk near a sandwich,60164,
566717,mscoco,A cat sitting in a bathtub behind the curtain.,15792,
386066,mscoco,Inside of an out house with the toilet seat up and a towel.,14893,
32817,mscoco,A man climbing on a toilet bowl in a closet,98405,
295945,mscoco,A man standing with a yellow motorcycle in park,74158,
371151,mscoco,A lit fireplace with decorative items on the mantle and a portrait above it.,31115,
124601,mscoco,A kitchen that has a counter with a laptop on it.,92751,
503200,mscoco,A shower has a removable shower head and a glass door.,68191,
365035,mscoco,A man is taking his own picture in a mirror.,88250,
579321,mscoco,The person walking the dog has dressed it in a torn shirt.,94309,
500019,mscoco,A woman with her pants pulled down on the toilet.,94943,
67491,mscoco,a large air plane flying in the air,6550,
423173,mscoco,A man in yellow jacket on black motorcycle with a tan teddy bear.,41787,
286813,mscoco,A child in a cart behind small pony on race track.,19860,
488240,mscoco,A man sees a double reflection in his mirror.,21086,
30685,mscoco,Motor vehicles on roadway in urban city setting.,66343,
561806,mscoco,A person digging in the sand near a bike,4275,
410221,mscoco,A jet liner flying above in the clear blue sky.,16879,
45596,mscoco,A view A large metal structure near the side of a building,96106,
246782,mscoco,Multiple people playing with a soccer ball on the beach.,46780,
388258,mscoco,"There is a bike that is parked by a bench, and an airplane that is high in the sky",89094,
503765,mscoco,Two vintage cars are parked at a car show.,36271,
381709,mscoco,A plane parked on the runway in the distance,53367,
400596,mscoco,A bathroom has a sink and a bathtub.,80883,
361124,mscoco,A man is holding an umbrella beside a truck.,6456,
437910,mscoco,A bathroom located off of a dirty kitchen,85190,
102609,mscoco,"A computer, keyboard and mouse sitting on a desk.",70494,
382438,mscoco,A large bathroom with a row of white sinks in it,26308,
391674,mscoco,A park bench is beside a stone wall and a flowering bush.,18878,
578962,mscoco,A busy city street filled with cars at night,9289,
42102,mscoco,A young man is dressed in a school skirt outfit.,18399,
52161,mscoco,A woman riding a red motorcycle wearign a helmet,37343,
173819,mscoco,A pink bathroom with hello kitty towels and curtains,46388,
563127,mscoco,Three blue and white airplanes are on an airport runway.,91329,
204360,mscoco,A view of people riding bicycles and unicycles in the street from a front bus window.,46957,
89378,mscoco,A young man in full racing gear standing by his bike.,5724,
506471,mscoco,two motorcyclist driving on an empty road near evergreen trees,9400,
102746,mscoco,a large group of people at a ranch,57395,
67553,mscoco,A room with urinals lined up on both sides.,6315,
318464,mscoco,A couple of bicycles sitting in a large garden.,28296,
22396,mscoco,a plane flying by a bright moon in the sky,17471,
122869,mscoco,A large kitchen with white cabinets and two tables.,23064,
72935,mscoco,A bathroom with two large white dressers and sinks,24638,
398792,mscoco,Two giraffes grazing from feeder next to trees.,81820,
512982,mscoco,A sink sitting underneath a bathroom mirror with plants.,63249,
511469,mscoco,an airplane on a beach with a lot of people looking up at it,83239,
410855,mscoco,Long line of cards on a busy street at night.,82675,
15954,mscoco,Two giraffes in a outdoor shelter under a net.,48265,
168200,mscoco,Commercial jet airplane flying in clear blue skies.,65272,
263834,mscoco,Person riding a motorcycle with someone holding a child.,86208,
576871,mscoco,A gang of bikers driving down a rural country road.,87322,
162643,mscoco,A bathroom stall that has very dirty walls.,98816,
503135,mscoco,A man riding on the back of a motorcycle down a street.,83485,
459921,mscoco,A woman is holding a camera by a bathroom.,15217,
135914,mscoco,A stuffed bear is sitting next to a computer monitor.,9606,
563009,mscoco,A herd of sheep walking across a lush green field.,82791,
137490,mscoco,A small bird sitting on the handle of a car door.,66407,
186632,mscoco,A flat screen TV sitting in a living room in front of a dining room table.,18331,
187424,mscoco,A white toilet sitting between a car and a truck.,47865,
83844,mscoco,a sign a street a green car and a person with a black umbrella,54338,
101933,mscoco,Two men riding on a motorcycle with a young girl.,12311,
192079,mscoco,A woman preparing food inside of a kitchen.,8440,
157021,mscoco,A large jet flying through a gray sky with four engines.,63134,
228350,mscoco,People are eating at an outdoor cafe at tables with red umbrella tops.,10556,
518348,mscoco,Two giraffe standing next to each other on a dirt field.,3386,
168626,mscoco,A white toilet sitting in a bathroom next to a sink.,73425,
471175,mscoco,Little dog in a shirt sitting next to owner's feet,27678,
158497,mscoco,A kitchen filled with lots of dogs near a dishwasher.,51970,
10643,mscoco,A bathroom sink sitting underneath a mirror in a bathroom.,61952,
49942,mscoco,A man in shirt and tie holding an umbrella.,70118,
553558,mscoco,A white sink sitting underneath a mirror in a bathroom.,66709,
141910,mscoco,A white toilet sitting under a window next to a sink.,45721,
574280,mscoco,A bus with a large picture of a woman's face on back of it.,61287,
470423,mscoco,Motorcycles and helmets are parked on the sparse grass.,59823,
351133,mscoco,A woman holding a tooth brush while wearing black.,24146,
485237,mscoco,Two large jets sitting on top of an airport runway.,68322,
282134,mscoco,Guy poses for picture by kitchen sink with two dogs,39509,
432125,mscoco,A stuffed toy sitting at a dining table with a frosted cake and cups.,59585,
414324,mscoco,Sinks in a public restroom with exposed brick and plumbing.,37212,
239041,mscoco,A television is reflected from a bathroom mirror.,31695,
92014,mscoco,Floor length urinals in a tiled public restroom.,45707,
52661,mscoco,Traffic on a dock next to a moored sailing ship.,9758,
328959,mscoco,"A bathroom with a toilet, shower and an hanging chain to flush the toilet.",68630,
281221,mscoco,a giraffe walking through trees on a sunny day,15474,
461245,mscoco,group of giraffes mingling in a stand of trees,22761,
566278,mscoco,Red and black motorcycle parked near large 4 story building.,20033,
159500,mscoco,The narrow corridor of a restroom for men with stalls and urinals.,94846,
230232,mscoco,A picture of a group of fighter jets flying together.,18530,
317330,mscoco,A man looking over his glasses with a tie and suspenders on.,77237,
11703,mscoco,Inside a tram waiting to go out the door.,11038,
228506,mscoco,A cat laying bed in a small room.,66842,
323202,mscoco,A toilet that has three sea shells on top.,47667,
55432,mscoco,Crowd of airliners parked at a terminal with service vehicles.,55552,
214205,mscoco,a large air plane flying thru the air,67495,
511844,mscoco,A man carrying a large US flag on a horse riding down a town street,45948,
463037,mscoco,A plane site on a grassy country runway.,96294,
341006,mscoco,a god in a small cage sitting on a dog bed,31212,
549817,mscoco,The toilet is in a room with exposed pipes.,47962,
95595,mscoco,a person in a white t shirt cooking on a stove,37041,
222343,mscoco,a close up of a toilet with a poster on the wall,18486,
174043,mscoco,A man helping a child ride a bicycle on the street,47983,
264330,mscoco,A car with the nose of a shark eating a teddy,20560,
328780,mscoco,A cat is sleeping on a computer desk.,97587,
201496,mscoco,People crossing the street at a busy intersection,1166,
136770,mscoco,Two men walking down a street by a blue bicycle.,53995,
395621,mscoco,Group of men standing around a kitchen eating small sides.,26069,
519815,mscoco,The small bathroom has a bathtub without a shower.,27610,
310442,mscoco,A woman riding a bike with a cat on her,94498,
167540,mscoco,An airplane flying in a cloudy blue sky.,22768,
291634,mscoco,One bicycle is parked next to many motorcycles.,78148,
298629,mscoco,A woman leans against a kitchen counter as two boys clean pumpkins on a newspaper covered table.,43152,
199883,mscoco,"A car, a moped, and a bike rider are stopped at an intersection.",34179,
367452,mscoco,A clock is high up on the side of the tower wall.,81802,
491223,mscoco,A man holding a remote control in his mouth.,92006,
162867,mscoco,A large motorcycle is on display at a gathering of people,91932,
117718,mscoco,A row of urinals stand on a wall in a bathroom area.,43323,
315448,mscoco,A person is riding an orange motorcycle doing a hand motion,87346,
157669,mscoco,The silver refrigerator is across the kitchen from a black stove.,37694,
336695,mscoco,A person riding a motorcycle down a rural country road.,73657,
42182,mscoco,"A kitchen that has different types of pots, and pans on a stove.",67297,
442549,mscoco,A group of motorcyclists riding across the town,64593,
166565,mscoco,A computer desk topped with a desktop computer and a scanner.,53630,
257586,mscoco,a train with open doors at a terminal.,14894,
16896,mscoco,The kitchen is clean and ready to be used.,83113,
413056,mscoco,A doll sitting at a table with fake food.,36495,
89761,mscoco,A toilet seat behind a tree in the open outdoor.,98935,
127337,mscoco,A living room with a couch next to a  table and a lamp.,93053,
7722,mscoco,A cat lying in a white sink in the bathroom.,52482,
221869,mscoco,A shot of an empty bathroom with a walkin shower.,18434,
88988,mscoco,A kitchen being remodeled covered in lots of clutter.,71061,
415218,mscoco,A stop top oven in a kitchen next to a couple of windows.,35766,
26573,mscoco,A crowded street in an Asian country is full of people with umbrellas.,88015,
114147,mscoco,A group of people riding motor scooters down a street.,2569,
303603,mscoco,People standing next to tree looking at an airplane flying over ocean.,47900,
246590,mscoco,A yellow motorcycle in front of a street with several people.,52050,
62491,mscoco,A man with a grey shirt and black jacket takes a picture of his bathroom while standing in the mirror.,4616,
49119,mscoco,A motorcycle parked near a harbor filled with boats.,47733,
391774,mscoco,A toddler playing with toy trains on a toilet.,80737,
409358,mscoco,A modern bathroom with square sink and backlit mirror.,19670,
172083,mscoco,Counter top inside a house designed with different colors.,96190,
392481,mscoco,A fighter jet plane ascending into the sky.,7177,
432702,mscoco,A man with an umbrella sits on the hood of a car.,26789,
159537,mscoco,A large clock tower with a wind indicator on top.,53856,
14821,mscoco,"A back pack by itself next to a backpack with beer, fruit and snacks.",74476,
398119,mscoco,A bus is driving down one side of the street.,44815,
267903,mscoco,A very old toilet and sink in an old room.,11936,
22963,mscoco,A white toilet in a white tiled bathroom.,57299,
235864,mscoco,A woman sitting next to a man on a bench.,60466,
240340,mscoco,A man leaning on his motorcycle along the roadside.,63298,
441225,mscoco,A bathroom with a tub and his and her sinks.,47193,
88556,mscoco,A large jetliner sitting on top of an airport tarmac.,89693,
63855,mscoco,A train with it's doors open sitting next to a platform.,9597,
184789,mscoco,A airplane in the overcast gray sky over tarmac,90061,
540642,mscoco,A kitchen with wooden cabinets and a fridge,62130,
10290,mscoco,A bathroom with a blue shower curtain and blue walls.,34839,
156098,mscoco,"A late night, long-exposure picture of a city street.",84046,
51143,mscoco,A teddy bear sitting in between a display of books on a table.,92605,
46099,mscoco,A stop sign that looks likes it made of crinkled paper.,42820,
554377,mscoco,A view of inside of a car where a cat is laying down.,66790,
561783,mscoco,"A clean, organized kitchen decorated in white, brown, and red.",92276,
251716,mscoco,A dog in a bandana and Harley Davidson gear.,70954,
293802,mscoco,A boy performing a kickflip on his skateboard on a city street.,17733,
211756,mscoco,"Red hot water cooker, bowl of fruit, bananas, cereal and a sliced orange sit on a white tile kitchen counter tip.",92693,
143450,mscoco,A piece of cake on a plate on a table.,40328,
273859,mscoco,"A kitchen area with stove, shoveling and a dishwasher.",10423,
5314,mscoco,"A bathroom area with toilet, sink and black curtain.",87234,
27648,mscoco,A row of white urinals in bathroom below windows.,84752,
480472,mscoco,Women smiling looking into a mirror while fixing their hair.,99486,
264660,mscoco,A computer is on a desk in a blue room.,44215,
250540,mscoco,Men in hard hats are on small motorcycles.,53750,
318066,mscoco,Picture window of Vietnamese restaurant says closed.,27415,
577526,mscoco,A black and white cat is laying on a green pillow on top of a desk.,76234,
563605,mscoco,People gathered talking in a plaza while one holds an umbrella.,22343,
359277,mscoco,Rows of motorcycles in parking lot next to buildings.,63111,
130555,mscoco,A kitchen with a lot of cabinets and stuff on the table.,98675,
381482,mscoco,Black and white motorcycle parked on a sidewalk.,11598,
535889,mscoco,A person with a robe on is fixing something on the ceiling.,69192,
330079,mscoco,Blue and grey fighter jet flying in a clear blue sky.,76074,
433915,mscoco,A double image of a comedian and a singer on the television screen.,81672,
505849,mscoco,"A bathroom has a toilet, sink, mirror and bidet.",59206,
20760,mscoco,a close up of a bath room counter with items,41132,
292810,mscoco,Restroom full of many urinals with smell eliminators.,67937,
393410,mscoco,A  large air plane flying in the blue sky.,92129,
117093,mscoco,A very nice looking motorcycle parked near some bushes.,25980,
62210,mscoco,a bath room with a toilet a bath tub and a sink,79981,
182423,mscoco,A photograph of street sign and traffic light.,66898,
96420,mscoco,Brown horse pulling a white and red cart on a street.,50130,
397268,mscoco,I am unable to see the image above.,92639,
147872,mscoco,A person on  skis heading down a snowy slope,83607,
419790,mscoco,a number of people on bikes under a traffic light,61062,
106661,mscoco,a number of motorcycles in a lot,82608,
451877,mscoco,A small plain looking rest room with a tub and toilet.,2898,
362219,mscoco,A very nice coffee mug with lots of writing.,32163,
393180,mscoco,a person sitting on the ground in front of a stove,29188,
333406,mscoco,The woman smiles while posing with a big cat in her arms.,76482,
507927,mscoco,a number of people riding motorcycles on a city street,97292,
537241,mscoco,A big thick tasty looking pastry with icing on it.,7343,
107427,mscoco,A toilet in a small room with a window and unfinished walls.,2261,
203085,mscoco,a man sits on a toilet as he plays on a computer,75260,
97036,mscoco,The two young children are playing with a plastic chair.,84152,
391834,mscoco,A man is walking while holding a racket on a tennis court.,21192,
117535,mscoco,A bathroom with towels draped of the curtain rod,99207,
271680,mscoco,A cute orange cat sitting on top of a structure.,5594,
294209,mscoco,A woman is putting on make up in front of several mirrors.,7174,
114401,mscoco,"A kitchen area that includes a stove, sink and cabinets.",21792,
24636,mscoco,Looking into the mirror of a residential bathroom,29197,
544009,mscoco,A small grey rat floating in the bowl of a toilet.,12028,
104803,mscoco,a toilet with glitter paint on it,17668,
246327,mscoco,A dark picture of a  very clean dark colored kitchen.,81827,
529507,mscoco,A glass shower stall in a white bathroom with a window,85627,
4069,mscoco,Black and white photo of two men riding bikes.,57295,
432623,mscoco,A woman on a motorcycle smiles next to a man on a bicycle.,99166,
175212,mscoco,A bathroom with a low roof diagonally located above it,54291,
17953,mscoco,A bunch of groceries are piled onto a table.,33402,
251252,mscoco,The shiny motorcycle is being shown on a display.,50266,
158292,mscoco,A group of women cooking in a restaurant kitchen.,93256,
25378,mscoco,A sign for a restaraunt and bar outside,70484,
325836,mscoco,A fancy motorcycle parked on a red carpet,20534,
30432,mscoco,"A bathroom with a tub, toilet and sink.",12011,
290798,mscoco,Heavily loaded green truck with passengers on back in roadway in urban area.,95213,
269287,mscoco,A white bathroom sink with a vase of flowers on it,69935,
8922,mscoco,A couple of chairs and a counter in a room.,49535,
322122,mscoco,A white toilet bowl with a cleaner thing in it,82196,
117543,mscoco,A large commercial aircraft flying in the sky,31042,
425151,mscoco,Bright room with a couch and various different dressers.,42243,
350341,mscoco,Grey bird in a wooden basket eating bread.,86365,
397514,mscoco,A red and yellow bus next to some bikes,75287,
16590,mscoco,A woman is standing in front of a stove,11740,
402328,mscoco,two men on different styles of motorcycles,28153,
9801,mscoco,A person near a bike and a car on a street.,57407,
521995,mscoco,A laptop on a desk in a room.,86024,
196342,mscoco,An empty narrow bathroom with the sink outside of the door.,38516,
231795,mscoco,A kid standing there looking at his snowboard on the snow covered walkway.,7513,
422706,mscoco,People watching off the side of a cruise ship as a life boat is lowered.,45803,
98523,mscoco,A large airplane and a truck next to a building.,80981,
181963,mscoco,A black cat sleeping on the hood of a warm car.,83007,
216218,mscoco,A toilet that is sitting in a bathroom with the light on.,20617,
470623,mscoco,A cat that is laying down underneath a car.,71245,
54133,mscoco,A messy kitchen in a wooden house in the country.,47080,
129135,mscoco,Yellow Train stopped at the station in front of a bench.,59053,
377352,mscoco,Two bikers riding their bikes on the road stopped in front of the line.,95952,
519542,mscoco,A woman riding on the back of a purple motor scooter.,79080,
504970,mscoco,A toilet that is outside next to a fence.,44344,
290078,mscoco,A toilet sitting outside a building in an alley.,40350,
578314,mscoco,Public toilet with the lid up and a garbage can nearby.,93807,
550529,mscoco,A motorbike sitting in front of a wine display case,13838,
10463,mscoco,A woman with red hair sitting on a bench.,38586,
538364,mscoco,A policeman on a motorcycle at night watching pedestrians cross a street,53184,
371069,mscoco,a toilet a shower a sink and a white cabinet,83484,
149571,mscoco,A teenager riding a skateboard down a street.,61242,
328797,mscoco,A kitchen with lots of dishes and appliances next to cooking utensils.,93015,
378502,mscoco,A person on a motor bike and a car on the street.,98503,
433919,mscoco,Many packages of toilet paper are unwrapped next to the toilet in a messy bathroom.,46804,
540782,mscoco,A wooden bench and a fence with some flowers.,6170,
533978,mscoco,A white stove with two metal pots on its back burners.,59044,
115178,mscoco,An airplane flying in the sky with smoke coming out of it.,22839,
308730,mscoco,A kitchen with a stainless steel stove.and white cabinets.,24270,
219916,mscoco,The bathroom is adorned with green rugs and a green shower curtain.,58871,
64155,mscoco,A grey and black bathroom with an odd shape vanity.,84465,
79024,mscoco,Black motorcycle sitting outside a wooden door on bricks.,22129,
459934,mscoco,A toilet sitting on its side beside a bunch of old stuff.,97341,
287545,mscoco,A couple of giraffe standing in a building.,30496,
209186,mscoco,A giraffe standing next to a tree and some rocks.,54080,
47263,mscoco,A man stops by a truck with a dog.,30184,
576650,mscoco,People walking down the street while some people ride their bicycles.,54772,
482436,mscoco,The woman in the diner and the man looking into the window are making eye contact.,80594,
45195,mscoco,"A break room has a table, phone, lamp, sink and other appliances.",53153,
304409,mscoco,a big bathroom with colorful tile walls and fancy lights above the sink,23467,
50443,mscoco,A filthy sink and toilet are seen from above.,41807,
62865,mscoco,three giraffe stretching there necks to reach high leaves,43817,
162858,mscoco,cars setting at traffic light leading to capitol building,41981,
395324,mscoco,a bluish motorcycle parked on sidewalk in park,75911,
320951,mscoco,"A bathroom with a toilet, sink, counter and large mirror",21600,
303738,mscoco,A person rides an ATV with other ATVS,45895,
319706,mscoco,A cat sits on a desk in front of a computer.,9152,
447596,mscoco,"A clean, organized bathroom with accessories in it.",68313,
291791,mscoco,A green motorcycle parked on top of a green lawn.,7494,
102906,mscoco,A street devoid of traffic surrounded by tall buildings.,21323,
528470,mscoco,A lamp with a shade sitting on top of an older model television.,95866,
131138,mscoco,a desk with a cup plate laptop monitor and keyboard,18814,
173340,mscoco,a female in a gray top is holding a cellphone,69359,
209788,mscoco,A red traffic light sitting at the corner of a building.,94194,
176519,mscoco,A man standing in the ocean next to a young child.,87774,
471097,mscoco,A white car parked next to a parking meter in front of a parking garage.,44721,
315196,mscoco,A man riding a bike down a street with a woman.,55781,
466981,mscoco,A man standing next to a car in the snow.,83210,
22371,mscoco,a man sitting at a desk in front of a laptop computer,47886,
351362,mscoco,A white bath tub sitting next to a toilet.,17831,
579693,mscoco,There is a toilet in a narrow bathroom.,29032,
354685,mscoco,A woman standing next to a standing toilet.,70907,
430245,mscoco,A man riding on the back of a motorcycle on a field next to a dog.,4583,
95300,mscoco,A walk in shower next to a white sink.,77366,
336232,mscoco,A city street filled with lots of traffic and people.,60498,
554500,mscoco,A pretty young lady sitting in a room with computers.,98082,
457687,mscoco,A pair of remote controlled planes flying through the air.,45767,
278760,mscoco,A large jetliner flying over a tall building in the sky.,15015,
94940,mscoco,A red vase sitting on top of a glass table.,27956,
116517,mscoco,A couple of doctors sitting in front of a sound board.,6406,
298547,mscoco,A group of people sitting and laying next to each other.,75875,
499842,mscoco,a computer desk with a computer and laptop on top,61596,
300066,mscoco,A jumbo jet airplane parked with a person checking it.,91442,
555677,mscoco,A white toilet sitting underneath a picture on a wall.,68172,
514294,mscoco,A kitchen with lots of clutter and an open drawer.,36361,
224138,mscoco,A red plate topped with a chocolate pastry.,37597,
86696,mscoco,A wooden center island in a kitchen next to two flat screen TVs.,48046,
174482,mscoco,a blue bike parked on a side walk,27689,
204832,mscoco,a bathroom with bright lights and white carpet,38006,
273494,mscoco,a hotel rooom  with two beds and a food tray on one bed,28091,
38829,mscoco,A man riding a bicycle with a boy on the back of it.,10115,
536782,mscoco,A person on a snowboard does an air trick.,21868,
250794,mscoco,Bikes are shown lining the roads and the rails.,44053,
260635,mscoco,A laptop sits on a toilet seat in a black and white photo.,95738,
199404,mscoco,A woman is taking a selfie in her bathroom mirror.,77568,
299649,mscoco,a white plane sits on a tarmac near a row of parked cars,71359,
404792,mscoco,a row of parked vintage motorcycles and bicycles,8719,
116786,mscoco,Commode in brightly lit  area of old building.,90131,
313063,mscoco,"A bathroom with a sink, toilet, tub and mirror.",56791,
561403,mscoco,"The computer desk has a laptop, a monitor, and a tablet PC on it.",30424,
7214,mscoco,"the sink, mirror and toilet in a white bathroom",17963,
6033,mscoco,A boy that is standing next to an animal.,25333,
309434,mscoco,Two planes fly next to each other with only the sky visible in the background.,63792,
289343,mscoco,A man is riding a large bike through the park.,42395,
117725,mscoco,A view of a building with two clocks on it.,26047,
225505,mscoco,"A bathroom with a stained glass and stone wall and tile of different shapes, sizes, and colors decorating the floor and walls with a toilet visible.",300,
464033,mscoco,A large tower that has a weather vain at the top.,39132,
543193,mscoco,A very big lady riding a bike on the street.,19057,
64313,mscoco,A group of giraffes next to a fence.,97016,
129864,mscoco,A man sits in a car with a cat in his lap.,41173,
267537,mscoco,A black and white scene with two couples under umbrellas and rain jackets sitting at a stadium.,90414,
84533,mscoco,A woman dressed in leather poses on a motorcycle.,25966,
334941,mscoco,A woman leaning up against an outside wall using her cell phone.,26707,
434415,mscoco,A smiling man in a hat sitting in a car.,44783,
481113,mscoco,A man sleeping on a navy blue pillow with a TV monitor in place of his head.,77884,
127788,mscoco,"Bike racks lined up along a road, filled with bicycles.",96457,
378276,mscoco,A group of men standing in a large kitchen.,9765,
51741,mscoco,A white toilet and sink in a room.,10736,
498286,mscoco,a vety cute furry dog posing near a big sign.,42200,
66231,mscoco,a number of people in a kitchen preparing food,16781,
199481,mscoco,a person riding a motorcycle on a road,30289,
188891,mscoco,A plane that is flying over the trees.,4581,
418699,mscoco,Two scissors that are interlocked on a table.,96738,
77628,mscoco,A group of people on motorbikes sit at a crosswalk.,80921,
244151,mscoco,a person riding a skate board on a city street,28349,
25860,mscoco,a man with some drink in hand stands in front of a counter,28386,
56212,mscoco,The bowl of a white porcelain bidet with the seat raised.,8824,
324266,mscoco,The bathroom is clean for the guests to use.,11558,
103134,mscoco,Two ladies are standing near a few toilets.,58174,
497875,mscoco,a number of small planes behind a fence,9446,
335827,mscoco,A close up of a very large church with a clock.,31285,
560440,mscoco,A view of a crosswalk that leads into a intersection.,2191,
295051,mscoco,a close up of a cat on a desk near stuffed animals,25142,
62685,mscoco,A plane that is flying in the sky over two houses.,96229,
309836,mscoco,A bird seems to be flying high in the air.,97740,
214869,mscoco,A woman sitting down with a large cell phone holder on her pants.,28175,
317254,mscoco,"Someone is on their motorcycle, in his gear.",11258,
466665,mscoco,The microwave and the stove have the same design.,58244,
227480,mscoco,a bath room with a toilet near a window,72614,
285681,mscoco,A commercial airplane either landing or preparing for take off.,31671,
581402,mscoco,A calico cat curls up inside a bowl to sleep.,97840,
453799,mscoco,A man sits on top of a motorbike.,94640,
378709,mscoco,The small bathroom has wooden cabinets around the sink.,88983,
119709,mscoco,Someone is preparing many donuts at one time.,89720,
347753,mscoco,"Doorway view to a bathroom with sink, bathtub and toilet.",22834,
553747,mscoco,A small black sign on the refrigerator door,86895,
415194,mscoco,A kitchen that has a table and a chair.,79575,
544432,mscoco,A group of people that are gathered around a table.,18319,
124004,mscoco,A kitchen area is shown with a bar.,41448,
198563,mscoco,A cat sitting on a toilet seat while the cover is up.,99753,
72912,mscoco,A huge hole in the middle of a bathroom.,83983,
246717,mscoco,A lot of traffic are traveling near the green lights.,92623,
142324,mscoco,A person on a motor bike on a street.,5820,
50125,mscoco,A silver and red bus in parking lot next to cars.,1206,
275781,mscoco,A woman in red shirt standing in bathroom with sinks and a television.,22071,
235663,mscoco,The wing of an airplane over a large area with mountains.,20633,
528386,mscoco,A bar is shown with a tv and decorations.,57348,
566456,mscoco,A person on a motor bike on a city street.,9025,
569,mscoco,A woman in a trench coat playing with her kite,58817,
1803,mscoco,A modern day bathroom with a unusual sink,32367,
238389,mscoco,A small empty bathroom with brown painted walls,42040,
147030,mscoco,A couple of white toilets in a small room.,55030,
230615,mscoco,A man riding down the street in a horse and carriage,26864,
285664,mscoco,A open metal oven with a rack for cooking.,83556,
467755,mscoco,A giraffe that is standing behind a tree.,62805,
494869,mscoco,A woman standing at a kitchen counter with a child and a dog is behind her.,45767,
176697,mscoco,A dog sticking it's nose out of a crack in a window.,54555,
470256,mscoco,"A kitchen area with sink, dishwasher and refrigerator.",54785,
46736,mscoco,A person on a surfboard rides on a wave.,21254,
165986,mscoco,A man in patterned jacket standing on ski slope.,59978,
359563,mscoco,A kitchen with a number of cherry colored cabinets,17407,
124607,mscoco,Small white toilet sitting next to a small white sink.,7660,
196371,mscoco,A cat sitting on top of an old abandoned car.,95971,
398304,mscoco,The steering wheel of a bike with many gadgets parked in a mud room.,67025,
74058,mscoco,A sidewalk next to the outdoor sitting area of a restaurant.,85179,
42492,mscoco,A kitchen with a center stove top island.,96523,
337011,mscoco,A bike parked in front of a store with a basket.,34337,
566042,mscoco,Six giraffe are standing looking in the same direction.,77201,
494014,mscoco,Outside of a Chinese grocery in the city.,84640,
50981,mscoco,a dining room table with a plate of food next to a wine bottle and some glasses,70863,
242679,mscoco,"A seat under a mirror onboard a train, next to a cluttered counter.",15400,
406813,mscoco,A mattress is laying on a shiny wooden floor.,99699,
136715,mscoco,A man on a motorbike rides down the street.,65002,
172439,mscoco,Many people are gathered to watch a motorcycle race.,73673,
38259,mscoco,Plane in window with cloudy sky and chairs,21155,
445561,mscoco,A small private plane that is coming in for a landing.,58250,
551849,mscoco,A young man with a hat on trying to eat a banana.,74055,
556633,mscoco,This master bedroom has a bathroom behind glass walls.,24625,
56350,mscoco,A picture of people is on the floor near a urinal.,1920,
430519,mscoco,A yellow and blue bus driving down a curvy road.,75571,
300324,mscoco,A white and black checkered floor in a kitchen.,76283,
26799,mscoco,A couple of giraffe standing next to each other.,36056,
49371,mscoco,A woman riding a biek down a sidewalk.,56500,
458054,mscoco,A row of white toilets sitting on top of a dirt ground.,5910,
256941,mscoco,a bicycle with a basket and a blue and pink umbrella,94394,
340559,mscoco,There are two sinks next to two mirrors.,56427,
430287,mscoco,That tub is usually one found in a nursing home.,52500,
379740,mscoco,a counter a white toilet and toilet paper and black tiles,51244,
494438,mscoco,The bathroom is structured like they are old buildings.,80066,
217181,mscoco,They are standing next to some stylish motorcycles.,55373,
224595,mscoco,I think that the plane has just taken off.,99061,
540556,mscoco,A midair shot of a guy doing a trick in a skateboard halfpipe.,98196,
62251,mscoco,Firefighters are riding in the back of a fire truck.,68178,
517523,mscoco,A 787 airplane is landing at the airport.,82488,
314986,mscoco,A black and white photo of a bicyclist.,84305,
480752,mscoco,there is a bench on a very high hill or mountain,30231,
422870,mscoco,Two motorcycles sitting in a trailer that's being pulled behind an RV.,9572,
149184,mscoco,"A kitchen with a stove, microwave, telephone, table and chair.",40104,
150788,mscoco,a close up of a bunch of bananas and a container of garlic,7616,
328805,mscoco,this bathroom has a black table and a white animal house,51653,
87493,mscoco,a cell phone painted on a wall near a bike,86856,
77951,mscoco,"A plate with a slice of bread, green peppers and meat on it.",40094,
273556,mscoco,An image looking down in to a toilet.,91725,
152176,mscoco,A bike is parked alongside the lake shore.,67703,
319696,mscoco,A red microwave on a tile kitchen counter.,32188,
329687,mscoco,A dog and a couple sitting on a wood bench.,28122,
345401,mscoco,The toilet is in a separate area away from the sink.,84345,
1722,mscoco,A person riding a bike in the rain while holding an umbrella.,77933,
55295,mscoco,a person in front of a tv with a gun,38532,
466939,mscoco,A MOTORCYCLE DRIVER SPEEDING AROUND THE RACE RAMP,3873,
110359,mscoco,Commercial jet passing overhead on bright cloudless sky.,99410,
566321,mscoco,Man reaching for flying disc with defender attempting to prevent.,62406,
487192,mscoco,A bunch of garbage sitting in a cluttered area.,29551,
45746,mscoco,An updated kitchen with modern stainless steel appliances.,92722,
545735,mscoco,A woman holding a yellow umbrella next to a cathedral.,17927,
35222,mscoco,A standing toilet sitting underneath a window in a room.,51603,
257833,mscoco,A big commercial plane flying in cloudy skies.,95092,
97017,mscoco,a clean bathroom with tiled walls and a sink,18199,
329614,mscoco,a double deckered bus on a city street,92147,
199634,mscoco,a open kitchen with white color and wood,74621,
211141,mscoco,A black and white image of a lady on her cell phone while sitting down.,78750,
219589,mscoco,Black and white photo of posters and bikes on a brick wall.,78791,
270175,mscoco,A group of motorcyclists stay in a group in traffic.,27934,
574785,mscoco,one teo three for finb di bu bu,58116,
472160,mscoco,A person on a motorcycle with a stuffed reindeer on the window.,26201,
234291,mscoco,Lone giraffe standing in shade of tree in outdoor natural area.,28707,
197683,mscoco,man with long thick gray beard riding a motorcycle,94393,
55077,mscoco,A close shot of what seems to be a public restroom.,15666,
109178,mscoco,Urinals are lined up on a wall in a bathroom.,33070,
181359,mscoco,A group of elephants are walking on a dirt road.,30548,
104572,mscoco,a bath room with sinks and mirrors,88831,
33114,mscoco,A few meters are sitting near an Air plane.,60623,
225558,mscoco,A small airplane is parked on the runway.,9208,
223157,mscoco,A child on a skateboard is performing a trick on a slab.,63478,
223467,mscoco,"a bathroom with two sinks, a cabinet and a bathtub.",67692,
489687,mscoco,A cat sitting on top of a a black car.,9258,
299970,mscoco,A car is parked on the street by some signs.,84957,
192817,mscoco,A view from a window high up in the sky.,73935,
196490,mscoco,A man is riding a motorcycle in a race.,67191,
447038,mscoco,A bathroom showing a sink and a toilet.,15549,
88562,mscoco,A stove and a window in a room.,15097,
310532,mscoco,A white sink and toilet in a small room.,1028,
322031,mscoco,A group of people looking at an elephant.,40737,
439398,mscoco,A toilet in a bathroom with other bathroom accessories.,30762,
118401,mscoco,A giraffe and several elephants at the water's edge.,55022,
330604,mscoco,there is a yellow motorcycle that is parked on the street,59455,
237860,mscoco,there is a one way street sign under a street name sign,22732,
117584,mscoco,there is a female surfer that is riding a small wave,95071,
444209,mscoco,there are many motorcycles that are parked by each other,33620,
191687,mscoco,Two men and a woman that are enjoying themselves.,70935,
300245,mscoco,The bathroom is neatly decorated in a retro style.,24305,
524108,mscoco,Several motorcycles are stacked together side by side.,47294,
206684,mscoco,The man is sitting on the bench close to the asian section.,78973,
393814,mscoco,A white table topped with a laptop computer next to bowls of food.,25687,
418854,mscoco,A bathroom with a toilet and a sink next to a tub.,4715,
573962,mscoco,A picture of rush hour traffic on the streets.,92653,
162429,mscoco,tree are two woman standing in the rain under a pink umbrella,56412,
544583,mscoco,there is a male surfer riding a small wave,32119,
358629,mscoco,A man in the kitchen is doing his job.,83555,
183500,mscoco,A person is flying a biplane in the sky.,16295,
375317,mscoco,A black stove top oven sitting next to a window.,43733,
429042,mscoco,A group of people riding on the back of motor bikes.,10990,
22158,mscoco,A kitchen with white appliances and a window.,83639,
529968,mscoco,A cat is sitting on a motorcycle looking in the mirror.,31038,
16285,mscoco,A person on a skateboard on the road.,97689,
5535,mscoco,A man walking down the street beside a big bus.,21001,
210032,mscoco,Two birds preparing to eat food off of a plate that was left on a table outside by the ocean.,24663,
457683,mscoco,The motorcycle has a large cargo box attached to the seat.,64115,
221910,mscoco,A stone staircase and window in a building.,29417,
169936,mscoco,The view from an airplane window looking down on clouds and mountains.,6959,
50609,mscoco,A kitchen that has various stainless steel appliances.,74316,
1153,mscoco,A banana that is sitting in a bowl on the table.,99647,
549766,mscoco,A large giraffe is roaming in an outdoor area.,42603,
42406,mscoco,A runway for airplane with one dual propellor plane parked on the runway and a person walking away from the plane.,90811,
56426,mscoco,A modern sink is on top of a bathroom counter top.,45282,
567432,mscoco,A colorful plane flying over head and telephone wires,58339,
32587,mscoco,Sheep grazing on grasses on mound on nice day.,99423,
289388,mscoco,A man that has his near a toilet seat.,47794,
10977,mscoco,A bath and a toilet in a small room.,90771,
168580,mscoco,A person sitting on a motor bike on a street.,44171,
291537,mscoco,there is a snowboarder riding down a hill or mountain,3690,
229358,mscoco,A man standing in front of a mirror in a room.,39807,
274773,mscoco,there are many bikes parked outside a pizzeria,65338,
212545,mscoco,a girl wearing a cowboy hat while holding a dog,31322,
129756,mscoco,A man that is standing in the grass near animals.,56805,
545913,mscoco,A close up shot of what appears to be an air plane.,90652,
101270,mscoco,Four air planes are flying in the air leaving fog.,40056,
171360,mscoco,A person on a motor bike on the street.,92779,
283028,mscoco,A small cat is standing near the computer keyboard.,24370,
402233,mscoco,Many people are together in the kitchen.,18964,
376284,mscoco,A fire hydrant and some cars on a street.,6521,
194555,mscoco,there is a large sign that says a street name on it,61425,
437218,mscoco,this living room has a small tv and a lamp next to it,24399,
47559,mscoco,there is a small bathroom that is white and has a toilet,3546,
36053,mscoco,A bathroom with a shower and a sink.,43077,
22621,mscoco,A kitchen with an oven and a dishwasher.,90105,
25668,mscoco,a male and female and she is holding a white umbrella,26230,
457453,mscoco,Streetlights are lighting up the night on a street.,66115,
193720,mscoco,A toilet and a computer monitor on the ground.,27517,
337984,mscoco,A couple of sinks in a large room.,73504,
467130,mscoco,there are people sitting on benches as two woman walk by,21785,
104393,mscoco,A group of people are playing some musical instruments.,93755,
314515,mscoco,A car is carrying several bikes on a bike rack.,15657,
50521,mscoco,this bathroom has a green tub and a toilet chair,96975,
194184,mscoco,A couple of cars and some watermelons on a street..,53232,
507473,mscoco,A girl is taking a selfie while brushing her teeth.,7189,
106470,mscoco,A large blue octopus kite flies above the people having fun at the beach.,15753,
535750,mscoco,there is a man wearing a hat and talking on the phone,7963,
565797,mscoco,An orange striped tabby cat laying on top of a red vehicle's wheel.,43979,
570834,mscoco,Bikes are being transported in a subway car.,56396,
53058,mscoco,there is a older man sitting and using a lap top,73112,
87998,mscoco,there is a black motorcycle parked outside in the dirt,42727,
269017,mscoco,there is a desk chair sitting by the door of a bathroom,70618,
512760,mscoco,A simple bathroom has various classic decorations around it.,91801,
547293,mscoco,there is a airplane that is being boarded at the airport,52261,
511713,mscoco,Airplane with vapor trails from other aircraft flying above,94084,
203705,mscoco,A laptop computer on a white desk with various office work and two cups beside it.,70663,
534516,mscoco,there is a police man that is talking to people,77766,
524637,mscoco,there is a white toilet and tile floors in the bathroom,18680,
432529,mscoco,there are two giraffes standing very close to each other,10344,
328316,mscoco,A no left turn sign hanging from the side of a wooden pole.,75313,
290959,mscoco,Crowd of people in front of Amtrak train with bench,64911,
340778,mscoco,Adults on motorcycles with car and crowd on street,96888,
548201,mscoco,Toilet with soap and cleaners on tile with white walls,81814,
487583,mscoco,A white toilet and cup in a room.,24567,
514982,mscoco,A couple of white sinks and a mirror in a room.,41868,
402330,mscoco,A white toilet on the ground by some junk.,47143,
45099,mscoco,A woman's reflection of her taking a picture of a sink and toilet.,58467,
244299,mscoco,A small white airplane high up in the sky.,15663,
97434,mscoco,A person on a street next to a motor bike.,61731,
114790,mscoco,A small child standing with a toothbrush in hand.,18189,
96001,mscoco,"A table topped with a book, umbrella and other items.",67815,
176793,mscoco,a beautiful lady with a very nice motor bike,96618,
465424,mscoco,A group of bikers sitting out in front of a store near a street.,17564,
268725,mscoco,a cyclist with a motorbike moving very fast,7603,
