case_number,source,prompt,evaluation_seed,celebrity
292663,mscoco,A white and red bus driving down a street.,52918,
166260,mscoco,A metal pole with street signs attached to it's sides.,62948,
521804,mscoco,A lush green field with animals grazing on top of it under a snow covered mountain range.,91561,
13659,mscoco,A man sitting in front of a laptop computer in an office.,88881,
48014,mscoco,A man walking a down down a sidewalk.,50311,
175469,mscoco,A couple of boats floating on top of a body of water.,88523,
252940,mscoco,A woman holding an umbrella over another man.,25251,
101068,mscoco,A baseball player holding a bat while standing on a field.,18824,
499705,mscoco,A man wearing a camouflage hat while eating cake.,51297,
203110,mscoco,Orange streetcar stopped at a pick up point along a line.,71100,
436138,mscoco,A small house with a wooden door and a wooden balcony.,11928,
370602,mscoco,A crowd of people standing outside of a parked bus.,89820,
327070,mscoco,A blue bus driving down a curvy street.,52043,
2822,mscoco,The sky is cloudy over a stop sign.,57220,
382211,mscoco,Giraffe holding it's head mid way with a wooden gate behind it.,25648,
282808,mscoco,A wooden park bench overlooking a valley full of trees.,3496,
368663,mscoco,A person driving a car towards an overpass.,969,
244344,mscoco,A blue bus parked in front of a building.,28647,
371973,mscoco,A small yellow airplane is on a grassy runway.,42771,
445606,mscoco,A bus driving down a street next to tall buildings.,41698,
383026,mscoco,A bench sitting in a park next to a tree.,44798,
411630,mscoco,A couple of jetliner sitting on top of an airport runway.,37907,
564088,mscoco,a few people that are inside a fence,9936,
55768,mscoco,A blue double decker bus driving down a street.,13678,
547783,mscoco,Some very pretty giraffes in a big grassy field.,21303,
128051,mscoco,A green bus with a smaller bus sitting on top of it.,35439,
101703,mscoco,a busy street with people a red double decked bus and a clock tower,5957,
463325,mscoco,Awoman is standing beside a stop sign in a museum.,21694,
297669,mscoco,A woman in red sweater with dog and sheep in grassy field.,82528,
536168,mscoco,"Trains on a track, one with freight boxes.",1208,
456638,mscoco,A beautiful woman in a black skirt getting off a train.,3900,
140974,mscoco,Upward closeup of crossed street signs in a winter setting.,96226,
359843,mscoco,A fire hydrant in the grass near the curb with the remnants of melting snow,53133,
409088,mscoco,A paper sitting on top of a white plate near a small bird.,10968,
109441,mscoco,A square reflective glass building sitting next to a street light.,72532,
489382,mscoco,A herd of sheep crossing a bridge over a river.,74690,
301262,mscoco,a stop sign and a bus stop sign,37045,
258141,mscoco,A man laying on top of a bed inside of a train room.,62919,
58123,mscoco,a bus that is driving down the road,50250,
391825,mscoco,A herd of white sheep standing on top of a green field.,84736,
130619,mscoco,a giraffe with a man sitting in front of the girraffe,26090,
242852,mscoco,A train traveling down a train track next to a big tree,93652,
263346,mscoco,A large jetliner sitting on top of an airport runway.,67222,
97080,mscoco,A train traveling down tracks next to a train station.,96570,
76417,mscoco,A dog is sticking it head outside of a car window,72991,
107840,mscoco,A bus traveling past a traffic light next to a tree.,45159,
269172,mscoco,A group of men standing behind a man in a wheel chair.,44764,
67969,mscoco,A man wearing glasses with a bird over his right shoulder.,46289,
232954,mscoco,A green train traveling down train tracks next to another train.,79156,
32673,mscoco,We are looking at a model train coming down the track.,33344,
564129,mscoco,A red train parked in front of a loading platform next to passengers.,48303,
223413,mscoco,A cat laying on the ground next to a woman's shoes.,44680,
491881,mscoco,A large crane lifting up a school bus on  a parking lot.,9757,
331600,mscoco,A picture of many brick building and a large sign outside.,72831,
31339,mscoco,Their are cars under an over pass at a red light,84327,
164583,mscoco,A bend sitting in a park along a dirt road.,99043,
127751,mscoco,A white and blue bus driving past houses on a city street.,61499,
416960,mscoco,A sheet cake with a farm scene on top of it.,75220,
426611,mscoco,A train with open doors waiting on passengers at a train station.,35449,
482526,mscoco,A group of four birds sitting on top of a tree branch below a clock tower.,69334,
384995,mscoco,A young boy riding skis on top of a snow covered slope.,11500,
402027,mscoco,A giraffe standing next to some trees in a field.,17963,
140686,mscoco,A long yellow and red train traveling down tracks.,72375,
480075,mscoco,A green and blue bus stopped to discharge passengers.,5118,
45075,mscoco,a couple of buildings grouped together next to some power lines,41200,
28993,mscoco,a couple of yellow poles are on the street,79718,
306421,mscoco,"A bird sitting in a tree, in the middle of a clear day.",31886,
290570,mscoco,A herd of sheep standing on top of snow covered field.,94491,
364587,mscoco,Old rusted transit train cars sit on the tracks.,92854,
175774,mscoco,a small brown and white bird sitting on a branch,36969,
112770,mscoco,some cats laying on a dock with their chins laying over the end,77266,
413839,mscoco,A man sitting on top of a bench next to a bird.,74793,
434035,mscoco,A cat stalks a bird perched on the side of a brick building.,28022,
169169,mscoco,"A banner in a metropolitan area reading ""spring in the city"".",11385,
29370,mscoco,An orange cat laying on top of a wooden table.,98783,
428399,mscoco,A sign near a wooden fence and a tree.,81232,
393647,mscoco,a large bus is up by the side of a curb,8385,
151005,mscoco,a wooden bench with some yellow and green leaves,86690,
442143,mscoco,Two tall giraffes eating while in a zoo.,1926,
343325,mscoco,"A bus traveling down the street, with Walton-Le-Dale written on it.",59588,
406217,mscoco,a school advertising on its store front window,88554,
211046,mscoco,The train rides down the tracks near a huge building in the city.,31544,
343606,mscoco,Three large turkies are walking through the dirt.,10971,
308678,mscoco,two men in in a white raft and a ship behind them,4732,
298627,mscoco,A large herd of sheep sit huddled together.,14629,
577524,mscoco,a couple of giraffes are standing in a pin,54834,
12016,mscoco,A close up of two street sings above the back of a stop sign.,86624,
395388,mscoco,some people and some white sheep in their pens,38719,
221017,mscoco,A rooster is walking on a grassy beach.,50943,
491282,mscoco,Some people are riding in a coach on a sunny day.,50097,
437303,mscoco,"A city with buildings, streets, and cars going down the road.",26787,
461802,mscoco,A red train sits in the station while a worker passes.,86489,
340637,mscoco,a pink hat and a cellphone on some weaved basket,98527,
44003,mscoco,A street sign that has been modified so the name is changed.,85351,
98248,mscoco,Close up from behind of a young giraffe standing with front legs splayed and head the ground by a fence outside.,38607,
319830,mscoco,A fisherman stands on the cold beach fishing.,68679,
234719,mscoco,A dog wearing a Santa Claus hat.,39190,
511623,mscoco,An antique train with green engine and red passenger cars.,6982,
32688,mscoco,A pair of giraffes and standing with a skyline in the background.,89713,
285992,mscoco,a bird is perched high up in a tree,94468,
558229,mscoco,A bus driver cleans off the windshield of the bus.,2988,
135319,mscoco,a mirror is on a pole by a light,93429,
12115,mscoco,Man in a coat walking with other people in the background.,15156,
436695,mscoco,A long necked bird with long legs by a swampy marsh.,97537,
195798,mscoco,A man sitting on a bench holding a blue umbrella with black dots.,22767,
74030,mscoco,a person and a dog in a fake train,36205,
231768,mscoco,many cars parked in a lot around several stores,96319,
202810,mscoco,A city street line with brick buildings and trees.,58469,
116667,mscoco,A double decker bus driving down a street past a tall building.,1558,
57345,mscoco,a giraffe is standing in a grassy field,41719,
375765,mscoco,A group of giraffe standing next to each other.,78110,
165039,mscoco,A bus driving in a city area with traffic signs.,80228,
547839,mscoco,a photo of a train heading down the tracks,30922,
572426,mscoco,Two different looking trains on the train track.,61640,
411866,mscoco,A yellow train going down the train track.,42314,
225177,mscoco,A yellow bus is going under a bridge,70257,
442539,mscoco,A bunch of sheep are standing in a field,62581,
57415,mscoco,A green and yellow train sitting under a metal structure.,39324,
97577,mscoco,A full view of a nice and comfortable bed with pillows.,7890,
471625,mscoco,A group of people standing on the outside of a building.,92154,
502752,mscoco,Two giraffes are in an enclosed area.,3814,
80213,mscoco,A black cat wearing a black beanie while laying on a red couch..,48256,
463211,mscoco,students wait for a bus to come pick them up.,83344,
102348,mscoco,a picture of a water hydrant with many snow.,85725,
534045,mscoco,An old green fire hydrant sits on a grassy curb.,91042,
175151,mscoco,A city bus is riding down the empty street.,84566,
383053,mscoco,A person with a mask and other cover with umbrellas,88345,
159320,mscoco,Cars are travelling on a foreign city street.,19467,
276971,mscoco,Two birds on a parking bay with cars,24305,
460967,mscoco,A colorful bus parked in a lot beside a tall building with many windows.,21165,
106508,mscoco,A police officer directing traffic in front of a yellow double deck bus.,18241,
227413,mscoco,Two jack o lanterns are outside on a rail.,47728,
52238,mscoco,Woman walking on train platform as train filled with passengers prepares to leave.,29028,
86840,mscoco,There is a yellow fire hydrant I. The street,64481,
232550,mscoco,a man standing on a sidewalk outside a parkded bus,5325,
296521,mscoco,A passenger train passes a freight train traveling in opposite directions,77998,
355441,mscoco,Buses and cars stopped at a traffic light.,80910,
465893,mscoco,there is a train that is coming down the tracks on the train,47938,
385322,mscoco,a long wooden dock having a bench and some people on it,23975,
310072,mscoco,a metal bench resting on a sidewalk with cars on a street in the background,91900,
573406,mscoco,a group of light resting on a post with a street sign on it,66129,
119132,mscoco,An airplane flying through the clouds in the sky.,45939,
539938,mscoco,A train traveling down tracks near a rural countryside.,13976,
575293,mscoco,A couch sitting next to a white fire hydrant.,43210,
150779,mscoco,A dead end street sign sitting next to abandoned furniture and garbage,16560,
21088,mscoco,Sheep grazing in large grassy field near hillsides.,89662,
521634,mscoco,A street light with many signs on it stands to the foreground of a large building standing beside a naked tree.,51752,
229753,mscoco,Two tall giraffes are next to bare trees.,12292,
193069,mscoco,A blue and white train engine pulling lots of brown train cars through a rural area.,34485,
290595,mscoco,A simple wooden bench is in the woods.,45791,
466531,mscoco,A small bird is sitting on a green plant leave.,80023,
436865,mscoco,TWO GIRAFFES GRAZING IN THE TREES DURING THE DAY,50632,
191390,mscoco,Giraffes are walking together on a very dry terrain.,13469,
577926,mscoco,Three giraffes are next to a cage of green food.,34898,
35826,mscoco,A train sitting in front of a tin building and a dry grass field.,5980,
16502,mscoco,A sheep standing on top of a rock.,46367,
53223,mscoco,There are billboards on the side of the road.,5986,
559956,mscoco,A group of people kneeling down beside some sheep.,18344,
197870,mscoco,a small chicken is standing by a bench,37100,
431234,mscoco,Close up photo of a magnification make-up mirror in a dark room.,21700,
43331,mscoco,Vehicles parked under a tree in a small yard.,23090,
274629,mscoco,A red stop sign with a picture of a Time Magazine cover underneath stop.,71227,
240589,mscoco,A yellow fire hydrant that is missing it's top.,18339,
516984,mscoco,A man looking out a train window at an airport.,87898,
572671,mscoco,There is a bird that is eating seeds out if the bird feeder,48387,
566025,mscoco,A street sign hanging from the side of a metal pole.,61004,
568110,mscoco,A traffic light with the letter B written on it.,77041,
566758,mscoco,A school bus is parked on the side of the street.,37707,
404618,mscoco,a black and yellow fire hydrant is near the street,56697,
215124,mscoco,A fire hydrant is on the corner of the street.,10375,
333321,mscoco,The sign is telling us where the train station is located.,95952,
90155,mscoco,A train on the tracks out in the country,64841,
8179,mscoco,A green traffic light above a street with a car on coming.,53107,
130651,mscoco,Two benches sit in front of a large store.,49975,
190313,mscoco,A woman sitting on a bench holding a bag.,62793,
85956,mscoco,A yellow double decker bus driving under a bridge.,58037,
270556,mscoco,A city street filled with lots of traffic.,74600,
26926,mscoco,An orange fire hydrant with a face and bow tie drawn on it.,47159,
516143,mscoco,a green and white bus is on the street,75022,
540101,mscoco,A clock tower is seen in the distance on a busy city street.,60832,
162752,mscoco,The workers are trying to pry up the damaged traffic light.,89208,
226128,mscoco,A vandalized school zone sign attached to a pole.,72301,
248148,mscoco,A red train traveling past a train station with red cars.,91754,
390301,mscoco,A white and green rusted fire hydrant spewing out frozen water.,98095,
458467,mscoco,A giraffe walking through tall grass between trees.,36761,
985,mscoco,A bus parked in a large parking lot,48535,
299082,mscoco,A giraffe eating grass over a rock wall,60926,
352936,mscoco,A crow sitting on the top of a bench,53419,
93434,mscoco,Two boys are standing in front of a train with backpacks.,75941,
503483,mscoco,A picture of an open air zone that looks incredible.,77092,
145073,mscoco,It looks like there is writing on the bottom of the Stop sign.,66455,
44801,mscoco,A city street filled with traffic and buses.,29693,
342649,mscoco,Two birds sitting on top of a wooden table near tinfoil.,188,
109012,mscoco,Cars are lined up in traffic at a red light.,77147,
375409,mscoco,A silver and blue Amtrak train sitting below tall buildings.,73778,
227033,mscoco,A picture of an outdoor area that looks great.,4056,
557422,mscoco,A club sign hanging off the side of a building.,20144,
386193,mscoco,A bird themed clock sitting inside of a green box.,18147,
573686,mscoco,A couple of women standing next to each other holding skis.,7250,
342814,mscoco,A couple of green buses driving next to a roller coaster.,47360,
238525,mscoco,A group of giraffe standing and sitting on a  field.,38396,
475387,mscoco,A train traveling down tracks near a train station.,56306,
436044,mscoco,A bird is perched a top a branch over a river,14020,
176906,mscoco,A herd of animals eating food inside of a pen.,82316,
562171,mscoco,A giraffe standing on top of a grass covered field.,79724,
87435,mscoco,The red bus has an anime girl on it.,18789,
5356,mscoco,A passenger plane that is parked on the runway.,53903,
543713,mscoco,A long horn sheep standing on top of a field.,19831,
518604,mscoco,A large bird sitting on top of a tree.,90027,
526459,mscoco,That is a picture of an outside locale.,93595,
3849,mscoco,There are several street signs in the highway,19795,
537053,mscoco,a giraffe in a field with trees in the background,31814,
58569,mscoco,two public transit buses on a city street,22936,
161010,mscoco,Picture of an outside corner that looks amazing.,74487,
251768,mscoco,The sheep are walking on the grass near a stream.,27124,
340922,mscoco,A person sitting on a bench with lots of written signs.,72654,
288603,mscoco,A donkey leads a herd of sheep down a busy street.,20631,
345275,mscoco,A traffic light with a misty mountain in the backdrop.,29639,
224970,mscoco,A couple of street signs mounted to the top of a metal pole.,98518,
316396,mscoco,A group of giraffe standing next to a tree.,9823,
173080,mscoco,a number of cars on a city street near a traffic light,52811,
179563,mscoco,A man sitting under a stop sign on the side of street.,14854,
87958,mscoco,A train with several cars is going around a corner.,92794,
503724,mscoco,a train on a track near a street,51322,
83602,mscoco,a yellow and black train is on some tracks,88883,
507550,mscoco,A flock of birds standing on top of a body of water.,33924,
500717,mscoco,A man that is standing next to train.,70512,
244421,mscoco,A car that is sitting next to a rail car.,70161,
559047,mscoco,A cat that is sitting down on a wooden seat.,264,
95371,mscoco,a colorful double decker bus doing down the road beside a semi,72001,
248395,mscoco,A tiny bat is held by someone with a camera,76526,
449403,mscoco,A city bus moving along a road with many trees.,38617,
174987,mscoco,A train is being doodled with green and blue.,50788,
389566,mscoco,The encompassing of an outside town in the picture.,81186,
64016,mscoco,A man has a crow sitting on his hand.,72906,
90560,mscoco,A couple of red trains parked in a train station.,42976,
109939,mscoco,A red double decker bus driving down a street.,88858,
336658,mscoco,A photograph of an outside with numerous things in the scene.,82456,
415714,mscoco,Two signs that are attached to a metal pole.,12809,
578713,mscoco,A back ho that is next to a pile of dirt.,48178,
290592,mscoco,A cluster of black and white sheep hang out by a fence.,15870,
315187,mscoco,an old passenger bus parked next to a walgreens,82430,
291298,mscoco,A man and a woman greet a giraffe over a fence.,48340,
133867,mscoco,A parade on the street with a person riding an elephant.,59678,
198510,mscoco,A person holds a bag while walking on train tracks.,69854,
201420,mscoco,A group of giraffe standing next to each other,63570,
127092,mscoco,A big building perched atop a hill with a sign in the foreground.,98459,
200274,mscoco,It is a territory with numerous things to watch.,6853,
533625,mscoco,There is something captured here in this photo.,74502,
127474,mscoco,A couple of kids standing around a red fire hydrant.,33932,
234785,mscoco,A dog walking down the street with a bunch of birds flying around.,4544,
73119,mscoco,People standing around looking at a small train on a track,25022,
345261,mscoco,Two giraffe standing on to of a dry grass covered field.,32248,
32960,mscoco,A red train engine with a large golden bell,83844,
27969,mscoco,A large woman sitting on a bench outside.,41064,
108541,mscoco,A sign explains the toll on a toll road.,19589,
54562,mscoco,A long red and white train going down the track,72657,
381021,mscoco,a woman is on a poster hanging outside,41567,
92377,mscoco,A bird is perched on the arm of a bench.,82830,
89909,mscoco,A wooden bench on a fence and plants surrounding it,67010,
112928,mscoco,A water hydrant is seen on the footpath.,483,
157465,mscoco,Two different styles of buses parked side by side.,60645,
359238,mscoco,a man is sitting at a table on a train,66099,
521721,mscoco,a red bird flying past a car window,49580,
504103,mscoco,a red open sign is by a curb,24425,
531854,mscoco,Two ducks are swimming outdoors in the water.,8715,
375810,mscoco,A couple people are sitting on a bench looking out a window while another guy sits near by.,76237,
409369,mscoco,a buffalo and a giraffe are in a field,21129,
136841,mscoco,a person in a beanie is taking a picture,60772,
290610,mscoco,The train is going past the field with the grass.,50878,
423093,mscoco,a woman standing around some tables with a bunch of crabs on them,56523,
70334,mscoco,Three sheep are standing on a rock of a hill.,46945,
438017,mscoco,a street light on a corner with a red light on it,99158,
468115,mscoco,many different colored signs people buildings and a street,44224,
292394,mscoco,A road in front of a shaded building on which it is written Feed Barn,16580,
371395,mscoco,a wood bench sitting in a park with three people sitting on it,20457,
462954,mscoco,a building a sign some cars and traffic and street lights,8058,
285005,mscoco,This is a picture of a very busy street in New York City.,90315,
549687,mscoco,A pair of giraffe walking around in a zoo exhibit.,72702,
12464,mscoco,a small cake decorated with birds on top,86576,
360449,mscoco,A stoplight on a busy city street in the evening,11422,
215456,mscoco,A man cycling and a Stop sign at the front,79542,
378831,mscoco,A woman carrying shopping bags past a tall fire hydrant.,35518,
181816,mscoco,A statue is sitting on a street bench.,16882,
357041,mscoco,"A lone, blue and orange bird sits on a bare tree.",54003,
30478,mscoco,A train in a trainstation with many people nearby.,44450,
564865,mscoco,A yellow fire hydrant is standing alone in a parking garage.,39008,
516476,mscoco,A bus driving down a street next to a white van.,9085,
558736,mscoco,Three zebras and two giraffes in the wilderness.,48285,
405175,mscoco,Small birds in the grass in the sun,16375,
418144,mscoco,A yellow traffic light lined with lots of birds.,65842,
507921,mscoco,Street signage on post near roadway in city environment.,25467,
210988,mscoco,A wooden bench sitting in a forest next to a tree.,76826,
247394,mscoco,A large jetliner taking off from an airport runway.,13023,
444493,mscoco,People at a bus stop waiting on a bus.,4347,
579982,mscoco,A dried up tree trunk with birds on it's branches.,70749,
130645,mscoco,A foreign bus traveling down a street in front of jeep.,61794,
407518,mscoco,A brown bird perched on top of a metal fence.,20599,
545219,mscoco,A double decker bus with neon lights at night.,29667,
482626,mscoco,Several giraffes walking through a dry grass landscape by a hill,87448,
566941,mscoco,People laugh at the antics of an elephant.,24960,
483475,mscoco,A modern jet airplane coming in to park at the gate of an airport,59589,
483165,mscoco,A girl in a pink jacket on a bicycle passes a man in a blue cap on a bicycle.,87887,
140640,mscoco,A group of women wearing hats while standing at a dessert table.,72261,
424927,mscoco,A red bus parked in front of a building.,25333,
66263,mscoco,"A stop sign out in the middle of nowhere with large, rolling hills.",44441,
559416,mscoco,A man and two sheep stand on green grass with a castle in the background.,80671,
395046,mscoco,A man with his back to the camera watching an oncoming train.,5903,
19025,mscoco,There is a two level tour bus in the street.,58611,
476253,mscoco,A road block sitting over an orange and blue fire hydrant.,49950,
35282,mscoco,A giant Amoco sign sitting above a gas station.,49047,
516804,mscoco,A bus stop sign with a large building in the background.,714,
89154,mscoco,A young girl standing on a field with a flock of birds.,23280,
157430,mscoco,A green sign sitting on the side of a building.,23550,
515360,mscoco,a yellow train is at a train station,47447,
131627,mscoco,A sign says fashion district near some buildings.,73150,
50304,mscoco,A herd of sheep standing on top of dry grass in a pen.,52161,
344611,mscoco,A yellow hazard sign sitting on the side of a road.,36538,
411187,mscoco,A small dog on a leach sitting near a window.,23884,
193261,mscoco,A sign up on a post at an intersection in a city.,65249,
436349,mscoco,"A few different colorfully designed trucks, as people approach.",35720,
419560,mscoco,Two giraffes near a tree in the wild.,96165,
90373,mscoco,A passanger bus passing under a stoplight at dusk.,74301,
316658,mscoco,A tree sitting next to a bench near a lake.,9674,
238385,mscoco,A group of people traveling down a cobble stone street.,66693,
50778,mscoco,People putting luggage onto a bus outside beside a building,45782,
160394,mscoco,A silver train traveling past a train stations.,75243,
232148,mscoco,A green road sign with a bike painted on it.,33394,
381832,mscoco,a street light hanging fron one of many wires connected to a power pole,70744,
539498,mscoco,A red double decker bus driving past a tall building.,82624,
129187,mscoco,A dog tied to a white fire hydrant on a sidewalk.,92135,
205214,mscoco,A couple of giraffe standing on top of a grass covered field.,20547,
372501,mscoco,A herd of sheep walking on top of a lush green field.,55293,
410231,mscoco,A giraffe walks on the tundra tree-lined park.,27299,
309366,mscoco,A train traveling down tracks next to a power grid.,46479,
474881,mscoco,Horned mountain goats enjoying green grass next to the snow,53253,
133995,mscoco,Traffic signal on wall attached to cement structure.,73944,
83364,mscoco,"Street view with cars going by and people walking around,",471,
275727,mscoco,Yellow and grey train near platform at railway station.,49447,
49091,mscoco,A city lined with tall buildings covered in hanging letters.,61537,
506489,mscoco,A woman walking across a street at a cross walk.,37164,
111590,mscoco,A bird flying over a field with lots of grass.,88972,
410097,mscoco,All of these sheep have coats that are ready for shearing.,9648,
342675,mscoco,Red train at a stop and a man that is waiting.,44954,
17095,mscoco,The older woman is admiring the peacock walk.,22015,
336873,mscoco,Street signs against the disorganized electric wire infrastructure in Jerusalem,67471,
576941,mscoco,A wooden bench placed in front of a brick wall.,55438,
34684,mscoco,A giraffe standing alone next to some trees.,97236,
368648,mscoco,a white and blue bus is by a curb,96911,
187496,mscoco,People sitting on a bench watching a soccer game.,21179,
526806,mscoco,Two train cars sitting on the tracks with power lines in the backround.,11729,
215693,mscoco,An umbrella is standing behind a red rectangular seat.,63993,
300303,mscoco,A locomotive crossing on a street with the arm down to stop traffic as the train is passing through.,1544,
141755,mscoco,Flock of ducks standing on a rocky shore.,6900,
248142,mscoco,Some people who are walking on the beach.,29184,
474398,mscoco,An orange detour sign sitting on the side of a road.,85491,
304069,mscoco,A white van parked in front of a tall brown brick building.,88914,
446206,mscoco,There is a train and bus in the cityscape.,63316,
76416,mscoco,A double decker bus driving past very tall buildings.,65417,
451102,mscoco,The sheep are grazing in a herd in the field.,69675,
302572,mscoco,The traffic light and sign are hanging over the road.,26889,
168434,mscoco,These two trains are workhorses necessary to care for other trains.,768,
552507,mscoco,Street sign in front of a large building and clear skies.,3187,
27528,mscoco,An old couple sits on a bench by a body of water.,39977,
268044,mscoco,Giraffes have a very long tongue to go with their long neck.,71053,
292697,mscoco,The baseball player is prominent in all the featured pictures.,165,
393203,mscoco,some sheep eating grass in front of a rock,37519,
471118,mscoco,a street sign with the red light glowing brightly on it,8758,
104782,mscoco,a stop sign and a white and green street sign and a tree,81705,
293333,mscoco,The white train is at a platform at evening time.,39129,
477143,mscoco,a giraffe leaning over so it can drink some water,3885,
409052,mscoco,A large white airplane sitting on a runway.,52677,
29056,mscoco,A sign for a state fair is under a street sign.,10277,
345456,mscoco,Passengers departing a train at a busy train station,53912,
288378,mscoco,"A picturesque scene complete with a picnic table, mountain, and body of water",76591,
104893,mscoco,a yellow and black train sitting on track,83304,
98268,mscoco,"An old, weathered street sign that says One Way",87304,
125547,mscoco,a fancy white train parked by the platform,39572,
277329,mscoco,a country farmland half covered in the shade of a cloud in front of a mountain,93579,
205206,mscoco,"A trolley drives down Main Street in Memphis, Tennessee.",21722,
188290,mscoco,a yellow and red trains engine on its track and trees and signs,59375,
284043,mscoco,This quaint backyard has a shed and a bench,72471,
66508,mscoco,"A city street with a storm drain, fire hydrant, and manhole cover.",57662,
160447,mscoco,a couple of giraffes walk next to a stone wall,65206,
306154,mscoco,An iguana and an egret are on the edge of a body of water.,89235,
126766,mscoco,The people are looking at the giraffes in the field.,57633,
52005,mscoco,The yellow fire hydrant is next to the bushes.,70229,
59666,mscoco,a long passenger bus turning the corner by a building,59135,
309452,mscoco,The bird has a black head and yellow feathers.,51113,
558498,mscoco,four people sitting on a bench and some pink flowers,25506,
133821,mscoco,A peacock with very large feathers walking down a street.,53990,
145426,mscoco,a bird is standing on a green bench,7709,
215324,mscoco,a couple of birds are standing in a field,33487,
8690,mscoco,The two young girls are petting the two goats.,38295,
576398,mscoco,The large winged bird is looking for some prey.,98441,
432273,mscoco,A traffic light and cars on a street.,78085,
461278,mscoco,A wooden bench near tall vegetation in front of a house.,56,
443868,mscoco,A large bus and a car on a street.,81796,
563665,mscoco,A red passenger train at an underground platform.,91440,
293452,mscoco,Three birds are looking around while on the ground.,45077,
199492,mscoco,A double red bus parked on a street.,11767,
318911,mscoco,Several sheep are grazing on grass outside in a fenced in area.,25671,
17627,mscoco,Several cars are parked in front of a building.,51876,
571943,mscoco,a pole with a street light and signs next to a bare tree,2410,
397121,mscoco,A green heron perches on a stump in a swamp.,77694,
248793,mscoco,"Birds fly overhead in a gloomy sky above buildings, a brick archway and an ornate clock.",37200,
192714,mscoco,A street light at an intersection in a small town.,7921,
553165,mscoco,A boat that is on the sand and people nearby.,31747,
145921,mscoco,Three airliners are preparing to load passengers onto a plane.,57360,
402559,mscoco,A large giraffe is standing in the wilderness.,56283,
529907,mscoco,A train runs down a track past run down buildings.,82448,
162634,mscoco,A wild animal on a rocky hill with a few plants,84766,
22271,mscoco,People are standing in front of a building across the street from the western sign,86431,
404871,mscoco,A sigh sitting next to a building in a city.,92172,
477700,mscoco,the small plane is hanging in a building,43368,
161736,mscoco,A dog laying on the floor under a pile of hats.,90732,
174019,mscoco,A man crossing a busy road on Division st.,58087,
81561,mscoco,A large point tower towering over a traffic light.,82081,
2972,mscoco,Two colorful passenger trains passing near a platform.,21274,
200162,mscoco,A train traveling under a signal lights on top of tracks.,59957,
289889,mscoco,A whole bunch of traffic stop signs huddled together.,11729,
262006,mscoco,A couple of giraffe walking across a street.,39563,
240210,mscoco,a white and black bus is driving down the street,28003,
184474,mscoco,Wooden bench on hillside near grassy sloped area.,55452,
373753,mscoco,The fire hydrant is sitting on the side of the road,93507,
494473,mscoco,A street intersection with a stop and street signs.,28551,
320425,mscoco,A group of giraffe standing next to each other on a dirt field.,96039,
36049,mscoco,the people are standing on a train track,73221,
198004,mscoco,A car is waiting beside people standing on the sidewalk.,25788,
234633,mscoco,the birds are flying next to the boat,19954,
14175,mscoco,A woman walks past street posters and graffiti.,94491,
139660,mscoco,A painted sign of a blue bird in a tree in the woods.,9611,
87244,mscoco,the fire hydrant has on the side of the road,58085,
463303,mscoco,the fire hydrant is behind a rock  and flowers,90316,
250608,mscoco,the bus is stopped at the bus stop,70798,
122354,mscoco,A no turning sign sits on a residential street,49910,
235302,mscoco,A newly married emo hipster couple sitting on a bench.,9056,
558794,mscoco,two persons standing outside a moving sub train,84160,
377949,mscoco,A women who is standing by a barb wire fence.,79014,
315037,mscoco,A man on a bench working on a laptop.,11655,
91670,mscoco,A car that is slightly driven off the road.,48447,
469096,mscoco,A group of giraffe standing next to each other.,78409,
507945,mscoco,a lady that is holding a camera in her hand,39631,
499950,mscoco,A car and a traffic light on a street.,7703,
263594,mscoco,A bird walking past a white car in a lot,44875,
361948,mscoco,A man and woman sitting on a  red bench,85436,
190676,mscoco,A panoramic shot of several people standing near a plane.,12428,
197462,mscoco,A fire hydrant that has some writing on it.,81263,
536294,mscoco,A traffic light is lit up red near a street light.,69591,
107177,mscoco,A mama and a baby duck are swimming in the water.,75477,
146451,mscoco,An outside photo of a fire hydrant in between two poles.,1584,
471023,mscoco,A group of walkers are seen while passengers ride in a train.,66522,
96711,mscoco,A woman is sitting outdoors eating some food.,61067,
290248,mscoco,A crowd of people standing in the middle of a street.,97128,
229478,mscoco,An opened fire hydrant spills water onto a busy street.,84366,
103232,mscoco,A zoo animal is standing beside a tree.,77692,
575372,mscoco,A road sign that indicates route sixty six.,32941,
254892,mscoco,a giraffe that is standing in a field.,80561,
147793,mscoco,A picture of a street sign with various posts on it.,64898,
91372,mscoco,A stop sign with a persons thighs on it,73637,
572574,mscoco,A brown duck floats by itself on the water,90378,
352476,mscoco,A bike attached to the front of a blue bus.,44391,
278570,mscoco,A picture of four red Asian fire hydrants lined up.,77505,
516185,mscoco,Passengers are waiting on a green double decker bus,29043,
77924,mscoco,a car is sitting at a red light in traffic,59322,
62459,mscoco,a red and white fire hydrant is sitting by a curb,45440,
217229,mscoco,A flock of birds sitting below a tall snow covered mountain.,42793,
376493,mscoco,This is a building on the corner of Trinity and 4th Street.,30508,
133707,mscoco,A black cat sleeping in the sun on a bench,73350,
95441,mscoco,A flock of ducks walking along a muddy road.,35275,
492840,mscoco,A baseball player swinging a ball at a bat.,11425,
266611,mscoco,"A red and white sign that reads "" Give Way "" .",30404,
229981,mscoco,A bunch of street signs are near a building.,47837,
460972,mscoco,A lake filled with ducks floating on top of it.,24210,
299083,mscoco,It will be a long wait for the truck before the buses leave the area.,81543,
528595,mscoco,A group of people including children and adults are riding on a small train.,37200,
381463,mscoco,A bus driving under a bridge down a road.,78029,
398882,mscoco,Two people are sitting on an outdoor bench at night.,46209,
538463,mscoco,Passengers gather to board oncoming black and red train.,95730,
393093,mscoco,A silver and green train crossing over the tracks,123,
430238,mscoco,A small bird perched on the lip of a teacup.,32688,
206806,mscoco,The man was sitting on a bench near the water.,48935,
424819,mscoco,"A woman posing for a pic in front of a mountain, near the water.",31408,
36004,mscoco,A blue and green bird perched on a branch,52529,
137156,mscoco,A yellow taxi cab driving down a street near a bridge.,54678,
458109,mscoco,A train parked next to some train tracks.,71519,
287741,mscoco,A parakeet sits atop a person's hand next to a keyboard.,67561,
383033,mscoco,a couple of birds are standing on some twigs,21277,
114327,mscoco,a stop sign sits on the corner of a street,97160,
391321,mscoco,a street light is next to a stop sign,12080,
72514,mscoco,A couple of cows tied to a fence in a city area.,21652,
484604,mscoco,A personal pizza decorated to look like an angry bird.,16166,
515876,mscoco,A fire hydrant on the side of the road.,91204,
304365,mscoco,A large long train on a steel track.,46397,
249658,mscoco,A double decker bus traveling down the street in the day.,93211,
493682,mscoco,A street corner with a bunch of highway signs on it.,63543,
479195,mscoco,"A fire hydrant on the side of the road, it looks old.",53999,
539784,mscoco,A large herd of sheep are grazing by the busy road.,7481,
482585,mscoco,a couple of trains are on the tracks,86243,
539791,mscoco,A person who is sitting on a bench with pigeons around them.,87628,
287535,mscoco,A street crossing with a street sign for Mulholland and a no-U-turn sign.,48637,
557564,mscoco,A man in a suit and tie wearing a hat.,29567,
483149,mscoco,A bird sits on a rear view mirror,23039,
469996,mscoco,People are working their way through busy traffic,23328,
114710,mscoco,A person standing by a fence with a sheep.,93781,
279850,mscoco,A large long bus on a city street.,80779,
374551,mscoco,There is a tiny bird on the branch.,87152,
335177,mscoco,A round intersection on a surburban street with one floor homes.,56939,
351369,mscoco,A landing jet airplane kicking up spray on a wet runway.,40505,
254555,mscoco,A water buffalo grazes on tall grass while an egret stands by.,45880,
411845,mscoco,a wire with a street light hanging from it,30192,
163219,mscoco,a red bus that has stuff wrote on the outside,31908,
448786,mscoco,a train that is on a train track,24506,
578977,mscoco,Street intersection with stop sign near cement wall.,66449,
310711,mscoco,Fire hydrant covered in flowers near stucco house.,27805,
434693,mscoco,"A close up of a fire hydrant, near a house.",49670,
544855,mscoco,a man standing next to a a little passenger  train on the track,63929,
436883,mscoco,"A green bus traveling down the street, in a city.",89185,
138196,mscoco,A train is driving down the tracks in front of a building.,23149,
277869,mscoco,A bus is parked on the street away from some cars.,94127,
516186,mscoco,A tall bird stands near the edge of a river.,71274,
54264,mscoco,a small statue is by a red sign,5739,
561208,mscoco,A giraffe laying on the ground near a fence.,5557,
444543,mscoco,two white and black birds a nest and some trees,24211,
68217,mscoco,A long train travels past some trees along the railroad tracks,16590,
279818,mscoco,The hitchhiker is waiting for the next available ride.,79213,
39790,mscoco,Train on the tracks that has a lot of smoke coming out of the engine car.,94242,
231617,mscoco,"A red and yellow bus sits on the back of a flatbed truck, driving down the highway.",16609,
169226,mscoco,A busy city street with dimly lit trees at night.,25519,
567077,mscoco,some signs buildings trees bushes a green and white sign,9486,
217886,mscoco,An overhead view of traffic in a metropolitan area.,62258,
357841,mscoco,A stop sign with a small American flag on top of it.,38186,
480643,mscoco,A man walks while a large number of sheep follow.,6508,
233005,mscoco,A tiger striped cat being petted on a wooden bench.,98730,
17756,mscoco,A swan is floating down the river by the boat.,10820,
286450,mscoco,A large black train on a train track.,14045,
25360,mscoco,A white and black bird captured in flight.,30872,
337666,mscoco,Graffiti marks the side of a green train that waits on its tracks.,41809,
253835,mscoco,A woman and a small child watch a train as it passes.,3114,
278032,mscoco,a train is stopped on the train tracks at the station,86034,
384503,mscoco,A trolley car driving down the road near several trees.,45276,
58194,mscoco,A flock of birds flying in an overcast sky,21018,
229387,mscoco,An unhappy cat wearing a puffy pink beanie,94657,
130234,mscoco,Two trains sitting on parallel tracks waiting at a station.,84968,
290704,mscoco,Three giraffes crossing dirt road into dry field,58722,
370709,mscoco,A  horse in the water next to the birds,61685,
79034,mscoco,A fire hydrant sits in the middle of the park,43244,
495734,mscoco,The giraffes are standing together on the grass,20004,
20273,mscoco,a bus that is parked next to a street,68314,
94202,mscoco,a couple of anmails standing next to a truck,57167,
418701,mscoco,A white car is parked next to a telephone booth.,30083,
7267,mscoco,A gray pigeon is perched on the edge of an old gutter.,30302,
447569,mscoco,Passengers prepare to get on the city bus,40875,
288465,mscoco,Sheep in the process of getting sheered of their wool,67981,
88218,mscoco,Signs proclaim the famous Haight Ashbury intersection and district.,74601,
483038,mscoco,A man is shearing a sheep on a concrete pad.,11815,
59108,mscoco,This photo shows four copies of the same fire hydrant.,60568,
184698,mscoco,Two giraffes rubbing their heads and necks together.,73183,
148568,mscoco,A couple of giraffes being feed by people at the zoo.,67753,
499388,mscoco,A car driving down the road in a neighborhood.,19805,
458560,mscoco,A good stands in the grass next to the water.,52025,
168662,mscoco,A woman is looking over a ledge where a small bird is perched.,59125,
237881,mscoco,A person leading a herd of sheep with a dog.,3361,
288075,mscoco,Several benches stand by the side of a river.,84304,
528364,mscoco,A train in a station with people walking towards and off of it.,7819,
133693,mscoco,Traffic and street signs sit on the pole,60404,
301691,mscoco,City buses are parked at the bus station,80472,
202656,mscoco,Sheep are gathered around a lone tree on the hill,3715,
405574,mscoco,A woman is walking through the park while birds fly,94591,
232503,mscoco,City buses prepare to leave the bus station,37669,
579362,mscoco,A man sits on a bench on a blue bench.,23912,
11197,mscoco,A man prepares to cross the street at a crosswalk,22806,
278006,mscoco,There are a few street signs next to a house.,82638,
430867,mscoco,A girl uses a phone next to a dog,94259,
94162,mscoco,A train with a yellow front is on the tracks.,81164,
176912,mscoco,"A drawing of a yellow headphone cord and an ear piece,",96453,
272364,mscoco,a few giraffes that are reaching to eat,71388,
269606,mscoco,the animals are walking and grazing on the grass,90852,
192496,mscoco,This train car features a variety of colors and carries passengers.,83856,
500175,mscoco,A flock of birds are flying above the spire of a building tower.,64792,
93887,mscoco,A fluffy sheep stands in a large field and looks at a fence.,8565,
137185,mscoco,A train caboose is sitting beside train tracks.,95046,
581422,mscoco,Two men are sitting on a wooden crate with a cow next to them.,12688,
478665,mscoco,A tropical bird perches on a rope surrounded by greenery.,22363,
220819,mscoco,A bench outside against a wall with several flower pots in front of it.,10743,
121812,mscoco,This hazy picture depicts traffic on a busy street.,14002,
213399,mscoco,a little giraffe sitting on the ground next to a somewhat bigger one,82192,
342318,mscoco,A train is pulling up to a platform to pick up passengers.,84440,
494578,mscoco,Wood post lined up in the water with birds perched on them.,61722,
557163,mscoco,A red double decker bus parks next to a large white awning.,99111,
381368,mscoco,A bird is perched on the back of a horned animal.,16921,
428067,mscoco,The grazing sheep don't notice the truck in the field.,82317,
90616,mscoco,This intersection has more pedestrians than vehicles near it.,80778,
412639,mscoco,Two people are standing and talking to each other with a bus in the background.,30334,
335119,mscoco,A car and a bus behind a fence.,19623,
180188,mscoco,A long black train sitting on top of railroad tracks.,97364,
77615,mscoco,A group of people sitting on benches having lunch together at a curbside garden area.,33938,
207967,mscoco,A tour bus is parked on the curb waiting,67041,
296224,mscoco,A city bus is parked on the curb waiting for people,24433,
413001,mscoco,A lone giraffe is walking around his enclosure,53148,
198416,mscoco,"A woman petting a cat, and other picture with a be prepared to stop sign.",8700,
475660,mscoco,A group of people playing music in front of the capital.,16856,
193884,mscoco,A red stop sign sitting on the side of a road.,60647,
340701,mscoco,A blue and white bus is traveling down the road.,80581,
319655,mscoco,Bus traveling through a city in front of a clock tower.,32833,
6723,mscoco,Row of buildings on empty street near side walk.,2353,
572935,mscoco,a giraffe is posing for a photo next to a tree.,63545,
529187,mscoco,A mama and baby giraffe are standing close to one another.,9202,
115266,mscoco,A public transit train on the train tracks.,68211,
507739,mscoco,A large white bird flying over a sandy beach.,22695,
33554,mscoco,Tourists will find blue signs like this in Great Britain.,15342,
578092,mscoco,This stop sign is in a different language but its meaning is universal.,70616,
457348,mscoco,A large bus is stopped at a red stoplight.,90926,
540783,mscoco,Double Decker trolley stopped by sidewalk in city.,17210,
147346,mscoco,"A man in a trench coat, hat, and carrying an umbrella pointing to the shirt collar of another man.",80395,
384338,mscoco,Giraffe with its head over a rail at a zoo enclosure.,12032,
334521,mscoco,Giraffes and a bird behind a chain link fence at a zoo,10409,
438038,mscoco,A couple of black birds are standing on a tree branch.,83822,
445766,mscoco,this fire hydrant has a painting on it,70567,
363072,mscoco,this trains station has a white building in the background,82832,
508996,mscoco,Train track running alongside a mountain with an orange train car in distance.,24046,
387388,mscoco,A bench on a wooden plank in the water,31600,
358301,mscoco,two train on a track near a building,69999,
535563,mscoco,Birthday cake with bird and congratulatory message for sports team.,17543,
400507,mscoco,a number of large air planes at terminals,97127,
165056,mscoco,Two giraffes are standing together under the trees.,99685,
170194,mscoco,A single rail kart not moving on the tracks.,94477,
480657,mscoco,a bus that is parked next to some dirt,61213,
327155,mscoco,a lake that has all kinds of boats on it,64574,
137538,mscoco,A large bird perched on top of a rock,38525,
529798,mscoco,A group of sheep being led around the water.,57763,
133380,mscoco,A small orange bird standing on a collection of rocks.,64111,
83246,mscoco,A mirror on top of a pole on the street,95907,
186449,mscoco,An elderly woman sits on a bench with a crowd behind her.,22047,
299044,mscoco,two public transit buses on a city street,73414,
186747,mscoco,The giraffe is standing by himself outside by the trees.,42272,
429802,mscoco,A red fire hydrant placed near a building,10880,
559051,mscoco,Several giraffes are gathered around a tree stump near a pond.,13969,
203299,mscoco,Two sheep standing in a sunny green  field,42971,
518027,mscoco,two giraffes near one another near many trees,65987,
454854,mscoco,"The tall, adult giraffe stands behind a fence near a wooden pole.",5583,
418297,mscoco,A very tall building with a giant clock on it's face.,25928,
454693,mscoco,A kid giraffe standing near a wall while staring.,81195,
476841,mscoco,Roadway signs on post on sidewalk of large urban city.,97251,
20107,mscoco,The fire hydrant has some writing on its side.,67489,
320554,mscoco,A black cat laying in the sun under a bench,51259,
438481,mscoco,A traffic light with a blue sign underneath it,54601,
54967,mscoco,A city street with cars and street lights.,15245,
128907,mscoco,A city at night with a well lit blue building.,38084,
8665,mscoco,One bird that looks like two different ones.,15994,
545581,mscoco,The sturdy bridge serves as a  train trestle,58986,
238141,mscoco,A street sign for Davis St. and Third Ave. with a skyscraper behind.,96497,
238039,mscoco,there is a goat that has a leash on,66531,
344816,mscoco,The train engine is followed by a line of open cars.,50275,
10014,mscoco,A city bus parked next to a crowd of people.,58144,
543492,mscoco,A group of giraffes near a dirt road.,49570,
366178,mscoco,a road that has some snow all around it,82506,
420916,mscoco,a red park bench that is by some water,50172,
48840,mscoco,There are two giraffes located in a natural setting.,90351,
65170,mscoco,A woman is sitting on a bench in front of the water.,3722,
38709,mscoco,A group of people standing around a giraffe.,62664,
76916,mscoco,A group of giraffes inside an enclosure with an antelope in the shade.,44803,
389957,mscoco,The bird sits on a thin branch near berries.,85660,
569273,mscoco,Fire hydrant sitting in the middle of a hiking area on the side of a gorge.,71901,
141616,mscoco,A mechanical street light and a traffic sign in the street next to a moving car.,31852,
343213,mscoco,The bikes are parked along the side of the building.,2884,
449895,mscoco,A man fixing a traffic light while on a cherry picker.,47350,
181237,mscoco,The tiny bird is sitting on the rooftop statue.,14135,
545006,mscoco,poles wires street signs and a Chinese restaurant,18756,
226065,mscoco,This but has a movie advertisement on the back.,85554,
509536,mscoco,Two people are looking in a mirror near a traffic light and fire hydrant.,98543,
466958,mscoco,A dirt road in the desert next to a blank yellow sign.,45416,
294370,mscoco,A street sign sitting below a very tall building.,18972,
78522,mscoco,A sheep standing in the middle of a field.,8579,
265003,mscoco,A dog wearing a hat and sitting in the grass.,21619,
398756,mscoco,A bunch of birds that are standing on a pier.,88526,
321217,mscoco,A bench that is on a hill covered in snow.,9085,
432378,mscoco,A group of people standing outside of a bus.,77089,
297046,mscoco,A train crosses an intersection while cars wait.,74088,
537389,mscoco,a road that has a big red stop sign by it,80144,
150267,mscoco,Several buses stopped on a night time street.,21857,
193936,mscoco,a group of people that are taking a picture,8456,
477042,mscoco,A woman on a bench plays an accordion as a man looks on.,19223,
126592,mscoco,A red stop sign sitting under a couple of street signs.,20894,
498196,mscoco,A couple of giraffe standing in a forest.,44453,
506127,mscoco,A woman sitting on a bench in a field in front of a pond.,9214,
508041,mscoco,A train is coming down the tracks near buildings.,76384,
730,mscoco,An unusual looking red bus going down a road.,1619,
419106,mscoco,a couple of signs are hanging on a white pole,78153,
106073,mscoco,A man in a black hat with his tie in a coffee pot.,46456,
200703,mscoco,A flock of ducks swimming on a lake together.,72877,
205782,mscoco,A double decker bus sitting on the side of the road.,95939,
338560,mscoco,A blue fire hydrant posed on a street corner in a city.,90716,
429833,mscoco,A street filled with traffic under a blue sky.,30442,
269975,mscoco,A London roundabout with double decker buses and taxi cabs.,85305,
551596,mscoco,"A big, fat bird has some crazy hair",34793,
199990,mscoco,a green train engine sitting at the end of the train and next to the buidling,63262,
399249,mscoco,"A car, traffic lights and road signage on a city road",18096,
355143,mscoco,A person took a picture of his torso and legs while laying on the top of a bunk bed.,52877,
512564,mscoco,Various vehicles are driving down a city street.,87591,
331688,mscoco,some street signs blocking off part of a road,30406,
479176,mscoco,A group of people sitting on strange looking benches.,12721,
271032,mscoco,A group of birds are sitting at the edge of the river.,91897,
458365,mscoco,A white car is parked in the street at night time.,96659,
5278,mscoco,A train sitting in a train station next to a loading platform.,46791,
376684,mscoco,Two giraffes standing near each other in the zoo.,77687,
568687,mscoco,Cars are driving down a very busy freeway.,89903,
211175,mscoco,The benches are empty in the nighttime sky.,42431,
446117,mscoco,An orange on the middle of a park bench.,27953,
193369,mscoco,A bench that sits in the grass with rocks cemented to the ground,15875,
109869,mscoco,A cat standing on top of a wooden bench.,42945,
551533,mscoco,Cows grazing in a fenced-off grassy area.,30834,
327665,mscoco,A women in a sunhat and sunglasses posing beside a bilingual English-Arabic stop sign.,37345,
301380,mscoco,A herd of sheep in a rural landscape with trees and a pond in the background.,62601,
15517,mscoco,Buses parked on a road outside a large bus station.,8198,
21147,mscoco,A black train with smoke coming out of it on a track.,3478,
493395,mscoco,A rose blooms next to a train track.,77495,
217710,mscoco,a sign for the metrolink next to tall building,32797,
199389,mscoco,A fire hydrant painted so that it has a face on it.,75020,
255036,mscoco,Three traffic lights are shown and they all read red.,2480,
128110,mscoco,A sign directs people towards four waiting lanes ahead.,63796,
470882,mscoco,A stop sign with words substituted for each of the letters.,46482,
216133,mscoco,A United Airlines plane is preparing for take off.,42588,
190923,mscoco,"An urban street with a streetlight, one way sign, and people walking.",46417,
89500,mscoco,A bus is traveling along rolling hills in the countryside.,42210,
318596,mscoco,A sign on Dunmore Court warns pet owners to keep their dogs off the median.,16647,
484029,mscoco,A stop sign with a street sign above it.,88874,
68740,mscoco,A very cute small fire hydrant by a small road.,33623,
201348,mscoco,A very cute cat looking at a bird by a bike tire.,32227,
105734,mscoco,Birds flying in the sky over the trees in the mountains.,2689,
393423,mscoco,Two giraffes with necks crossed in the distance.,28458,
250427,mscoco,street scene with marquee nearest advertising musical shows,65855,
471842,mscoco,A piece of cake sits on the paper plate,41875,
347953,mscoco,A bird is flying away from the person,65167,
478184,mscoco,A lone giraffe is walking along the shore of the water,57339,
166056,mscoco,A picture of water with an intersection as a backdrop.,80112,
14271,mscoco,Two giraffes are walking and standing in the open field,37978,
28114,mscoco,A bicyclist is riding past a bus that is parked.,69253,
350023,mscoco,A city street show cars going up and down the hill.,35370,
42563,mscoco,Railway car on snow covered tracks approaching urban area.,12530,
243491,mscoco,A collection of military airplanes sit in a hanger for display.,12996,
182398,mscoco,A city bus has graffiti on the side of it,49180,
369751,mscoco,Parking meters and signage are on the side of the street,52699,
354278,mscoco,A fire hydrant is painted to look like a dalmation,89592,
445087,mscoco,There is a city bus that is yellow parked on the street,53260,
19306,mscoco,A city street with no traffic line with traffic lights.,70999,
277584,mscoco,A cat outside looking through a window.,63483,
531349,mscoco,A red double decker bus driving past a river.,39754,
44508,mscoco,A man wearing a black hat and a red neck tie.,71857,
474906,mscoco,A white and black truck turning onto a street.,51438,
531036,mscoco,the driver of a double decked bus standing outside,83863,
259854,mscoco,Two street signs are sitting on top of the pole,10386,
307892,mscoco,Two bikes are chained to the pole on the street,14556,
580746,mscoco,a field that ha a bunch of sheep in it,48755,
59458,mscoco,A street sign saying S. Gay st while a traffic light is yellow.,48982,
197666,mscoco,A close-up view of a green and yellow fire hydrant.,49632,
492163,mscoco,A silver and rusted colored fire hydrant sitting next to a crosswalk.,98247,
574425,mscoco,Two old fashioned buses parked on the side of the road.,29819,
337194,mscoco,A large bird floating out in the water.,90180,
433892,mscoco,A street sign sitting above a speed limit sign.,11034,
285961,mscoco,A giraffe standing next to leaf filled trees.,74885,
211206,mscoco,"A woman holding a baby by the zoo, showing a picture of a giraffe, with real giraffe's behind the picture.",26399,
434261,mscoco,A man sitting in the driver's seat of a beat up bus.,21502,
113128,mscoco,A bench out by a hedge by the woods,1613,
216581,mscoco,this is a photo of a large crowd of young adults sitting on a long row of park benches,5084,
394275,mscoco,A blue bus driving down a street past a park.,68576,
73773,mscoco,a guy that is sitting on a park bench with a news paper,91074,
386032,mscoco,A bus drives through an intersection in a suburban area.,57928,
361103,mscoco,A city sidewalk with people walking up and down,46707,
562708,mscoco,The back of a bus riding on the street in traffic,9580,
337506,mscoco,A look out of the window of a train on the tracks.,66086,
100977,mscoco,Two women each feeding a giraffe at their enclosure.,16620,
434263,mscoco,Three sheep eating hay in a fenced in pen.,43025,
17905,mscoco,A man standing next to a light and a sign.,44312,
474471,mscoco,Two different giraffes standing around doing nothing.,37567,
350157,mscoco,A woman and child are crossing the street at the pedestrian crosswalk.,11890,
476754,mscoco,a pole that has a sign attached to it,47064,
264940,mscoco,A fire hydrant is painted in a patriotic theme.,37431,
85568,mscoco,Picnic tables on the shore of an ocean,72951,
302302,mscoco,A very big cute looking bird sitting on a pole.,94187,
353977,mscoco,an amtrak train going down a track underneath a bridge,49599,
496680,mscoco,a big blue bus that is parked next to some cars,41984,
88225,mscoco,A double decker sight seeing bus is driving on the road.,87604,
401926,mscoco,A young boy is dressed up in a black pinstriped suit and hat.,1647,
82815,mscoco,A giraffe sticking its tongue towards a cracker.,13346,
302842,mscoco,a man sits by himself on a bench in a stone-paved square in front of a large bed of flowers,31009,
61268,mscoco,A train going down the track near a city,90151,
442952,mscoco,A bench sitting in the middle of a lake.,85786,
368154,mscoco,A red stop sign sitting on the side of a road.,40892,
527558,mscoco,A group of people fishing next to a railroad bridge.,29778,
211891,mscoco,A train sitting inside of a train station near a skylight.,73548,
16377,mscoco,A dog by a bench in a park,78334,
413734,mscoco,A airliner pulled up to the gate for loading and unloading of passengers.,32363,
411047,mscoco,A couple of cops walking towards a double decker bus.,8919,
381639,mscoco,A little girl walking along a row of orange cones.,89140,
18148,mscoco,A herd of sheep standing on a grass covered hillside.,97850,
383611,mscoco,A group of people riding on a bush.,44018,
419882,mscoco,a lot of trains that are parked next to each other,88218,
182348,mscoco,a couple of birds that are on some wood plat forms,59743,
563604,mscoco,A sign outside of a closed road redirecting traffic,48389,
24195,mscoco,a yellow bus that is next to a curb,52465,
535591,mscoco,A mountain towers over a train going down the tracks.,6792,
541435,mscoco,The counter of a coffee shop advertises additional seating downstairs.,27939,
92768,mscoco,A man sitting on a bench holding a wooden guitar.,52264,
516422,mscoco,A man and a lady sitting on a bench reading their newspapers with a dog tied to the bench.,99524,
365191,mscoco,A woman sitting on a bench with a brick wall behind her.,82559,
547202,mscoco,"A bicycle signal sign, in front of a road.",86047,
187240,mscoco,there is a service truck that is behind a bus,85370,
406489,mscoco,A red train is on the tracks by the grass and trees.,83853,
22167,mscoco,The front of a house is next to some trees.,70136,
99567,mscoco,"Two red buses, headed to the same place, are right next to each other on the road.",53063,
178948,mscoco,A dog stands on a street corner near a group of people.,81220,
245481,mscoco,A railroad crossing sign is near some buildings and cars.,61630,
365618,mscoco,Roadway intersections in urban area near waterway with bridge.,77206,
123932,mscoco,Small bird standing on rope near open ocean.,67294,
463932,mscoco,Construction worker near digging equipment and unearthed fire hydrant.,11529,
219723,mscoco,A set of four boxes filled with baby birds.,17003,
70280,mscoco,Several birds stand and lay near the water.,83633,
315195,mscoco,People are running through the water spraying from a fire hydrant.,52142,
490643,mscoco,A couple of giraffe standing next to a doorway.,29015,
9553,mscoco,There is a bird that is on a branch sitting looking,90562,
163012,mscoco,A car's lights on a traffic sign at night.,97264,
359781,mscoco,The giraffe is walking toward a rock on a trail.,3278,
343187,mscoco,A double decker bus going along a road with old buildings in the background.,90342,
89697,mscoco,The man is sitting on the arm of a bench near a woman.,10356,
476936,mscoco,"A picture of a yellow warning sign that says, ""stop ahead.""",35644,
303163,mscoco,A flock of birds is flying around the factory structure.,22250,
113678,mscoco,A dog that is wearing a red hat.,59219,
389549,mscoco,A herd of sheep that are grazing on some grass.,95257,
68203,mscoco,A giraffe stands with several birds resting on it's neck.,59985,
189152,mscoco,A woman wearing a military uniform injecting a cow.,80371,
159742,mscoco,a giraffe is standing by a tree line,45798,
176993,mscoco,an orange train is coming down some tracks,43590,
339738,mscoco,A cat looks tired while wearing a small plastic hat.,73501,
350686,mscoco,A train slows down to a stop at the station.,67530,
274655,mscoco,this is a bus with an ad for a casino,54243,
458950,mscoco,A very skinny red fire hydrant with silver top and sides.,77791,
104108,mscoco,A brown and white bird is about to fly from a branch.,51872,
6019,mscoco,A red bicycle is parked near a red fire hydrant.,89337,
512938,mscoco,"A sheep stands alert with it's face to the camera while it's offspring, head hidden by the sheep's wool, drinks it's mother's milk.",41042,
522127,mscoco,A close up image of a street sign letting people know where they are.,90017,
144167,mscoco,Lighted bar sign mounted near traffic signal in front of a building.,84904,
191893,mscoco,A long train comes down the tracks through the city.,61785,
140556,mscoco,these man are standing near a fire hydrant,19169,
69366,mscoco,there is a stop sign at the end of this cross walk,12272,
150576,mscoco,A baby giraffe is lying down in an enclosed grassy area while a larger giraffe is walking around.,96980,
552073,mscoco,Two Giraffes are chomping on their feed basket.,67649,
514600,mscoco,A bird sitting on top  of an orange slice.,63475,
284885,mscoco,Train traveling on tracks through city near glass buildings.,39717,
281179,mscoco,A rain covered terrain after a night of rain.,5480,
239509,mscoco,there is a street sign that is on the street,77482,
72666,mscoco,A cloudy day with a few airplanes waiting to take off.,55245,
300090,mscoco,Several beer signs above various businesses on a narrow street.,99264,
279621,mscoco,a yellow and black train is coming down the tracks,72535,
443334,mscoco,a couple of giraffes are standing in a pin,70269,
234928,mscoco,a red train is sitting on some tracks,47875,
150091,mscoco,there is a old train that is coming up the tracks,93328,
94419,mscoco,A large blue bench sitting next to bottles.,82790,
81056,mscoco,"A black and white photo of a camera, on a bench.",60510,
231408,mscoco,there is a cat that is standing near the water,86553,
142472,mscoco,A city filled with lots of vehicles and pedestrian traffic.,66556,
242465,mscoco,A red stop sign sitting on the side of a road.,8342,
52925,mscoco,a small cat stands on some snowy plank,78962,
67125,mscoco,A group of people standing around a couple of elephants.,50449,
421834,mscoco,A large green bird feeder with a bird on it.,66034,
476813,mscoco,A train traveling along a rocky mountain side.,46592,
430473,mscoco,Large black street light in front of a setting sun.,30985,
432179,mscoco,there are any trains that are seen on the tracks,57872,
364743,mscoco,A train traveling along a loading platform at a train station.,92897,
564336,mscoco,a man at a restaurant using his laptop,23690,
502402,mscoco,A group of people getting onto a bus.,29360,
29094,mscoco,A herd of sheep standing on top of a grass covered field.,72920,
314914,mscoco,A two sign sitting on the side of a road.,62259,
342499,mscoco,A flock of birds sitting on top of a large rock.,7127,
149329,mscoco,A train on a track on a sunny day.,79608,
380698,mscoco,A long train traveling along side of a mountain.,9035,
158494,mscoco,there are many giraffes that are seen here,74402,
314649,mscoco,A large white boat traveling under a bridge.,54668,
297736,mscoco,Debris on a corner outside of a building near a street sign.,10889,
474384,mscoco,A pair of sheep looking eagerly at something through a fence.,29578,
333198,mscoco,"A street sign that reads "" Greta Garbo Strafze "".",73255,
431897,mscoco,Giraffe relaxes in the shade in the park,20101,
403020,mscoco,A giraffe lying on the ground in a zoo pin.,27290,
450724,mscoco,A man sitting on a bench right on a bay of water.,14775,
641,mscoco,A bus that is sitting in the street.,17385,
442681,mscoco,there are many trains that are stopped on the tracks,86104,
392722,mscoco,A group of people standing next to a double decker bus.,95213,
507042,mscoco,Three giraffes stand near the fence of their enclosure.,827,
156999,mscoco,A giraffe is bending its neck over a wood log.,94438,
531000,mscoco,A giraffe with its teeth on a fence.,15086,
140540,mscoco,A train engine carrying carts over a hill side.,24422,
572178,mscoco,A passenger train that is pulling into the station.,23215,
146099,mscoco,"A view of a sheep staring at the camera, its flock is behind it.",27875,
225032,mscoco,Tall large headed giraffe looking out past some trees.,68903,
1779,mscoco,An intersection with a street sign and a building and palm trees in the background.,93404,
309173,mscoco,there is a red stop sign on this street,39579,
395849,mscoco,A row of United States Army military fighter jets.,81540,
378825,mscoco,"A train traveling down a track, with a man hanging off it.",97791,
265001,mscoco,"A couple of birds sitting on a tree, with a blurry background.",96270,
175244,mscoco,A white trunk parked next to a stop sign.,62484,
508952,mscoco,a cat laying down on top of a cardboard box,75971,
33717,mscoco,a toy elephant sitting in a toy cage with toy people standing outside,4115,
246530,mscoco,Two giraffes looking in opposite directions and crossing necks.,98779,
376187,mscoco,A large American flag sitting on top of a building.,10812,
35767,mscoco,A large tree sitting next to two benches.,42993,
122572,mscoco,two rams walking side by side walking across the road,79103,
538132,mscoco,A small dog sitting on top of a couch cushion.,31920,
562686,mscoco,A train crosses a bridge in a large city.,87380,
131108,mscoco,this is a street with a brick building,66685,
522081,mscoco,A vintage train carrying cars rides on railroad tracks.,32884,
362714,mscoco,A bicycle carriage riding down a crowded street.,40935,
304076,mscoco,There is a bus driving along the road.,50143,
473767,mscoco,Railway crossing sign and vacant train tracks and road,76799,
160004,mscoco,Double decker buses pass Big Ben in London.,4453,
89503,mscoco,this is giraffes standing around in the dirt,28374,
220872,mscoco,A man standing next to a train going through grand central station,92613,
138040,mscoco,A PICTURE OF PEOPLE GETTING OFF OF A WHITE BUS,12315,
68352,mscoco,A green train traveling down train tracks with steam pouring out of it.,50715,
453330,mscoco,A bird stands on the ground among dried leaves.,80948,
333290,mscoco,A group of giraffe standing on top of a dirt field.,54342,
320905,mscoco,The sign is warning people not to feed the animals.,55228,
44151,mscoco,A bottle of water sits on an empty bench.,48258,
496411,mscoco,A stop sign with a domed tower in the background.,36998,
445675,mscoco,A tall giraffe standing on top of a grass covered field.,42642,
363039,mscoco,this is a bird flying in the sky with its wings,99217,
351297,mscoco,a giraffe standing on a dirt road near a field..,95518,
241373,mscoco,A man sitting on a park bench reading a book.,24172,
513458,mscoco,A large train resting inside a railway station.,83777,
528261,mscoco,A giraffe kneeling in the grass near a fence.,60927,
454776,mscoco,A person in short shorts walking up a do not enter bridge.,55551,
561009,mscoco,A bird perched on top of a tree branch.,31317,
457558,mscoco,Stop light featuring Main Street and a green light,79174,
104829,mscoco,A yellow and black caution sign sitting on the side of a wall.,75743,
240049,mscoco,A woman holding a young child in her arms.,18060,
425874,mscoco,A city street filled with traffic and traffic lights.,87196,
516020,mscoco,a couple of trains parked on some tracks under a closed roof,73268,
424975,mscoco,A store covered in graffiti on a street corner.,79079,
489588,mscoco,Several white sheep grazing on grass and clover.,57750,
553522,mscoco,a girraf standing in a grassy field next to a forrest,35401,
506416,mscoco,A train is travelling on a railroad track.,21553,
72397,mscoco,a yellow and blue fire hydrant by the curb,84297,
255134,mscoco,a small dog is sitting on a table,41979,
337035,mscoco,Ducks are gathered on rocks beside a body of water.,50146,
121572,mscoco,a couple of buses that are lined up by some buildings,12838,
106096,mscoco,A man by a park bench is taking off his pants.,18993,
290293,mscoco,a long subway with people in it is lit up,22045,
396727,mscoco,A large orange bus that is rolling down the street.,94062,
310516,mscoco,A flock of birds flying over a body of water.,34835,
39068,mscoco,a couple of street signs are on a pole,82715,
304330,mscoco,a man that is petting a big giraffe,42105,
456611,mscoco,"A damaged sign that says ""STATE LAW YIELD TO PEDESTRIANS WITHIN CROSSWALK.""",4312,
147293,mscoco,a park bench that has some trees around it,39781,
509451,mscoco,A group of people posing for a photograph at a black tie event.,3256,
430467,mscoco,a bus moving down the street next to a corner,94092,
283653,mscoco,A train traveling down tracks next to maintenance workers.,4391,
19079,mscoco,a hydrant at the street well closed with chains,83844,
50355,mscoco,a bunch of cars that are paying a toll,46104,
148910,mscoco,A train traveling down tracks near a small town.,4718,
581702,mscoco,A close up of a red and black bird on a rock.,30652,
230056,mscoco,A flock of birds walking along a beach near water.,55108,
295270,mscoco,A white and brown bench sitting on a sidewalk.,89538,
10928,mscoco,A close up of a street pole with several signs.,61352,
62824,mscoco,A metal pole with two blue street signs mounted two the top of it.,42145,
73093,mscoco,there are many young boys that are playing baseball,9413,
97599,mscoco,A train is traveling down the train tracks during the day.,650,
361751,mscoco,Benches side by side in a park,17681,
15862,mscoco,A red fire hydrant sitting in the middle of a sidewalk.,79920,
214200,mscoco,"A red stop sign that reads "" Eating Animals "" below it.",74595,
531189,mscoco,A small dog walking past a red fire hydrant.,29274,
84460,mscoco,Girl siting on a bench in the woods in the fall.,3830,
144985,mscoco,A street scene with a trucking going by.,85893,
154515,mscoco,A purple and yellow bus driving down a street.,6993,
72546,mscoco,there are two very tall giraffes in this zoo by the water,4471,
473015,mscoco,A duck swims in some water near some vegetation.,79130,
170784,mscoco,A red double decker bus driving past a tall building.,45541,
201887,mscoco,A red VW bus parked on the side of a road.,58274,
293071,mscoco,"A red. white, and blue fire hydrant on the side of the road.",80135,
491481,mscoco,A large giraffe is standing in a vast green field.,18884,
186624,mscoco,Someone is standing near a train that is parked.,36282,
423513,mscoco,A cat is sitting outdoors near a park bench.,56501,
412364,mscoco,Two ducks stand in shallow water and cast shadows,34250,
453584,mscoco,A red bench on a slanted floor has the Coca-Cola symbol on it.,39764,
95022,mscoco,A bird with red eyes perched on top of a tree branch.,91350,
699,mscoco,a fogy picture with a red light in the back ground,36131,
437423,mscoco,An intersection with traffic lights hanging above it.,72032,
254283,mscoco,A pedestrian crossing sign sitting on a street corner.,19973,
565693,mscoco,there is a little boy dressed as santa sitting on the bench,13287,
3342,mscoco,A train sitting on some train tracks underground.,58615,
526711,mscoco,A turquoise and white airplane and cars on the tarmac.,2999,
322864,mscoco,A yellow taxi cab sitting below tall buildings.,86906,
109361,mscoco,A flock of birds sitting on top of a dirt ground.,33157,
500952,mscoco,A red train traveling under a bridge on train tracks.,44650,
223130,mscoco,A giraffe standing under a leaf filled tree.,97890,
203846,mscoco,A red stop sign sitting under a green street sign.,81342,
212421,mscoco,A woman standing in front of a giraffe pen,32141,
296865,mscoco,A sheep standing near some black sheep on a field.,1554,
542939,mscoco,A large dog standing next to a man holding a child.,97946,
417043,mscoco,A bench sitting on the side of a road.,5425,
219688,mscoco,Roadway intersection near large brick building in city.,3323,
18462,mscoco,a man waiting for a bus at a stop on a corner,60648,
184778,mscoco,A fire hydrant that has been painted many colors in a tropical area.,38485,
505371,mscoco,A brown bear walking in white and black boots.,77214,
492658,mscoco,A sheep that sheep stands in the dry grass.,73038,
101620,mscoco,A bunch of very cute signs hanging by a business.,84806,
578347,mscoco,A person sitting in a chair with the ocean in front of them.,34477,
511153,mscoco,A train making its way through a rail yard.,38820,
166509,mscoco,A traffic light sitting on the side of a road next to a tree.,58050,
324554,mscoco,A duck floating on top of a body of water.,75886,
246928,mscoco,Small bed with chair in rail car cabin.,88018,
105432,mscoco,A folk of birds flying over a military ship.,24178,
144715,mscoco,Locomotive pulling cars on tracks in outdoor area.,75252,
576461,mscoco,a car is driving down a busy street,32377,
367876,mscoco,A group of birds all grooming themselves in shallow water.,91189,
86800,mscoco,A woman in a blue dress holding an artistic vase.,37369,
92624,mscoco,assorted animals like giraffes and zebras standing by a river,99395,
408903,mscoco,A kid sitting on a snow pile next to a Morningside Ct. street sign.,47457,
405530,mscoco,A man sitting on a bench looking out to sea.,61970,
539904,mscoco,A yellow fire  hydrant sitting on the side of a road.,65821,
389340,mscoco,A trash can made to look like a soup can.,49208,
189197,mscoco,A gray day at a park with a stone bench.,31528,
439516,mscoco,a giraffe leaning over a fence to eat out of a bowl that a woman is holding,16788,
299492,mscoco,A train traveling over a bridge over a body of water.,4118,
348648,mscoco,A fire hydrant sitting on the side of a road near a building.,76700,
523494,mscoco,Several people are waiting to get on a city bus.,91672,
315257,mscoco,A bird with outstretched blue wings is sitting on some bird feeder.,26927,
480416,mscoco,People sitting on a bench on a town's sidewalk.,28084,
273123,mscoco,a couple of sgns are on poles in the ground,46080,
360818,mscoco,A boy is laying on a bench in a park.,31225,
39670,mscoco,A train traveling through rural countryside lined with trees.,69985,
430218,mscoco,a yellow train parked at a platfrom with a bright light,85500,
60128,mscoco,A white bus driving down a street next to power line.,34368,
209901,mscoco,A very tall building sitting on the side of a road.,32835,
394635,mscoco,Two trains that are on the rails near a station.,16670,
322894,mscoco,Two birds that are standing on rocks near the water.,22299,
47071,mscoco,A herd of giraffe standing on top of a grass covered field.,46550,
539445,mscoco,a red train is riding down the tracks,5388,
377723,mscoco,A blue bus picking up a load of people.,86757,
424940,mscoco,A flock of swan swimming on top of a river.,34107,
236674,mscoco,A city with lots of tall buildings and a gash station.,30654,
504024,mscoco,The Giraffes are almost camouflaged in the terrain behind them.,72783,
421009,mscoco,A giraffe is standing erect on a dirt path and grass and trees are in the background.,32672,
282600,mscoco,A black bird eating an apple on the ground in the woods.,27527,
511138,mscoco,A giraffe that is standing in the grass.,51089,
64884,mscoco,A sign hanging off the side of a wooden pole.,18069,
5033,mscoco,a tall tower next to a train track,54315,
82846,mscoco,A red trolley car driving down a parking lot.,6061,
571008,mscoco,The stop sign has stenciled spray paint on it.,93136,
198176,mscoco,A woman and a dog sit on a city bench in this black and white photograph.,12634,
217137,mscoco,"Two children under a ""Sesame Street"" sign on a light post.",63116,
381842,mscoco,A green street sign hanging from a metal pole.,57105,
137265,mscoco,A view of someone in the sky parachuting to the ground.,85223,
408501,mscoco,A blue and yellow train going down the train track,96892,
28156,mscoco,a blue sign in the sidewalk of a walking trail,43397,
354121,mscoco,A small bird standing on top of a sidewalk.,84586,
393212,mscoco,A rustic iron fence with bushes in front of it and a blue information sign.,33783,
99984,mscoco,a couple of different types of signs on the outside,14771,
89271,mscoco,A cat wearing a hat while resting it's paws on top of a chair.,89908,
534036,mscoco,a school bus parked in front of a brick school,31790,
494571,mscoco,there is a red bus that is parked outside,55630,
148909,mscoco,A street light sitting next to a building on the side of a road.,1090,
375914,mscoco,A yellow end sign sitting on the side of a field.,17733,
441009,mscoco,The cowgirl is waiting for her turn at the event.,63608,
69553,mscoco,there is a close up picture of a train going down the tracks,72949,
363793,mscoco,A large white sheep cake sitting on top of a foil plate.,51097,
353866,mscoco,A man wearing a hat while standing next to a body of water.,53867,
524216,mscoco,A large white bus driving down a street next to a sign.,47954,
542234,mscoco,A black bird flying over a body of water.,41832,
500422,mscoco,A tall giraffe standing next to a herd of deer.,61893,
387850,mscoco,People wait at a public transport station in Thailand.,10058,
21382,mscoco,A green street sign sitting below a large tree.,94281,
433904,mscoco,Two cars stopped on a street near buildings and stop signs,84021,
441440,mscoco,there is a large military jet flying in the air,19736,
393578,mscoco,a white bus is on a busy street,24889,
520433,mscoco,A train with graffiti moves along the railroad tracks.,87110,
519801,mscoco,A train traveling down train tracks next to a lush green forest.,43031,
364075,mscoco,A couple of giraffe standing next to each other.,2932,
257673,mscoco,An old wooden bench sitting beside a bush,2278,
494188,mscoco,A black bird sitting next to a couple of people in chairs.,90081,
13132,mscoco,A pair of men wearing waders stand in shallow water.,69200,
245642,mscoco,Someones hand holding on to their bike while beside a road with a bunch of sheep,17358,
396779,mscoco,A pond with two ducks swimming on top of it.,26179,
206620,mscoco,a little girl sitting in front of a cake plate.,26186,
232597,mscoco,An old man wearing a red tie and a black vest.,45692,
423804,mscoco,A car parked behind a fence next to a red train.,26054,
444777,mscoco,a bed with some black bags on it,11042,
479832,mscoco,A train covered in lots of graffiti on train tracks.,624,
125815,mscoco,A long train parked in front of a train station next to a  loading platform.,9506,
217509,mscoco,A woman standing under a red stop sign on a green yard.,93120,
63397,mscoco,A couple of men walking along a river.,51230,
521098,mscoco,A large green gate sitting in front of a red brick building.,35869,
506540,mscoco,A giraffe standing next to a palm tree.,15388,
286708,mscoco,a black and white cat wearing a little purple hat,28330,
273354,mscoco,A blurry photo of a train riding along,77101,
312191,mscoco,There are many birds flying above the water.,52737,
545000,mscoco,A red and white fire hydrant on a sidewalk at the park.,59470,
363606,mscoco,A bird with a bright beak standing by the waves,36870,
409241,mscoco,A train traveling under a bridge next to a bunch of trees.,65050,
413404,mscoco,A park with lots of benches under trees.,14597,
210976,mscoco,A long bench sitting next to a large fence.,50581,
172271,mscoco,A bench sitting on top of a grass covered hillside.,19087,
469424,mscoco,A cat laying on top of a wooden bench.,1653,
290828,mscoco,A giraffe eating grass from a stick near a bridge.,33618,
227523,mscoco,A red stop sign sitting under two green street signs.,36537,
272925,mscoco,A street covered in pink confetti next to a red fire hydrant.,52860,
236904,mscoco,A small white dog standing next to a red fire hydrant.,2535,
334405,mscoco,A bus travels on a road near buildings and parked vehicles,5386,
155401,mscoco,A bus parked in front of a bus stop.,12887,
126701,mscoco,A bench sitting along side of river next to tree.,37531,
197130,mscoco,A man walking behind a city bus next to a building.,27785,
246452,mscoco,A couple of birds having sex on top of a river.,91397,
317969,mscoco,A herd of sheep walking across a road.,75644,
222054,mscoco,a large citi bus in the street around some trees,30329,
220690,mscoco,A city street filled with lots of traffic and pedestrians.,13275,
441788,mscoco,A bus window with finger writing on it.,53157,
425608,mscoco,A herd of sheep standing on top of a lush green hill.,12841,
90738,mscoco,A couple of brown cows standing by the side of a road.,73086,
347172,mscoco,some road signs besides a road in the street,58497,
442582,mscoco,A yellow and white bus driving down a street.,76001,
417716,mscoco,a red traffic light sitting next to a  brick wall.,70298,
474711,mscoco,A red fire hydrant sitting next to a wooden wall.,71190,
350607,mscoco,A bench on a road side with a quilt covering it.,66368,
466346,mscoco,A double deck tour bus parked at a stop.,43550,
571865,mscoco,A fire hydrant with a hose sticking out of it's side.,82372,
441468,mscoco,A red fire hydrant sitting on the side of a road.,44549,
178796,mscoco,A small baby giraffe sitting on concrete next to an older adult giraffe.,50843,
88848,mscoco,a couple of pictures that have some people and some fire hyrdons,49739,
76107,mscoco,A small boat in the ocean with four seagulls standing on it.,4205,
260447,mscoco,A very long shiny train on a bridge over some cars.,6477,
423508,mscoco,"two benches, a small statue and some street signs stand between a street curb and the brick facade of a large building.",46548,
101053,mscoco,a big bus that has some people by it,22565,
436348,mscoco,a big group of people next to a umbrella,43712,
339058,mscoco,a lady and man standing next to a fire hyrdgen,16858,
578236,mscoco,A large lizard sitting on stone steps with three birds.,28248,
509719,mscoco,A small bird is standing on the concrete,69719,
396404,mscoco,A picture of a shaded walk way and benches.,10125,
544811,mscoco,Two birds flying in the sky over a lake,91804,
35891,mscoco,Several people crossing at an intersection with traffic lights.,46212,
160661,mscoco,A bird on top of a large clock.,59420,
365611,mscoco,Multiple lane road in large city on sunny day.,32371,
260099,mscoco,A picture of someone's backyard patio area with a blooming cherry tree.,73251,
520503,mscoco,Commuter rail trains on tracks in large urban area.,76388,
357829,mscoco,a bunch of airplanes that are flying through the air,46442,
198486,mscoco,The reflection of a woman  in a rear view mirror standing next to a bus taking a picture,57177,
410168,mscoco,A dog wearing a yellow hat with a smiley face on it.,86580,
46804,mscoco,A sheep standing in grass next to a rock wall.,9452,
13348,mscoco,a large air plane on a terminal,79096,
566699,mscoco,Giraffe standing in open area near trees with mouth open.,35353,
548879,mscoco,An older model passenger bus in a city.,2882,
91136,mscoco,Some very cute sheep by some very big trees.,42773,
125084,mscoco,A yellow fire hydrant is standing in the snow.,57032,
497825,mscoco,"A man smiling in a suit and tie, wearing a hat.",36898,
263866,mscoco,A train is being driven down the railroad tracks.,43353,
467484,mscoco,A red fire hydrant with two red poles beside it.,1239,
178156,mscoco,A truck stopped at an intersection where construction barriers are up.,80900,
505565,mscoco,The birds are standing on the grass and dirt.,94995,
244005,mscoco,An older white motorhome pulled over on the side of a highway.,65751,
327149,mscoco,a fire hydrant on a sidewalk near a street,83421,
328098,mscoco,A traffic sign is displayed on a freeway.,85701,
518729,mscoco,An animal is walking along in a wooded area.,15431,
50354,mscoco,An old iron square steam train pulling gray passenger cars down a track past a bicyclist.,99204,
155443,mscoco,A train pulling into the station in a city.,77261,
374564,mscoco,a dog carrying a bird in its mouth,29830,
281660,mscoco,The view out a train window passing along a wall.,20979,
106344,mscoco,a man in a hat is in a crowd,42356,
234910,mscoco,A shopping center with parking lot along a busy street.,51884,
159203,mscoco,A fire hydrant on a sidewalk along a street.,18946,
488710,mscoco,A woman standing next to a princess parking only sign.,69787,
569849,mscoco,A goat stands in front of a man poorly dressed.,11148,
279145,mscoco,A cat in front of a wooden bench in a garden.,7461,
362023,mscoco,The small bird is standing on the back of a metallic chair.,99831,
4286,mscoco,a giraffe in a field with a person near trees,30092,
219514,mscoco,some street signs sitting on a pole next to a street light,94107,
6874,mscoco,A group of giraffes and a couple of deer stand in the dust.,61312,
58701,mscoco,a street sign on the corner of a city street,64562,
431686,mscoco,An all way stop sign on a sidewalk area.,54942,
4283,mscoco,Two birds that are sitting in a marsh area.,5499,
28508,mscoco,One of the three giraffe is eating from a tree.,67905,
513149,mscoco,A couple of signs mounted to the sides of a building.,38326,
267946,mscoco,A blue sign giving directions to a public toilet.,45646,
289883,mscoco,A very long blue and white bus pulling out of a parking lot.,47014,
260257,mscoco,A red stop sign sitting below a tall building.,43839,
297537,mscoco,A single giraffee standing in a dried field.,33450,
16931,mscoco,A snowy city street with a french stop sign.,80689,
216695,mscoco,A bridge built over a water is shining lights at dusk.,25663,
325919,mscoco,A train engine carrying carts down a track.,17473,
189773,mscoco,An older model double deck tour bus sitting on a road side.,78550,
33532,mscoco,a small bird is standing on a tree outside,46744,
1584,mscoco,"The red, double decker bus is driving past other buses.",66783,
342051,mscoco,a man is standing next to a stop sign outside,99475,
236166,mscoco,A man holding a small white dog while wearing a black hat.,77822,
252294,mscoco,A woman sitting on top of a bed with curtains hanging over it.,15395,
542423,mscoco,A woman sitting on top of a park bench in a field.,40297,
165919,mscoco,A bench sitting in front of a group of vending machines.,57247,
241517,mscoco,a public transit bus on a city street,11385,
159402,mscoco,Several people helping to load luggage onto a train.,32412,
407387,mscoco,A flock of birds standing on top of a grass hill.,73400,
304341,mscoco,A blue bench sitting under a clock mounted to a wall.,98748,
113828,mscoco,a line of red double decker buses driving down the road,93256,
539143,mscoco,A train traveling under a rusted bridge on top of tracks.,55857,
221003,mscoco,Two giraffes standing in front of their stables.,34830,
440529,mscoco,A man wearing a glove with a bird on top of it.,40306,
466921,mscoco,A street with market door openings is empty.,45188,
371638,mscoco,A train covered in graffiti sitting on top of  train tracks.,5983,
8548,mscoco,A silver airplane flying low in the sky.,66577,
312866,mscoco,A train covered in graffiti sitting on top of  train tracks.,73808,
581887,mscoco,An intersection features a directional sign to local towns.,75861,
559113,mscoco,A trolley driving down a street lined with tall buildings.,27587,
374383,mscoco,A plan flying under a cloudy gray sky.,14118,
330750,mscoco,A bench has been built next to an old stone building.,90597,
382699,mscoco,A building engulfed of flames sitting on the side of  a street.,19876,
439173,mscoco,A bright green bus is driving in traffic down a road.,80559,
212945,mscoco,a train on a track near a building,81120,
391029,mscoco,A bird is sitting on a bench in the grass.,13213,
276195,mscoco,A giraffe in a grassy field near a hill.,81014,
219965,mscoco,a close up of three giraffes in a structure near a brick wall,1013,
513778,mscoco,a big giraffe walks across a dirt road,79904,
451046,mscoco,A train traveling down tracks through a field.,46869,
505080,mscoco,a small boat in a large body of water,73279,
546659,mscoco,A train traveling past tall white buildings on train tracks.,16545,
177893,mscoco,a red and white passenger bus with a 'final destination 5' billboard on the side of it,74147,
523360,mscoco,A cement wall with a picture on it and a small four door vehicle parked below the picture.,20650,
396350,mscoco,A boy is crossing the street in front of the buses.,92635,
30383,mscoco,The fire hydrant is across the street from street lamps.,84356,
307598,mscoco,"a yellow and green train, at stop lights.",3493,
43758,mscoco,a couple of sheep graze on some grass,42430,
24851,mscoco,A picture of two stop lights that are red at a busy intersection.,11708,
497127,mscoco,A bus parked in front of a building net to a traffic light.,24645,
301300,mscoco,A person standing in front of a stop sign in the dark.,94749,
40557,mscoco,a street light is hanging on a pole,78157,
437145,mscoco,A toy train is driving on a train track.,54213,
574015,mscoco,A train traveling past a forest filled with green trees.,48188,
416405,mscoco,A red fire hydrant is in the snow near a mountain.,8069,
377361,mscoco,A woman smiling while standing next to a giraffe.,96658,
495291,mscoco,The giraffes are spending a lot of time in the forest.,47754,
271452,mscoco,A couple of blue street signs hanging off the sides of a pole.,81234,
450758,mscoco,A herd of giraffe running across a field.,54265,
147409,mscoco,A bus driving across a cross walk near a tall building.,90419,
490708,mscoco,A group of sheep are in a grassy field near a house.,19959,
211047,mscoco,A wood bench sitting in front of a tree.,4509,
64146,mscoco,A scary man wears a hat made out of bananas.,90601,
481325,mscoco,Someone walking down the street and street lights and a one way street sign,25418,
367275,mscoco,A bunch of people standing in the street near the Whitehouse,76535,
1180,mscoco,A woman standing over a sheet cake sitting on top of a table.,32056,
575691,mscoco,A person feeding a giraffe while wearing a hat.,98215,
57107,mscoco,some giraffes rocks plants trees and a building,95114,
221521,mscoco,A bench with two wooden statues sitting behind it.,95929,
433963,mscoco,A big red bus parked on the street near a city,16731,
472143,mscoco,A young couple sit and enjoy their food outside a busy shopping area.,18985,
540529,mscoco,Three giraffes behind a wire fence next to a tree.,89995,
200231,mscoco,A bench with a bunch of stuffed animals and other items on it,14098,
395749,mscoco,Four people sitting on a bench looking at the water,87398,
16499,mscoco,A red and white train traveling along a mountain road.,51724,
105885,mscoco,A busted fire hydrant spewing water out onto a street.,52010,
305351,mscoco,A giraffe near a white door on a brick wall.,34447,
388902,mscoco,Two birds stand on the edge of a rail.,99798,
436694,mscoco,A large body of water sitting under a setting sun.,46379,
548126,mscoco,a big school bus drives down the street,73953,
203370,mscoco,a city bus sits parked as people walk by it,98284,
418109,mscoco,A woman standing next to statues of giraffes.,88538,
146981,mscoco,A black and white cat laying on top of a bench.,82369,
267571,mscoco,a giraffe standing on a sandy beach in front of some rocks,17797,
254653,mscoco,A tour bus is parked along a curb.,41664,
498010,mscoco,Three red stoplights against the background of a sunset..,58021,
480345,mscoco,An adult giraffe grazing on tree leaves in a grassy field.,22630,
404601,mscoco,A sign advertising The Cave Restaurant and Lounge,69999,
316161,mscoco,A small gray bird perched on a tree limb eating the fruit.,23049,
464824,mscoco,A person is bending over to pick something off the ground.,70538,
308889,mscoco,A black and white view of a double decked bus on the street.,7995,
41119,mscoco,A traffic light at an intersection with a skyscraper in the background.,47721,
327089,mscoco,A school bus that is stopped and letting children off the bus.,69235,
100283,mscoco,A stop sign on the corner in front of a row of stores.,87689,
390684,mscoco,Cars parallel-parked on a street with a street-light in the background.,38830,
290261,mscoco,A train going down the tracks that has just gone under a bridge.,57454,
564098,mscoco,A sheep being pet by a group of people.,50697,
221543,mscoco,A clock displaying the time in a passenger bus.,45005,
274852,mscoco,Street signs are advising people to proceed while being aware of their surroundings.,60460,
151808,mscoco,a train is passing a lake by a mountain,99548,
328110,mscoco,A black and white photograph of a woman taking care of a child on a park bench.,85726,
581262,mscoco,A fire hydrant and some debris on the street.,37467,
301333,mscoco,A train coming down the tracks in a city.,23932,
536426,mscoco,A photo of a fire hydrant with a cone next to it.,57986,
134844,mscoco,a train is next to a city by the mountains,92965,
126833,mscoco,A man sitting on a bench near a pole.,89284,
499249,mscoco,A sign that is bent on a sidewalk.,40863,
423337,mscoco,A cat sleeping on a pillow next to a book.,83310,
368442,mscoco,A giraffe and ostriches that are in the grass.,90290,
376625,mscoco,An old passenger trolley is on the street.,20088,
574856,mscoco,this is a train coming down a set of rails,10696,
514826,mscoco,"a man in a dress shirt, tie, and a trucker hat",91328,
544605,mscoco,A bunch of brown signs on a pole.,25265,
447602,mscoco,A small child riding a toy tractor near sheep.,63919,
258529,mscoco,A pathway leading to an outdoor open shed.,55422,
516372,mscoco,A fire hydrant that is sitting near a car.,70707,
452566,mscoco,"There is a rugged mountain past the stop sign,",24180,
248087,mscoco,Bus driving along loaded with packages and bags on the luggage rack on the roof.,77221,
149376,mscoco,The stop light found at a Hocken avenue intersection.,24994,
166524,mscoco,A private parking sign under a bridge with writing.,45159,
405021,mscoco,The van drives down the street behind two people walking a dog.,9725,
86357,mscoco,A large bird flying underneath a cloud blue sky.,88009,
423215,mscoco,The large freight train is pulling many cars of cargo.,93088,
357824,mscoco,Baby birds walking in a swamp and over reeds.,5468,
556498,mscoco,Two black signs that are on the side of a pole.,76301,
406070,mscoco,A man that is in the air with a skateboard.,43196,
302137,mscoco,A bus that is sitting in the street.,39422,
451573,mscoco,Group of young men standing in fenced area with skateboards.,27457,
412793,mscoco,The red bus is parked at the traffic signal near other cars.,41666,
440354,mscoco,The fire hydrant next to plants is painted silver.,78783,
210607,mscoco,A boat that is sitting in the water.,27228,
573947,mscoco,Two green stoplights that are on a pole.,45007,
546782,mscoco,Traffic mirror reflecting the intersection at Race Street.,63813,
205282,mscoco,A group of giraffes that are standing in the grass.,20246,
91564,mscoco,A large group of sheep stand near the water all looking down eating,63658,
198915,mscoco,This is an intersection sign between green lake drive and one other,54950,
170250,mscoco,A bunch of giraffes that are standing in the grass.,33989,
529355,mscoco,Two women that are sitting on a bus.,59270,
241559,mscoco,Large signs are suspended from the buildings above the city street.,96281,
19047,mscoco,A red light that is on a pole.,58413,
362682,mscoco,A cartoon dog is painted on the side of the passenger bus.,86414,
188173,mscoco,A giraffe and zebras mingle as cars drive out of an animal park.,20368,
328512,mscoco,The head and neck of a giraffe with bare tree branches behind it.,26031,
285788,mscoco,Two giraffes that are standing in the grass.,22266,
471350,mscoco,An orange and black fire hydrant at the edge of a street.,38636,
362079,mscoco,A giraffe that is standing in the grass.,72839,
568700,mscoco,A giraffe that is laying down in the grass.,38608,
100354,mscoco,The lamb is nursing for milk from his mother.,30216,
364596,mscoco,A man standing on the side of a road holding a protest.,70315,
324139,mscoco,A group of pigeons sitting on a park bench.,36248,
91950,mscoco,The rams are sitting on the rocks and boulders.,11268,
427311,mscoco,A commercial air plane taking off from the runway strip.,26901,
112702,mscoco,A green bus is parked near a city curb.,38044,
92109,mscoco,"A giraffe's head is pictured in this clear, colorful photo.",78607,
169855,mscoco,a bird trying to eat out of a bird house,41922,
91954,mscoco,OLD RUSTED BOXCARS STILL SITTING ON A SET OF TRACKS,44233,
13637,mscoco,MAN WITH GLASSES KNEELING IN FRONT OF A FIRE HYDRANT,65328,
53450,mscoco,A bus that is sitting on a sidewalk.,98408,
133149,mscoco,Sea faring bird flapping wings while standing on wooden railing at beach.,57440,
565230,mscoco,two airplanes sitting on the air field another going down the runway,31520,
300246,mscoco,An elephant with a person on top of it in a street.,96247,
541991,mscoco,a sheep is standing on the side of a hill,9153,
354088,mscoco,An old bus is parked in front of a market.,41577,
274593,mscoco,The white van is driving past the red fire hydrant.,53017,
428562,mscoco,a small sheep is standing in a pin,79619,
536615,mscoco,Two giraffes stand and eat food out of a basket.,99054,
254407,mscoco,A train riding on a track near a platform.,18977,
464248,mscoco,a couple of birds are standing on a gutter,9635,
330140,mscoco,A round picture of a train station with a tall building across the street.,7097,
435671,mscoco,A grey brown bird perched in a pine tree,48491,
72632,mscoco,Two giraffe standing together and looking towards an area of trees and bushes.,49728,
270381,mscoco,A empty bench in a grassy field with yellow flowers surrounding it and a lake and mountains in the background.,73728,
409268,mscoco,A stuffed teddy bear covered in dirt on the ground.,13033,
64103,mscoco,a couple of birds swimming in a lake,59579,
48546,mscoco,Street signs at the corner of Wadsworth and Amherst,6500,
260199,mscoco,"A double decker bus, and cars on a city street.",31231,
201732,mscoco,A fire hydrant is standing in the middle of a parking lot.,46389,
503431,mscoco,Sheep and rams grazing on a stony hillside.,76218,
379156,mscoco,A wild animal sitting on some rocks in a field.,94360,
230247,mscoco,A mirror that is on a tiled wall.,11085,
37339,mscoco,Aoold rustc sign is standing upright in some grass,69741,
121384,mscoco,A seagull swims toward a rocky shore in a lake.,25417,
310879,mscoco,A group of birds stand on partially water covered ground.,81273,
399998,mscoco,A bus stopped on a street at a cross walk.,67798,
534426,mscoco,A road that has cars driving under a traffic light.,17572,
136552,mscoco,a red double decker bus with a movie poster on the sign of it,7082,
241010,mscoco,"A lone person stands in a large, city scene.",7753,
561164,mscoco,A street corner with a sign and windows on the building.,84067,
423830,mscoco,A bird walking through some gravel as its baby chicks follow.,36396,
350133,mscoco,a black kitty laying on a bench licking its paw,27517,
91227,mscoco,A giraffe standing in the grass near a tree.,10795,
374947,mscoco,a stop sign altered so it says 'stop hammer time',80761,
166563,mscoco,A large statue of an elephant is attached to a business sign.,72245,
20470,mscoco,two giraffe heads standing close to each other,5417,
555772,mscoco,A humorous stop sign is pictured in this image.,31928,
122981,mscoco,a small boy standing in front of a boat,83536,
535259,mscoco,"Two people sit with a small child, who is wearing a large hat, on a park bench.",68944,
476279,mscoco,A subway pulls into a quiet subway station.,38947,
219260,mscoco,A man stands outside of a steam locomotive.,50777,
76087,mscoco,there are many giraffes in a fenced in area,14398,
91517,mscoco,Two street signs are seen on a small street.,2404,
127785,mscoco,this is a group of giraffes walking together,4357,
106970,mscoco,this is a giraffe running in  a pen,81216,
104880,mscoco,A humorous street sign is pictured in this image.,32500,
550173,mscoco,this is a train riding down the tracks,91295,
151231,mscoco,"A stop sign with a sign above it that reads, ""David"".",84659,
230212,mscoco,a nice train travels next to some trees,34142,
190441,mscoco,A flock of white sheep in a green field.,98063,
335089,mscoco,A red train with a large engine that's on tracks.,28861,
351559,mscoco,A traffic light in front of a tall building with red lights at the top.,88356,
507135,mscoco,A fire hydrant on the side of the street.,57969,
435312,mscoco,a person taking a photo of a traffic light on a city street,76771,
423519,mscoco,a public transit bus on a city street,1637,
72989,mscoco,The clock for sale has  birds displayed on it.,49137,
91612,mscoco,The woman is holding the dog between her legs.,34793,
20796,mscoco,The stop light has a picture of a bike.,54347,
288685,mscoco,a sheep in a field with a dog and people watching,60988,
554892,mscoco,a person that is feeding a big giraffe,9472,
450081,mscoco,A young woman pets and kisses a giraffe.,79795,
26226,mscoco,"The train is on a railroad track, under a signal light.",48861,
342394,mscoco,Three giraffes standing at different locations behind a fence.,87539,
115106,mscoco,A bird sits on a roof with a tree nearby.,56896,
571746,mscoco,A train goes down the side of a mountain in the snow.,24106,
16631,mscoco,A street sign that has been altered with graffiti.,97773,
441216,mscoco,The railroad worker is standing near the end of the train.,37356,
2621,mscoco,a street light with the walk symbol on,98642,
78056,mscoco,a photo of a light pole near a city street,4143,
154028,mscoco,The animals are grazing and eating in the grass.,23939,
193388,mscoco,She didn't expect that there would be this many birds to feed.,16567,
161185,mscoco,A train is near a track switching station.,60528,
357254,mscoco,The clock has pictures of different birds on the numbers.,59477,
495379,mscoco,Close up of a red fire hydrant near a sidewalk.,81383,
115118,mscoco,a train of many colors is coming down the track,53704,
433499,mscoco,The miniature blue train is behind a picket fence.,29740,
102056,mscoco,A group of people are waiting beside the small blue bus.,33057,
144251,mscoco,a public transit bus on a city street,67961,
425933,mscoco,"Street sign showing ""Pete Rose Way"" at an intersection.",1178,
133131,mscoco,Graffiti written on an all way stop sign.,28575,
173544,mscoco,A PLANE IS HIGH IN THE SKY ON A VERY CLOUDY DAY,73568,
69805,mscoco,Colorful parrot sitting on top of a peace award in a restaurant.,82359,
44269,mscoco,A metro bus at night at a bus stop letting people off on the sidewalk.,63854,
268000,mscoco,A passenger train on the tracks going under a bridge.,41449,
2006,mscoco,a big purple bus parked in a parking spot,99495,
269196,mscoco,A bunch of sheep in the snow behind a barbed wire fence.,61720,
557150,mscoco,A couple of goats and a goose in a green field moving about.,40432,
554286,mscoco,A beautiful garden and a dog in the middle,41608,
9142,mscoco,a bird standing on some rocks near the ocean,37783,
304012,mscoco,some yellow signs attached to a building wall,61341,
533452,mscoco,"A person in the kitchen,  putting a large turkey in the oven.",54538,
448211,mscoco,"The image shows a leafy backdrop with  part of a fence and a smiling woman, and an eagle swooping, improbably, from right above.",59098,
441535,mscoco,"A minimally furnished room shows small window pairs with blinds and no curtains, an unmade  double bed with a heavy, taupe duvet, and a white border near the ceiling  with colorful birds trailing in both directions.",80755,
133537,mscoco,People walk down the platform next to an Amtrak train.,4421,
42008,mscoco,a jeep driving up to another car.,83595,
256250,mscoco,two giraffes in a field next to some standing water,10002,
300725,mscoco,a pigeon perched on the arm of a bench,36521,
565269,mscoco,The back end of a bus with a Bus Stop sign in the foreground.,19505,
297681,mscoco,A car that is trying to drive through a flood.,4435,
472387,mscoco,A street sign is seen over a river in a city.,33493,
298722,mscoco,A rusted pair of chairs next to a table outside in the woods.,38450,
140783,mscoco,A city bus drives down a dark city road.,71807,
413475,mscoco,a close up photo of a stop sign and a street sign,59316,
350860,mscoco,A sign on a bus that welcomes passengers and gives safety instructions.,55865,
98497,mscoco,A traffic sign that has a picture of a man holding a surfboard on it.,54577,
467522,mscoco,A group of giraffes standing near each other.,25893,
261796,mscoco,A black and white picture of a large house is shown.,13375,
116750,mscoco,a train car parked in a train yard,43785,
182874,mscoco,a pair of buses going down a divided road,90410,
527573,mscoco,a man is standing near a yellow fire hydrant outside,80691,
194158,mscoco,A tour bus downtown with yoga ads all over it.,32785,
42888,mscoco,A corner street sign with a tow sign and a art piece,83281,
396811,mscoco,a stop light with multiple lights around it,82896,
475529,mscoco,"Firetruck driving through city with lights on, fast.",39730,
270705,mscoco,A large bird perched on top of a stick near a window.,53094,
329939,mscoco,a trio of giraffes running through golden grass,15908,
514722,mscoco,a photo of a train on a bridge above a river,95462,
247609,mscoco,a wood bench is sitting near a pole,71154,
201550,mscoco,a bunch of people are walking around outside,50544,
101180,mscoco,a couple of red lights are on a pole,75806,
274451,mscoco,Several people are standing on a city street.,14755,
553339,mscoco,Tree green lined roadway on a misty day.,40663,
22649,mscoco,A fire hydrant sits in front of office buildings.,7903,
6896,mscoco,Man posing in front of a pair of giraffes in background.,16083,
523245,mscoco,A man is riding on a cart led by two cattle.,78686,
270893,mscoco,A couple of yellow buses parked on top of a road.,95875,
542776,mscoco,A small bird sitting on top of an open book.,63978,
504580,mscoco,Two giraffes during day in field of grasses.,11762,
506574,mscoco,A giraffe that is standing near a fence.,40325,
296192,mscoco,A dark bird is sitting on a rock eating seed in the sun.,21700,
246650,mscoco,"A smaller car is stopped at the red light, as traffic drives on.",91172,
73702,mscoco,A man with an umbrella hat stands next to another man.,33316,
446861,mscoco,A row of traffic lights hanging over a suburban intersection.,11079,
120767,mscoco,A pair of children sit on a giraffe while other children stand nearby.,3946,
113570,mscoco,Small train with locomotive in front and trees lining trail.,81482,
457538,mscoco,A young boy wearing a red catchers mitt.,97098,
341801,mscoco,A tall monstrous looking street sign sitting on the side of a road.,40240,
51334,mscoco,Vehicles are traveling down a snow covered hill.,99243,
123663,mscoco,A train is traveling fast down a track.,57432,
85005,mscoco,Two giraffes that are standing in the dirt.,15362,
126260,mscoco,A vintage photo from the 1950's of a small town street lined with parked cars.,65549,
570045,mscoco,An arrow on the sign points the way to the Oil City Restaurant drive thru window.,13735,
557329,mscoco,A bird is perched on a branch in a tree.,86441,
493563,mscoco,A young lady sitting on top of a wooden bench.,53868,
91912,mscoco,A swimming pool with lanes marked for racing on the water's edge across from a large city.,47839,
86483,mscoco,There is a sign in front of a brick house.,43057,
111117,mscoco,Bird perched on a high branch in a tree,90249,
47516,mscoco,Three people in suits posing outside of a bus,50983,
230932,mscoco,A bunch of statues that have hats on their head.,29114,
405660,mscoco,A park bench that is sitting in the grass.,78947,
252639,mscoco,a long green and white bus driving down the road,82887,
8762,mscoco,Street lights and a lit up street sign at an intersection.,88315,
240084,mscoco,A traffic light suspended in the air in front of a brown and red brick building.,18759,
326667,mscoco,a white bird flies low over the water,76831,
285388,mscoco,"A zebra walking inside of its pen, with its back to the camera.",81096,
53606,mscoco,A train covered with graffiti moves along an urban track.,73288,
46805,mscoco,a car at on intersection who has the green light,78958,
578238,mscoco,A couple of giraffe standing next to each other.,15894,
80713,mscoco,A group of giraffes standing in front of people taking pictures.,74176,
234433,mscoco,a bicycle and parking sign that is upside down,20746,
473214,mscoco,A road that has a car driving down it.,37900,
388926,mscoco,A group of children on bus posing for camera,39665,
541879,mscoco,Two double decker buses sit parked as tourists walk nearby.,12406,
302260,mscoco,A black and white dog wearing a Santa Claus hat lying on the floor.,27908,
318415,mscoco,An old brick building along side of a river,12107,
152465,mscoco,A fire hydrant with a tire underneath it.,19974,
162043,mscoco,A bus is seen coming up to a bus stop.,58678,
417606,mscoco,A stop sign in the middle of two streets.,73396,
169849,mscoco,A gray fire hydrant sitting next to a green hedge.,38881,
51089,mscoco,A street view of on coming traffic underneath a street light.,35967,
456486,mscoco,THIS IS A PHOTO OF TWO CROWS HUNTING ON A FEW BRANCHES OF A TREE,94990,
356544,mscoco,A dog with a hat strapped to its head.,93780,
399274,mscoco,"Passenger rail train moving quickly, everything around indesicriminate blur",48954,
354868,mscoco,A black and white image of a train on tracks,74678,
167074,mscoco,A man standing next to a red and silver fire hydrant.,78061,
327500,mscoco,Three giraffes thinking their head over a wooden fence.,78591,
328786,mscoco,Group park benches light up any Park.,65540,
390283,mscoco,Man sitting in an innertube with a hat on the Sidneyville.,32774,
280480,mscoco,A bird is sitting on a branch among unfocused trees,36175,
458846,mscoco,A bunch of birds sitting on a traffic light.,37716,
424641,mscoco,The people are riding bicycles in the bicycle lane of the road.,5338,
120745,mscoco,"A street has a traffic light, a parked bicycle, and a car on it.",29994,
537964,mscoco,A red fire hydrant is sitting in the woods near fallen leaves.,40138,
437514,mscoco,a wood bench is next to a tree,50313,
529457,mscoco,a white and black fire hydrant is on a curb,29395,
233298,mscoco,A large commercial airliner is flying through the sky.,87028,
183614,mscoco,A street sign on the edge of a street.,20080,
187514,mscoco,A passenger train car that has been tagged with graffiti.,22042,
140582,mscoco,The baby birds in a next tucked up under an eave.,21602,
334513,mscoco,a yellow and white train some tracks and buildings,85414,
326726,mscoco,A  person holding a Jesus sign in a  city.,5089,
478380,mscoco,A bus driver watching a herd of sheep blocking a road.,63315,
525542,mscoco,a white bus is on a city street,91457,
110282,mscoco,"A metal pole with a traffic light attached, red right arrow illuminated, with green grass, green trees, and white sky in background.",21154,
128791,mscoco,"Sparrow bird on branch, with beak inspecting leaves on branch",86284,
235984,mscoco,A stop sign stands amongst a garden of cacti.,33746,
523819,mscoco,a stop sign a white and green street sign and some trees,24596,
274538,mscoco,A crowd of people standing on a sidewalk holding candles.,62006,
52007,mscoco,People are boarding a bus parked at a stop.,31719,
199257,mscoco,a green sign on a pole with a street light,50953,
59386,mscoco,A group of giraffes stand together feeding on leaves in a large park.,39025,
300032,mscoco,"An electric fence with a sign behind it that says ""A flood can happen anywhere.""",1239,
58393,mscoco,Two people sitting on a bench silhouetted against the sea.,20877,
282366,mscoco,a city bus drives down a street next to a building,84063,
28134,mscoco,a person holds a bird on its fingers,33281,
404273,mscoco,A giraffe walking close to a pool of water.,79656,
114420,mscoco,a yellow white and black bird and a bird feeder,11951,
116951,mscoco,A train driving on the tracks near trees.,80465,
112634,mscoco,A giraffe walking around in a fenced area in a zoo.,85339,
116354,mscoco,"A man asleep on a park bench, with another empty bench next to him.",43977,
150686,mscoco,A bus sitting parked on the cement near a building.,20557,
311190,mscoco,A dog wearing a hat while in a car.,14814,
25244,mscoco,Their is a boy reading a book and sitting down.,38721,
146855,mscoco,A girl hanging on a street light pole that has quite a few lights on it.,78323,
87875,mscoco,"Their is a hadron and their  in this lot,",2242,
507950,mscoco,Several cows in a field with a train passing in the background.,57707,
308167,mscoco,A fire hydrant next to a low brick wall.,39587,
94951,mscoco,A yellow fire hydrant with a wet paint sign.,80727,
413626,mscoco,Picnic tables on a patio covered in snow.,94414,
553862,mscoco,Small group with a folding table next to a decorative old bus.,83168,
474437,mscoco,A tennis player wears a headset while taking a break.,91951,
381173,mscoco,a large giraffe following her kid into a room,9549,
366179,mscoco,A bus stop that has buses under cover.,87344,
181643,mscoco,A railing next to a dock with a warning post and life preserve available.,32208,
493321,mscoco,A couple that are sitting on a bench under a umbrella.,72518,
57377,mscoco,A train that is sitting on the tracks.,13171,
122535,mscoco,A bunch of trains that are on a track.,94712,
305035,mscoco,A couple of signs that are above a stop sign.,67301,
277749,mscoco,A group of cows that are standing in the grass.,86940,
505162,mscoco,A red bus is parked on the side of the road.,29712,
126107,mscoco,A bird that is flying over the sand.,12179,
130386,mscoco,A sign on the side of a busy street outside a shopping center,40916,
568439,mscoco,A couple of double high buses that are in the street.,38630,
566923,mscoco,a person trying to open a fire hydrant,11421,
342869,mscoco,A woman looking out the window of a train.,82623,
405945,mscoco,A black and white picture of a building with a neon sign.,38579,
494439,mscoco,A train that is sitting on a track.,6203,
509468,mscoco,a teddy bear that is sitting in a seat,59203,
503814,mscoco,A street sign on a street near a large building.,40249,
503667,mscoco,A double decker bus parked in front of a tall building.,48358,
310703,mscoco,An old abandoned train at the bottom of a mountain.,99650,
276585,mscoco,A passanger bus stopped by the side of the road.,20244,
144992,mscoco,A bus that is sitting in the street.,46989,
492282,mscoco,A man who is riding a horse down a brick street.,27206,
316499,mscoco,Two bulls who are walking on a street.,60253,
209610,mscoco,A train that is sitting on the tracks.,51549,
88897,mscoco,a pedestrian walk sign among these billboards signs,76946,
112867,mscoco,A bunch of bins that are on a wooden table.,87921,
293315,mscoco,Three women that are sitting on a bench.,71447,
546556,mscoco,A group of sheep that are in the grass.,31193,
203483,mscoco,a yellow pole that has a meter on top of it,18814,
489907,mscoco,Sign indicating danger of falling rocks with snow,33644,
338220,mscoco,Train on tracks inside of a brick station.,6948,
262471,mscoco,Stop sign at the intersection of two streets on a fall day.,53081,
397628,mscoco,a stop sign and across the street are some vehicles,48260,
383112,mscoco,a street sign some buses and people walking down the sidewalk,31211,
555461,mscoco,a person at a table with a laptop,24286,
358048,mscoco,A giraffe and a boar standing at the side of a pond.,12260,
99913,mscoco,Small group of giraffes traveling through dense green brush,63253,
393288,mscoco,A group of cars that are driving passed a church.,2571,
54011,mscoco,a fire hydrgon that is out in the bushes,77925,
384420,mscoco,A giraffe stands in a zoo looking at the sky,35418,
54618,mscoco,A train is passing another train sitting on a track.,31460,
122051,mscoco,a couple of buildings that has some cars outside of them,95651,
155216,mscoco,A stoplight on yellow during a snowy day.,59546,
255990,mscoco,sheep in a pen with some hay to eat,78407,
12731,mscoco,a big long bridge walkway over some green trains,28155,
257920,mscoco,Double decker bus with dancers advertised in the side,68015,
232807,mscoco,A green double decker bus pulling into a parking lot.,15014,
579484,mscoco,a jet that is parked on a runway,28691,
89150,mscoco,A group of people standing around a picnic table.,86825,
378327,mscoco,A knife sticking out of the top of a wooden table.,12147,
178747,mscoco,A bus drives over a muddy road with trees on the side of it.,2154,
395006,mscoco,a bench near a table near a tree,52312,
554537,mscoco,A man is holding a couple of traffic lights on the side of the road.,30301,
158548,mscoco,Outdoor show with sheep prominent on grass field.,43680,
412584,mscoco,a number of cars stopped on a city street,98042,
88084,mscoco,A red and white painted fire plug on the sidewalk.,53626,
49763,mscoco,three people running on a beach with waves and lots of birds in the background.,72359,
525600,mscoco,a number of giraffes near one another,88170,
520232,mscoco,A bird flying between to stop lights in the evening.,2435,
227187,mscoco,a table that has some bananas on it,56251,
6091,mscoco,The stop sign is clearly visible at night for us to see.,43887,
158956,mscoco,A woman is cutting into a cake with a large knife.,67419,
575958,mscoco,"Several sheep stand in an empty field, looking at the camera.",52532,
62875,mscoco,a bunch of animals that are runing in a field,94224,
411313,mscoco,There is some weeds growing by the fire hydrant on the side of the road.,12471,
272635,mscoco,A large white bird flying over a rock cliff side.,96343,
462211,mscoco,a sign in a cityscape light sup in the rain,62018,
533678,mscoco,A herd of giraffe standing on top of a dry grass field.,22688,
259555,mscoco,"A beautiful woman sitting on a bench, looking at a cell phone.",8631,
6005,mscoco,a couple of giraffes that are walking around,22698,
40621,mscoco,a couple of giraffes eating out of a basket,17000,
318471,mscoco,A street sign marking the intersection of Roberts and Cedar Streets,4745,
491102,mscoco,A giraffe leaned over a rail sipping some water.,59388,
11494,mscoco,A double deckers buss full of people taking part in a parade.,93682,
537620,mscoco,A motor scooter sitting next to some bicycles outside a restaurant.,91030,
315864,mscoco,A cake topped with M&Ms sitting on a tray.,43629,
61720,mscoco,A giraffe eating the bark off of a tree.,22416,
91754,mscoco,Two large birds walking through a field together.,45580,
71281,mscoco,some black and white sheep a fence dirt and grass,37067,
82085,mscoco,a train that is on a rail road track,98061,
129592,mscoco,A red fire hydrant sitting in the middle of the grass.,8971,
457119,mscoco,The birds are on and all along the bench outside.,84363,
484404,mscoco,There are not many passengers on the bus.,54926,
128441,mscoco,View of the street with a traffic signal and shops.,61262,
296388,mscoco,This is the side of an intersection with a red sign,31623,
367747,mscoco,A train on some tracks above a city area.,29425,
449471,mscoco,A gaggle of geese walking across grass next to water.,39245,
95551,mscoco,A giraffe in an enclosure standing by a tree.,99117,
191471,mscoco,The stop sign is visible for everyone to see.,16915,
578175,mscoco,A train that is sitting on the tracks.,99012,
210346,mscoco,A bird that is flying above the flowers.,43476,
569314,mscoco,Three children sitting in a row reading books.,99336,
102614,mscoco,A light colored sheep looking ahead in a road.,52953,
249443,mscoco,a black bench is in front of a window,44391,
494122,mscoco,A stop sign with green ivy growing on it at a corner.,13982,
72052,mscoco,a bright yellow restaurant sign with a green dragon on it,2295,
124798,mscoco,Various vehicles driving on a road surrounded by trees.,19064,
34115,mscoco,A stuffed bear that is in a train seat.,63243,
154883,mscoco,a large cow stairs across the snowy fields,83502,
80130,mscoco,some people walking on a platform between two trains,44363,
94025,mscoco,Bullet holes in a stop sign in a rule area,62562,
321476,mscoco,Woman eating on park bench pigeons around her,67626,
17073,mscoco,Two people walking down the sidewalk with each other near a Street,78958,
478586,mscoco,A cat on land staring at a swan in the water.,76946,
229647,mscoco,The giraffes are standing in the fenced area.,81430,
234057,mscoco,Eashitte and little lamb and a large open field,93558,
349310,mscoco,A bus driving down a quiet street in the city.,40817,
118529,mscoco,a couple of trains sit parked under some power lines,79871,
233727,mscoco,A bus coming around the corner on a city street.,501,
274931,mscoco,a bunch of cars parked on the side of a street,33748,
115069,mscoco,A herd of sheep grazing on a hill side near a tree.,66100,
348483,mscoco,An old wooden bench sitting under a tree on a field.,97321,
24207,mscoco,A shaggy haired sheep looking up in a field.,32183,
18158,mscoco,a vintage photo of some people waiting for a bus,87381,
320482,mscoco,A transit bus sitting at one of its stops on the side of a street.,9885,
270351,mscoco,A grop of pigeons in front of an open window,80238,
298190,mscoco,a sign that is hanging on a white wall,69315,
157847,mscoco,a bird that is flying high over the sky,84784,
289222,mscoco,"A street light that shows, horse crossing on it.",70874,
310082,mscoco,a sheep is standing on a white fence,71121,
373578,mscoco,a small giraffe that is walking around on dirt,30271,
56638,mscoco,a big park bench that is next to a building,90513,
333286,mscoco,A sheep being pulled by a person with a rope.,73867,
273772,mscoco,a small pamphlet is sitting on a benches arm,6992,
487428,mscoco,A bus and motorcycle driving down the road.,84341,
148724,mscoco,a big train that is on a rail way,54250,
267343,mscoco,An adult giraffe standing in a field of tall grass.,61092,
327225,mscoco,A locomotive train sitting on display at a museum.,50044,
152333,mscoco,a blue black and white bus some cars trees and buildings,26359,
169683,mscoco,A pig and cow are standing out in the grass.,10627,
505945,mscoco,A cat is walking around in a field with another cat.,88962,
117125,mscoco,The train is rounding the bend of a track on the mountain side.,46494,
555066,mscoco,The green traffic signals are near two parked vehicles.,64539,
50124,mscoco,Passenger bus stationary in traffic on city street.,12876,
163460,mscoco,A colorful bird is perched on a branch.,15136,
345711,mscoco,A street sign depicting the corner of TUDOR CITY PLACE and E 42 ST.,13094,
26946,mscoco,A giraffe looking over a bar inside a building.,32032,
459987,mscoco,An old brick building on a city street corner.,63830,
249668,mscoco,A seagull on the waters edge of a beach holding a fish in it's mouth.,87575,
344930,mscoco,A red fire hydrant on an urban street.,99830,
160089,mscoco,An elderly couple view the trees from a bench by the lake.,34033,
497604,mscoco,Two police men and a cruiser parked at the curb.,58759,
127520,mscoco,A line of buses waiting to take passengers where they need to go.,80924,
167510,mscoco,A stop sign at the intersection of Lyndon Ave and South.,48862,
286544,mscoco,A man pushing a wheelchair on the street.,56500,
523241,mscoco,A busy street with several lanes and a crossing sign in the foreground.,93259,
498339,mscoco,Commuter trains at station with passengers on platforms.,40346,
134722,mscoco,Fast commuter train moving past an outdoor platform.,50504,
148785,mscoco,A young boy with a downed kite on a string,69714,
396518,mscoco,A woman is steering a boat with a pole.,52266,
522301,mscoco,Red fire hydrant sitting on the side of the road.,13969,
94531,mscoco,a group of giraffes that are inside the fence,86457,
228541,mscoco,a little yellow fire hydrogen that is out in the open,45141,
82836,mscoco,Several seagulls sitting on a sandy beach looking at the ocean.,40236,
12204,mscoco,a couple of giraffes that are standing in a fence,26746,
325055,mscoco,A livestock competition where sheep are being judged.,35133,
478857,mscoco,Stop signs on the side of the street near vehicles and the city,80886,
571584,mscoco,A bus is driving down a narrow street.,13691,
365542,mscoco,a public transit bus parked on a city street,71279,
165202,mscoco,A white traffic sign with black letters at night.,25356,
280238,mscoco,a truck on a city street near a light pole,35482,
129903,mscoco,A street sign with the words Manuel and Idalgo on it.,27539,
315492,mscoco,A girl is playing with a teddy bear in a bathroom.,20,
234660,mscoco,Two white bullet trains parked at a train station.,11443,
513891,mscoco,Signs indicating a one way with paintings on it,8863,
454741,mscoco,A bus with a red stripe is parked on the street.,17874,
82021,mscoco,A toucan perches behind a the bars of a cage.,27213,
496207,mscoco,the back of a city bus as it drives down a street,73173,
76768,mscoco,A commuting train movig through a rail yard with tracks on,13355,
195470,mscoco,Group of white sheep walking in a field of grass together.,88708,
474974,mscoco,a yellow and black train sitting next to a platform,50807,
5123,mscoco,Group of pedestrians walking in front of a domestic house.,41109,
571200,mscoco,A bus that is very rusted and damaged.,33193,
555267,mscoco,a train that is on a large rail way,94955,
174159,mscoco,a pair of cows are standing in a field,57050,
96988,mscoco,A commuter train movig non bridge over water,50275,
3786,mscoco,Woman with bookin sat on sidewalk from the top view,95997,
558741,mscoco,A tall giraffe standing next to a baby giraffe.,9484,
539509,mscoco,"A ""do not enter"" sign on a suburban road.",79132,
226801,mscoco,A train traveling down tracks next to a bridge.,86885,
35195,mscoco,a white seagull is standing alone on the sand,84648,
185590,mscoco,a giraffe walks across the grass looking for food,7014,
104619,mscoco,a baby giraffe walking away from the shady area,24032,
131493,mscoco,People on the shore as boats sit in the water.,82248,
118615,mscoco,A warning sign among the tall evergreen trees.,70379,
551811,mscoco,a red sign is on a pole by a street,15221,
329806,mscoco,A stoplight in a city with trees in background,6733,
241728,mscoco,a couple of people are in line at a vendor,40876,
173685,mscoco,a large area of water and a bridge,75196,
399091,mscoco,a bench surrounded by different types of plant life,8286,
295340,mscoco,A bus and truck driving down a busy city street.,23367,
135902,mscoco,A red and yellow train is shown on the train tracks.,11911,
237964,mscoco,A building in a grassy area with a sign indicating which way,33808,
302512,mscoco,a person sleeping on a side walk near a fire hydrant,85525,
184874,mscoco,a street sign on a pole near a building,63180,
408138,mscoco,A blue and white double decker bus next to a barrier.,37264,
279081,mscoco,A traffic light on a street corner with shops behind it.,72180,
188546,mscoco,a close up of a dog with a hat,4964,
84521,mscoco,A man walking through an empty subway concourse,98492,
504342,mscoco,The green and beige double decker bus is parked beside a brick building.,9251,
270386,mscoco,The black street pole has three different signs on it.,3378,
183675,mscoco,A man is riding a horse in an open field.,15985,
356092,mscoco,A white bird sitting on top of a wooden post.,76892,
241141,mscoco,"The street sign says ""Can't Stop The Dance"".",55144,
516540,mscoco,Twin fire plugs are planted just a few feet apart on the grassy strip,75830,
82921,mscoco,A traffic light in South Venice with road signs,92459,
157112,mscoco,A street intersection in an Asian country during the day,22200,
93236,mscoco,The blue trailers are being hauled by a train.,58145,
389699,mscoco,A couple of giraffes that are standing in the grass.,1340,
4988,mscoco,A public bus parked at a bus stop,82631,
113935,mscoco,A long red wall with car brake lights reflecting off it,50150,
451621,mscoco,A stop sign and street signs next to a brick building.,22418,
402619,mscoco,A group of giraffes in a grassy area by fences.,46822,
212241,mscoco,The subway train is passing under a walking bridge.,84132,
247714,mscoco,a man standint by a little fence for a bus stop,99740,
60434,mscoco,A pole with signs on it in the street out side.,31577,
449156,mscoco,two people staging a protest against housing foreclosure,11746,
185943,mscoco,A view of a bus sitting on a street corner in a city. The picture looks old.,14144,
563067,mscoco,a large airplane flying over a building with people walking below,88237,
136595,mscoco,Boats floating beneath a bridge on the water,36722,
486912,mscoco,An old double decker bus painted red and white.,73227,
20979,mscoco,A blue and white bus parked in front of a motorcycle.,46591,
488154,mscoco,A black dog smelling a fence in grassy area.,91322,
467151,mscoco,An image of a girl running above an image of a bench.,58178,
225916,mscoco,Children playing in water on a street.,22184,
173984,mscoco,A bird that is sitting on top of a bird feeder.,9791,
452308,mscoco,A traffic light on green with several traffic signs surrounding it,57954,
16076,mscoco,A man who is making some gestures in front of a street sign.,80893,
77118,mscoco,A bear that is walking in the water.,63375,
344397,mscoco,A large jetliner flying through a cloudy blue sky.,19323,
94871,mscoco,A group of people standing around sheep on a field.,11021,
23351,mscoco,A giraffe that is laying on the ground.,29846,
96983,mscoco,A cat sitting on a wooden bench outside.,40199,
142774,mscoco,A bus driving down a street past a parked motorcycle.,27136,
390068,mscoco,People walk on the side of the street past a bus.,42581,
402313,mscoco,a red stop sign is hanging on a pole,34748,
190664,mscoco,A fire hydrant that is sitting on the sidewalk.,34734,
465092,mscoco,A hallway with two wooden benches and large windows.,84338,
420371,mscoco,"A bench that has fallen apart, sitting in a forest.",69237,
46633,mscoco,a piece of cloth is laying on the floor,47557,
356298,mscoco,a train cart is near a white tank,22050,
70294,mscoco,a blue bus is coming down a road,97698,
543551,mscoco,A double-decker bus near a waterway and a bridge.,56284,
558064,mscoco,a woman is sitting with a statue on a bench,12360,
304300,mscoco,A man operating a very small park train going down a track.,64931,
34141,mscoco,A giraffe stands among some trees and looks toward the camera.,71308,
182441,mscoco,A bunch of birds flying around a couple of waves near the ocean.,42691,
554348,mscoco,a woman is standing on a set of train tracks,92869,
176193,mscoco,a red white and black sign against a white background,63708,
92749,mscoco,A scene from the zoo with giraffes in an enclosure,96095,
58137,mscoco,Several people walking on a platform next to a train.,69770,
576505,mscoco,A large passenger train sitting on railroad tracks.,29838,
236845,mscoco,a red and white sign a car and some buildings,87263,
46327,mscoco,two giraffes a tree dirt and a hill,45545,
71857,mscoco,a fire hydrant with a hose inside of it,72383,
67106,mscoco,A cat is sitting on a basket under a bench.,27301,
322785,mscoco,A double deck tour bus at a stop with passengers.,21013,
185475,mscoco,A bus sitting beside a sign that says tow zone.,60977,
557823,mscoco,a baby giraffe stands in a grass field,9205,
253227,mscoco,a large white clock is on a tower,40377,
223905,mscoco,a couple of people are standing near a train,37833,
376236,mscoco,a young boy is feeding a large giraffe,57819,
273617,mscoco,a street light is on at the top of a hilll,94552,
45633,mscoco,A blue train passes in front of a palm tree filled night sky.,93830,
418219,mscoco,"View down a city walkway and street, with grass, pedestrians, trees, cars on street and parked on side of street, a bench, and some buildings in distance.",85220,
516342,mscoco,some people sitting on some benches flowers and buildings,30899,
86602,mscoco,a train travels o some tracks next to some water,9684,
577522,mscoco,a bird stands on top of a laptop keyboard,78949,
546298,mscoco,a big bird stands on top of a wooden log,40805,
462345,mscoco,a woman in yellow is sitting on a bench,59172,
414249,mscoco,A empty park bench that is near some flowers.,45007,
31993,mscoco,A group of three rams going through the grass.,64960,
299000,mscoco,A metro bus approaches an intersection where a traffic cop is directing traffic.,1797,
291990,mscoco,Different street signs mounted to a pole with a stop light,87634,
526392,mscoco,Several cars travelling on a street with several traffic lights.,67948,
547336,mscoco,The woman sits on the curb writing on a notepad near a fire hydrant.,15428,
408950,mscoco,A red double stacked bus traveling down the road.,27311,
575222,mscoco,A group of children ride on a children's train.,62412,
532381,mscoco,A bulldog is unhappy about wearing a hat.,1293,
447342,mscoco,Two buses in city with other cars and trees.,8343,
511076,mscoco,a man sitting with headphones on near several birds.,31433,
374858,mscoco,A man sitting on a bench with a book and a bag.,12460,
180515,mscoco,A pole that has a street sign on it.,47317,
458275,mscoco,A man with a tie and hat on standing in the grass.,90679,
493219,mscoco,a couple of people that are sitting on a park bench,18084,
92451,mscoco,a train that is on some kind of tracks,75330,
257382,mscoco,a big yellow school bus parked in front of some trees.,74654,
92543,mscoco,A little girl standing beside a dirty fire hyrdrant,72953,
500613,mscoco,An old firetruck sits empty in a parking lot.,85177,
190406,mscoco,A double decker bus and two cars on a street at night.,84932,
464092,mscoco,Several benches next to each other in front of bushes.,45363,
179926,mscoco,A close up of a grey traffic light with a left turn sign under.,75225,
172952,mscoco,Well dressed man and woman pose for picture.,72635,
242868,mscoco,A view of train tracks and a train.,93811,
378658,mscoco,Two people sitting and two people walking through what looks to be an airport,23760,
81860,mscoco,A group of business people pose for a picture.,87449,
133964,mscoco,The boats navigated around the curves of the attraction.,71105,
112022,mscoco,Passengers waiting for their bags at a luggage carousel.,50408,
382557,mscoco,A group of Korean people watching a woman sign an important document.,66480,
423694,mscoco,A man sitting on a chair on a boat dock.,96791,
303550,mscoco,A grumpy cat sits with objects balanced on his side.,80068,
458168,mscoco,A cow wades into a stream in front of a shack.,88243,
78720,mscoco,People sitting on a patch of grass in sand with an umbrella,73610,
234902,mscoco,A man in a elevator taking a self portrait.,20593,
79926,mscoco,"Long row of elephant, with blue eyes, statues.",21180,
469232,mscoco,The guy is nicely dressed in a suit and tie.,79715,
38031,mscoco,A woman looking at her phone next to a car being towed.,39866,
394663,mscoco,An elephant with tusks is on the grassy ground.,59303,
28246,mscoco,Blue tram in a city with people boarding,73319,
396205,mscoco,Two cows standing and grazing in an open pasture.,7457,
565341,mscoco,Two small dogs together in a backyard playing.,44941,
392985,mscoco,An elephant stands in front of a watering hole in his habitat.,60471,
409247,mscoco,a cat is outside looking at a computer screen,50623,
276024,mscoco,Men riding on horses and with other ones.,27072,
414516,mscoco,Crowd of people watching people guide elephant by standing on them.,4044,
140696,mscoco,People carrying stuff down the street while a guy stands at the ATM,74466,
419604,mscoco,Bears sitting in the water in a fenced in enclosure.,56444,
84643,mscoco,An elephant walking around its enclosure at the zoo.,12284,
463454,mscoco,A couple is standing by a picnic bench under an umbrella.,40650,
231088,mscoco,6 open umbrellas of various colors hanging on a line,62687,
85423,mscoco,A tractor trailer truck being loaded with cargo.,13162,
573349,mscoco,There are several people walking in a street parade.,30602,
41924,mscoco,Boats floating close together in a calm body of water.,19425,
555002,mscoco,A street market where people are walking by.,29216,
235692,mscoco,Closeup of two red-haired bulls with long horns,89898,
112093,mscoco,An olden styled Good Humor ice cream truck.,3264,
113707,mscoco,A fluffy cat sitting on a laptop keyboard.,60664,
529215,mscoco,Two people with umbrellas are walking across railroad tracks.,87922,
543897,mscoco,A calico cat is resting it's head peacefully,92753,
428175,mscoco,A heavy old truck sits in the dirt.,19914,
300994,mscoco,A birthday cake is shaped like a fire truck.,2739,
246057,mscoco,A fire truck turning at the corner of a road.,61565,
372652,mscoco,A black bear walking by someone's car and trash can.,59078,
159608,mscoco,an elephant with a saddle on its back,73145,
425000,mscoco,women in black coats walk along the sidewalk,43833,
157771,mscoco,Professional speaker on stage pointing out his coworker,98360,
24021,mscoco,A class picture of the Goodmayes Boys' School in April of 1929.,33901,
36361,mscoco,a festival with entertainers on stilts walking around,97129,
366316,mscoco,An African elephant walks through a patch of swampy brush.,56262,
295857,mscoco,An elephant walks down a dirt road with brush on either side.,65060,
434672,mscoco,A teddy bear is propped up to look like it is reading a book.,68204,
332432,mscoco,A red bag of luggage at the airport.,4064,
222137,mscoco,A garbage truck parked next to a food vendor.,6706,
301684,mscoco,An elephant sitting while its trainer cleans it with a broom.,80352,
484681,mscoco,A little boy smiles at the camera while pulling a backpack.,28438,
367578,mscoco,A man in a tie waits in a room full of people.,73471,
209102,mscoco,A boat traverses the ocean in the midst of fog.,37961,
348720,mscoco,Two cats on a toilet tank looking out a window together.,76651,
413395,mscoco,A man sits on the couch with two cats on his lap.,64717,
285106,mscoco,A woman walking in the rain while holding an umbrella,37660,
171857,mscoco,A group of cows are eating grass in the pasture.,25071,
117064,mscoco,An adult elephant and a baby elephant are walking.,39639,
400048,mscoco,A photograph of a group of people at a party.,60501,
345847,mscoco,An attractive young lady taking a selfy in front of a mirror.,41950,
41633,mscoco,"A burgundy low-rider show-quality, hot rod Chevy truck.",74167,
454601,mscoco,a tabby and black cat lounging on a sofa,99435,
239455,mscoco,a boat in a marina tied to other boats,93880,
164594,mscoco,"Two men are riding an elephant, a driver and a passenger.",94493,
2985,mscoco,The truck driver hauls an elephant down the highway.,86940,
19308,mscoco,An adorable cat rolling around on it's back while holding a toothbrush in it's mouth.,56680,
472376,mscoco,A group of travelers at the airport station.,69122,
159170,mscoco,An orange cat is laying on the couch.,10969,
477069,mscoco,A brightly dressed woman is holding an umbrella.,97162,
538198,mscoco,An old pickup truck with a tarp over the truck bed.,6830,
74013,mscoco,"A cat, trying on its owner's high-heeled shoes.",50318,
440067,mscoco,A cat is on a table with a cloth on it.,81524,
215633,mscoco,A man dressed up and posing for a picture,26655,
265547,mscoco,An umbrella on a beach with other people.,86364,
502510,mscoco,A passenger train is at the train station.,62739,
410573,mscoco,A dog watches a cat intently while they both relax on an armchair.,51104,
211204,mscoco,A bear foraging in the grass on a hill,56619,
247179,mscoco,A festival procession with decorated live elephants and uniformed people.,33499,
71090,mscoco,A cat sleeping next to a large white teddy bear wearing birthday hat.,18349,
418275,mscoco,Woman laying head on pillow with a cat on it,42606,
185030,mscoco,A cat sleeps on a pile of discarded shoes.,33170,
446522,mscoco,A dog sitting on a chair underneath a painting.,55002,
252127,mscoco,A fluffy cat checks itself out in a mirror.,14786,
406147,mscoco,A group of girls sitting on a towel under an umbrella.,40896,
402234,mscoco,An elephant and gazelle standing at the edge of the woods.,86951,
89880,mscoco,Two dogs are playing together on the grass,10751,
243418,mscoco,Man riding an elephant behind two guys on bicycles.,1896,
177064,mscoco,A woman standing in a grove while holding a black umbrella,89011,
357383,mscoco,Man reading a book with large square glasses.,7049,
378403,mscoco,Large Labrador dog laying across a pile of blankets.,86743,
72024,mscoco,Set of several sail boats gliding down a river.,95510,
485149,mscoco,A cat watches a blonde haired man on a laptop computer screen.,80880,
317480,mscoco,A black cat rest comfortably on a wooden chair next to a green plant.,56727,
432798,mscoco,Several boats sit on the water of the lake.,82265,
171611,mscoco,A man and a dog on a boat in the water.,44522,
563683,mscoco,A bear in the woods standing on a log.,97348,
231169,mscoco,The black and white locomotive is on the train tracks.,34930,
270420,mscoco,A young girl protects herself with an umbrella,69395,
539436,mscoco,An SUV trying to enter the road while a truck is driving down it.,82667,
151842,mscoco,A truck pulled over on the side of the road.,71954,
192607,mscoco,A man standing next to a truck near a forest hillside.,64671,
408248,mscoco,A new black backpack with tags still attached.,13921,
368905,mscoco,A black dog comfortably sits atop an easy chair sitting in the bed of a pickup truck.,47319,
153061,mscoco,A vintage trucks towing a trailer next to a classic car.,43846,
460813,mscoco,There is a parking meter with a graffiti stenciled in the background.,90067,
573896,mscoco,A herd of cattle grazing on a green grass covered field.,26959,
446958,mscoco,A cake that has a bear on the top of it.,33802,
479334,mscoco,A stop sign has had the O replaced with George W. Bush Jr's likeness.,23442,
312213,mscoco,A cat sitting by a laptop but staring at a person.,59140,
270316,mscoco,A delivery truck parked in front of a store on a street.,37982,
563797,mscoco,A large elephant standing in a forest with a red blanket on it's back.,54958,
507783,mscoco,some peoples luggage has been abandoned at the air port,46347,
137573,mscoco,An umbrella on top of the desk in a home office.,76592,
107228,mscoco,Two green duffel bags of two different designs.,67716,
96075,mscoco,Lots of boats anchored in a harbor.,2232,
33372,mscoco,A cake for a 1 year old elaborately decorated with a bear made out of frosting.,19864,
110434,mscoco,A man in an elevator listening to music on his iPhone.,81615,
4212,mscoco,A cat rests on the hood of a blue car.,5467,
163257,mscoco,A man in a neon green shirt and black pants holding a pink umbrella.,41687,
400547,mscoco,A number of unmanned small boats tied together.,97165,
251717,mscoco,Cattle grazing in a grassy field filled with trees.,42224,
16761,mscoco,Two adorable dogs side on opposite sides of a pot filled with beautiful flowers.,23935,
512836,mscoco,A woman with a red umbrella is walking two dogs in the snow.,65151,
47004,mscoco,A man stands out in the rain underneath an umbrella.,41614,
239387,mscoco,A cow standing between two cars on a dirt lot.,96744,
477673,mscoco,A kitten resting in a duffel bag on a hard wood floor.,42978,
238272,mscoco,Two large elephants wander the wilderness under a cloudy sky.,82548,
57359,mscoco,A room filled with clutter and a laptop computer.,19977,
75023,mscoco,Two women stand under an umbrella at the beach.,53091,
256529,mscoco,People at an airport carrying their luggage with them.,70806,
297299,mscoco,A man with a drink and novelty tie sits on the grass.,56623,
546965,mscoco,A truck that has several cars on it.,36697,
222317,mscoco,Large dog lying on couch with blanket in living room.,25513,
261805,mscoco,Several people are at an airport with their luggage.,9298,
18534,mscoco,A farm with a herd of cattle grazing on it's green open fields.,78081,
372300,mscoco,A man wearing a polo and a tie posing.,85993,
6720,mscoco,A table with a light on over it.,19115,
511136,mscoco,A man placing a beach umbrella on top of his roof.,69325,
392642,mscoco,An overhead view of dogs sleeping on the couch looking out the window.,27710,
310663,mscoco,A train moving along some train tracks next to a tree.,92154,
493295,mscoco,A cat sleeps on top of a computer mouse.,71981,
224662,mscoco,An old self portrait of a man dressed nice.,97101,
279809,mscoco,A pair of black cats display a menacing stare.,28700,
242499,mscoco,People ride on elephants to cross the river.,82450,
383163,mscoco,A  parked tow truck truck carrying heavy equipment.,76113,
285660,mscoco,A herd of oxen resting on a beach by the water.,16656,
509366,mscoco,Anolder man sitting with his head tilted back while wearing a suit and tie.,25861,
238404,mscoco,A brown calf standing in a field with another cow looking on.,56945,
304305,mscoco,A mother and son elephant walking through a green grass field.,4514,
181969,mscoco,"An animal, curled into a ball, takes a nap.",24194,
312306,mscoco,Various animals graze in a pasture surrounded by woods.,8116,
438985,mscoco,A cat is jumping off of a stack of suitcases.,70853,
466259,mscoco,People are in a boat in the rain with umbrellas.,40947,
11449,mscoco,A man dressed very nice posing for a picture.,18427,
133567,mscoco,A person looking at a train going by.,71732,
295412,mscoco,A man is standing next to the shell of a boat.,79366,
81827,mscoco,A little kid holding an umbrella on a street.,48746,
458702,mscoco,A view of a street with some trees around it.,82014,
292662,mscoco,an orange fire truck parked in a wharehouse,55650,
260713,mscoco,A bear shaped full jar of honey sits on a table,52722,
199358,mscoco,Luggage sitting on a bed in a hotel room.,7102,
422836,mscoco,A man walking down the street carrying a suitcase.,27319,
434968,mscoco,A dog walking in the snow with booties on.,51892,
32677,mscoco,A dog and a cat sleeping next to each other.,38945,
500752,mscoco,Two elephants in the water with their mouths together.,26407,
344229,mscoco,Two benches at a light rail stop during the winter.,22504,
205451,mscoco,A boy attempting to mount an elephant in a wooded area.,68310,
25551,mscoco,An ambulance and police cars are stopped at the scene of an accident.,6410,
326593,mscoco,An elephant sticks his trunk out the back window of a truck.,8768,
14265,mscoco,A man with an umbrella standing on the corner of an old village.,99380,
523394,mscoco,Shoes on a skateboard flipped upside down.,53057,
139127,mscoco,Large group of people traveling on a boat with no covering.,30520,
326428,mscoco,A stop sign is leaning to its side at an intersection.,20565,
368676,mscoco,A group of people are walking dogs on a large sidewalk.,16714,
410612,mscoco,A red boat is along the waters edge with houses on the land.,65006,
71738,mscoco,A man holding a motorcycle helmet is moving a chair in a public place.,41606,
151267,mscoco,A red fire engine truck on the street in a parade.,932,
469777,mscoco,Several people standing around a watering hole taking photos of elephants.,97092,
335887,mscoco,A train moving on the tracks in treed area.,69576,
173109,mscoco,A boat is in the water close to a housing lined shore.,32473,
67660,mscoco,A man with glowing shine has a violin.,63787,
568337,mscoco,Two little white boxes are on a mat.,39133,
30113,mscoco,Cows graze between a peaceful river and a farmhouse.,14042,
270274,mscoco,Luggage moves around a carousel at an airport,27570,
496980,mscoco,Someone about to ride a skateboard on a ramp.,7591,
206809,mscoco,A polar bear relaxing in a pool of water.,38217,
377239,mscoco,A woman holding a cigarette smiling at the camera on a sunny day.,18489,
48299,mscoco,a photo of a stampede of cows in the street,15670,
522941,mscoco,A painted elephant in a pen on a clear day.,38231,
416991,mscoco,A black/white photo of a poolside dining area with the umbrellas colored.,72980,
275198,mscoco,A group of people holding umbrellas eating a meal outdoors.,84755,
35474,mscoco,An elephant raises its trunk to grab some twigs,4688,
140490,mscoco,People enjoying the beach during a sunny day.,86180,
477598,mscoco,A dog trying to rip a frizzebee out of his owners hand.,71071,
405811,mscoco,A cow with its baby nursing in a field.,58381,
131390,mscoco,A herd of oxen lounging in a field.,99792,
440037,mscoco,A crowd of people riding a motorized pontoon across a river.,49655,
195098,mscoco,A business man in a suit at a restaurant.,20965,
109486,mscoco,A man sitting on a box on a walkway in a busy city.,93527,
131453,mscoco,A family of elephants walking through tall grass.,85542,
574315,mscoco,A cat resting on a laptop next to a person.,77726,
349794,mscoco,A massive tractor truck parked on a gravel road next to a forest.,34952,
114946,mscoco,A couple standing in the middle of an old delapitated building.,8247,
382164,mscoco,A group of boats are sitting on the water.,76715,
423935,mscoco,A pair of parking meters reflecting expired times.,59679,
472399,mscoco,A vase of flowered branches sitting on a chair in a backyard.,6039,
194120,mscoco,A cat sits next to what appears to be a pumpkin.,71247,
408057,mscoco,Clothes hanging on a rope over an unfinished patio.,95805,
115680,mscoco,cows and  bulls on grass grazing for food.,16139,
28874,mscoco,An adorable dog resting in a chair on a furry mat.,8810,
325331,mscoco,A cat taking a nap on top of a keyboard.,53500,
72829,mscoco,A group of children posing for a picture with two adults.,76678,
190753,mscoco,There is a group of four men sitting on park benches.,67350,
177015,mscoco,A man using his laptop computer while a cat sits on his lap.,47649,
37003,mscoco,An older gentleman in a white shirt and black bow tie.,81055,
569096,mscoco,an elephant walks alone through some bushy grassland,60409,
210099,mscoco,An orange cat sunning itself on a lawn chair.,7367,
553154,mscoco,Two elephants standing on a grassy field next to a tree.,20032,
152499,mscoco,A group of friends hanging out around a swimming pool.,85544,
94566,mscoco,A fluffy Siamese cat sitting on a table next to a computer monitor.,80165,
69646,mscoco,A man jumped into the air at an angle.,33376,
477689,mscoco,A photo of a women smiling posing for a picture.,15610,
254392,mscoco,A cat is sitting under a purple umbrella.,94905,
262651,mscoco,A ship sits in a dock next to loading equipment and shipping containers.,72910,
79407,mscoco,A dog looking up in at a frisbee.,54603,
83067,mscoco,Couple sailing a large sailboat on calm water.,99176,
255339,mscoco,A serious looking man and woman posing for a picture.,13110,
200492,mscoco,A cat is looking into a Christmas cup on a counter.,26380,
383018,mscoco,A train moving overhead at a train station behind a tree.,35758,
479384,mscoco,A cat walking across a wooden floor next to some chairs.,44754,
47361,mscoco,A young man and woman sitting at a table.,55050,
315073,mscoco,A cat with it's mouth wide open laying next to an open blue bottle on a window sill.,34872,
321385,mscoco,Two dogs sitting at a dinner table enjoy food in bowls.,56380,
240301,mscoco,Longhorn cows stand or recline in a barn.,44926,
516214,mscoco,Lots of luggage sitting on the ground at an airport,12419,
414397,mscoco,Cow lays in a straw bed during a convention.,30698,
376368,mscoco,A scene of a waterway with several boats.,65445,
573066,mscoco,Two animals grazing in a wooded area with thin trees.,8202,
440000,mscoco,a few large animals in a desert with a sky background,2799,
42667,mscoco,Small child in a green shirt standing inside of a suitcase.,59956,
540117,mscoco,Cars and buses seen through the reflection of a window,73122,
547413,mscoco,A cat exploring in plants next to a concrete wall.,84280,
237797,mscoco,Two elephants in a herd playing with each other.,55622,
49777,mscoco,A group of travelers are about to board a bus.,76124,
98881,mscoco,Three children taking a photo together in a back yard.,36222,
25550,mscoco,People stand in a city street at a rally.,78731,
130399,mscoco,bedroom of a girl and her dog laying on bed,77397,
488979,mscoco,A herd of cattle standing on a pasture next to green crops.,87291,
458323,mscoco,Young couple posing in front of a bush and tree.,75602,
330478,mscoco,A girl checks her list while standing with her luggage.,97996,
383470,mscoco,A freshly plowed street is a winter wonderland.,97146,
296797,mscoco,A crowd of people boarding a trolly on a city street.,54596,
413704,mscoco,A dog running in a field with people around.,79821,
581717,mscoco,An adorable cat hiding out in luggage that is left open.,17468,
399769,mscoco,A dog and a cat standing side by side.,96205,
135872,mscoco,A desk with both a laptop computer and a desktop computer.,44054,
52066,mscoco,A man wearing a backpack waits for a train.,56179,
265372,mscoco,A small boat sitting in a harbor with larger boats.,82983,
500018,mscoco,A person standing in front of an elephant that is laying down.,86990,
397705,mscoco,A man laying in bed with a book and three cats.,58982,
66556,mscoco,A young cat sitting on a wooden and metal chair on top of leaves.,43602,
366679,mscoco,A very attractive woman holding a tennis racquet.,68885,
463901,mscoco,A person sitting on a beach underneath a blue umbrella.,17035,
374041,mscoco,A man sitting on top of an elephant next to a tree.,24661,
89225,mscoco,A pole with a speed limit traffic sign posted on it.,32977,
287725,mscoco,A train riding through tracks in a large train station.,56939,
158127,mscoco,An orange cat laying on the black shoes of a person standing.,47260,
410344,mscoco,A large elephant walking next to a fallen tree.,40162,
318722,mscoco,A cat standing on an open oven door peering into the oven.,51845,
556765,mscoco,A baby elephant having fun playing in a river.,31354,
539838,mscoco,A boat sitting on a beach next to an ocean.,49600,
522194,mscoco,A man in a tie standing in a white room.,83693,
572347,mscoco,"People standing and watching an elephant, while the elephant puts his trunk on a ladies head.",29631,
386645,mscoco,There is a truck full of people in front of a building.,40058,
498460,mscoco,And animal stands on a table while a bear rides a bicycle.,41284,
488463,mscoco,A man is standing next to a big cow.,41351,
382443,mscoco,A brown and white dog chewing on a plastic bottle,314,
214648,mscoco,A man outside of a store with neon signs.,76067,
329041,mscoco,A group of brief cases are piled up on the sidewalks.,80880,
292931,mscoco,Two orange and white kittens sleeping in a pot.,28872,
53629,mscoco,A cat sleeping on the tv with his paw hanging down.,59177,
278579,mscoco,Two men with beards wearing suits on a sunny day.,32196,
183199,mscoco,"Two dogs on a couch, one is standing on the top and one is laying down.",33222,
250629,mscoco,Two people sitting under an umbrella and smiling.,52533,
340332,mscoco,An old opened trunk in an abandoned house,82348,
281758,mscoco,A man and a dog hiking up a mountain,65381,
128669,mscoco,A photo taken from a boat with a long bridge in the background.,18992,
178361,mscoco,An adult polar bear is swimming in the icy water,98452,
27478,mscoco,A cute young woman pets the head of a baby elephant in a zoo.,88772,
426686,mscoco,An open field with cows grazing and a lake in the background.,21627,
466007,mscoco,A cat sitting on  an unmade bed next to a bag.,82795,
475779,mscoco,There is an elephant standing near a tree.,3883,
315303,mscoco,There are people in a boat near the water.,98391,
4243,mscoco,There is a boy sitting near many baskets.,5267,
22759,mscoco,A large calico cat resting on a pillow.,70597,
75948,mscoco,A black bear climbing out of a pond,35921,
307292,mscoco,A man in a suit and tie wearing a wedding ring.,60957,
301541,mscoco,A man tossing a frisbee under his leg.,72850,
43850,mscoco,A man standing over his dog on a beach while holding a surfboard next to the ocean.,72398,
557981,mscoco,A young man holding a stuffed teddy bear and a white umbrella.,67781,
125661,mscoco,A man holding a beer next to a man in a blue shirt.,34255,
151387,mscoco,A dead fish laying on a platform next to a knife and pliers.,45686,
83013,mscoco,An elephant is walking around its kept quarters on display.,2559,
432016,mscoco,A horse is peaking out of a small window in a barn.,52901,
574810,mscoco,A cat is seated in a window sell looking outside the window,75086,
290558,mscoco,A young man is holding a baby on his lap.,18069,
208163,mscoco,A green and yellow truck is driving on the road.,25969,
311922,mscoco,The two girls are in a photo booth trying on hats and  different fake ties.,97272,
56129,mscoco,This photo could double as a scrapbook page with these souvenirs of travel.,34609,
332869,mscoco,A little boy running towards a green Frisbee.,95524,
467776,mscoco,A mother and it's calf standing in a field.,82579,
227164,mscoco,An old rusted pickup truck sitting in a field.,6121,
521236,mscoco,three bears walking on rocks near a body of water,72932,
560613,mscoco,Two people walking over a bridge while holding umbrellas.,93554,
568814,mscoco,A man with a bear sitting with his arms crossed and his tie over his left shoulder.,52362,
187241,mscoco,A man speaking at a public event behind a pitcher of ice water,61649,
511594,mscoco,A statue of a cow is seated on the out side of a store,3440,
325720,mscoco,A truck towing large equipment on its flatbed down a road.,27782,
32056,mscoco,A man making the live long and prosper sign from star trek.,63227,
457575,mscoco,A kid playing a game of frisbee with his dog in the snow.,27963,
200457,mscoco,A fleet of boats beached behind of group of people fishing.,42607,
556420,mscoco,A beautiful sandy beach with a grass umbrella next to crystal blue water.,45741,
477067,mscoco,A person riding an elephant that is spraying water from its trunk.,54856,
534428,mscoco,People are crossing a street with umbrellas on a rainy day.,49100,
239888,mscoco,A bear walks alongside a road near a tree.,9766,
383209,mscoco,A gray cat sitting on top of a flat screen TV.,48498,
16598,mscoco,A girl with blue hair is taking a self portrait.,88406,
524611,mscoco,A train carrying chemical tanks traveling past a water tower.,61846,
333034,mscoco,A lawn chair sitting on a beach under an umbrella.,65832,
411480,mscoco,A crowd of people standing on the edge of a cliff next to the ocean.,19366,
365018,mscoco,A dog sitting in the bed of a truck.,36138,
349964,mscoco,A dog laying on the grass with a frisbee.,806,
124636,mscoco,A baby cow standing in a pen next to another cow.,66474,
254004,mscoco,Baggage handlers are an airport loading luggage onto a plane.,94765,
122747,mscoco,A man in a black shirt and orange bow tie.,37688,
41247,mscoco,people enjoy swimming in the waves of the ocean on a sunny day at the beach.,68408,
172718,mscoco,A little boy wearing a white shirt and tie.,20861,
292118,mscoco,A man wearing a parking meter repair jacket pushing a cart down a sidewalk.,38803,
172877,mscoco,A man in a shirt and tie sitting on a white chair next to a lamp.,70535,
172087,mscoco,A man wearing a green sweatshirt with a tie around his neck.,6572,
219798,mscoco,A small white dog on a leash wears a colorful bandana.,70439,
10395,mscoco,A stuffed bear sitting on the pillow of a bed.,38923,
219525,mscoco,a woman walking holding a pink umbrella near a train,49485,
417164,mscoco,A parking meter machine covered in ice surrounded by snow.,90045,
139455,mscoco,A herd of cattle grazing in a dry field with snow off in the distance.,68680,
92187,mscoco,A parking meter with a wooden stick figure on top.,54160,
20646,mscoco,A woman in a store examines one of many suitcases.,70708,
389316,mscoco,Two young elephants stand next to a wooden fence.,74484,
45603,mscoco,A brown cat is sitting in front of a mirror.,24301,
546667,mscoco,Two people smile as they ride on an elephant.,68144,
269280,mscoco,A man wearing a hat and tie looking at a paper.,42252,
349611,mscoco,A man wearing a black and purple outer garment with a paisley tie.,36767,
138896,mscoco,Two dump trucks driving down a road past a white pick up truck.,39934,
336245,mscoco,A women posing sitting on the chair wearing a beanie.,68746,
126030,mscoco,Two big trucks are parked in a parking lot.,63887,
82059,mscoco,A multi colored train traveling past a small town.,24307,
299271,mscoco,A herd of cattle grazes in a field near a tree.,50337,
94577,mscoco,Two men listen as another man speaks to them.,17531,
143458,mscoco,a man with a drink wearing  a suit and green tie,38521,
85787,mscoco,A child holding an umbrella in the rain.,65004,
450970,mscoco,A group of men carrying luggage standing next to a  busy street.,4180,
567253,mscoco,A cow with black spots all over eating grass.,50579,
182895,mscoco,A parking lot with a line of parking meters.,45927,
149364,mscoco,A yellow moving truck on a snow covered street.,56656,
543895,mscoco,Two men squatting outside a store looking at a frisbee.,4200,
522020,mscoco,A close up of a hairy white cat outside.,52720,
156416,mscoco,Three people wade waist-deep in the ocean while playing Frisbee.,99461,
194411,mscoco,An elephant and a bunch of cattle at a watering hole.,52660,
378765,mscoco,a black bear rests it's head on a tipped over log,55191,
111325,mscoco,a small child and a group of cows,14906,
45830,mscoco,A black cat laying on top of a suitcase in a room.,69799,
401935,mscoco,a single red white and yellow train engine on the tracks,88057,
35899,mscoco,some red and yellow leaves and some thin green trees,45495,
378823,mscoco,Man herding some skinny cows in a street.,65986,
505335,mscoco,A group of people stand out side with umbrellas.,83402,
421757,mscoco,Two boats are floating on the river near the shore.,80312,
467931,mscoco,Two men sitting around a laptop looking at the screen.,84042,
572184,mscoco,Two black cats looking at each other in a window.,19142,
4620,mscoco,A close up photo of parking meter on a street.,30740,
286253,mscoco,A herd of cows crossing an empty road.,68949,
512118,mscoco,Two dogs are fighting over a toy banana,21568,
133778,mscoco,A young calf drinks from its mother's udders,90986,
531581,mscoco,Three young children who appear to be impoverished stand together in the street.,31525,
136722,mscoco,A train travels around the bend of a grassy area.,856,
490178,mscoco,a small child holding on to his luggage,67240,
570516,mscoco,Semi truck parked on the street in front of a building.,45709,
452263,mscoco,A bear peaks out behind the grass in the woods.,49709,
457943,mscoco,A dog carrying a Frisbee at a dog competition.,88796,
230661,mscoco,A colorful truck parked outside  at a parking meter,86008,
113736,mscoco,A man in water waiters sits in a river as he watches a baby bear run by.,94333,
522576,mscoco,A woman with a painted face holds an umbrella.,90391,
50238,mscoco,An old red fire truck parked at a car show with on lookers.,40964,
391684,mscoco,An elephant in the water inside its exhibit.,25593,
573877,mscoco,An orange tabby cat that appears to be reading a computer screen or watching the mouse..,19742,
565624,mscoco,Two elephants walking around inside of a grassy enclosure.,86802,
549297,mscoco,A young boy standing with luggage as adults are socializing.,10545,
465272,mscoco,People walk by a fountain holding umbrellas as it rains.,11578,
273323,mscoco,A boat that is on the dock still attached.,82498,
576612,mscoco,A close up image of a cat sitting on a couch.,99141,
51249,mscoco,A long train moves down the tracks on a cloudy day,31141,
383397,mscoco,A woman is sitting on a cinder block next to a trailer.,72688,
465295,mscoco,A blurry cat sits on top of a bright television.,66529,
168129,mscoco,an elephant stading behind some tall grasses and staring at the camera,79612,
289716,mscoco,this is an image of a yorkie in a small bag.,94193,
428336,mscoco,This is an image of a woman with an umbrella with a sign on it.,5762,
352549,mscoco,a black kitten sits in a designer bag,31986,
554142,mscoco,A trunk filled with plants with a mirror behind it.,44975,
558114,mscoco,Basketball players walking on court with coach in wearing dark suit.,96088,
272097,mscoco,a gladiator movie dvd case on a travel luggage bag,48029,
163684,mscoco,A dirty dog holds a stick in its mouth in the winter.,35722,
496597,mscoco,Two people riding a small boat across a massive lake surrounded by mountains.,74610,
465180,mscoco,People with elephants doing various activities in a river.,7306,
552945,mscoco,a girl stands by an elephant near some trees,66892,
290659,mscoco,A calico cat standing on top of an upholstered chair.,75106,
379144,mscoco,A blue dump truck driving down the highway.,75896,
207509,mscoco,A labrador dog holds a frisbee in its mouth.,94835,
513724,mscoco,People stand and look at a real painted elephant.,92545,
444879,mscoco,A small train traveling down the  railroad tracks.,26011,
257557,mscoco,a forklift sitting in front of a factory,60188,
201305,mscoco,A young girl standing on a red carpet with her leg up in the air.,78981,
28293,mscoco,A green truck traveling down a road with a wooden flatbed.,64938,
226631,mscoco,A cruise ship rests in front of a dock with buildings in the background.,43000,
94355,mscoco,A brown bear runs in the grass beside a body of water.,71063,
170950,mscoco,A man carrying apiece of luggage on a sidewalk.,12898,
119134,mscoco,A woman sitting in a chair while holding a young child.,61808,
444324,mscoco,The man is standing in front of a door.,37664,
437231,mscoco,The two dogs are sitting on a chair.,85406,
575933,mscoco,"A young man stands by a gate, holding an umbrella, nearby to a stream.",38665,
385586,mscoco,A large boat traveling slowly trough a harbor.,9293,
67776,mscoco,Two yellow pieces of luggage sitting on a sidewalk.,8146,
490081,mscoco,Two white horses pulling a man on a wagon down a dirt road.,98040,
55139,mscoco,small boats parked in the ocean at sunset,45228,
242615,mscoco,Two neatly made beds with matching walls in a room.,1743,
4395,mscoco,A man in a shirt and tie motioning with his hand.,88825,
492805,mscoco,A train traveling near a bridge next to wild plants.,29056,
483074,mscoco,Dogs in a field with green grass during the day.,61710,
139781,mscoco,A lady flying a kite in a neighborhood while there is daylight.,85883,
278290,mscoco,To men in cloaks ride skateboards down the sidewalk.,8983,
338255,mscoco,A train pulls up alongside a paved waiting area.,55035,
576084,mscoco,A man milking a cow during the day.,25381,
147425,mscoco,A cat in a dark room standing up on all fours.,21839,
112581,mscoco,a person in a clothing store wearing a hat,75013,
301429,mscoco,a couple of black dogs laying down in a white chair,18568,
551459,mscoco,A baby elephant curls its trunk into its mouth beside mud or water.,46651,
199940,mscoco,A black cat rubbing up against a bottle of wine.,26771,
360504,mscoco,The clear pool stood empty as people stood around nearby.,21526,
178512,mscoco,A fleet of ship floating on a lake next to a shore.,60933,
142484,mscoco,A cat rolling around a chair on it's back.,71932,
23023,mscoco,Three pieces of luggage sitting on a floor in front of a curtain.,38405,
162088,mscoco,A creepy woman holding a clear umbrella next to a forest.,79016,
175633,mscoco,A large sailboat docked near the coast with a smaller boat.,52607,
288501,mscoco,A herd of brown cows standing in a field behind a wire fence.,37650,
383494,mscoco,A small cat laying in the arms of a large teddy bear.,32180,
245716,mscoco,A man wearing a grey suit and tie in a room.,53630,
576820,mscoco,A line of people checking in their luggage at an airport.,31090,
287970,mscoco,A large elephant standing in front of the capital building in Washington DC.,18365,
532976,mscoco,a park with food trucks park out front,36915,
346006,mscoco,Yellow utility truck parked inside a warehouse by itself.,82524,
225130,mscoco,The statue of a painted elephant with a target on it.,74518,
350386,mscoco,Two gentleman standing next to each other in an office.,85749,
131418,mscoco,Three people walking down a sidewalk while holding umbrellas.,14254,
106896,mscoco,An elephant in the river holding something with its trunk,80810,
62296,mscoco,A harbor filled with boats surrounded by buildings.,27089,
200605,mscoco,a woman holding an umbrella walking down a wet sidewalk,2551,
14380,mscoco,A steel truss bridge carries a roadway over a rail yard.,75367,
310757,mscoco,A dog wearing a yellow jacket kissing a dog laying on the ground.,79868,
539326,mscoco,Cattle grazing on a green grass covered field.,22754,
155571,mscoco,An elephant walking across a green grass covered field.,43730,
197528,mscoco,A cat sitting on a window sill behind mini blinds.,82401,
64048,mscoco,People riding an elephant through crops next to an odd shaped mountain.,9009,
20904,mscoco,A group of people walking down a sidewalk holing umbrellas.,86038,
134288,mscoco,An single orange is sitting on a table.,91671,
137370,mscoco,A man standing next to a pile of luggage at an airport.,695,
35074,mscoco,A cat sitting on a pan in an oven.,43425,
283977,mscoco,Two large trey elephants standing next to a man wearing a blue uniform.,73633,
507421,mscoco,Two stuffed bears seated at a table for a meal.,89617,
145684,mscoco,Woman standing in her snow boots with an umbrella.,98575,
214832,mscoco,Line of black cows eating hay from a hay bale.,57761,
41199,mscoco,A man is sitting at a harbor with a market place.,69555,
230175,mscoco,A family is grouped on a sun porch for a photo.,90089,
565670,mscoco,Man looking in mirror while adjusting his pokka dot tie.,78524,
429580,mscoco,People playing Frisbee with a drown and white dog.,93570,
177149,mscoco,There is a garbage truck surrounded by people on a road,70132,
218561,mscoco,A dog holds a frisbee with the side of its mouth,41636,
457768,mscoco,A spotted cat poses on the lavatory in a bathroom.,77236,
173385,mscoco,An elephant is walking on a pile of sand outside a building.,59784,
267434,mscoco,A herd of cows are standing in a green field.,99313,
2154,mscoco,A grocery cart filled with clothing and sheets sits next to some boxes under a tree on the sidewalk of a city street near a bench.,7835,
263613,mscoco,"Horse, cow, leopard and a lady looking at the camera.",37513,
381630,mscoco,Subway train and tracks in an urban environment.,57723,
207635,mscoco,A man in black shorts with a yellow frisby.,37124,
64446,mscoco,A cruise ship is sailing close to the shore as two adults and a child walk through the sand.,34269,
233383,mscoco,A group of horses gathered in a pasture.,21360,
498557,mscoco,Train cars and a dry stream-bed along a roadside.,94799,
413377,mscoco,A man in a tuxedo is holding a rale.,31259,
121876,mscoco,A polar bear stands over an orange disc in his enclosure.,73358,
316879,mscoco,People are camping outside with their bags and under an umbrella.,95012,
296032,mscoco,A cat sits on a window sill behind the blinds.,79548,
534151,mscoco,an elephant in a field of grass with trees near by,12107,
27975,mscoco,A dog walking down the middle of a street next to a store lined sidewalk.,98799,
380993,mscoco,A black and white photo of a man running across the street.,51760,
333737,mscoco,A man with a white umbrella posing with some foliage.,4215,
253746,mscoco,A MAN IN A SHIRT AND TIE SMILING FOR THE CAMERA,23143,
520043,mscoco,A truck parked by other vehicles covered in graffiti.,69388,
34321,mscoco,A little chihuahua puppy laying with his stuffed bear,11189,
237207,mscoco,Two semi trucks are face to face along side a roadway.,56264,
145480,mscoco,a parking meter with a pink candle on top of it,67195,
328111,mscoco,The cars are traveling in opposite directions down the two way road.,76294,
464857,mscoco,The man is sticking his tongue out at the camera.,5722,
133690,mscoco,a person holding a dog sitting on a couch,6292,
500389,mscoco,A brown cow walking through a tree filled forest.,98381,
253362,mscoco,A hand reaching out to a brown and white cow.,18071,
422280,mscoco,Luggage on a carousel at a crowded airport.,48566,
62347,mscoco,a man standing on a red boat out on a large body of water.,26760,
211618,mscoco,A cow in front of another cow standing in a grassy field.,41989,
406377,mscoco,A train trailing a plume of white smoke crosses a bridge.,17842,
264497,mscoco,two yong men in kilts are having a conversation,29742,
190362,mscoco,A person pushing a cart with luggage on it.,82743,
233023,mscoco,A man looking after an elephant in some exotic country.,57628,
158950,mscoco,A blue and yellow train progressing on a track.,87238,
338595,mscoco,A large group of people walking through the rain holding umbrellas.,82672,
529590,mscoco,A bearded man in glasses and his cat,75253,
196798,mscoco,A parade of circus elephants lead by an SUV.,74807,
383435,mscoco,a white cat sitting next to  a pair of white hi top sneakers.,10195,
134199,mscoco,A young elephant walks near a herd of other elephants.,54805,
570693,mscoco,A group of cows cross a desert road.,41610,
572069,mscoco,"A cow is eating grass in a pasture, the cow is red.",795,
270515,mscoco,a lot of luggage bags in the center of a room,16044,
167166,mscoco,A semi truck unattached to a trailer sits in park,15220,
166868,mscoco,many cows in a field of green grass behind a fence,13233,
82180,mscoco,A teddy bear and a stuffed raccoon sitting on a faded wooden outdoor chair.,78394,
130527,mscoco,a group of cows grazing in a green grass wire fenced pasture.,15023,
433652,mscoco,A small teddy bear is on a strange chair.,57711,
186413,mscoco,A cow laying on a green field next to it's baby.,79034,
307341,mscoco,a person riding skis on a snowy slope,51762,
256220,mscoco,An overhead view of a city street has an empty lot below.,73395,
239198,mscoco,A cow standing in shallow water next to a wooded forest.,11015,
504700,mscoco,A man in a suit stands in front of a bus,92465,
161032,mscoco,A woman holding a red and white umbrella while standing in a cave.,95351,
288955,mscoco,Shaggy dog gets dinner served on a plate.,96966,
116825,mscoco,A cat leans over a desk and paws at an army knife.,3529,
166995,mscoco,A big brown dog sitting in the back of a red truck.,14518,
235124,mscoco,A stone and sand area leading to a slope with stone and grass terrain.,57160,
71361,mscoco,a young boy playing with an elephant while a baby elephant watches,16084,
192685,mscoco,A cattle runs across the grassy field in the day.,38262,
322762,mscoco,An elephant standing in the dry grass at the edge of water.,10739,
121783,mscoco,Grown cat sitting in front of a closed door leading outside.,85045,
483352,mscoco,A metal parking meter sitting in a parking garage.,6826,
388085,mscoco,people crossing a city street in the rain,17286,
489861,mscoco,A green and red dump truck parked behind a building,73981,
52712,mscoco,a red and a black suitcase a rug  and some flowers,12891,
533979,mscoco,an elephant standing alone on a cement floor behind a wired fence.,68597,
434580,mscoco,A pretty young lady using a laptop computer with a black cat on top of it.,53125,
465537,mscoco,A red car parked in front of a parking meter on a street.,78093,
125072,mscoco,Cattle grazing on grass near a lake surrounded by mountain..,99993,
407457,mscoco,A parking meter  in front of an over grown wall.,37112,
44347,mscoco,A kid bikes with his bag attached to the back.,53918,
416827,mscoco,A train traveling down railroad tracks through a countryside.,51640,
309237,mscoco,A cat laying on top of a couch next to a remote control.,31708,
182541,mscoco,two people sailing down a stream in a blue canoe.,58078,
286583,mscoco,a group of people crossing the street while holding umbrellas in the rain.,37685,
436218,mscoco,a man with a suit and tie and glasses and a pie chart,25003,
134555,mscoco,An elephant in the zoo behind a large fence,72284,
171970,mscoco,two men riding in the back of a blue truck while driving down the street.,1990,
544104,mscoco,Waterway will all kinds of boats moored and docked.,91131,
557447,mscoco,A businessman sitting at a desk with a folder containing documents.,14194,
61515,mscoco,Two bears standing on a grassy hill facing each other.,12494,
366484,mscoco,A dog sleeps in a carrier  inside a mans coat.,20990,
246454,mscoco,Girl bending down with hand bag on her shoulder petting two dogs.,75424,
518914,mscoco,An image of indoor restaurant and raining outdoors,48366,
273416,mscoco,A man stands outside a shop selling various items.,45829,
224093,mscoco,A field with a bunch of cows grazing.,87204,
91343,mscoco,A dog standing in a kitchen with a toy.,59390,
224220,mscoco,People are in a small boat with green oars.,57101,
220678,mscoco,A cow is standing still with a plastic apparatus on his hip end.,43023,
578292,mscoco,A little boy is holding on to a stop sign.,56869,
4229,mscoco,Two adults and one baby elephant walking in the wilderness,80338,
70258,mscoco,Five kids playing with frisbees on a sunny day.,2768,
176891,mscoco,A little child kneels down beside of a calf.,2864,
209147,mscoco,A treacherous road next to a rocky cliff is shown.,27411,
373089,mscoco,A train is shown stopped at a train station.,61925,
575624,mscoco,A group of cows relaxing in the grass in front of a barn.,65091,
537695,mscoco,A cow has a ring in its nose near two men.,5269,
241273,mscoco,A convoy of dump trucks make their way past the supermarket.,76147,
198658,mscoco,A woman is using a laptop on the couch as a black and white cat lays on the keyboard.,43286,
409198,mscoco,Man on a marked field holding a frisbee in his hand.,88973,
476417,mscoco,This is an image of a panda eating bamboo.,60183,
455157,mscoco,Man sitting at a picnic table using a laptop shaded by an umbrella.,95862,
368961,mscoco,Two mini elephants walking  toward people on a plank,46554,
524382,mscoco,several dogs behind a crate with hay on the ground,95692,
206587,mscoco,A train makes its way down a track next to an open field.,84939,
549268,mscoco,A man and woman riding on an elephant.,8853,
239351,mscoco,A man and a woman sanding on a dirt road while holding an umbrella.,38002,
170147,mscoco,A little girl is wearing a coat and boots while holding an umbrella on a dirt road.,71859,
104002,mscoco,Large group of cattle moving around a field together.,34,
226315,mscoco,A train traveling past a water tower next to a forest.,50545,
418435,mscoco,A parking meter sitting on a sidewalk next to a parked red car.,4148,
171062,mscoco,A cat sits on a table and watches television,10001,
285908,mscoco,A polar bear with snow on its fur sticking its tongue out.,41423,
9707,mscoco,A beach scene with chairs and umbrellas and birds in the sky.,33162,
424284,mscoco,Flowers sitting on the deck of a light green boat.,77550,
574413,mscoco,Three people standing on the back of an elephant.,18811,
89487,mscoco,The man is holding his tie with his right hand.,70259,
491017,mscoco,Several men in leather lingerie walking and one holding an umbrella.,94732,
57812,mscoco,A cat and a kitten laying on a bed next to a laptop.,19310,
398220,mscoco,A yellow box truck with graffiti on its side.,77295,
70353,mscoco,A cat laying on the arm of a chair in a living room.,19439,
517832,mscoco,A small black dog sitting in an orange checkered chair.,46322,
181403,mscoco,A jean skirt has a bottom on it made of ties.,98047,
493612,mscoco,A herd of brown cattle standing on a grass covered field next to a  river.,40838,
420791,mscoco,Boats docked in a harbor next to tall buildings.,86471,
129062,mscoco,A hotdog stand with outside seating and bright lights.,90990,
289995,mscoco,Farmers market with people looking at fruits and vegetables,46069,
144929,mscoco,A young girl jumping into the air while holding an umbrella.,11647,
501382,mscoco,A person wearing sandels standing in front of a cat.,1631,
54718,mscoco,A group of muddy elephants standing by rocks.,8328,
110509,mscoco,A young girl using a cellphone while sitting next to luggage.,27976,
43448,mscoco,A baby and adult elephant are standing by large rocks.,85616,
40705,mscoco,A man staring ahead at the camera with a neutral expression.,57554,
564352,mscoco,Guy watches boat drive by on the water.,8636,
415183,mscoco,A group of people walking down a snow covered path with cats and horses.,98184,
60052,mscoco,A woman twirling a floral print parasol umbrella.,70080,
41635,mscoco,Three cows standing on a grass field under a cloudy sky.,84561,
102466,mscoco,A boat going through the water in a canal.,79248,
239395,mscoco,An old motorcycle parked on the side street with an umbrella over it.,31536,
153207,mscoco,A stop sign before a traffic control booth on a highway.,97859,
339678,mscoco,A man holding an umbrella next to a frozen over fire hydrant.,10085,
279395,mscoco,A boat floating past a bridge on a river.,29206,
511662,mscoco,A large cruise ship sailing next to a sandy beach.,83518,
477288,mscoco,Several men in costume gather together under their umbrellas.,74712,
358024,mscoco,A man and a young boy pull luggage next to each other.,10388,
577840,mscoco,A pretty young girl sitting in a luggage cart next to a bag of luggage.,85592,
412887,mscoco,"Though not the smartest animals in the world, the cow still has a friendly face.",290,
20333,mscoco,A young child squats down in front of a bowl.,96994,
67551,mscoco,Group of people riding on the back of large elephant.,62300,
364125,mscoco,Two people behind umbrellas stand facing a body of water.,75636,
180013,mscoco,A STREET WITH CARS AND CONSTRUCTION WORKERS WORKING.,11292,
262993,mscoco,A goat standing in front of a store next to a metal hook.,10083,
264110,mscoco,A stuffed animal sleeping in a miniature bed under a blanket.,35309,
259112,mscoco,A bald cat sleeping on a blanket on top of a bed.,46314,
506874,mscoco,A group of people at a party sitting next to a red umbrella.,56968,
482848,mscoco,A young boy holding an umbrella while standing on a wooden deck.,28877,
401991,mscoco,A white dog laying next to a cat on a bed.,12149,
436603,mscoco,A brown teddy bear laying in bed under a blanket.,31132,
121188,mscoco,A large boat sailing across a large lake.,81779,
141508,mscoco,A blue piece of luggage sitting on a hard wood floor next to pairs of shoes.,29143,
301993,mscoco,A man in a shirt and tie making a creepy face.,90937,
555357,mscoco,A herd of cattle grazing on a lush green hillside under storm clouds.,81106,
136846,mscoco,A large truck driving past a shopping center on a rain covered road.,92007,
425481,mscoco,A man sanding on a colorful rug wearing a tie.,4850,
477826,mscoco,Two white sheep standing next to each other on a grassy field.,80357,
354978,mscoco,A man and a woman standing next to each other in front of a crowd.,15158,
469599,mscoco,An inner city back street lined with vendors,65751,
113413,mscoco,A large ship sailing across a lake next to shore.,17276,
386803,mscoco,People rowing several canoes on a small pond.,94951,
398507,mscoco,A fleet of green army trucks parked on a grass covered field.,658,
566264,mscoco,A dog swimming in the ocean by itself.,31398,
35599,mscoco,Cafe tables with table cloths and orange umbrellas over them.,64141,
239618,mscoco,A captive elephant bellows from behind the fence.,78786,
222430,mscoco,A man looks straight ahead sitting at a desk.,38905,
465267,mscoco,A cat is sitting in front of a tv looking at a similar cat on screen.,74155,
234963,mscoco,A rural city has some food trucks on the corner.,59375,
6906,mscoco,A man presenting something to another man in a tent.,71848,
216254,mscoco,a stop sign hanging from a small shack,9505,
5282,mscoco,a boat floating on a lake through a brick bridge,77020,
298261,mscoco,a pink truck with a wine bottle on the side,96644,
380117,mscoco,A cat is laying curled up on a table surrounded by greenery.,3669,
129706,mscoco,A man is dressed like a clown magician while pointing at a picture on his cell phone.,13430,
2690,mscoco,An inlet filled with boats of all kinds.,76131,
484321,mscoco,A small boat leaning to it's side is on the beach.,69539,
122549,mscoco,A black and white photo of a man wearing several ties.,43010,
126110,mscoco,The dog is perched on the seat of the car looking out the window,28600,
42201,mscoco,The man with black outfit and royal blue necktie poses for a photo at the event,17835,
168817,mscoco,A cat lies asleep on top of a remote control.,94155,
300214,mscoco,A man in a suit and tie is sitting on a bench.,31267,
574706,mscoco,A cat is looking out of a glass door with a reflection.,2036,
443537,mscoco,A cat and dog are close together on a bed.,77565,
472864,mscoco,Cattle are grazing and laying on a green field.,70674,
115075,mscoco,a person walking down a sidewalk holding a colorful umbrella,82352,
199438,mscoco,a man and woman in a canoe with a young child holding oars,80877,
409156,mscoco,A woman is making her way out of a rather large suitcase.,23150,
327656,mscoco,a man with a backpack sitting in front of a semi,63385,
216841,mscoco,Lots and lots and lots of very colorful ties,22700,
199641,mscoco,A dog leaping outside to catch a frisbee.,34955,
247984,mscoco,Several pieces of luggage with extendable handles deployed.,48186,
109750,mscoco,A small metal motor boat on a lake.,98364,
348931,mscoco,An elephant is walking in an open area with a log on the ground behind him.,80989,
115088,mscoco,Tall green pine trees in back of large grassy field.,39532,
183967,mscoco,a cat sitting on top of a dining room table set with wine glasses,9272,
531594,mscoco,A black cat lies on a wood desk.,33250,
9679,mscoco,A suitcase bag packed with roller skates hanging from the top and back of it.,67282,
498716,mscoco,Two cats laying near a vase and two candles.,63473,
441432,mscoco,An umbrella and other things in a trash can.,76981,
311392,mscoco,A black and white cow at market in her stall.,43284,
401951,mscoco,A building has a fire truck near it on the street with a man on a lift.,38627,
184611,mscoco,Guy pedals a bike through a small village.,2316,
223123,mscoco,A field of cows being looked at over bushes.,27456,
577033,mscoco,A group of four men riding a rowboat across a river.,41941,
249809,mscoco,A yellow skateboard wheel touching the pavement on a sunny day,57522,
405531,mscoco,A woman in a bright yellow rain slicker stands with a red umbrella next to an old brick structure.,98714,
402357,mscoco,An elephant in a zoo walks toward the camera.,27247,
148570,mscoco,"Three men are wearing identical black suits, vests, ties and shiny black shoes.",90417,
422375,mscoco,A person in a suit takes a photo of themselves in the mirror.,35875,
312388,mscoco,An orange cat sleeping inside of a piece of luggage.,32115,
272111,mscoco,a row of umbrellas opened advertising a beer company,74337,
61025,mscoco,a wireless  computer mouse on a wooden table,50171,
518006,mscoco,A room filled with two pieced of brown luggage and a mannequin wearing a shirt.,47704,
8021,mscoco,A presenter projected on a large screen at a conference.,21230,
79229,mscoco,a dog following a man on his horse in a field,39745,
125107,mscoco,A pug chews on a large water bottle.,51248,
145549,mscoco,A pile of surfboards and kayaks sitting on a storage lot.,27839,
253455,mscoco,Several people wait at an airport baggage claim.,98689,
26762,mscoco,"A mother elephant nuzzling her young, baby elephant.",50775,
47589,mscoco,A flower in a tree that is blooming.,41594,
463785,mscoco,some people umbrellas and two boats on some water,11349,
93333,mscoco,A cowboy leads a cow through a paddock.,60264,
74280,mscoco,A boat sails through frigid water with icebergs.,36893,
39589,mscoco,A black cat laying next to a box of donuts.,2323,
403315,mscoco,A husky dog is carrying a frisbee in a park.,4777,
301061,mscoco,A person is moving green hay towards an elephant that is inside the back of a white truck.,37475,
234370,mscoco,An elephant in a field touches its nose to its mouth.,32633,
394251,mscoco,A fleet of semi trucks driving through orange traffic cones.,748,
47425,mscoco,A black cat playing with a pair of shoes on a stool,59676,
489304,mscoco,A baggage handler moves some luggage towards its destination.,87162,
192730,mscoco,Three cows are standing on the pavement next to a gate with three structures in the background.,96724,
576385,mscoco,Several tables with chairs and umbrellas with people sitting at some of them.,77242,
283849,mscoco,A brown bear walks through a grassy field.,67646,
145668,mscoco,A gray and white cat sitting on a grey office chair.,4863,
351904,mscoco,The town square is covered by many inches of snow.,87999,
520996,mscoco,The elephant stands in the dirt and extends its snout over the fence.,73169,
496485,mscoco,A small boat sailing on a large body of water.,71926,
188078,mscoco,A black piece of luggage sitting next to a tire donut.,72355,
392251,mscoco,An elephant walking behind a large wire cage.,82030,
443887,mscoco,A cat sitting on top of a brick pillar next to a bunch of statues.,4760,
162685,mscoco,A group of people standing in a bathroom while man puts on a tie.,27194,
92416,mscoco,A young man holding a bottle of beer while wearing a suit.,8045,
360137,mscoco,A person leaning up against a metal rail while holding a rainbow colored umbrella.,45672,
97334,mscoco,A family of grey elephants walking through a lush green field.,74672,
429063,mscoco,A woman standing in front of a bench covered in luggage.,88326,
102912,mscoco,A couple of gray elephants standing next to each other in a wire cage.,50960,
247428,mscoco,Small kitten warming up to a shy dog.,4769,
248270,mscoco,Two boats resting ashore on a wide river.,55164,
209346,mscoco,A woman carrying a red piece of luggage next to a chair.,58364,
427820,mscoco,an old photo of a large group of children,8743,
46905,mscoco,a dog and a cat sit on chairs near each other,11181,
25138,mscoco,A cat standing on top of an open laptop computer.,620,
61660,mscoco,a business truck with graffiti written on it,97898,
467818,mscoco,A couple of elephants standing in shallow water.,76237,
160220,mscoco,A group of elephants standing next to a cement tower on a dirt field.,5908,
576513,mscoco,A pony and a dog are outside in the hay.,19229,
107741,mscoco,there is no picture in this particular one.,61805,
121112,mscoco,two cats in an office space looking at the camera,34794,
104626,mscoco,A truck parked near a tent and a stadium.,18814,
448868,mscoco,A line of oil trucks driving down a street,78568,
109454,mscoco,A young man holding up a green bottle as he drinks,3052,
251888,mscoco,A ship in the water sailing past the city in the background,55729,
53345,mscoco,Some elephants grazing around outside in front of  brick housing.,22149,
88094,mscoco,A steam train coming through town with houses in the back.,21759,
163970,mscoco,A big flatbed truck with the flag of the United Kingdom.,14162,
377946,mscoco,A yellow food truck parked close to a car,23848,
160243,mscoco,A red truck driving along a snow covered street,37823,
145405,mscoco,Two woman sharing an umbrella as they walk,94676,
136117,mscoco,Two open suitcases filled with a variety of snacks,90886,
60177,mscoco,A bicycle with a covered cart in the front,91542,
260370,mscoco,A woman in a robe has a big umbrella.,11486,
520531,mscoco,an image of a cat sitting on top of the desk area,35715,
187924,mscoco,A truck with beer advertisement parked by a curb,61071,
152252,mscoco,An old creased photo of a group of boys and men,66981,
348475,mscoco,An eightteen wheeler rolls down the evergreen tree lined highway toward a snow capped mountain.,38440,
525763,mscoco,BOATS IN A HARBOR SURROUNDED BY BUILDINGS AND A FEW CARS,27341,
360986,mscoco,A bull is cleaning its balls next to a rock.,25201,
260823,mscoco,Four sheep are eating along the side of a hill.,73791,
285799,mscoco,Person pulling a sled through a trail of snow.,23216,
326698,mscoco,A bull dog laying in the shade beneath a truck.,40711,
179392,mscoco,Cat sitting on a desk with a computer behind him.,36607,
555346,mscoco,A tugboat in the water has two occupants.,58579,
223496,mscoco,a small boat on a beat near a body of water,18345,
203747,mscoco,A man in a mask holding a sign,40713,
125539,mscoco,A blue truck with tarp covered trailer drives down the road.,64409,
335861,mscoco,An old boat sitting in th emiddle of a field,48701,
67616,mscoco,A restaurant with patrons in the outdoor eating area.,51557,
145781,mscoco,A dog licking the top of a  beer bottle,38609,
549629,mscoco,A black bear sitting on the grass beneath a tree,48820,
303944,mscoco,a group of black suitcases sitting next to each other by a wall,19107,
529774,mscoco,A large bright yellow boat sits docked near a stairway.,66765,
261186,mscoco,Muddy elephant with large tusks in natural habitat.,89270,
66087,mscoco,A brown bear sitting on a bunch of fallen logs,43751,
211675,mscoco,A white vehicle is parked near a parking meter.,33566,
383324,mscoco,A beautiful young lady wearing a skirt standing with her legs spread apart.,10584,
293175,mscoco,A couple riding on top of an elephant in a forest.,64215,
344928,mscoco,A cat playing with a cup that is on the floor,21810,
62518,mscoco,Modern commuter train on a well maintained track,62796,
4497,mscoco,"A delivery truck driving on a freeway with ""MOBEL PREISS"" painted on it's sides.",99226,
359710,mscoco,The cat is looking for some potential prey.,28604,
435562,mscoco,A young boy sitting on a seat on a bus.,9643,
387429,mscoco,A group of people sitting at a table having dinner.,56689,
22667,mscoco,A light house on an island surrounded by sail boats.,44923,
547645,mscoco,A large black bear walking next to a huge stone wall.,14416,
432276,mscoco,A dog sitting in the back of a truck under a blue umbrella.,47592,
346641,mscoco,Two cows standing on a dirt road next to wild green brush.,9787,
83656,mscoco,A lone brown cow stands on an empty beach.,30012,
108380,mscoco,Two cows in a field eating from a food bowl,5632,
105975,mscoco,an elephant using its trunk to blow the dirt off its face,12545,
439024,mscoco,A group of people carrying umbrellas into a building entrance.,87466,
439132,mscoco,A black cat curled up in a large pot.,23240,
85629,mscoco,A teddy bear laying on a rock next to a bundle of trash.,60017,
551815,mscoco,An orange cat laying on a white and brown cat in a bed.,66543,
124729,mscoco,A dog sitting on a couch while staring out a window.,46516,
218220,mscoco,Cows and caves behind barbed wire fence on a pasture.,83793,
25804,mscoco,A family of five takes a ride on an elephant.,17681,
469919,mscoco,Several different colors of oriental kites and other decorations being viewed by a crowd.,5597,
223198,mscoco,A young man modeling clothes during a photo session.,80342,
167906,mscoco,A toy action figure holding a plastic mini teddy bear and a cocktail glass decoration on the snow.,92883,
561795,mscoco,Two men in the bed of a pickup truck working on the vehicle.,62496,
156045,mscoco,A man in a white pants and a white shirt and colorful tie.,42285,
352748,mscoco,A train with brown cars on train tracks.,65937,
465257,mscoco,Elephants walking with each other to travel to a place.,727,
410252,mscoco,A family pet who has gotten its head stuck inside a article of clothing.,63439,
215608,mscoco,a beach crowded with people and many different colored umbrellas,7513,
21903,mscoco,A man is leaning over a fence offering food to an elephant/,62478,
6589,mscoco,A tabby cat wearing a tie is laying on a couch.,28447,
76873,mscoco,Two legs with work boots on poking out of a truck window.,35913,
317479,mscoco,Groups of people standing under umbrellas next to the truck,50251,
356507,mscoco,A yellow dump truck parked on a lot.,95975,
402774,mscoco,A woman holding an umbrella while walking in the rain.,17169,
323828,mscoco,"Train with lights on, multiple track area, near over/under pass.",24480,
325064,mscoco,A cat sitting in a living room watching an animated cat on television.,85571,
218752,mscoco,A large brown cow laying on the ground in a penn.,47307,
105611,mscoco,A dog draped in a blue blanket on a boat.,3150,
216161,mscoco,A dog looking at a slice of pizza.,8031,
316015,mscoco,A cat is sitting on a desk next to a computer.,16633,
293026,mscoco,There are several boats docked in a harbor.,4434,
122203,mscoco,Lots of cows eating grass on a large field.,79401,
218268,mscoco,some people boats and birds in the water,58801,
429443,mscoco,Three brown cows grazing on a muddy grass field.,40853,
340884,mscoco,a elephant walking in a dusty and rocky area,73341,
545612,mscoco,A train engine traveling under a blue bridge next to a stairway.,78827,
267725,mscoco,A man sleeping in a ten laying next to a big dog.,46973,
358525,mscoco,A child in a hat playing on a laptop computer,40825,
177529,mscoco,God looking at orange cat that is standing on a stool.,93832,
72860,mscoco,A red and white tug boat drifting in the water.,6491,
121547,mscoco,A dog carrying packs on his back while being walked.,88703,
283874,mscoco,Merchants sitting while selling off produce to others.,57963,
134346,mscoco,A brown bear in a rocky zoo display,30917,
379022,mscoco,a close up of a reflection in a body of water,82342,
13414,mscoco,a close up of a street parking meter,56943,
42956,mscoco,A cat laying down on a black skateboard inside.,50275,
525376,mscoco,A couple of bags in the back of a car.,98870,
228854,mscoco,a brown dog is laying on a gray couch,81759,
304917,mscoco,a dump truck carrying a car a building and a street,63871,
361721,mscoco,a blue and white three wheeler truck  and two men,35143,
576363,mscoco,A group of people walking on the side walk,96196,
365540,mscoco,Statue artwork carrying red umbrella in man made pond.,91521,
451090,mscoco,a white boat some green hills and water,3311,
375566,mscoco,Lady walking through a parking lot with an umbrella over her head.,48488,
270048,mscoco,two train cars one is black and the other is white,40807,
394157,mscoco,a white cat wall clock with a red handle,59218,
43734,mscoco,there is some sort of animal that is in the waves on the water,14300,
108923,mscoco,A cat watching a television show about migrating geese.,71513,
413341,mscoco,A laptop keyboard with three small bear figurines sitting on top.,68004,
316464,mscoco,A cow standing in a grassy fields surrounded by shrubs,92745,
403919,mscoco,THIS IS A IMAGE OF A VAN DRIVING DOWN A STREET,50602,
490337,mscoco,Bright red umbrella open on the sand of a beach.,71721,
451648,mscoco,THERE IS A VAN THAT IS PARKED UNDER A SHED,36454,
514685,mscoco,Dog with a bright pink frisbee type disc in his mouth.,49877,
568147,mscoco,A colorful chain with a note attached is wrapped around a parking meter's post.,32732,
475484,mscoco,There is a bright yellow parking meter on a red sidewalk,10522,
478724,mscoco,"A man in a blue shirt with a red beard, laughing.",35787,
328286,mscoco,Boats docked at a harbor facing the city.,14817,
136173,mscoco,An elephant statue has pink accouterments on it.,49410,
277048,mscoco,Some taxi cabs parked along the side of a road.,43510,
557190,mscoco,"A young man in a suit with his arm around the shoulder a shorter older man, also in a suit",26823,
17708,mscoco,"Three boats travel around a calm, clear harbor.",16058,
454148,mscoco,Man standing on a stage in front of a microphone.,85808,
377326,mscoco,A herd of cows drinking water from the river,73584,
168713,mscoco,Man putting on a giraffe patterned neck tie at an outdoor event,76235,
261948,mscoco,An old suitcase made into a fabric covered bench,72386,
309883,mscoco,Two elephants are near a watering hole at the same time,64696,
317244,mscoco,A pick up truck has a camper on it,52603,
525247,mscoco,Cat staring at the screen of an open laptop.,16943,
214671,mscoco,A cat sitting on a blanket on a table.,59407,
101959,mscoco,A mother elephant leading a baby elephant on a clear day.,91655,
520047,mscoco,There is a train moving through a track yard,83613,
190767,mscoco,There are four cows eating grass in a field,66470,
107548,mscoco,Lots of boats tied together sit in the water.,32363,
499393,mscoco,A peed boat with a cover on a river,59936,
212384,mscoco,A giraffe and zebra cake sits against a neutral backdrop.,88157,
178254,mscoco,A couple are walking with an umbrella through the street.,3406,
366714,mscoco,A truck parked in a parking lot with a blue sky background.,1465,
501142,mscoco,there is a cow standing in the water by a boat,18529,
257566,mscoco,People going down a narrow area on a boat.,27195,
86168,mscoco,A large cat rests beside a window sill.,59368,
10720,mscoco,A horse stands tethered to a wall.,52601,
350000,mscoco,There are orange beach umbrellas lined up on a beach,17217,
276693,mscoco,A large brown dog walking in front of a woman holding two ski poles.,41583,
277020,mscoco,A man sitting at a bar being served by a woman,95823,
415798,mscoco,A man standing on a paddle boat with his dog on the front end of it.,88260,
561979,mscoco,A dog sits on the beach between two large boats.,1442,
421206,mscoco,The black and white cat lies next to a pair of sneakers.,8652,
438077,mscoco,A man standing next to two black cows in a field,36916,
529096,mscoco,A baby cow standing next to it's mother next to a pool of water.,78203,
433804,mscoco,A boat traveling across a river in the middle of a jungle.,10438,
179199,mscoco,A statue standing on a sidewalk while holding a black umbrella.,10666,
426631,mscoco,"A man crouches down and extends his hand, as he anticipates catching a flying disc.",56903,
294284,mscoco,a herd of elephants walking down a desert road,67145,
316782,mscoco,A group of men standing on the deck of ship next to three small boats filled with men.,362,
412384,mscoco,A child holding an umbrella in front of a house.,71288,
526000,mscoco,A woman with bright blue hair ample breast and wearing a black shirt and tie.,53299,
528257,mscoco,A black and white cow sitting inside of a metal pipe penn.,98515,
114348,mscoco,A parking meter sitting next to a street with parked cars.,3590,
482080,mscoco,A man standing in front of a large flat screen TV.,6154,
99741,mscoco,nice picture of two signs in front of mountains,9765,
30494,mscoco,A black and brown dog digging at an object on a dirt ground.,69005,
359039,mscoco,A group of young children sitting on a bench,94381,
480379,mscoco,A man standing on top of a  oat in a river.,75836,
378751,mscoco,A cat sprawled out on a couch with a remote on the arm,7930,
238459,mscoco,A cow standing on a mount of rock filled dirt next to a  lush green field.,49758,
401112,mscoco,A sleepy cat stretched out on a fluffy pillow.,23561,
357354,mscoco,A giant gray elephant standing behind a small car in front of a store.,36749,
530317,mscoco,Two air boats driving next to each other on the water,20925,
359314,mscoco,A construction vehicle loading another vehicle onto a flatbed.,46438,
176362,mscoco,A baseball player taking a swing at a ball,74008,
82338,mscoco,A man on motorcycle driving past cows on the street,46841,
137451,mscoco,A group of people walking on a rain soaked parking lot.,43486,
328957,mscoco,A cat sitting on top of a cat post in a living room.,90697,
25560,mscoco,An orange and white cat standing in front of a flat screen TV,7857,
250365,mscoco,A black animal stands behind a few trees with fall colored leaves.,38343,
470784,mscoco,A person carries a stack of boxes while people with umbrellas walk around the street.,51742,
466936,mscoco,A man is sitting down outdoors smoking a cigarette.,41827,
277291,mscoco,people crossing the street in a big city in the rain.,51102,
126727,mscoco,A baby walks down a brick sidewalk as she carries a blue umbrella.,31187,
196836,mscoco,"A woman stands wearing a black and white coat over a dark vest, orange shirt and pink tie.",30339,
350003,mscoco,A firetruck is near a brown building off a side street that veers from a main road.,32999,
30548,mscoco,A man with a bear wearing glasses in a business suit.,22848,
509609,mscoco,A cat cuddles an elephant toy on the bed.,83105,
449488,mscoco,A man wearing a striped suit and a purple tie and a paper flower on his lapel.,53994,
66038,mscoco,The father and daughter are under an umbrella on the beach.,94128,
462011,mscoco,A man wearing a tie while standing in a room.,48227,
356427,mscoco,A man standing next to train tracks with bags of luggage.,20751,
366508,mscoco,A brown bear walking down a grass covered hillside.,19775,
305437,mscoco,A teenaged girl at a booth at an educational fair,1395,
369817,mscoco,A cat wearing a bow tie standing on a blue rug.,56560,
509772,mscoco,A firetruck driving past an ambulance on the opposite side of the street.,94672,
377882,mscoco,Boats docked on land sitting side by side next to a lake.,12971,
387173,mscoco,A person riding on the water in a red row boat.,92996,
358058,mscoco,A man in uniform holding a musical keyboard.,55184,
173217,mscoco,A suitcase filled with yard and knitting supplies.,90287,
372294,mscoco,A brown and white dog sitting in a black leather chair.,75664,
279159,mscoco,A large orange cat laying on top of a blanket.,16593,
399570,mscoco,A man and a woman eating lunch outside while sitting under a large umbrella.,59359,
64610,mscoco,A yellow and blue train stopped at a train station.,96445,
460683,mscoco,A man wearing a blue tie with the ten commandments on it.,16816,
69946,mscoco,A blue boat docked on a green lush shore.,3875,
268375,mscoco,A herd of gray elephants standing next to each other on a block of cement.,24653,
194756,mscoco,A man driving a boat down a river next to shore.,341,
194352,mscoco,A baby brown bear standing on it's hind legs.,56690,
145439,mscoco,A bear searching for food near the river.,98894,
500257,mscoco,A few men working on moving luggage at an airport,41705,
142667,mscoco,People look at various food trucks in the city.,34221,
170992,mscoco,A group of people sitting on yellow benches next to a tall building.,65067,
578467,mscoco,A man riding an elephant through a forest filled with trees.,14455,
195561,mscoco,A bronze statue holding an open black umbrella.,44503,
553482,mscoco,A small white truck parked next to a couple of trees.,30710,
221713,mscoco,A curly haired man standing on the side of the street.,40786,
570521,mscoco,A cat lays asleep on a blue thing.,40954,
174679,mscoco,A small boat and chair on the beach.,46762,
111819,mscoco,An elephant in an enclosure is touching a woman in a pink dress.,73434,
393115,mscoco,Nan or woman is enjoying a day of surfboarding on a brown/orange board.,87185,
237566,mscoco,Two black cows grazing in a grassy field,95085,
507667,mscoco,A map of the Boston subway printed on a statue of a cow.,78497,
401862,mscoco,PEOPLE WAITING IN LINE TO GET FOOD FROM A FOOD TRUCK,84202,
180487,mscoco,GUY WITH UMBRELLA HAT SITTING A TABLE WITH ANOTHER PERSON,84226,
207264,mscoco,HERD OF ELEPHANTS IN THE WILD GRAZING AMONG THE TREES,82287,
194012,mscoco,A man in a gray suit and a red tie.,49316,
209692,mscoco,Old fashioned red fire truck parked by itself on a street.,11960,
163025,mscoco,This is one man with two different sides to him.,44439,
568559,mscoco,A black cat is sitting on a wood desk.,90784,
178941,mscoco,A cat on top of a closed laptop on a desk.,26995,
487438,mscoco,A cluttered bedroom with books on the bed,93603,
564133,mscoco,Some elephants walk together through the grass.,96777,
47724,mscoco,A dog stands near toys outside in the yard.,5336,
525587,mscoco,"An old, rusty blue pickup parked in the weeds.",13147,
413689,mscoco,Two women holding umbrellas while standing on a city street.,370,
321014,mscoco,Black and white photo of a cat surrounded by kitchen knives,45614,
403854,mscoco,"People standing on a crowded sidewalk in the evening, many holding umbrellas.",67481,
509497,mscoco,"A person with two dogs, and another with an umbrella, walking down a road in a park.",57412,
319369,mscoco,Two women talk at a beach rental kiosk.,77089,
449150,mscoco,A cat is about to have its teeth brushed.,38336,
292384,mscoco,Elephants stand together near a log in an enclosure.,43060,
62060,mscoco,Some people stand together near a lake.,68514,
196665,mscoco,An older bald man in a striped suit.,45230,
516430,mscoco,A car with the hood and doors propped open on a field.,217,
189936,mscoco,A picture of the president standing at a podium,86777,
371427,mscoco,A picture of a person a dog and a horse.,58744,
544322,mscoco,An outdoor setting is lined with tables and chairs.,52951,
179954,mscoco,A black and white cat sleeping next to a persons legs.,16085,
517610,mscoco,An open with plants sitting in front of it on a ledge.,3172,
142890,mscoco,A black cat sitting in front of a desktop computer monitor.,46351,
223342,mscoco,A orange tractor sitting on top of a lush green field.,44245,
424002,mscoco,Two young men standing next to two dogs.,29342,
129175,mscoco,A group of people on a gondola underneath a bridge.,56331,
502275,mscoco,A brown cat is sitting on a plastic bag.,13211,
75748,mscoco,A train on some train tracks near some trees,20028,
377577,mscoco,A picture of a person holding an umbrella.,87872,
467062,mscoco,A picture of two expire time meters on the street,53512,
312216,mscoco,A little girl smiling widely for the camera,9312,
410849,mscoco,A piece of luggage painted with the Eiffel tower on the side of it.,86995,
97502,mscoco,A man sitting on the ground looking like a zombie.,72229,
85637,mscoco,A gray suitcase is empty while clothing is strewn around it.,75355,
12764,mscoco,A cat and a dog or playing with a ball.,65376,
434723,mscoco,A rusted out dairy truck sitting in a  field with an old rubber tire leaning up against it.,6825,
265916,mscoco,A man with a dog sitting in his backpack talking to a woman in sunglasses.,32482,
504561,mscoco,A woman holding a pink jacket next to a man wearing a tie.,65894,
29886,mscoco,Two people sitting at a table having a conversation.,60107,
33489,mscoco,A semi truck pulling a large blue boat down a road.,14536,
99961,mscoco,A boat parked in a field with long green grass.,76061,
266246,mscoco,A young girl outside in the rain holding an umbrella.,93786,
284605,mscoco,A cat under a blanket looking at something.,51228,
235541,mscoco,This shirtless young man is wearing a tie.,86837,
214492,mscoco,Two young men leaning up against a wall wearing ties.,83958,
316534,mscoco,A lot of animals by the beach together.,87854,
427649,mscoco,A small white boat sits on some calm water under a snow capped mountain.,7666,
441292,mscoco,A green semi truck driving down a narrow street.,7708,
351810,mscoco,A woman sitting at a table in front of a pile of luggage,2055,
413320,mscoco,A woman riding on a duck boat on the lake,98177,
388100,mscoco,A street scene with people lined up on the sidewalk.,21494,
68117,mscoco,A boat that is out on top of the grass.,88315,
383406,mscoco,cats laying on a desk near a couple monitors and a keyboard,57187,
502813,mscoco,A striped cat sitting in a windowsill.,84090,
153150,mscoco,A picture of a dog on a bed.,67738,
301107,mscoco,A cat is playing in a plant on the side of a house.,32551,
389480,mscoco,Two people that are posing for a picture.,7459,
90448,mscoco,A picture of a boat being built inside.,88962,
43680,mscoco,A herd of cows standing in a field grazing,20793,
42069,mscoco,A person wrestles with an inside-out umbrella on a roof.,56626,
125160,mscoco,A rear view mirror shows an elephant walking down the road.,47563,
205854,mscoco,A brown dog laying on top of a couch next to a brown teddy bear.,49486,
134807,mscoco,A man wearing a white shirt and a flowery tie.,89924,
109265,mscoco,A large gray elephant walking through a marsh.,7439,
524665,mscoco,A woman standing next to a dog wearing a backpack on a beach.,68261,
92335,mscoco,two kayakers enjoy the clear open water,70352,
259824,mscoco,A chair made out of old suitcases and containers.,39611,
28982,mscoco,A red stop sign sitting on the side of a road.,73970,
282365,mscoco,An elephant walks through th ejungle to eat.,35036,
8612,mscoco,A young alpaca under a tree in the country.,97803,
329319,mscoco,A black and white cat sitting on top of a wooden chair.,86278,
499226,mscoco,A cat laying in a chair next to two remote controls.,40997,
163759,mscoco,Two zebra standing next to each other in a grass covered field.,36476,
221477,mscoco,A wild animal walking across a grass covered field.,29395,
235791,mscoco,A series of two photographs of a boat on a river.,65966,
500139,mscoco,A stop sign sits on a street that is lined with cars and a firetruck sits in the distance.,67930,
109612,mscoco,A hand holding a piece of cake with a bite out of it in front of a black and white cat.,94856,
152255,mscoco,An elephant in a field surrounded by trees.,381,
365752,mscoco,Two men in suits and ties shaking hands.,37053,
392905,mscoco,A single elephant standing in the sun in front of fence.,26435,
359270,mscoco,A man in a suit and tie holding a violin bow.,28485,
343963,mscoco,A man sitting in a chair under an umbrella next to a railroad crossing.,21806,
539962,mscoco,A large blue swimming pool sitting next to a hotel surrounded by palm trees.,22683,
179808,mscoco,"Near a teller machine, several baggies sit on a shelf that holds three bags with orange fish in them.",39935,
570448,mscoco,A man sanding on a boat next to a beach.,19883,
485447,mscoco,A man in a stadium standing next to stacks of chairs.,48857,
330511,mscoco,A herd of wild elephants walking along a marshland.,66230,
280623,mscoco,A man wearing glasses and a blue sweater.,70095,
55981,mscoco,A child standing up holding a piece of luggage,65200,
267363,mscoco,A man sitting in the driver seat of a truck on a cell phone.,81983,
559470,mscoco,a little boy holding onto a suitcase in an airport,16907,
39656,mscoco,A close-up of a woman's high heels and legs and the suitcase.,46446,
568508,mscoco,A black and white cat laying on top of a laptop computer.,68307,
64334,mscoco,A man behind the counter showing a tie made of wood.,38835,
64157,mscoco,A silver piece of luggage sitting next to a wall.,49982,
416256,mscoco,A cat laying on the floor next to a keyboard.,24876,
130984,mscoco,Three sets of train tracks with trains on each of them.,256,
369647,mscoco,A man with a suit and tie about to speak,73832,
488664,mscoco,A long passenger train traveling over a rail bridge.,90212,
127911,mscoco,A road with two people walking with umbrellas.,70091,
495199,mscoco,People looking down in an enclosure with black bears.,60279,
313665,mscoco,a cat is watching some other cats on a television,13674,
580951,mscoco,A body of water with an elephant in the background.,63455,
232453,mscoco,A large green and yellow truck parked next to a similar green and yellow truck.,81173,
366536,mscoco,A herd of wild animals drinking from a river of slow moving water.,41198,
394458,mscoco,Two baby gray elephants standing in front of each other.,28018,
292330,mscoco,A dog sniffs a baseball bat on a baseball field.,84157,
267314,mscoco,A girl sits with her back to a suitcase.,14807,
466901,mscoco,A soldier standing in front of a table with bombs sitting on top of it.,28613,
44244,mscoco,A young boy sitting on the back of a cart filled with luggage.,94813,
571034,mscoco,A herd of cattle sitting next to each other on a pile of dry grass.,39310,
322307,mscoco,A mama elephant standing next to a baby elephant in a cage at a zoo.,84600,
263884,mscoco,A large group of trains parked next to each other on railroad tracks.,35327,
168010,mscoco,Luggage sitting on the ground on a dirty and grass field.,66796,
156869,mscoco,Two cranes on top of an island surrounded by water.,61072,
431404,mscoco,A man sitting in a bar wearing a hat and white tie.,32414,
246076,mscoco,A large dog sitting at the foot of a couch.,91909,
92244,mscoco,A doll in a dress standing between two parking meters.,32795,
235399,mscoco,a white dog is sitting in the back of a truck and a mattress,35050,
376937,mscoco,A boat floating on a lake next to a tree covered shore.,38323,
322164,mscoco,A tiger cat sitting on a floor next to a piece of string.,11962,
318571,mscoco,A black cat sitting in front of a mirror next to a picture frame.,70808,
54603,mscoco,A mirror sitting on top of a wooden dresser.,50111,
45197,mscoco,A tiger cat sleeping on a bed next to an open laptop computer.,190,
19716,mscoco,a business man posing for a stock photo and cheesin mad hard,46582,
378844,mscoco,a yellow and red train on its track,54207,
20632,mscoco,a yellow stuffed animal a black purse and a one dollar bill in a suitcase,92704,
306636,mscoco,This young girl is learning to throw a frisbee.,9684,
219594,mscoco,A bear pokes about in the water while seagulls look on.,91683,
165035,mscoco,Two draft horses pulling a large sleigh and a dog in front of them,65905,
516750,mscoco,"Two kayaks, one pink the other yellow, on bank of water.",58976,
369601,mscoco,COLORFUL BRIGHT EYED CAT SURROUNDED BY ALL BLACK AND WHITE BOTTLES AND CANS,28090,
365928,mscoco,People are sitting at the beach surrounded by tiki umbrellas.,31797,
198782,mscoco,A young man with curly hair looking off to the side,98510,
207774,mscoco,Woman in white shirt next to an elephant.,43062,
26967,mscoco,LOTS OF PEOPLE AT THE AIRPORT WAITING TO GET THEIR LUGGAGE,5426,
235857,mscoco,Some cows eat grass together in a field.,30954,
580711,mscoco,A car with people on it during a parade,31788,
360175,mscoco,Stormtrooper figurines sit on the ground near a fence.,85685,
90592,mscoco,a picture of a nice dressed man in front of a car,2544,
438919,mscoco,an elephant standing on a dirt ground with trees in the background,33002,
288824,mscoco,A city street with a firetruck driving down it,86414,
149767,mscoco,a close up of a rusted ol car in a field,23332,
195204,mscoco,many cows laying on a field of green grass,32277,
512254,mscoco,Baby elephant grabs on to branch and brings it near its mouth,64099,
20254,mscoco,A man standing with an umbrella in one hand and a flashlight in the other,8364,
452836,mscoco,a woman holding an umbrella while talking to someone.,59347,
565962,mscoco,A cat outside a window looking at a Buddha statue.,40322,
318080,mscoco,two different bears fight with each other behind a log,18248,
381658,mscoco,a train on a train track with a sky background,92929,
207803,mscoco,A marina with boats docked and a city view,52368,
379259,mscoco,A man with an umbrella walking in the rain,61945,
246562,mscoco,A man on a horse watching another man wrestle a cow.,58813,
1592,mscoco,A young girl on a beach chair kicking her leg out,64826,
566608,mscoco,Three different size elephants with focus on the backside.,16259,
372227,mscoco,An orange and white cat chasing a feather,65687,
229342,mscoco,A living room scene with a dog and a cat sleeping on the floor.,23460,
263860,mscoco,Two elephants in a field rubbing their trunks on each other.,93147,
513016,mscoco,A beach on a sunny day with a bunch of people on it.,2879,
427117,mscoco,A  cat sitting on the floor watching television,70498,
347254,mscoco,Bearded man in a suit about to enjoy an adult beverage,79687,
113890,mscoco,"The hands, shirt, red necktie and jacket of a man",66023,
25748,mscoco,The bow of a wooden sailing ship moored at a dock,37544,
388486,mscoco,A picture of a person that is about to throw a frisbee.,51217,
263858,mscoco,Three boats filled with people floating down a river.,69363,
263793,mscoco,Some animals that are out in the grass.,64286,
188318,mscoco,A lot of tennis rackets that are on the ground.,92715,
81656,mscoco,Old luggage cases. One is brown and one is green.,97321,
513793,mscoco,A parking meter with the time expired on it,40947,
348496,mscoco,A group of small boats floating down a river.,75302,
539238,mscoco,"A women, baby, and a dog are standing next to a pool.",27397,
107306,mscoco,Numbered row boats lined up along a small dock,63558,
466392,mscoco,A close-up of a calico cat wearing a tie.,6418,
202275,mscoco,Two dogs pulling on the same play toy in a park,87281,
111367,mscoco,A close-up of two cows standing in the dirt.,66210,
317147,mscoco,Dog eating food off of a paper plate.,70666,
342633,mscoco,Two men and a woman are standing in an elevator.,36536,
148955,mscoco,The two gentlemen are talking with each other.,11317,
429759,mscoco,A street with several vendor stalls and people walking around.,20321,
263929,mscoco,Several cows in a field on a sunny day.,45734,
89558,mscoco,A train station with a blue train at the station.,83593,
92034,mscoco,An adult and baby elephant grazing in the green grass.,63186,
312204,mscoco,A large gray elephant walking through a lush green forest.,45227,
21400,mscoco,A man walking next to a girl holding a pink umbrella.,15556,
333434,mscoco,A beach next to the ocean covered in umbrella seating.,66520,
549351,mscoco,A smoke stack sitting on the side of a roof.,75641,
196759,mscoco,A Frito Lay delivery van parked outside in a parking lot.,90014,
74430,mscoco,A beach with dining tables and huge straw umbrellas.,9408,
498400,mscoco,Three skinny white cows are walking down the street.,67775,
570077,mscoco,Two dogs are playing with a frisbee in the grass.,79231,
214575,mscoco,A trolley that has one of its doors open.,71805,
121959,mscoco,A group of people that are at the beach hanging out.,4116,
20395,mscoco,A photo of a marina with boats at dusk.,28978,
498533,mscoco,A street scene with a dusting of snow on the car and the ground.,32182,
576827,mscoco,A beach scene with chairs and an umbrella.,60456,
397640,mscoco,A man on horseback herds cattle on yellow grass.,20796,
514681,mscoco,A body of water with boats in city buildings in the background.,69673,
487131,mscoco,Four men standing outside a brick building with trucks.,48636,
416104,mscoco,A group of people sitting under umbrellas drinking beer.,87675,
156928,mscoco,a truck painted like a a shark sits in a driveway with a horse statue in the yard,18999,
447948,mscoco,A street scene with a dirt road and a large truck.,88251,
403995,mscoco,Some girls that are dressed up in a parade.,84846,
335045,mscoco,A statue of an elephant on the ground.,71175,
329421,mscoco,A tent that is in some grass with a table.,16108,
440940,mscoco,A beautiful young woman in a bikini riding a paddle boat.,6909,
166979,mscoco,A boat goes across the water in front of buildings.,88986,
218716,mscoco,Two gray elephants basking in the sunlight and grazing around.,18691,
466789,mscoco,A cay laying on a brick walkway next to a person holding an umbrella.,67436,
77184,mscoco,A two story boat sailing on a crystal blue body of water.,36146,
209419,mscoco,A white dog laying on top of a Siamese cat on a stone wall.,35800,
217016,mscoco,Yellow vehicle with surfboard tied to roof rack.,17835,
542257,mscoco,A two car train is coming around the bend.,4192,
227709,mscoco,"This image is too blurry, can't see it.",37816,
372428,mscoco,Brown and white horses graze near lawn chairs.,15979,
38662,mscoco,The bow of a ship on land with another on the edge of the water.,21436,
352307,mscoco,A water buffalo with long horns standing in a wooded area behind a wire fence.,98276,
411043,mscoco,And elephant eating grass at the zoo with other elephants behind him.,29522,
306495,mscoco,A woman is standing on cobblestone with an umbrella.,47210,
309402,mscoco,A bright blue suitcase is sitting on a bed.,16294,
214295,mscoco,A pay phone sits on a wet sidewalk on a gloomy day.,16682,
420230,mscoco,An elephant is walking forward in a field.,257,
302310,mscoco,two people standing close to one another holding a bottle and a cup,67398,
74181,mscoco,a person standing next to many luggage bags,8684,
118584,mscoco,some elephants in a field of grass near a tree,79999,
521689,mscoco,A man is pulling a suitcase in the street.,69538,
569379,mscoco,An adult elephant is collapsed in the water.,17158,
237308,mscoco,The long train has a yellow and red engine and moves down the track.,75921,
397483,mscoco,a ship sitting out on the ocean not moving,5437,
102996,mscoco,a close up of two elephants rear end,44737,
41837,mscoco,two service truck parked at an airport,39021,
364297,mscoco,There is a cat laying down on a keyboard.,68958,
258036,mscoco,A nude lady lying on a bed with white sheets,54308,
61831,mscoco,A pair of parking meters with a coffee cup between them,98688,
49682,mscoco,A woman with a box of chicken has an umbrella hat.,89012,
163682,mscoco,A businessman is sitting in a chair and smiling for a photo.,55027,
499937,mscoco,Two black cats one sitting on a chair and one next to the chair.,8249,
304147,mscoco,A black and white dog with a Frisbee in its mouth.,68303,
26802,mscoco,A black and white photo of people at a train station,23946,
485613,mscoco,a close up of a person holding a tiny cat being fed with a bottle,13851,
563938,mscoco,Two woman and a man are seen engaging in a conversation,16609,
304698,mscoco,there are three suitcases That are opened on the floor,28856,
440646,mscoco,A woman putting a tie on a man as he sit at a table.,97956,
209028,mscoco,A small brown and white bulldog riding a skateboard.,69797,
199510,mscoco,A row of red and blue luggage sitting at an airport.,29240,
432419,mscoco,A woman walking on a shore next to a river.,66854,
126123,mscoco,A man standing next to a bear on a Chain leash.,14410,
386739,mscoco,A man sitting next to a woman while wearing a suit.,61095,
535156,mscoco,A large elephant scratching it's back on the side of a pole.,33006,
348400,mscoco,A person getting out of a taxi cap holding a pink umbrella.,50067,
256577,mscoco,A man throwing a Frisbee in front of a large white and black dog.,93621,
230995,mscoco,A woman sitting on the ground holding a purple stripped umbrella.,84059,
229184,mscoco,a man sitting in a life guard tower under an orange umbrella.,3642,
210457,mscoco,A couple of young men are playing frisbee.,43510,
398489,mscoco,A large cat sleeping on top of a bed covered in blue and brown blankets.,17635,
414374,mscoco,A group of cows have shadows on the grass.,64325,
425522,mscoco,A pile of luggage sitting inside of a building next to a bench.,73504,
503470,mscoco,A man and a woman laying in bed on top of each other.,76911,
133078,mscoco,A cow walking through the middle of a crowded sidewalk.,84920,
87141,mscoco,A white teddy bear sitting in a chair.,18753,
77548,mscoco,An elephant walking down the street with a saddle,36161,
361111,mscoco,A man standing in front of a hello kitty tv with a cat sleeping on top of it.,29889,
370749,mscoco,An elephant stands in the grass staring out.,88673,
109819,mscoco,An elephant walks next to a bus down a busy street.,97713,
389315,mscoco,Altered photograph of a case full of paperback novels,47078,
446626,mscoco,A cat lays on top of a couch.,98676,
517425,mscoco,There are many small boats docked at this pier,96679,
281424,mscoco,A cat has fallen asleep on top of a luggage,4200,
259136,mscoco,A large metal fork sticking out of a lake next to a boat.,90422,
112440,mscoco,Several different ties hand over a tie rack.,11486,
4438,mscoco,A man jumping up into the air on a sidewalk.,7808,
19304,mscoco,A cat and dog walk alongside each other.,37016,
515668,mscoco,A dog chasing a white frisbee on a dirty and grass park.,55664,
8787,mscoco,A man holding a brown dog and a video camera.,54185,
66959,mscoco,A train carrying army trucks with men standing on it.,33856,
532085,mscoco,The glaring lights of cars and street lights.,71109,
142722,mscoco,Two cows and a puppy sitting in the grass.,79294,
23774,mscoco,An old green pickup truck on a flatbed truck behind a fence.,78574,
248085,mscoco,A chair connected to a blue umbrella by a wheel and belt.,93378,
548921,mscoco,A brown cow standing in a lush green field.,61950,
457907,mscoco,Two adults and two children sitting on an elephant,62281,
139992,mscoco,A woman holding an umbrella while crossing the street.,77018,
450055,mscoco,A frisbee that is flying in the air.,28227,
451440,mscoco,A black cat sitting on a chair at a table with plate of food and coffee.,32636,
200961,mscoco,A man holding a white frisbee walking on top of a green grass covered field.,63383,
480720,mscoco,A cat looking at his reflection in the mirror.,8149,
238302,mscoco,A gray tiger striped cat sitting on a piece of blue luggage.,99460,
516798,mscoco,A red pick up truck parked on a field next to another truck.,45270,
272430,mscoco,A car traveling down a road next to other parked cars.,10093,
167602,mscoco,A gray and white cat sitting next to a pink teddy bear.,23479,
66491,mscoco,The adult elephant is in the field next to the baby elephant.,17189,
1398,mscoco,A cat rubbing up against the camera persons legs.,97794,
453166,mscoco,A group of three soldiers standing next to each other.,62505,
154000,mscoco,A small white tow truck parked to another small white tow truck.,49056,
8188,mscoco,An old photo of an umbrella and chairs at the beach,89598,
93686,mscoco,A young boy wearing a tie while using a cell phone.,46162,
425160,mscoco,An older man with a green sports coat and blue tie with a flower on it.,60496,
337354,mscoco,A man standing next to a cat in a kitchen in front of a laptop computer.,89765,
399058,mscoco,A truck and people on an elefant are travelling down the road.,5138,
508977,mscoco,A small girl petting a black and white kitty.,76981,
298656,mscoco,A herd of sheep standing next to a brown cow.,16561,
257657,mscoco,A man takes a selfie in his office.,40522,
207437,mscoco,A man and a woman hold each other in this photograph,29324,
554620,mscoco,A woman with blonde hair holding an open umbrella.,69957,
420059,mscoco,A suitcase that is on the ground with some shoes.,84728,
77595,mscoco,A cat sleeping on a bed next to a laptop computer.,1998,
11696,mscoco,A dog on top of a person so you cannot see the person.,34357,
363845,mscoco,Bunches of bananas sit at the end of a boat.,84664,
261563,mscoco,A brown dog and a black dog play with a yellow frisbee in a field.,8460,
394288,mscoco,There is a close up photo of an elephants face wearing a garment,44910,
351351,mscoco,A brown dog on a leash laying on a floor.,49502,
530226,mscoco,A large white polar bear walking through the snow.,37436,
127775,mscoco,A large gray elephant with huge white tusk.,28309,
174276,mscoco,A fleet of boats floating on a crystal blue ocean.,32996,
477111,mscoco,A brown dog holding a yellow frisbee in it's mouth.,69746,
214984,mscoco,A large brown dog running across a grass covered field.,28627,
85852,mscoco,A little girl holding a green umbrella on a sidewalk.,85118,
335103,mscoco,A man wearing a stripped shirt with a stripped tie.,28837,
410589,mscoco,a sail boat and umbrella along a beach with tall grass,65913,
14961,mscoco,A picture of a man that is posing for a picture.,37970,
55694,mscoco,A black cow standing next to a brown cow on a lush green hillside.,13436,
291404,mscoco,A white truck with a shovel attached to the front of it.,39767,
321026,mscoco,A boat floating along a river next to small walk way.,18445,
490725,mscoco,A cat laying on top of a chair with pillows.,59660,
166642,mscoco,An elephant standing on top of a rocky hillside.,40512,
50952,mscoco,Two boats floating on top of a river next to a  rock mountain,10747,
132622,mscoco,The large bear is looking in the direction of the camera.,42894,
117095,mscoco,"A cropped photo of an outhouse with a man in a chicken costume, military men and a polar bear.",99766,
485343,mscoco,A couple bags of luggage that are on the ground.,10692,
346596,mscoco,A bike with a basket sitting on snow covered ground.,10420,
236000,mscoco,A street scene with a large truck turning a corner.,76060,
154202,mscoco,Several different types of electronics sprawled out on a bed.,77618,
566975,mscoco,A woman on the side of the street selling umbrellas.,60277,
230501,mscoco,A woman kneeling down to an orange cat on a lap top computer.,46296,
24480,mscoco,A black cow with horns standing on a field.,76323,
52233,mscoco,Two people having a conversation while holding red umbrellas.,47358,
186226,mscoco,A man wearing black glasses and a mustache.,147,
384333,mscoco,A small elephant standing next to a bush.,79293,
28532,mscoco,A soldier hanging form the side of an army transport truck.,29937,
304633,mscoco,An elephant and baby stand next to each other.,4017,
572980,mscoco,A large semi truck with a white trailer driving down a road.,36898,
43535,mscoco,A man kissing a baby elephant on a dirt road.,16510,
431165,mscoco,A baby elephant standing in front of a brick building.,56759,
501153,mscoco,A white truck with a black back filled with people.,96891,
229267,mscoco,A few rows of tables with umbrellas on top of them.,61388,
552532,mscoco,Two baby cows standing on a dirt field next to a young boy.,47486,
87444,mscoco,A cow sitting in a penn inside of a building.,39089,
218687,mscoco,A large frosting teddy bear sitting on top of a pink cake.,4703,
317822,mscoco,A cat sitting on top of a shelf with a mouse box.,41143,
113945,mscoco,A couple of teddy bears sitting on top of a red heart cake.,89370,
476415,mscoco,A man wearing a white shirt and tie standing in  a room.,80355,
269344,mscoco,A medium sized dog jumping into the air to catch a toy.,59313,
369309,mscoco,A small computer upon a tan desk with a arm lamp nearby.,22922,
272391,mscoco,lots of men in suits and one boy is sitting on some luggage,61141,
172404,mscoco,two brown bears on some rocks in their pen,82282,
219578,mscoco,A dog and cat lying  together on an orange couch.,97647,
499810,mscoco,some people waiting for their luggage and one is wearing tennis shoes,38115,
12455,mscoco,three empty docks some water and some clouds,66475,
137727,mscoco,A motorized cart fills a train with luggage,96048,
408736,mscoco,Cats sits on arm of chair blocking view of laptop,78239,
230780,mscoco,A man has some tape and a paper bag.,92815,
537280,mscoco,A young girl walking in the rain under an umbrella with boots and a raincoat.,52549,
38938,mscoco,A wooden desk with a cat and lamp on it.,19437,
407083,mscoco,A small dog is looking out a car window.,67002,
125952,mscoco,A piece of luggage is ready to go with cold wear on top for quick usage.,74819,
10693,mscoco,an image of a woman holding an umbrella with her coat on,49050,
436413,mscoco,someones bed where they left a teddy bear,52666,
485532,mscoco,An old truck with several years of paint schemes sits parked as if artwork.,19401,
530620,mscoco,Men work on the basket of a hot air balloon.,88657,
153966,mscoco,A cat laying on a blanket in a cage.,40225,
519716,mscoco,a white cat sleeping in a wicker chair covered with a blanket,41329,
323715,mscoco,A bear walking away towards the tall fence.,32549,
323682,mscoco,A man stands next to a few pieces of luggage.,94165,
379108,mscoco,an image of a man in a boat with a dog,82200,
409963,mscoco,A parked car can be seen through a windshield.,94632,
70528,mscoco,A woman and a dog tussle over a frisbee.,72042,
517211,mscoco,Two elephants looking out through a wire fence.,58706,
565650,mscoco,A scooter parked with a purple umbrella over the seat.,83421,
338986,mscoco,A train pulls up along some buildings.,83179,
180167,mscoco,A large black bear walks through the green terrain.,54505,
404504,mscoco,trucks on one side of a road with cars on the other side,64216,
63114,mscoco,A man in a kilt stands before a white board.,27086,
60687,mscoco,A brown cow lays down in the grass,19765,
488368,mscoco,The elephant is looking in the direction of the camera.,46870,
378139,mscoco,There is a water shuttle going down a canal.,17998,
254789,mscoco,Appliance Warehouse truck in a parking lot with two men shaking hands and other men standing behind.,62886,
458223,mscoco,a man walks along his bicycle near the ocean,3331,
109319,mscoco,An animal that is in the snow by themselves.,83957,
185621,mscoco,a person in a field throwing a frisbee,54326,
563926,mscoco,a truck getting something dumped into it with a sky in the background,650,
30958,mscoco,A woman laying on a bed holding a handbag.,20573,
282591,mscoco,A cat wears a green tie and stares straight ahead.,99588,
200089,mscoco,Several boats docked in a beautiful city harbor.,95934,
521259,mscoco,The man is playing Frisbee with the young boy.,6594,
7115,mscoco,"A group of people seated on the ground and holding black and white ""WWF"" umbrellas over their heads.",46106,
47828,mscoco,A blue lighted bridge over water at night.,56095,
406591,mscoco,One woman wits on a chair beneath a blue umbrella t the beach as a guy walks down the shoreline.,5164,
301494,mscoco,A close up of a cake with a toy car driving up a hill of brown icing.,84969,
540452,mscoco,A black cat resting himself on a couch,67068,
292236,mscoco,A couple of men standing next to train tracks.,4817,
271844,mscoco,A woman walks down an alley with an umbrella.,32552,
427865,mscoco,Some cows are hanging out on the beach.,3762,
507301,mscoco,A cat sits on an open laptop.,11003,
12081,mscoco,A man without a shirt tossing a frisbee into a brown trash can.,96278,
153568,mscoco,A close up of a stop sign with two hand written notes taped to it.,32530,
22599,mscoco,an athletic dog playing with a frisbee in a grassy field,68882,
547962,mscoco,A crowd of people gather outside with their umbrellas open.,92881,
59952,mscoco,A man in glasses wearing a tie with aliens,47197,
23406,mscoco,A man standing near an elephant with its trunk outstretched.,86474,
526353,mscoco,Several people are waiting outside an airport with their luggage.,72482,
497351,mscoco,A army jeap on display in a museum.,96269,
431364,mscoco,A woman walking down a road holding an umbrella.,37768,
359043,mscoco,A delivery truck parked next to a blue crane.,29701,
496854,mscoco,A newly married couple walking down a street.,23789,
351975,mscoco,An open laptop computer with a cat laying on it.,880,
264594,mscoco,Two young ladies petting a young calf on a farm,33396,
422655,mscoco,A cat walking under a black open umbrella.,84225,
435785,mscoco,Several cows laying down in a hilly area near a body of water,57029,
280761,mscoco,A girl in a red dress working on a laptop.,83965,
136440,mscoco,A group of two men standing inside of a bar.,30003,
210098,mscoco,A sky view looking at a large parachute in the sky.,99112,
246672,mscoco,The mother and the baby elephant are in the water.,18252,
499571,mscoco,A thin cat jumping off a pile of stuff,42513,
382530,mscoco,An orange truck with some people in back,38671,
551952,mscoco,A white truck filled with motorcycle on it's flatbed.,57549,
197263,mscoco,A man wearing a shirt and tie with long hair.,68918,
112830,mscoco,A woman standing next to a brown horse and small dog.,94095,
398758,mscoco,A tiger cat sitting on the arm of a sofa in a living room.,18914,
297683,mscoco,A man wearing a black suit and pink bow tie.,39669,
522106,mscoco,A black dog riding on top of a boat in the water.,99667,
36501,mscoco,A large gray elephant with large white tusk.,93944,
396556,mscoco,A brown dog pulling on a hand holding a frisbee.,78031,
426309,mscoco,A photo-shopped picture of grass umbrellas on a beach,33830,
472349,mscoco,An elephant behind an enclosure looking at the camera,877,
190211,mscoco,A dog catching a yellow frisbee in it's mouth.,14750,
7690,mscoco,"Three items of luggage of color blue, black, and red",78736,
152214,mscoco,A man in a suit smiling at the camera,49723,
507833,mscoco,A large semi truck with a advertisement on the side of it.,30045,
227358,mscoco,The two elephants walk next to each other in the wilderness.,96273,
184446,mscoco,Two baby elephants laying in a puddle of mud,2772,
208107,mscoco,A man standing on top of a boat next to a man in a straw hat.,67685,
566414,mscoco,Utility truck with a large material container on a flatbed.,12803,
411665,mscoco,A cat playing with it's reflection in a mirror.,341,
406315,mscoco,a child is fitting inside a small suitcase,97915,
222440,mscoco,A log sitting on a field next to a river.,48339,
94306,mscoco,A yack and a baby in the forest with long white horns,53148,
388658,mscoco,A gray and white cat sitting on top of a table.,22444,
78565,mscoco,Sail boats sail over a body of water while people stand near the shoreline.,69304,
555582,mscoco,A woman carrying an inside out umbrella past a wall covered in graffiti.,33974,
391548,mscoco,A person that is posing for a picture.,42969,
417193,mscoco,A red Frisbee floating in a lake with dark water.,22747,
421457,mscoco,A cat that is on top of a microwave.,9072,
124246,mscoco,A stop sign that is by a lot of plants.,13978,
153011,mscoco,A couple of food trucks parked in a parking lot.,9296,
139436,mscoco,The elephant is standing on the grass in the clearing.,92939,
168425,mscoco,A cat that is laying on top of a bed.,84829,
342060,mscoco,The suitcases are on the pavement next to the brown bench.,83473,
438432,mscoco,A black and white photo of school girls posing as a class.,43938,
87553,mscoco,A couple of people that are in the grass.,87414,
517135,mscoco,The boy stands next to the baby elephant on the sidewalk.,38369,
454382,mscoco,The blue dump truck rides down the street next to the houses.,1641,
177323,mscoco,A cat on its back plays with a toy.,19709,
464200,mscoco,A woman holding a frisbee next to a frisbee golf basket.,3006,
65465,mscoco,A mother elephant bumping her trunk against her baby's forehead.,5774,
302165,mscoco,A herd of cows laying on dry grass.,56359,
145873,mscoco,A street scene with a large truck driving by.,30341,
101567,mscoco,A dog resting his head on the edge of the pool next to an apple.,5587,
26624,mscoco,"A couple posing in front of a bush embraces, touches noses, and laughs.",70494,
473109,mscoco,A bald man with a beard wearing a polka dot bow tie.,50784,
149017,mscoco,There is a mountain behind the light house.,26613,
472540,mscoco,three orange and white trucks and an orange building,74521,
510383,mscoco,A brown and white dog sitting on the end of a couch.,39710,
278843,mscoco,A wrestler walking with his arm around a mans neck holding a purple umbrella.,26800,
177258,mscoco,A white tray filled with plates of food next to a cat.,52957,
359574,mscoco,A white and orange cat laying on top of a bed.,79986,
245915,mscoco,A herd of elephants splashing and playing in a river.,59143,
224861,mscoco,A orange and white cat sitting inside of a piece of luggage.,70357,
381123,mscoco,A group of small colorful boats sitting on a beach next to the ocean.,59951,
258998,mscoco,A large gray cat sitting in front of a mirror next to a pink bowl.,33548,
67015,mscoco,A large brown teddy bear sitting in a wooden chair.,90194,
164830,mscoco,A blue double parking meter sitting next to a street.,56448,
122996,mscoco,A baby elephant next to an adult elephant,52295,
476894,mscoco,Two men standing in front of a white monster truck.,31539,
261706,mscoco,A black and white cat laying on a couch.,13471,
133619,mscoco,A large red fire truck standing in front of a building.,67187,
567708,mscoco,A bike parked against a parking meter near a street.,12989,
555361,mscoco,A man wearing a blue striped shirt and tie.,78612,
293300,mscoco,Two large elephants standing next to a wire fence.,602,
43851,mscoco,A Siamese cat sitting on a bed it's reflection in a mirror.,80348,
236117,mscoco,A black and white cat laying on a couch holding a stuffed animal.,55881,
541898,mscoco,A beautiful woman sharing a glass of wine with an older man.,63821,
418761,mscoco,A bunch of book bags and suitcases lay on the floor.,37842,
46508,mscoco,A man riding an elephant down a dirt road.,16225,
49602,mscoco,A wooden sail boat with white sails floating on a body of water.,80632,
93670,mscoco,A man wearing a brown suit and brown tie.,54450,
315841,mscoco,A small gray elephant standing on a grass covered field.,22956,
153994,mscoco,A person walking in the rain holding an umbrella.,40352,
314504,mscoco,An orange and white cat sitting on top of a blue chair.,73655,
174004,mscoco,A yellow work truck parked in tall grass.,1671,
510395,mscoco,Two cows are grazing on a grassy area near a pagoda.,66443,
565395,mscoco,"A man in glasses sitting next to a woman and holding up a red frisbee that says ""Cheese Shop"" on it.",16099,
20774,mscoco,A group of people with umbrellas walking down the street,14743,
288729,mscoco,THERE IS A DESIGN OF AN ELEPHANT ON THE SHELF,59724,
164325,mscoco,A group of people with luggage waiting by a door,52916,
125635,mscoco,A black and white cat stares downward at a window.,35512,
495048,mscoco,A dog in on a surfboard on the back of a truck.,74645,
66973,mscoco,an image of a parking meter with colorful designs,25541,
545292,mscoco,An elephant at a zoo standing under an awning,14514,
94922,mscoco,an image of a man with a dog on his back,55511,
346905,mscoco,The elephant family is walking down the road.,98178,
324857,mscoco,A cat is laying in an empty suitcase with a fluffy tail hanging over.,17846,
45053,mscoco,A woman holding a wet umbrella glances over to the right.,33284,
546160,mscoco,"An elderly woman wrapped in a shawl walks by, gripping the shoulder strap of her bag.",34805,
537710,mscoco,There is a person laying on the ground with a frisbee.,97659,
42204,mscoco,Many people are walking along a crowded market place.,8309,
483275,mscoco,A group of elephants with one elephant raising it's trunk and dust and dirt coming up behind it.,67758,
244834,mscoco,People walking down the street together and sharing a stars and stripes umbrella.,34331,
302221,mscoco,A stuffed animal has been placed inside of blankets.,71152,
18903,mscoco,A tired cat lies on a couch next to a laptop.,78899,
54728,mscoco,Two large and one baby elephant walking through the marsh.,87119,
384462,mscoco,A woman holds an open umbrella while reading her phone.,90730,
482062,mscoco,Three zebras are running up a grassy hill,58044,
32901,mscoco,four men are posing for a picture at an event,29931,
445944,mscoco,A man with a suit stands behind a row of chairs in the middle of the afternoon.,99046,
44621,mscoco,A man wearing glasses standing next to a black cow.,38676,
229858,mscoco,A deer standing next to a small deer in a forest.,44979,
392108,mscoco,A beautiful woman in a bikini surfing with her dog.,87404,
335814,mscoco,A man is at an airport with luggage.,15612,
160482,mscoco,A couple of people on a small boat in the water.,10790,
407943,mscoco,A man walking in front of an open umbrella.,97437,
37119,mscoco,Black and white cows stand around in a farm yard.,95086,
149431,mscoco,Sailboats parked at a dock on a calm lake on a clear day.,95084,
505530,mscoco,A large elephant laying on top of a rocky field.,23531,
45587,mscoco,A group of people and  dog riding surfboards in the ocean.,55692,
282427,mscoco,A big boat anchored next to a big dock.,18898,
269015,mscoco,A woman standing outside under an umbrella reading a magazine.,8814,
329717,mscoco,Young boy sitting on top of a briefcase,31825,
521427,mscoco,A person standing next to a gray and brown dog.,24015,
38179,mscoco,A boat floating on a river next to a city.,18991,
223833,mscoco,The cat rests on the bed while watching television.,59036,
472648,mscoco,A young bull looking pretty mean at the camera.,63874,
237628,mscoco,A news caster sitting in front of a screen.,70589,
160834,mscoco,A white speed boat on a lake next to a shore.,90017,
24403,mscoco,An old red truck sits in a driveway.,26778,
247369,mscoco,A highway filled with lots of traffic next to a lush green park.,52075,
34930,mscoco,A beautiful young lady walking down a street in the rain.,55206,
254074,mscoco,Two dogs play in a dammed up river.,2032,
151268,mscoco,A small herd of young elephants are standing in water.,63330,
757,mscoco,A herd of elephants walking through a lake filled with water.,27687,
196879,mscoco,"A zebra is standing on gravel, facing the camera,",25498,
217383,mscoco,A white semi truck parked on a large muddy puddle.,75527,
66271,mscoco,A large black cat laying on top of a pink piece of luggage.,68048,
95283,mscoco,A red fire truck driving into a parking lot.,57498,
167781,mscoco,A man washing a black elephant at a zoo.,490,
153288,mscoco,A Star wars storm trooper holding a pink umbrella.,76227,
29253,mscoco,A red train is in a train station.,4620,
114673,mscoco,There are Christmas decorations strung up over the street.,22754,
319677,mscoco,A beautiful woman holding a sword while wearing a tight white shirt.,16467,
69887,mscoco,A man and his dog riding a boat in the middle of a lake.,86420,
527728,mscoco,A large elephant swimming in a pond full of water.,69164,
367582,mscoco,A man wearing a white shirt and tie looking at a paper.,48083,
349486,mscoco,An elephant scraping up a large tree with its tusks.,90374,
463653,mscoco,A herd of elephants walking around a river.,18114,
123131,mscoco,A large black semi parked in a parking lot.,70249,
360705,mscoco,A herd of animals grazing on a lush green field.,90849,
546067,mscoco,A family riding on the back of an elephant across a field.,31712,
350851,mscoco,A black small dog standing inside of a refrigerator.,62176,
133928,mscoco,A yellow duck boat floating on top of a lake.,67177,
74101,mscoco,A person walking down a street while holding an umbrella.,5190,
144723,mscoco,A dog jumps and catches a red frisbee,85668,
119876,mscoco,A man dressed loudly is using his cell phone.,73714,
470932,mscoco,An elephant is standing and raising it's trunk on a raised wooden floor as people watch in the background.,11471,
79653,mscoco,A mouse is wrapped in its own cord and wrapped in a backpack.,55475,
297830,mscoco,A dirty dog sits on the front patio of a home.,36331,
222879,mscoco,a truck is parked at a campground with snow on it,67912,
136633,mscoco,An umbrella is opened over a table at an outdoor market.,28619,
553361,mscoco,A white bed and dresser are in a small room.,70910,
271892,mscoco,a bunch of cows and baby cows in a line in a barn,95740,
200807,mscoco,"Legs with striped black socks, black shoes and a red and white Pokka dot umbrella on the floor.",65324,
2315,mscoco,A herd of elephants in the wild near a river.,5937,
581040,mscoco,A young woman sits at her laptop near parked cars.,53010,
377368,mscoco,A cake shaped as a Teddy Bear on a wooden table.,44359,
285929,mscoco,Two animals are walking through the tall grass of the woods.,21112,
102517,mscoco,A man in glasses with a mustache standing in front of stairs to a doorway.,45918,
63970,mscoco,An orange cat looks at a green light shining on a bag.,45777,
571364,mscoco,A man in a dress shirt holding a baby.,45915,
520832,mscoco,AA man walks down a city street next to a shop window.,16104,
80757,mscoco,An orange tabby cat is curled up fast asleep on the top of a sofa cushion.,40987,
128679,mscoco,A gray and white cat sitting in window next to a tiger cat.,89483,
442175,mscoco,"Old, tusked elephant eating grass with his buddies",48980,
491064,mscoco,Businessmen listening to a military man speaking in a hangar,29863,
134074,mscoco,Cows grazing in a pasture ringed with trees.,28755,
391300,mscoco,The tailgate of a car open and two suitcases inside.,86024,
84667,mscoco,A woman walking down a street at night holding a red sheep umbrella.,25874,
527375,mscoco,A computer desk topped with a desktop computer and a laptop.,39165,
425390,mscoco,A large Siamese cat sitting on top of a laptop computer.,37586,
12280,mscoco,An airport with a woman carrying a piece of luggage.,94994,
527553,mscoco,A large transport truck traveling down a road with a pile of hay.,35124,
313420,mscoco,A large black bear sitting on to of a stuffed animal.,99906,
218911,mscoco,Collage of a clay cow in a paper boat in a music sheet sky,41733,
567142,mscoco,A LOT OF PEOPLE ARE ON BOATS IN THE WATER,36593,
526425,mscoco,A brown and black dog holding a frisbee in it's mouth.,38314,
412377,mscoco,Two favorite kitty activities are sleeping and perusing the outdoors from a windowsill.,51457,
317402,mscoco,A dog sits on a chair in front of a flower pot.,11921,
292435,mscoco,Several brown bears standing in the snow next to a green cage.,64633,
332141,mscoco,A boat is parked near a dock on a lake outside a building.,1275,
50962,mscoco,Two people in a speed boat on a body of water.,71254,
148188,mscoco,A LOT OF PEOPLE ARE RIDING ON THE ELEPHANT,4585,
155540,mscoco,A ADULT BROWN BEAR IS IN THE GRASS,50218,
536400,mscoco,A black and white dog sitting on the edge of a patio.,68211,
272049,mscoco,A large yellow dump truck sitting on green lawn.,7049,
67502,mscoco,A group of young people holding hands standing in front of a tall building.,19093,
45882,mscoco,"A long haired, black cat with yellow eyes lays on a black suitcase.",79892,
148193,mscoco,A WOMAN IS SITTING IN THE CHAIR READING,97743,
102672,mscoco,many horses st a horse stable with people walking by,63490,
357860,mscoco,A black bull with a man in white in the background.,93773,
560111,mscoco,A red and yellow train car sitting in a train yard.,35872,
465601,mscoco,A group of people standing in a flooded street.,77142,
493772,mscoco,A man walking down a rain soaked road holding an umbrella.,6770,
453903,mscoco,A luggage carousel at an airport surrounded by luggage.,89311,
364133,mscoco,Three different colored suitcases are on the ground next to each other.,63043,
255135,mscoco,A stop sign laying on a sidewalk fallen over.,14069,
573626,mscoco,Wild animals standing in a  forest next to a river.,73103,
384468,mscoco,A group of people riding a large gray elephant.,29282,
571931,mscoco,A group of three young men holding an umbrella.,38293,
99317,mscoco,A tray holding various boxes and bubble wrap.,11828,
96762,mscoco,A woman walking across a street holding a pink umbrella.,42287,
233815,mscoco,People in hats are riding on a large elephant.,50792,
308194,mscoco,Two people walking through  park holding umbrellas.,96638,
100543,mscoco,Happy people are dressed up and holding umbrellas.,99625,
395557,mscoco,A room filled with a pile of black umbrellas.,79008,
236290,mscoco,A man carrying a blue piece of luggage near an escalator.,22780,
180738,mscoco,Cat siblings sitting on a sunny window sill,46,
208761,mscoco,A woman's foot in a ballet flat next to two pieces of luggage.,39009,
520933,mscoco,A black and white cat sleeping on top of a bed.,19158,
256980,mscoco,Man in suit with shirt and tie smiling.,83036,
307265,mscoco,A large brown dog standing next to a home plate.,63081,
309484,mscoco,A dog having his teeth brushed with a novelty electric toothbrush.,53654,
183144,mscoco,A group of people walking in the rain while carrying umbrellas.,36325,
462784,mscoco,A man standing on a subway train loading platform.,63859,
101785,mscoco,Two elephants standing next to each other in a grass field.,3974,
433134,mscoco,A close up of a black and white cat in the grass.,98643,
556369,mscoco,A small green floating on top of a lake.,81804,
528046,mscoco,a close up of a child holding a closed umbrella,94191,
38586,mscoco,q close up of three men wearing suits and neck ties,38228,
140292,mscoco,a view of a nuclear power plant from a train stop.,30492,
332205,mscoco,A massive truck with giant tires sitting on a  parking lot.,25808,
237597,mscoco,A small elephant licking a blue metal fence.,82367,
555396,mscoco,A man wearing a shirt and tie near a forest.,68177,
442305,mscoco,A man standing next to a woman inside of a building.,28624,
498994,mscoco,A piece of luggage filled with clothing and materials.,85682,
573067,mscoco,A black and white cow standing inside of a barn.,31172,
222075,mscoco,An assortment of items that were in a purse.,69332,
111683,mscoco,Two men standing over a table eating food.,63958,
315524,mscoco,A snowboard sitting on a hard wood floor.,92263,
126272,mscoco,A luggage cart sitting inside of a brick building.,70402,
354368,mscoco,A couple of trucks parked under palm trees.,34143,
134594,mscoco,A close up of a black and white cow with three cows in the background.,31708,
397719,mscoco,A rear view of some drinks on a sandy beach.,17245,
432332,mscoco,Two yellow and silver trains parked next to each other.,14047,
221234,mscoco,A large elephant walking through a lush green field.,95701,
237476,mscoco,A large gray tiger cat standing on a table.,34859,
82920,mscoco,A person standing in a field next to trees flying a kite.,20073,
506723,mscoco,A woman standing next to a black cow on a lush green field.,37718,
415748,mscoco,A man riding on the back of an elephant through a city street.,26466,
341393,mscoco,A golden retriever laying down on the side of a pool.,72715,
243912,mscoco,A man sitting down holding a brown dog wearing a blue tie.,92720,
139530,mscoco,A group of men standing around a pile of luggage.,14668,
515779,mscoco,A child smiles while holding a luggage rack,63012,
133233,mscoco,A marina filled with boats floating in crystal blue water.,20794,
197090,mscoco,A red stop sign sitting on the side of a street.,18852,
76619,mscoco,a funny cat in front of a tv monitor,87777,
342273,mscoco,A man in a top hat and a woman with glasses.,87427,
249623,mscoco,A black bear walking through a path in the woods.,93392,
487575,mscoco,A croup of people sitting at chairs in a room of a train station.,4186,
312550,mscoco,Two white and grey cats sleeping on a bed with penguin comforter.,41935,
509526,mscoco,A woman in a black jacket sitting while talking on a phone.,22630,
520109,mscoco,Several umbrella covered areas are placed in a field.,68910,
85665,mscoco,A decorated kite with tail flies in a gray sky.,69482,
410056,mscoco,A woman and dog on a surfboard in water.,41831,
397309,mscoco,Four cows of various color grazing in a field.,84972,
58141,mscoco,People walk through the street with umbrellas to shade the sun.,19068,
35807,mscoco,An elephant walking behind a man in a park.,32155,
267225,mscoco,Many trucks with satellites are lined up on the curb.,53667,
374629,mscoco,A brown and white cow standing in the middle of a gravel path.,65180,
485799,mscoco,Various sized luggage and purple umbrella on the sidewalk.,16184,
348494,mscoco,A brown cat bathing on a mat in the sun.,1434,
360064,mscoco,A row of vintage cars in a grassy field.,93685,
524507,mscoco,A bald man holding a blue umbrella on a street.,47673,
520778,mscoco,A woman in a white dress and someone with a striped umbrella seated by a pond.,61545,
386637,mscoco,Small black and white dog laying down on top of a bed.,74451,
333182,mscoco,A young man with a tie stands next to a graffiti wall.,88893,
36713,mscoco,A black dog laying on a couch with a floral pattern.,59997,
298738,mscoco,A panda bear sitting and eating a plant.,20039,
502397,mscoco,A person puts money into a parking meter.,52569,
219820,mscoco,A small boat is going down the river in front of colorful trees.,63814,
321683,mscoco,A man on a horse behind two cows in a field.,99276,
219894,mscoco,"A black and white kitten sleeping on the keyboard of a laptop,",3556,
316351,mscoco,A sailboat is sailing past a lighthouse on a brick pier.,7621,
66485,mscoco,A group of young men catching a frisbee.,6928,
172617,mscoco,A woman sitting on the ground next to luggage.,9612,
132796,mscoco,Group of people riding on seats on top of elephants.,9526,
347630,mscoco,A large elephant walking across a field of grass.,20203,
546896,mscoco,A siamese cat sleeping next to a brown teddy bear.,74072,
180373,mscoco,A cat standing in front of a TV showing a dog in a  cage.,12287,
434486,mscoco,a woman in a short white skirt reaching for a ball.,16399,
296676,mscoco,"A woman stands on some grass, holding some frisbees.",537,
196336,mscoco,A man is laying down wearing a suit and sunglasses.,77413,
41180,mscoco,A large bull with long horns sitting on a beach.,21766,
240158,mscoco,A man tossing a white frisbee on top of a grassy park.,95462,
226376,mscoco,A person holding up a gray tiger cat.,43219,
119641,mscoco,A herd of elephants walking down a river with people riding on their backs.,72570,
262101,mscoco,Two people at a party hugging each other.,72859,
51674,mscoco,Boats floating down a river surrounded by trees.,11204,
512151,mscoco,A man sits in a train with many pieces of luggage on the seat across from him.,12862,
388009,mscoco,An orange and white cat laying on top of a brown shoe.,39677,
217468,mscoco,A man riding on the back of a small boat.,49040,
235006,mscoco,An orange truck driving next to a forest.,28723,
285418,mscoco,A gray and white cat happily hugging a shoe.,40181,
153971,mscoco,A kid tossing a blue frisbee towards another kid.,19005,
500902,mscoco,A group of elephants walking on a dirt road.,18336,
365404,mscoco,a close up of a person with a tie in his mouth,55949,
8333,mscoco,A white and red train traveling over a city.,60979,
208867,mscoco,A boat floating in the middle of a small lake.,55786,
435240,mscoco,A large black bear walking through a forest.,6417,
479723,mscoco,A couple of young beautiful women holding umbrellas.,35654,
156651,mscoco,Man in suit and tie standing next to a woman with glasses.,34680,
92212,mscoco,a group of cars parked on a street nest to street signs,42947,
469046,mscoco,A large cat sitting on top of a bed in a cage.,35215,
579815,mscoco,A man with glasses holding up a broken umbrella.,65137,
91839,mscoco,A man in black tie sitting next to a brown dog.,67784,
144468,mscoco,A woman and a man riding on the back of an elephant.,63104,
340844,mscoco,A little boy wearing a tie and a blue sweater.,13108,
209664,mscoco,A person walking along a dock holding an umbrella.,66219,
453731,mscoco,A large brown dog laying net to brown wooden barrels.,15983,
92801,mscoco,A large brown and beige cat is lying down in a suitcase.,89891,
505461,mscoco,Boats docked at a pier in a large body of water.,39545,
241326,mscoco,A big chair with a gray cat laying on top of it next to a black dog.,12703,
314034,mscoco,A herd of cattle is feeding at the river's edge.,76303,
368556,mscoco,Shot through a clear umbrella showing a person with a red umbrella.,66068,
97748,mscoco,A man sitting on the head of an elephant.,21192,
118743,mscoco,A woman walking down a street while holding an umbrella.,6456,
4576,mscoco,A crowd of people standing around a pile of bikes.,17346,
286507,mscoco,A long red train traveling through snow covered country side.,274,
182334,mscoco,A man sitting in front of a microphone at a table.,7255,
437351,mscoco,A woman in a hat sitting next to luggage.,10249,
442306,mscoco,A girl in a jacket and boots with a black umbrella.,65703,
152740,mscoco,A herd of animals grazing on a dry grass field.,79289,
126564,mscoco,A woman with a polka-dotted umbrella and a grey shirt reading a pamphlet.,78178,
341363,mscoco,a close up of a small boat with dogs near by,83957,
420827,mscoco,A group of firefighters near fire engines parked on a street.,55668,
423161,mscoco,Boats floating down a river going through a small town.,20199,
503600,mscoco,A man kicking his leg into the air while standing next to a neon frisbee.,59965,
499826,mscoco,A woman standing next to a line of giant elephants.,96081,
232790,mscoco,A tie rack sitting inside of a white closet.,57690,
341752,mscoco,A brown and white cow standing on a dirt road.,32889,
144878,mscoco,People around a purple truck loaded with a vehicle.,2021,
361085,mscoco,A marina full of boats nearby a seaside town,21891,
260699,mscoco,A large black pick up truck with a dog riding on it's flatbed.,54913,
203488,mscoco,A silver and gray parking meter sitting by a tree.,68821,
102159,mscoco,a cow walking next to a person on a city street,82803,
282206,mscoco,a person laying on a boat in water,71612,
399893,mscoco,an elephant standing by some trees with it's trunk in the air,44585,
246863,mscoco,A little baby sitting inside of a dog bed.,2311,
398548,mscoco,A large black bear standing in a forest.,37493,
120248,mscoco,a large white boat floating in the middle of a lake.,29009,
60202,mscoco,A small black and brown dog standing next to a cow.,71850,
50117,mscoco,A brown and white cow in a green pasture.,41261,
525665,mscoco,A herd of cattle walking around on a beach.,53607,
74499,mscoco,A large blue boat sitting on top of a sandy beach.,41164,
44068,mscoco,A brown teddy bear sitting in a red chair.,70846,
90640,mscoco,Black and white photograph of elephants walking through a street.,60408,
253969,mscoco,A man and a woman standing next to each other.,49729,
443689,mscoco,A man with his arms crossing wearing a shirt and tie.,82604,
387470,mscoco,A pile of luggage sitting next to a  lamp.,99568,
16704,mscoco,A large gray elephant standing on a lush green field.,17415,
219792,mscoco,A herd of elephants walking through a shallow river.,41918,
495288,mscoco,A blue and green plaid tie with a flag pin on it.,91585,
529850,mscoco,A man kneeling down to a black cat on luggage.,85070,
503404,mscoco,A couple of semi trucks parked next to each other.,91473,
373848,mscoco,A red smart phone sitting on top of a wooden table.,25154,
37677,mscoco,A woman sitting on a fence holding an open umbrella.,18959,
444719,mscoco,A beautiful woman in short shorts standing next to a river filled with elephants.,69835,
6870,mscoco,A large steam engine train traveling down train tracks.,83949,
401088,mscoco,a lot of very skinny cows with trees in the background,71698,
485139,mscoco,a close up of a cat laying on a laptop,32056,
544590,mscoco,a close up of a cat laying on a couch,23075,
40839,mscoco,A woman holding a white and purple umbrella.,57775,
16046,mscoco,A group of elephants walking across a grass covered field.,75979,
124002,mscoco,A gray and white cat drinking milk from a bottle.,79200,
437494,mscoco,a man and his dog are standing on his paddle board,24859,
482589,mscoco,A black and orange cat laying on top of an umbrella.,89077,
99996,mscoco,A large black dog sitting on the sandy with a ball.,28151,
270402,mscoco,Two gray elephants standing next to each other on a road.,32271,
432160,mscoco,A pile of luggage sitting on the floor of an airport.,9697,
287469,mscoco,A zombee walking down a street covered in blood.,93751,
230262,mscoco,A brown cow standing on the side of a road.,33383,
57265,mscoco,A woman walking down a street holding an umbrella.,69706,
107226,mscoco,Two men being drug on buggies by dogs.,96458,
403231,mscoco,An orange and white cat laying on top of a bed.,22192,
407386,mscoco,A black and white cat in front of a laptop and a monitor.,501,
147128,mscoco,"A man wearing a black jacket, tie and sunglasses.",12322,
210804,mscoco,A tall building towering over a city next to a river.,91540,
535226,mscoco,A cat is laying inside of a box,75075,
166037,mscoco,A large tiger cat sitting on top of a pair of shoes.,92333,
17282,mscoco,a large gray elephant standing next to a crowd of people.,29271,
322106,mscoco,A woman sitting next to a man next to luggage.,98383,
12443,mscoco,A white cat sitting on top of a laptop computer.,51539,
264654,mscoco,A set of three pieces of luggage filled with clothing.,92919,
82465,mscoco,A wagon with supplies sitting on top of it.,86273,
274800,mscoco,A cat sleeping in a large piece of luggage.,52506,
66499,mscoco,A cat sitting underneath a blue and white umbrella.,37910,
64611,mscoco,A man riding a skateboard down a ramp.,86339,
352228,mscoco,A large white semi truck parked next to a green truck.,77481,
355826,mscoco,Large grey truck on display at auto show.,24144,
314154,mscoco,A young girl is smiling while holding a luggage bag.,68232,
579760,mscoco,A brown dog sitting with a man on a porch swing.,27044,
580197,mscoco,Two men in bow ties standing next to steel rafter.,59639,
502419,mscoco,Two photographs of elephants in a rocky area.,39624,
200699,mscoco,A blacn and white cow sticking its head over a fence.,70618,
540414,mscoco,A group of people are sitting outside an outdoor market.,92397,
49862,mscoco,A black and white photograph of luggage lined up on a sidewalk.,67583,
64495,mscoco,"A parking meeter next to a wall that reads ""tie.""",52054,
435308,mscoco,A person wake boarding behind a blue and white boat.,91888,
27075,mscoco,A white and black cat rubbing against a leg.,51844,
237495,mscoco,The pickup truck has a storage compartment on the bed.,82739,
561411,mscoco,A dog sitting upright with its hands on a laptop.,71932,
137961,mscoco,Gray cat lying on a chair looking at the camera.,80931,
33109,mscoco,A semi truck is driving down a street.,16974,
363853,mscoco,A cat sitting on a chair with a bag under its  paw,97129,
361180,mscoco,A brown bear walking with rocks in the background.,15492,
555180,mscoco,The train is traveling down the track towards Kingscote.,11070,
65271,mscoco,A woman is walking with an unusual umbrella.,96677,
505039,mscoco,A herd of cattle under shade next to a body of water.,3895,
1244,mscoco,A man sitting under an umbrella next to a body of water.,31834,
442746,mscoco,A girl is playing in a grassy area.,13010,
301326,mscoco,Two cats looking at a dog through an open fence.,20310,
399538,mscoco,A boat is sitting in the water at a dock,91045,
373341,mscoco,A Fed Ex delivery truck driving head on into an SUV.,42226,
450004,mscoco,Two black bears standing in their man made enclosure,25049,
503232,mscoco,Electronic parking meter machine on the side of the road,89448,
90778,mscoco,Old man in a dress white shirt and black bow tie.,36144,
220858,mscoco,A rowboat with paddles and no passengers is on the beach.,26279,
249936,mscoco,Two adorable little girls standing next to a stop sign.,15092,
417085,mscoco,A big cow and a smaller cow standing beside a road.,52455,
530367,mscoco,A white cat laying on a zebra striped blanket.,92919,
390087,mscoco,Luggage sitting on and around airline luggage carts on the tarmac,85200,
237399,mscoco,A cat standing on top of a laptop computer.,67774,
203754,mscoco,A living room filled with furniture and a bookshelf.,72,
185768,mscoco,A Daily Mirror featuring stories on celebrity stuffed animals.,10791,
125873,mscoco,A group photo of boys in front of a building.,64259,
16776,mscoco,Two black bears climbing up a lush green tree.,27936,
288000,mscoco,A cup filled with umbrellas and canes next to a white wall.,46545,
557672,mscoco,A woman walking down a street holding an orange umbrella.,32441,
549299,mscoco,A crowd of people walking down a street holding white umbrellas.,54336,
362289,mscoco,A grey cat starring at a hand with a donut.,65698,
86215,mscoco,A large brown dog standing next to a cat on a bed.,4340,
322858,mscoco,A baby elephant and an adult elephant in sandy area.,99893,
142891,mscoco,An orange and white cat laying on top of black shoes.,53328,
367893,mscoco,A white and red truck with chrome rims parked next to a building.,27059,
37875,mscoco,A boy holding an umbrella standing on a street.,77583,
537376,mscoco,A man and a woman in formal clothes look at each other.,6608,
490199,mscoco,A couple sitting on the back of a flatbed holding a dog.,72446,
578984,mscoco,A lawn chair sitting on a beach covered by an umbrella.,8507,
151585,mscoco,A white dog wearing a red coat on a sidewalk.,56986,
480076,mscoco,A gray chair and a black chair sit in a room near a lamp.,33215,
35738,mscoco,A man wearing only a tie standing next to a lamp.,60429,
450247,mscoco,A cat laying on top of a plastic container next to a bottle.,15600,
495996,mscoco,A brown and white cat sitting in a chair.,28554,
554978,mscoco,A couple of elephants walking across a river.,66191,
201764,mscoco,an open suitcase is filled with clothes and other items,64435,
216103,mscoco,A white and gray cat laying underneath an umbrella.,9233,
262425,mscoco,A marine filled with boats floating on water.,85667,
36598,mscoco,A group of four women walking down a street in the rain.,65348,
562735,mscoco,A cup filled with a glass at on top of a table.,75811,
324040,mscoco,a male is riding an elephant next to some water,36537,
95833,mscoco,An elephant swimming in a lake at sun set.,88784,
441023,mscoco,a person on a small boat with another boat in the background,17255,
386962,mscoco,Yellow shoes sitting next to a suitcase with red lining.,59792,
135023,mscoco,A parking meter on the side of a road.,99070,
112664,mscoco,A man sitting on a bench next to a star wars storm trooper.,56288,
3832,mscoco,A white boat floating on a lake under mountains.,66711,
326369,mscoco,A large polar bear on a toy ice pond in a zoo.,83289,
412873,mscoco,Two cattle grazing on a lush green hillside.,88519,
225480,mscoco,Two brown and white cows standing next to each other.,15344,
374061,mscoco,A black cat holding onto the left of a teddy bear.,21259,
212072,mscoco,A stop sign in front of some buildings.,50380,
115721,mscoco,A dog laying down on top of a couch cushion.,66288,
389969,mscoco,A large orange and white cat sitting in a field.,77438,
252549,mscoco,Shirts and ties displayed all over the walls.,53838,
490860,mscoco,A baby elephant panting on a white canvas.,54478,
119360,mscoco,A cats tail sitting on to of a laptop computer on a desk.,66724,
382030,mscoco,A wig sitting next to a pair of shoes on top of a table.,74626,
135975,mscoco,A brown teddy bear sitting next to a blue piece of luggage.,588,
17364,mscoco,A woman and a man walking down a street carrying luggage.,21663,
94538,mscoco,Three elephants and a zebra standing outdoors together.,17017,
483447,mscoco,A can laying in a sink drinking water from the tap.,53478,
273188,mscoco,A red stop sign sitting next to a wooden fence.,89478,
298628,mscoco,Three cows standing on a lush green field.,69719,
94336,mscoco,A large cat sitting in a bathroom sink under a mirror.,97368,
282804,mscoco,Cows standing next to a brick wall on top of straw.,6756,
405032,mscoco,A large panda bear hanging off the side of a tree.,577,
472610,mscoco,A woman is posing for a picture with her dog in front of cows.,81860,
385796,mscoco,Old cars parked on a street in front of two buildings.,31533,
68375,mscoco,A white sail boat sailing towards a desert island.,99864,
334077,mscoco,A man bending over a pile of umbrellas sitting on a sidewalk.,85308,
464098,mscoco,An escalator sitting inside of building with lots of luggage.,8319,
462677,mscoco,A blue parking meter sitting next to a street.,4780,
465093,mscoco,A cat leaning up against a white door in a room.,85550,
76721,mscoco,A group of people walking around parked buses.,86219,
573209,mscoco,A crowd of people holding up white umbrellas.,15374,
535604,mscoco,A group of small boats floating on top of a lake.,64400,
478356,mscoco,A woman holding a sign sitting on top of a truck.,70350,
345848,mscoco,A group of people are on bikes on a busy street.,69483,
516239,mscoco,A truck traveling down a road filled with people in the back.,17052,
524536,mscoco,a man wearing a red tie holding it up to show people.,81006,
407150,mscoco,A pile of garbage sitting next to a trash can.,75977,
342334,mscoco,A harbor filled with boats floating on water.,5833,
62250,mscoco,A group of elephant statues standing on top of blue bases.,31506,
531995,mscoco,A black and white cat with it's head inside of a black boot.,31881,
200681,mscoco,A dog jumping up into the air to catch a blue frisbee.,54783,
251785,mscoco,A white semi truck traveling down a road.,66379,
362352,mscoco,A train with a man climbing up the side of it.,73517,
555705,mscoco,Two cats sitting on top of a pair of shoes.,89060,
17272,mscoco,A group of lawn chairs sitting on top of a beach.,76833,
