case_number,source,prompt,evaluation_seed,coco_id
0,coco-30k,A bicycle replica with a clock as the front wheel.,41337,203564
1,coco-30k,A black Honda motorcycle parked in front of a garage.,63155,179765
2,coco-30k,A room with blue walls and a white sink and door.,78978,322141
3,coco-30k,A car that seems to be parked illegally behind a legally parked car,19959,16977
4,coco-30k,A large passenger airplane flying through the air.,86628,106140
5,coco-30k,"A bathroom with a toilet, sink, and shower.",10030,571635
6,coco-30k,"A long empty, minimal modern skylit home kitchen.",65989,301837
7,coco-30k,An office cubicle with four different types of computers.,48295,190236
8,coco-30k,A bathroom sink with toiletries on the counter.,82318,315702
9,coco-30k,A small closed toilet in a cramped space.,33826,331352
10,coco-30k,Two women waiting at a bench next to a street.,52484,517069
11,coco-30k,This is an open box containing four cucumbers.,51519,189634
12,coco-30k,An old-fashioned green station wagon is parked on a shady driveway.,17242,472598
13,coco-30k,A gas stove next to a stainless steel kitchen sink and countertop.,39503,162113
14,coco-30k,Several motorcycles riding down the road in formation.,59719,126657
15,coco-30k,A black cat is inside a white toilet.,94308,285421
16,coco-30k,A man in a wheelchair and another sitting on a bench that is overlooking the water.,8445,71988
17,coco-30k,A man sits with a traditionally decorated cow,17487,193622
18,coco-30k,Rows of motor bikes and helmets in a city,62115,459912
19,coco-30k,A cute kitten is sitting in a dish on a table.,62693,548498
20,coco-30k,A man getting a drink from a water fountain that is a toilet.,46111,52087
21,coco-30k,A beautiful dessert waiting to be shared by two people,26502,182417
22,coco-30k,A person holding a skateboard overlooks a dead field of crops.,53235,119964
23,coco-30k,A bathroom with a sink and shower curtain with a map print.,20618,230610
24,coco-30k,A random plane in the sky flying alone,95749,226419
25,coco-30k,A brown and black horse in the middle of the city eating grass.,82701,218026
26,coco-30k,A brown purse is sitting on a green bench.,77506,352538
27,coco-30k,Half of a white cake with coconuts on top.,90351,202913
28,coco-30k,An old toilet with a hello kitty cover top. ,97789,202658
29,coco-30k,Office space with office equipment on desk top.,11131,79472
30,coco-30k,Two husky's hanging out of the car windows.,54741,346071
31,coco-30k,The back door with a window in the kitchen.,78518,6672
32,coco-30k,Jet liner flying off into the distance on an overcast day,27989,419074
33,coco-30k,A cat eating a bird it has caught.,53479,46378
34,coco-30k,A woman is walking a dog in the city.,60951,382406
35,coco-30k,A tiny bathroom with only a toilet and a shelf.,48267,175948
36,coco-30k,A little girl in a public bathroom for kids.,10953,573223
37,coco-30k,A picture of a man playing a violin in a kitchen.,41009,402514
38,coco-30k,A shot of an elderly man inside a kitchen.,28856,93437
39,coco-30k,A trio of dogs sitting in their owner's lap in a red convertible.,13147,407286
40,coco-30k,A cat in between two cars in a parking lot.,2670,172330
41,coco-30k,A small car is parked in front of a scooter,64740,82673
42,coco-30k,A door with a sticker of a cat door on it,52194,141172
43,coco-30k,An office cubicle with multiple computers in it,85612,472678
44,coco-30k,A pinewood and green modern themed kitchen area.,33034,104326
45,coco-30k,A kitchen is shown with wooden cabinets and a wooden celling.,91523,581177
46,coco-30k,A group of people riding mopeds in a busy street. ,69072,267802
47,coco-30k,A person walking in the rain on the sidewalk. ,81457,208408
48,coco-30k,A parade of motorcycles is going through a group of tall trees.,70097,314251
49,coco-30k,a modern flush toilet in a bathroom with tile. ,41670,560591
50,coco-30k,Fog is in the air at an intersection with several traffic lights.,72777,507362
51,coco-30k,An airplane with its landing wheels out landing. ,93360,57429
52,coco-30k,Little birds sitting on the shoulder of a giraffe. ,5425,153184
53,coco-30k,a man with a bike at a marina,45169,571970
54,coco-30k,A man is sitting on a bench next to a bike.,84823,133680
55,coco-30k,People are waiting for the bus near a bus stop.,3670,139011
56,coco-30k,a man sleeping with his cat next to him,36179,223747
57,coco-30k,four urinals in a public restroom with a window,25477,505386
58,coco-30k,A small child climbs atop a large motorcycle,89741,107990
59,coco-30k,A large U.S Air Force plain sits on an asphalt ramp.,57643,527510
60,coco-30k,A black and white photo of an older man skiing.,46637,5247
61,coco-30k,Riding a motorcycle down a street that has no one else on it.,81839,107960
62,coco-30k,An all white kitchen with an electric stovetop. ,70873,109976
63,coco-30k,The telephone has a banana where the receiver should be.,62254,12667
64,coco-30k,The young man is stirring his pot of food with a wooden spoon.,44183,410627
65,coco-30k,A fighter jet is flying at a fast speed.,76887,232223
66,coco-30k,A public bathroom with a bunch of urinals.,82315,22793
67,coco-30k,The airplane is on the runway with two young men standing by.,4147,436456
68,coco-30k,The woman in the kitchen is holding a huge pan.,16720,368402
69,coco-30k,A toilet sits next to a window and in front of a shower.,94272,135161
70,coco-30k,A dog and a goat with their noses touching at fence.,58805,178761
71,coco-30k,Pedestrians walking down a sidewalk next to a small street.,14625,491000
72,coco-30k,A man standing in a kitchen while closing a cupboard door.,41678,538092
73,coco-30k,A photograph of a kitchen inside a house.,16817,205577
74,coco-30k,a bike leaning on a metal fence next to some flowing water. ,58906,508672
75,coco-30k,a small toilet stall with a toilet brush and 3 rolls of toilet paper ,60888,334015
76,coco-30k,A dual sink vanity with mirrors above the sinks.,604,27842
77,coco-30k,A fireplace with a fire built in it.,25350,358606
78,coco-30k,The sign of a restaurant in the outside of the store.,15596,567730
79,coco-30k,an airport with one plane flying away and the other sitting on the runway,36194,61259
80,coco-30k,"a counter with vegetables, knife and cutting board on it. ",83202,554037
81,coco-30k,A boat that looks like a car moves through the water. ,10169,5394
82,coco-30k,A delivery truck with an advertisement for Entourage.,43593,455384
83,coco-30k,A black and white toilet with a plunger.,2689,249352
84,coco-30k,A bike leaning against a sign in Scotland.,68696,348306
85,coco-30k,"A dog sitting between its masters feet on a footstool watching tv
",64297,482917
86,coco-30k,Women father around a desk and machinery in a factory.,66052,475593
87,coco-30k,A few items sit on top of a toilet in a bathroom stall.,6237,145523
88,coco-30k,A bathroom with a poster of an ugly face above the toilette.,4419,143370
89,coco-30k,A dirt bike rider doing a stunt jump in the air,54899,279806
90,coco-30k,A couple of birds fly through a blue cloudy sky.,49590,59171
91,coco-30k,A picture advertising Arizona tourism in an airport,45863,369826
92,coco-30k,Man in motorcycle leathers standing in front of a group of bikes,70037,534605
93,coco-30k,A variety of pots are stored in a nook by a fireplace.,17016,400552
94,coco-30k,A car is stopped at a red light,54156,238836
95,coco-30k,A bathroom with a traditional toilet next to a floor toilet.,92514,264461
96,coco-30k,A group of people preparing food in a kitchen.,34982,342387
97,coco-30k,Posted signs point the way through a parking garage.,76569,488327
98,coco-30k,A green car on display next to a busy street.,49222,540860
99,coco-30k,A large passenger jet taking off from an airport.,87976,172851
100,coco-30k,Young woman carrying an opened umbrella in a city neighborhood.,36632,486194
101,coco-30k,An older man backing up a truck with a bicycle in it's flat bed.,24012,236148
102,coco-30k,Set of toy animals sitting in front of a red wooden wagon.,88656,289393
103,coco-30k,A group of men standing in front of a bar having a conversation.,29444,115930
104,coco-30k,A children play area absent of any children.,81366,75663
105,coco-30k,Fruit in a jar filled with liquid sitting on a wooden table.,42517,352794
106,coco-30k,A woman wearing a hat & pink top takes a selfie in front of a bathroom mirror.,1699,561256
107,coco-30k,A work station in use inside an office.,65251,175954
108,coco-30k,Three computer screens showing a panoramic beach scene.,12316,484751
109,coco-30k,Elephants are in a long line with people on top of them.,5121,457834
110,coco-30k,A bicycle store shows two males leaning toward a bike.,89688,412151
111,coco-30k,City traffic and pedestrians are headed in multiple directions on the street.,92488,427091
112,coco-30k,There are some dirt bike riders taking a sharp turn,55189,32203
113,coco-30k,A large group of motorcycle riders collect in a parking lot. ,31088,525971
114,coco-30k,People sitting under an umbrella looking at the scenery.,11980,354572
115,coco-30k,A cow standing next to a damaged car on a dirty lot.,79355,185360
116,coco-30k,A striped plane flying up into the sky as the sun shines behind it.,22651,338325
117,coco-30k,A dog driving an SUV in an open grass covered field.,25962,65485
118,coco-30k,A customized motorcycle with more in the background.,87586,226662
119,coco-30k,A small wooden table covered with delicious vegetables. ,72342,321064
120,coco-30k,A sculpture of two women stting on a bench with their purses on the ground while people standing in a line behind them. ,84582,11511
121,coco-30k,A couple on a motorcycle in front of a bus and a metermaid car,91607,263664
122,coco-30k,A red motorcycle parked on a sidewalk near multi-story buildings.,34269,468508
123,coco-30k,A model standing next to a scooter in the middle of a room of people,61883,31984
124,coco-30k,An airplane is doing tricks and emitting smoke.,65938,322791
125,coco-30k,Computer monitor and accesories sitting on a desk.,24200,295768
126,coco-30k,A group of people skiing down a snow covered slope.,70299,229067
127,coco-30k,A woman takes a selfie in front of a bathroom mirror.,94278,156324
128,coco-30k,Boy rides skateboard and does trick over stairs.,80162,508605
129,coco-30k,Three young people in a kitchen pointing to a pizza.,36210,268224
130,coco-30k,Assorted flavored donuts being grabbed by multiple hands.,77756,206260
131,coco-30k,An outside doorway to a restroom showing a destroyed wall and damaged floor.,30124,489528
132,coco-30k,A man stands with his bike in ankle deep water in a flooded city.,89971,450308
133,coco-30k,There is very little traffic at this city intersection.,1066,221754
134,coco-30k,A tabby cat laying on a cat scratcher in front of a bicycle wheel. ,47435,446409
135,coco-30k,This a view from an airplane of the landscape below.,2857,420958
136,coco-30k,"A bathroom with double sinks, mirrors, toilet and towel racks.",43009,523400
137,coco-30k,Raw cookies in a pan on the counter and baked cookies in a pan on the stove.,51873,40986
138,coco-30k,Tub and shower on platform in modern tiled bathroom.,44012,8045
139,coco-30k,An orange reddish rose in a vase filled with water on top of a table.,68992,249025
140,coco-30k,A cat pausing as it's picture is taken.,21718,255965
141,coco-30k,A row of park benches on the side of a green grassy hill. ,78007,529691
142,coco-30k,A man in an ATV is moving the cows along.,7552,482597
143,coco-30k,The view of a large bathroom with a walk in closet.,15294,51191
144,coco-30k,"Many sheep grazing in a large, green pasture.",56793,249371
145,coco-30k,A black trash bag in a restroom next to a sink.,91062,51598
146,coco-30k,A young man standing next to a race car with the red sox logo on it's hood.,47749,408364
147,coco-30k,A guy sitting on his motorcycle while a woman stands beside him,93338,267862
148,coco-30k,An adorable caleco cat sitting underneath a bicycle.,30304,536321
149,coco-30k,An adorable cat attempts to hide in a purse to steal the persons identity.,62285,148272
150,coco-30k,A very big teddy bear is next to a woman.,83334,36450
151,coco-30k,A BMW motor cycle parked next to shrub..,19005,138599
152,coco-30k,A photograph taken from an airplane window while in flight.,87363,501055
153,coco-30k,A clean kitchen with the windows white and open.,49142,445846
154,coco-30k,A man sitting on a stone block talking on a cell phone.,41014,363272
155,coco-30k,A yellow stripped cat sitting in a bathroom sink.,13464,231846
156,coco-30k,A person in a helmet standing by their motorcycle.,88045,260409
157,coco-30k,A cafeteria type kitchen that is not in use.,10412,220704
158,coco-30k,A young man jumping up into the air to catch a Frisbee.,72378,158466
159,coco-30k,A black motorcycle parked in front of trees.,86021,100138
160,coco-30k,A glass bowl filled with oranges on a table.,72208,192871
161,coco-30k,A yellow dune buggy on display amongst other automobiles.,22338,349344
162,coco-30k,A young attractive woman sitting on a toilette on the side of a street.,4296,365642
163,coco-30k,A woman is taking a picture of herself in a bathroom mirror.,40647,317639
164,coco-30k,A young woman using a laptop computer while sitting on a bunk bed.,20052,393569
165,coco-30k,A toilet in a stall with remote control buttons.,95809,556837
166,coco-30k,A skateboarder is riding his skateboard at night.,74803,282346
167,coco-30k,An old victorian style bed frame in a bedroom.,45518,116479
168,coco-30k,Two computers sitting on top of a desk.,38201,63740
169,coco-30k,A young child stands in the kitchen with an adult.,76099,477016
170,coco-30k,A woman kisses a man as they sit on a motorcycle.,7315,172710
171,coco-30k,A man and a woman cook in the kitchen.,33160,214274
172,coco-30k,A picture taken from the driver seat of car at a stop sign.,48874,385757
173,coco-30k,A black and white cat sits near a window looking outside.,44024,181586
174,coco-30k,The exterior of an airport with some planes.,8266,383464
175,coco-30k,A cat looking inside of a door from the outside.,42254,552979
176,coco-30k,A person in a kitchen looking at the oven.,64627,289714
177,coco-30k,An overview picture of a street at night.,87654,425690
178,coco-30k,two women loading their bicycles onto a bus rack,43624,19523
179,coco-30k,A view of a bathroom that is clean.,45536,570736
180,coco-30k,A picture of a white gas range with figurines above.,35501,510992
181,coco-30k,A street scene with several cars and a bus.,18246,278237
182,coco-30k,a person riding skis in the middle of a snowy street,85943,319275
183,coco-30k,A close up of a bike brake on a bicycle.,75512,492937
184,coco-30k,People walking toward an airplane to board it.,66961,430750
185,coco-30k,A ski resort that has a couple people outside. ,97940,370462
186,coco-30k,A woman uses a paintbrush on a melting candle.,78190,205570
187,coco-30k,A toddler celebrates his birthday with a cupcake.,83710,117425
188,coco-30k,One white motorcycle and one green motorcycle parked on the road,85041,443351
189,coco-30k,1 military jet fighter flying in formation alongside a 1 military propeller pilot. ,31506,97790
190,coco-30k,Fruit and vegetables are hanging in a metal basket.,90870,375415
191,coco-30k,A giraffe and a zebra checking each other out.,38299,159977
192,coco-30k,"Oranges in a basket, a pillow and a bottle of liquor.",12810,576981
193,coco-30k,A man wearing a blue bow tie and a fedora hat in a car. ,52790,124766
194,coco-30k,The kitchen has many grill with pots hanging all around.,740,498547
195,coco-30k,Light from an open door shines on a simple wooden pew in a church.,60177,561620
196,coco-30k,A dog with goggles is in a motorcycle side car.,39678,239985
197,coco-30k,A man is walking down the street in front of a red door.,27929,43098
198,coco-30k,A woman holding a sheep by its front legs.,64190,325374
199,coco-30k,A man flying a kite in a park on a clear day,85576,568265
200,coco-30k,A house boat along the water has bicycles on deck.,84693,14297
201,coco-30k,Four giraffes in the wild eating from trees.,98366,30423
202,coco-30k,A large airplane is on the airport runway.,60899,8180
203,coco-30k,A parked motorcycle with a red enclosed side car.,84614,207652
204,coco-30k,A yellow and blue train is next to an overhang.,73321,232538
205,coco-30k,A stoic looking cat sits in a green bowl.,86600,510150
206,coco-30k,A man in a uniform standing on a motorcycle in front of a crowd.,37142,436972
207,coco-30k,A oneworld passenger plane taking off from an airport.,24775,564911
208,coco-30k,A girl is sitting by her dog on the stairs.,55112,373193
209,coco-30k,An office with a leather couch surrounded by books.,58846,127585
210,coco-30k,Women taking picture of themselves while brushing their teeth.,21835,349590
211,coco-30k,Motorcyclist is taking a turn while onlookers observe ,79501,372413
212,coco-30k,An empty kitchen filled with dishes and appliances.,98854,102625
213,coco-30k,A stone building with a clock displayed on the outside. ,63897,145093
214,coco-30k,"Entertainment room with rack of dvds, tv and seating area.",83525,100711
215,coco-30k,A clean white bathroom with a simple mirror above the vanity.,34991,300216
216,coco-30k,An oven in a kitchen with a stove on top in between counter tops.,28527,306313
217,coco-30k,Three airplanes on display behind a high fence.,93680,349804
218,coco-30k,A bathroom sink and towels hanging on the door.,2501,548706
219,coco-30k,A white sink sitting underneath a round mirror.,1203,271206
220,coco-30k,A group of women operating a car wash.,13712,177934
221,coco-30k,A polie officer standing next to a  motorcycle parked on the street.,99063,369763
222,coco-30k,A group of different animals are grazing in the wild. ,39079,312724
223,coco-30k,An airplane on the runway either just landed or ready to take off.,83151,96549
224,coco-30k,A motorcycle rally on the street with many spectators.,71189,322604
225,coco-30k,an empty modern style bathroom for two people,10836,445002
226,coco-30k,A car is parked on dry grass with kites overhead.,55529,469192
227,coco-30k,Two sheep are looking over a cement wall.,39121,39430
228,coco-30k,People are looking at a decorative cake with long candles.,53653,215708
229,coco-30k,A white bathroom has a white shower curtain.,89257,123843
230,coco-30k,A person sits on top of a motorcycle with a stuffed toy.,57261,175024
231,coco-30k,"A woman, man, and a dog standing in the snow. ",17536,106900
232,coco-30k,A bathroom with a large bathtub and sink under a large mirror.,81949,74132
233,coco-30k,Car parked at meter with license plate that says SUPABAAD.,75009,428769
234,coco-30k,a wooden and metal bench near a over grown bush,84275,69236
235,coco-30k,People standing on a roadway next to a vintage motorcycle.,46814,262594
236,coco-30k,A dog standing next to an address marker and a woman holding an umbrella.,4572,32054
237,coco-30k,A motorcycle parked next to a yellow thing and tree.,63748,56070
238,coco-30k,A close up detail of an ornate brickwork cathedral,88938,11334
239,coco-30k,The plane is flying through a clear blue sky.  ,42391,81505
240,coco-30k,An elephant is crossing a road while a jeep is parked watching. ,61891,555472
241,coco-30k,An old floor standing tv next to a leather couch.,71695,468858
242,coco-30k,A car stopped at a traffic light with it's brake lights on.,97248,104381
243,coco-30k,People standing around a park bench next to a bicycle.,35295,525667
244,coco-30k,A man standing outside of a building next to bicycles.,59157,549386
245,coco-30k,Empty seats in front of a building on a sidewalk.,63329,237920
246,coco-30k,A dog rides in a cart pulled by a man on a bike.,2438,155997
247,coco-30k,Two bicycle riders riding in the city at night.,90436,5879
248,coco-30k,A white kitchen with marble countertops and stone floors.,94645,93959
249,coco-30k,A bathroom with a vanity mirror toilette and kitchen sink next to a shower.,26084,251075
250,coco-30k,A lone toilet sits in a large bathroom.,69399,281950
251,coco-30k,Two dogs in a car looking out the window.,72155,370210
252,coco-30k,A bathroom with a black and white checkered floor.,56732,531111
253,coco-30k,A man riding a dirt bike on a country road in a forest.,33001,499177
254,coco-30k,A fighter jet doing tricks with smoke trailing behind it.,37667,75118
255,coco-30k,A little girl is mixing in a  kitchen bowl while standing on a chair.,12361,90732
256,coco-30k,three motor cycle racers posing on their parked bikes,41815,301574
257,coco-30k,A cat on the lid of a toilet looking perturbed.,15004,241876
258,coco-30k,A home with lots of wood darkly stained.,32637,34474
259,coco-30k,Two people riding different colored horses down a dirty road.,44111,364113
260,coco-30k,A living room with a large tv and pictures all around.,81763,79920
261,coco-30k,A man sits on a toilet while working on his computer at his desk.,12466,494629
262,coco-30k,A bathroom with a sink and a toilet. ,94595,61422
263,coco-30k,A flying plane with smoke trailing behind it.,19308,44652
264,coco-30k,Part of train car with a door to the rear connected to the car behind it,51325,210502
265,coco-30k,A man is cooking in a crowded kitchen.,44170,146961
266,coco-30k,A toilet in a restroom next to a toilet paper dispenser,52285,9288
267,coco-30k,A rock wall next to a green tiled room.,54987,136783
268,coco-30k,A toilet bowl with no toilet seat in a restroom,71417,120157
269,coco-30k,Full grown cat laying down and sleeping on top of a car. ,15400,193680
270,coco-30k,Kitchen area with counter top space and dining room table. ,14390,298396
271,coco-30k,two lines of motorcycles driving down the road while a crowd watches,39890,565635
272,coco-30k,A group of older people sitting on a park bench with a dog on a leash.,31219,561780
273,coco-30k,A bathroom with a sliding shower door next to a toilet.,30354,187513
274,coco-30k,A toilet on the outside of a building next to a parking meter.,49199,230600
275,coco-30k,"A view of a kitchen with cabinets, a sink and a clothes washer.",1721,552883
276,coco-30k,"The bathroom toilet with the cover up, sink, and bathroom items are shown.",76545,69293
277,coco-30k,Several pieces of art and a painting on display,11217,369979
278,coco-30k,Motorcyclists and a bicycle are parked on a yard.,64958,21711
279,coco-30k,The sightseeing boat streams along the river joined by a plane,61324,293153
280,coco-30k,A woman hovering over food on a wooden table.,29479,20788
281,coco-30k,A Marine that is looking at his cell phone.,44841,228214
282,coco-30k,A man with glasses riding in a car with an adorable dog in the backseat.,11012,424378
283,coco-30k,A man riding on the back of a brown horse in front of a truck.,90092,400456
284,coco-30k,A peson riding a bike down a long narrow road.,81179,186697
285,coco-30k,An airliner taking off from an airport runway.,77880,336384
286,coco-30k,A dog wearing a protective cone around it's head watching TV.,16050,154419
287,coco-30k,A man riding a bicycle down a sidewalk.,61946,331366
288,coco-30k,A cat sniffing an upside down blue bicycle.,11792,251639
289,coco-30k,A celebration with cake for Navy members stationed in Thailand,30267,372113
290,coco-30k,a boy wearing headphones using one computer in a long row of computers,27322,554625
291,coco-30k,A bathroom with a toilette with it's seat down.,27268,453634
292,coco-30k,A kitchen filled with dishes and appliances with lots of cupboards..,11022,297414
293,coco-30k,Two adorable birds perched on a piece of bamboo.,4544,412693
294,coco-30k,A messy kitchen with pots and pans laying around.,71272,442609
295,coco-30k,A man and a woman standing next to a motor cycle.,26846,132901
296,coco-30k,A large bathroom with an enclosed toilet and a large sink.,56005,75101
297,coco-30k,An office desk holding multiple computers and various supplies.,71044,493753
298,coco-30k,A man wearing a striped suit standing next to butcher knives.,82626,521906
299,coco-30k,A woman sitting at a table while holding a pair of scissors.,23695,353982
300,coco-30k,An old picture of a family on their farm.,8004,85316
301,coco-30k,A bathroom with two urinals and a sink.,63220,201775
302,coco-30k,A kitchen cluttered with dishes with a stove and oven.,929,527260
303,coco-30k,An airplane flying in a blue sky with it's landing gear down.,49328,85145
304,coco-30k,A wooden bathroom with a wooden toilet next to a window.,91007,533900
305,coco-30k,Dog in parking lot and on a leash.,49060,102735
306,coco-30k,Man on a bicycle riding on the road next to a river.,84031,56752
307,coco-30k,A girl sitting on a bench in front of a stone wall.,60768,391375
308,coco-30k,Three Mercedes Benz on the top of a train as cargo ,21115,522137
309,coco-30k,A man sitting on a parked motorcycle on the street ,82340,544713
310,coco-30k,A birthday boy with car shaped cake and candles on it.,27392,448151
311,coco-30k,A brown dog standing on the kitchen floor looking up.,21474,537955
312,coco-30k,A bathroom is very colorful with blue yellow and red.,25275,557501
313,coco-30k,A collection of photos of an old motorcycle and parts.,74967,327565
314,coco-30k,A man sitting in a window ledge with a cell phone in his hand.,17262,411564
315,coco-30k,A little girl in ponytails holding on to a teddy bear.,38461,438258
316,coco-30k,A refrigerator next to a red wall in the kitchen. ,58673,435880
317,coco-30k,"A car driving in an intersection, past a furniture shop. ",12451,555050
318,coco-30k,A bathroom scene with focus on the toilet.,7448,306444
319,coco-30k,Six people in a boat rowing on a body of water.,56982,139440
320,coco-30k,A chef in a kitchen preparing a meal.,23006,401411
321,coco-30k,A group of rescue workers helping an overturned car,46136,31519
322,coco-30k,A large commercial airplane sitting on the runway.,43305,220255
323,coco-30k,A toilet with an object hanging off of it.,13833,383601
324,coco-30k,An empty bathroom with a shower next to a toilet.,49236,154324
325,coco-30k,A four engine jet transport airplane flying low.,15612,368978
326,coco-30k,A bathroom that has been gutted with the shower basin the only thing left.,34729,466085
327,coco-30k,A blonde woman sitting on a park bench next to a green bike.,75142,237428
328,coco-30k,Two men wearing aprons working in a commercial-style kitchen.,58071,5802
329,coco-30k,A park bench in front of a porch in a green grass filled park.,23299,272015
330,coco-30k,A rotten door leading into a restroom covered in filth.,11621,108283
331,coco-30k,A group of motorcycles parked side by side in front of a donuts shop.,83658,360673
332,coco-30k,A chef in a kitchen standing next to a counter with jars and containers.,50020,465877
333,coco-30k,A urinal is displayed with modern porcelain structuring.,45000,524954
334,coco-30k,"A bathroom with a sink, toilet and shower bathtub combination.",95062,242363
335,coco-30k,A European street scene with a motorcycle and a car.,36351,488943
336,coco-30k,Two large commercial airplanes sitting on the runway.,55018,396673
337,coco-30k,A building with a black and gold clock on it.,59338,8218
338,coco-30k,A group of people sitting around a table under an umbrella.,17056,140307
339,coco-30k,A towel hangs beneath a sink in a bathroom.,25319,27065
340,coco-30k,a bathroom with a bath tub near windows,7211,442009
341,coco-30k,A crowded city street with lots of people walking around.,85110,264599
342,coco-30k,A man stands next to a motorbike on some pavement.,99668,332653
343,coco-30k,An elaborate contraption on a water faucet for a bathtub.,68425,239252
344,coco-30k,Two cups of black coffee sitting next to a coffee pot. ,49696,506906
345,coco-30k,Two desktop computer monitors sitting on a desk with a keyboard and mouse.,98292,34196
346,coco-30k,A commuter train traveling down train track next to a rural road.,1323,260627
347,coco-30k,Two street signs are shown against more buildings.,8794,13466
348,coco-30k,A display of a toilet and sink in a store. ,54251,262514
349,coco-30k,a plane on an air port run way,34026,352151
350,coco-30k,A baseball player bobble head next to two computer monitors on a desk.,69917,127987
351,coco-30k,A man and two women walking their dogs and hiking in the woods.,10370,57703
352,coco-30k,a person riding a motorcycle on an enclosed road,51591,199951
353,coco-30k,A bathtub is beneath a torn down wall.,65821,525420
354,coco-30k,"An open door leading to a bathroom toilet, with a shower rack and bureau visible.",29285,567220
355,coco-30k,A small plane is taking off from a grassy field.,32084,236535
356,coco-30k,"A hotel room with a flat screen tv, chair, and bed. ",84139,568893
357,coco-30k,A young soldier has his picture taken with a young lady with an open jacket and brazier showing.,41120,62483
358,coco-30k,A cubicle desk with two laptops on it. ,49197,137967
359,coco-30k,Two big dogs ride beside one another on the same vehicle seat.,15245,580255
360,coco-30k,A motorcycle parked in front of a graffiti covered building.,27673,99389
361,coco-30k,A jumbo jet airplane in flight on a sunny day.,13761,152649
362,coco-30k,A bathroom with an enclosed shower next to a sink and a toilet.,85681,294832
363,coco-30k,A kitchen with a bag from Whole Foods on the counter. ,52184,499281
364,coco-30k,a brown and white kitchen with a silver refrigerator,7469,73280
365,coco-30k,A airplane banking to the right as it ascends into the sky,63501,176828
366,coco-30k,A calico cat drinking water from a running tap in a bathroom.,71120,288639
367,coco-30k,A kitchen with an island and window over the sink.,2112,420490
368,coco-30k,A man talking on a cell phone walking an orange bike across a street.,21961,528729
369,coco-30k,a bathroom with a toilet and a bath tub,69806,196047
370,coco-30k,"A kitchen refrigerator with numerous pictures held up by magnets, next to counters and a dining table and chairs.",80312,147042
371,coco-30k,A mounted police officer riding down a city street past parked cars.,66752,50411
372,coco-30k,A bathroom containing a toilet and a sink.,81133,43771
373,coco-30k,A motorcycle with a red seat is on top of a stand. ,28927,120021
374,coco-30k,A person holds a flip phone displaying the screen.,97884,27517
375,coco-30k,A couple flying a kite at dusk on the seaside.,71975,92678
376,coco-30k,A street view with a plane flying ahead.,78653,175942
377,coco-30k,A group of fighter jets sitting on an airport tarmac.,57308,279343
378,coco-30k,A hood lifted on a Chevrolet vehicle with a teddy bear on the side.,81849,486521
379,coco-30k,A restroom stall with a white toilet and a toilet paper dispenser.,44940,564003
380,coco-30k,A group of sheep being herded by a black dog.,64205,283910
381,coco-30k,A room filled with bathroom sinks and bath tubs.,32974,497099
382,coco-30k,a girl sitting at a kitchen table in a home,50376,318361
383,coco-30k,A  lawn sitting on a snowy sidewalk by a hydrant.,97276,115229
384,coco-30k,some white and blue porcelain designer toilet bowls,21258,148766
385,coco-30k,A bathroom with all black fixtures in it.,41285,562090
386,coco-30k,A small room with a heater and a desk filled with clutter.,54682,166003
387,coco-30k,a toilet a toilet paper roll and a newspaper,54505,136793
388,coco-30k,a brown horse is walking in between two cars,85742,368335
389,coco-30k,A man in hipster clothes straddling a bicycle on the sidewalk.,80269,383777
390,coco-30k,A modified motorcycle parked with other motorcycles on the pavement.,69725,422326
391,coco-30k,A small bathroom with focus on the shower curtain.,55642,162280
392,coco-30k,An older woman sits in a sweater at the beach.,1308,211491
393,coco-30k,A man is sitting on a bench reading a book.,38224,160345
394,coco-30k,A beige tiled bathroom with white fixtures and a mirror.,1350,231236
395,coco-30k,A pile of feces sits on the back of a public restroom toilet.,89011,264964
396,coco-30k,A plane parked next to a truck next to a house.,9645,28389
397,coco-30k,A street at night is lit up by streetlights.,89455,423798
398,coco-30k,a man is reading a book in a car with a small dog,54622,307993
399,coco-30k,A motorcycle parked next to a bunch more with a plastic sign in front of it.,57917,351711
400,coco-30k,Three birthday candles stand lit on a cake.,77092,449279
401,coco-30k,A motorcycle is parked on a dirt road in a forest.,46098,140420
402,coco-30k,An older floor light sits deserted in an abandoned hospital.,30039,386613
403,coco-30k,A bowl of peeled oranges sitting on a white bowl on a kitchen counter.,96145,391132
404,coco-30k,Racers riding four wheelers while a crowd watches.,42879,204186
405,coco-30k,A combination of black and white sheep grazing in a meadow,76418,421195
406,coco-30k,A blurry motion picture of a person doing a wheelie on a motorcycle.,68131,555983
407,coco-30k,Wild animals grazing near a lagoon surrounded by trees.,30885,544975
408,coco-30k,A person on a motor bike doing a wheelie jump,51053,370165
409,coco-30k,A wild animal drinks water from the toilet bowl.,79287,514537
410,coco-30k,A man in a wetsuit is holding his surfboard on the pier. ,88328,292648
411,coco-30k,A massive wooden ship beached on snow covered ground.,18637,246233
412,coco-30k,A bus driving down a street in a small city.,64718,170232
413,coco-30k,The Space Shuttle is being transported by a NASA jumbo jet.,59073,524202
414,coco-30k,A large number of people riding motorcycles down the road.,7074,208169
415,coco-30k,A group of people observing two planes at an air show. ,6908,376177
416,coco-30k,An older picture of a large kitchen with white appliances.,19558,40471
417,coco-30k,A young boy stands next to a row of parked motorcycles.,46182,523953
418,coco-30k,A gray cat standing on top of a black car.,4057,10363
419,coco-30k,A man in a tropical print shirt with glasses and long hair is eating a banana.,16337,173008
420,coco-30k,A man sitting on a motorcycle posing in front of a bay. ,57147,391837
421,coco-30k,A man sitting on his skateboard in a field.,2967,118965
422,coco-30k,Separate men sitting on park benches playing on phone and reading.,66496,190829
423,coco-30k,A clean white toilet in a stall with a chrome toilet brush.,72356,314328
424,coco-30k,A public bathroom sink and hand drying area.,25988,538359
425,coco-30k,a group of men staring at a cellphone image,57660,482187
426,coco-30k,A kitchen with a granite counter top and faucet.,30981,452793
427,coco-30k,There is a urinal and trash can inside a small room. ,11214,538497
428,coco-30k,An old toilet is transformed into a lawn ornament by adding soil and plants.,86952,172843
429,coco-30k,Mopeds and bicycles parked next to parking meters.,8526,140006
430,coco-30k,A new and stylish bathroom with a walk in shower is shown.,43032,574145
431,coco-30k,An airplane just landed on the runway ,75710,456865
432,coco-30k,A fork rests on a plate next to a piece of cake.,85346,504711
433,coco-30k,A person dressed as a giraffe carrying a bullhorn.,91607,288584
434,coco-30k,A motorcyclist riding down the street with a dog in a basket.,30690,546642
435,coco-30k,A custom motorcycle sits in a car show,52746,184531
436,coco-30k,A bicycle is on the shelf in a display,60380,49428
437,coco-30k,A stove with a frying pan and a teapot on it.,65036,499391
438,coco-30k,A country charm type of kitchen is equipped with greenery and nick nacks.,65831,254644
439,coco-30k,Metallic looking container sitting in front of a brick wall. ,18441,325357
440,coco-30k,Plane on the tar mat of an airport.,25055,283498
441,coco-30k,Artistic toilet piece sitting in the center of a museum gallery. ,9451,107907
442,coco-30k,A stainless shiny serrated knife sits in front of a sliced loaf.,52963,57072
443,coco-30k,A group of motorcyclists driving down the road. ,17557,526401
444,coco-30k,A bathroom with a toilet and a couple towels.,98757,246613
445,coco-30k,A person sits next to their bike while birds walk nearby.,36528,56205
446,coco-30k,A cat sitting on a desk next to a window.,27925,540669
447,coco-30k,Two shake boarders playing on the street with one individual sitting under a tree.,99303,67252
448,coco-30k,A white and gold fancy toilet and stainless trash can.,50961,551304
449,coco-30k,A man bending down next to a bicycle.,20959,309071
450,coco-30k,A cat walking on the top of an open door.,54350,283904
451,coco-30k,a man in a uniform checking out the wreckage of a bus crash,15155,245818
452,coco-30k,A bicyclist is riding across the street next to someone on a motorcycle. ,3166,317320
453,coco-30k,A Qatar airlines plane on an airport runway. ,33781,67327
454,coco-30k,Hospital display of different bed setups and a nurses uniform. ,28743,72077
455,coco-30k,An empty road with buildings on each side.,29140,75560
456,coco-30k,A group of people riding on the back of a tour bus,27091,315173
457,coco-30k,A bathroom with an enclosed shower door next to a toilet.,78674,238090
458,coco-30k,A motorcycle is parked in a parking lot.,26563,276284
459,coco-30k,A bathroom sink underneath a medicine cabinet next to a window.,85411,34811
460,coco-30k,A classic car parked next to a large metal Canadian airplane.,31135,451202
461,coco-30k,A large white bathroom with a massive mirror over a sink,8170,374950
462,coco-30k,A herd of animals traveling down a country road surrounded by a lush green landscape.,77486,103548
463,coco-30k,a person riding a motorcycle on a race track,98880,143582
464,coco-30k,"a restaurant called time to eat on lincoln avenue
",85725,430774
465,coco-30k,This is an image of the inside of a nice bathroom.,75142,144941
466,coco-30k,China Airlines plain on the ground at an airport with baggage cars nearby.,66120,488278
467,coco-30k,An open laptop equipped with a webcam in front of a television. ,26997,74920
468,coco-30k,Child laying down with arms extended in the air.,79580,226408
469,coco-30k,A lady holding up a pot roast while posing for a photo.,62660,447787
470,coco-30k,A row of motorcyclists lined up while passer byers watch.,95317,477688
471,coco-30k,A cat sitting on a hard wood floor in front of a large library of books.,71111,148737
472,coco-30k,An orange cutting knife on top of a black case.,66625,374743
473,coco-30k,"A bathroom with a sink, counter, toilet and shower curtain.",39456,10800
474,coco-30k,a man in red and plack sleeping on a park bench,15894,360434
475,coco-30k,a cat sitting in a bathtub not looking amused,88525,558073
476,coco-30k,a lit up counter with two fancy sinks on it,6468,167443
477,coco-30k,Two men walking through a field next to a large jet liner.,42003,2881
478,coco-30k,A parked black motorcycle in front of a brown house.,80641,80737
479,coco-30k,Some pans and kitchen spoons hang from hooks on a ceiling rack.,10255,337403
480,coco-30k,A black and white cat sitting on the side of a computer monitor.,67963,371117
481,coco-30k,A domestic cat rests on a kitchen table in front of a microwave.,9986,506151
482,coco-30k,a man sits on a toilet in a bathroom.,70730,73009
483,coco-30k,A small white toilet sitting next to a metal trash can.,17550,75051
484,coco-30k,a group of urinals is near the trees,23001,384036
485,coco-30k,The bathroom counter is nicely decorated and organized.,84932,490927
486,coco-30k,A man walking his bike past a wooden boat.,81696,298784
487,coco-30k,Two stuffed animals are cutting bread and spreading jelly on it.,24030,196758
488,coco-30k,A  soldier riding a red motorcycle down a busy street.,26629,537548
489,coco-30k,"The bathroom is small but clean and neat looking, with an immaculate black and white tub / shower.",76329,474430
490,coco-30k,A kitchen filled with appliances and lots of cupboard space.,54204,519649
491,coco-30k,A man standing by a large air gondola that is docked in a station,44124,163333
492,coco-30k,Two people preparing a meal in a kitchen.,52363,159377
493,coco-30k,A towel on a drying rack in a bathroom with a wooden stool.,10888,401556
494,coco-30k,Small grey cat crawling over a woman's stomach. ,32535,48419
495,coco-30k,View of a narrow bathroom with white vanity and commode with brown tile,28640,287151
496,coco-30k,Woman riding her bike down a small side path.,30526,139291
497,coco-30k,a long beige bathroom with a door to a bedroom and another to the hallway,87113,242611
498,coco-30k,A group of bikers riding down the road together.,57957,419978
499,coco-30k,The unfinished room has tools and construction materials scattered about.  ,57183,257996
500,coco-30k,A black cat half-submerged in a toilet while drinking out of it.,11527,411685
501,coco-30k,A restroom hanging off the side of a building over a mountain.,39567,15918
502,coco-30k,A bathroom with powers on a towel rack under a painting.,15842,205533
503,coco-30k,A man riding a motorcycle next to a woman driving an SUV,76263,252911
504,coco-30k,A woman preparing food at a restaurant for customers.,41121,544237
505,coco-30k,A girl with a drink sitting on the toilet.,71836,120428
506,coco-30k,An older woman walking behind a bus on a city street.,99286,64088
507,coco-30k,Two people riding a motorcycle to the beach.,49859,102411
508,coco-30k,A dirt bike parked near a tent in the woods.,19720,48924
509,coco-30k,A pan filled with veggies and a block of butter.,37026,436467
510,coco-30k,A bathroom with a toilet bowl and shower.,27906,523297
511,coco-30k,a traffic motorcycle cop waits to give a ticket,63333,230008
512,coco-30k,A group of bikers assembles outside of a pizza shop.,57875,469134
513,coco-30k,A kitchen filled with clutter all over it's counter.,36065,314370
514,coco-30k,a kite with a long tail some people and a black truck,23140,122317
515,coco-30k,Pair of giraffes in an open field grazing and watching. ,61409,539478
516,coco-30k,a flock of goats and some men watching them,8898,181666
517,coco-30k,A red fire hydrant between two trees in front of a building.,3107,542211
518,coco-30k,Two birds sit on top of a parked car.,8990,264659
519,coco-30k,three bicycles are parked against a fence a car and building,39031,435444
520,coco-30k,A large airliner jet flying through the blue sky.,75688,572733
521,coco-30k,A kitchen with an odd shaped counter top with a metallic stove oven.,32325,128842
522,coco-30k,A long row of motorcycles parked side by side next to a garage.,42621,342515
523,coco-30k,A long empty road way surrounded by wild plants.,8802,221737
524,coco-30k,A man wearing a suit and tie under a brown umbrella.,74544,258680
525,coco-30k,A person is watching two basketball games at once.,83730,170389
526,coco-30k,A green mountain bike sitting next to a bridge as a train passes by.,97298,506577
527,coco-30k,"A white kitchen with plenty of counter space, a dishwasher and a oven.",9131,261679
528,coco-30k,"A little girl lies on a wooden bench, eating snacks from a bag.",5547,576305
529,coco-30k,Four airplanes  that are crop dusting over some land.,932,316429
530,coco-30k,several young students working at a desk with multiple computers,31184,113588
531,coco-30k,A scene of an apartment with a dining table and a couple of couches.,15971,543047
532,coco-30k,A man sits on a bench in a no smoking area,49656,263163
533,coco-30k,A man drives his car down a road with foot and animal traffic,91943,557016
534,coco-30k,A woman holds a pink and blue kite in her hand,96038,54679
535,coco-30k,Several vehicles turning the corner on a busy intersection.,28902,106335
536,coco-30k,A breakfast bowl consisting of blueberry sconce and strawberry with side of coffee,92553,8718
537,coco-30k,The bathroom has two large windows with a ledge.,49625,245902
538,coco-30k,A woman on a bike with a baby seat holding a dog leash.,79364,210060
539,coco-30k,The man is holding two knives in his hands.,77543,580388
540,coco-30k,An airplane on a runway with snow on it.,449,92963
541,coco-30k,A colorful checkered motorcycle parked along the street.,83971,206176
542,coco-30k,A grey van in front if a parking meter that takes credit cards.,88755,559252
543,coco-30k,A men's public washroom with a blue floor. ,13101,347142
544,coco-30k,A brown songbird perched on the handlebars of a bicycle.,83017,358765
545,coco-30k,A local hero rides through the streets of town on his motorcycle with stuffed animals.,32967,101172
546,coco-30k,A small kitchen with black countertops and stainless steel appliances.,55635,195179
547,coco-30k,A man rides a silver motorcycle down the street in town.,47233,364243
548,coco-30k,A little boy in the airport watching an airplane.,21398,321432
549,coco-30k,A fuzzy photo shows a simple bathroom and bathtub.,17825,53434
550,coco-30k,A jeep with a dead bird on the windshield.,306,565391
551,coco-30k,"A rear view mirror on a bike is reflecting a poster on building.
",66695,775
552,coco-30k,A medieval style tower and clock against blue sky.,92100,215408
553,coco-30k,a bathroom with two sinks two mirrors and a bath tub,23197,47775
554,coco-30k,An old fashioned biplane with its propeller spinning.,49168,469492
555,coco-30k,Unique looking Modern Outdoor Public restroom on a sidewalk.,77764,383065
556,coco-30k,"A baby, an old lady, a woman, and a man prepare for turkey",81229,310121
557,coco-30k,A bathroom with a brown shower curtain and white toilet ,22301,287554
558,coco-30k,"Inside a restroom stall, a rag floats in the toilet water.",56141,69773
559,coco-30k,Person on a motorcycle driving on a paved course.,96100,484397
560,coco-30k,A plane getting ready to land on a runway with another parked on the side or waiting to take off.,76242,461017
561,coco-30k,a kitchen with a sink a stove and a microwave,94336,285007
562,coco-30k,A bathroom with an odd shaped toilet next to a shower.,88731,550527
563,coco-30k,Three monitors sitting on a table one with a view of a baseball game.,53659,356528
564,coco-30k,"Photo of a white towel, plunger and a wall air freshener.",79229,436875
565,coco-30k,This is an aerial view of the nearly-finished bathroom  in a house still under construction.,64684,127496
566,coco-30k,A park bench has been crushed by something,23201,533039
567,coco-30k,a person riding a motorcycle on a closed course ,47396,281676
568,coco-30k,an airplane is getting ready to be loaded with passengers ,65087,3035
569,coco-30k,An airplane leaving a trail in the sky.,36016,485802
570,coco-30k,An orange motorcycle is parked next to a car.,85784,37322
571,coco-30k,A car and a public transit vehicle on a road.,99042,86220
572,coco-30k,A person standing in the kitchen holding a ladle above a bowl while reading a book.,30592,168775
573,coco-30k,A white toilet with a blue seat on a display platform.,68272,142340
574,coco-30k,People in a kitchen are preparing food with plastic gloves on.,41542,497375
575,coco-30k,An old Mustang sits parked next to a parking meter with a sign on it.,96316,170393
576,coco-30k,An older man carrying a plate of food and making a silly face. ,66300,208871
577,coco-30k,a close up of a person cleaning a toilet,45317,89281
578,coco-30k,A pirstine white and black bathroom with a tub by a window,75938,428305
579,coco-30k,A skateboard resting against a wall with a photo sitting next to it. ,26877,556545
580,coco-30k,Dozens of people walking around a metro area,38621,412894
581,coco-30k,"A pink bathroom contains a toilet sink, cabinets, and mirror.",39712,253441
582,coco-30k,"Red motorcycle parked outside of large building in the city, ",74955,556349
583,coco-30k,A plane on the tarmac with airport personnel.,30780,440124
584,coco-30k,A large airplane sits on a wet airstrip on the other side of barred windows.,55829,70889
585,coco-30k,two people riding on a motorcycle on a road,29611,531061
586,coco-30k,a kitchen with a window some cupboards ,64318,365822
587,coco-30k,A library is ready for summer reading along the bookcases.,28404,293228
588,coco-30k,a kitchen with a refrigerator a sink and a stove,98964,577377
589,coco-30k,some planes on an air port run way,69618,99054
590,coco-30k,An office desk with a row of books and a desktop computer and laptop computer on the desk.,63202,26564
591,coco-30k,an orange and white cat is sitting under a car,22544,36124
592,coco-30k,A tiled bathroom with white towels hanging up. ,57686,368349
593,coco-30k,Banana slices and peanut butter on a blue plate.,86295,463555
594,coco-30k,A cow inside a brick building with people looking at it through the door way.,13290,161603
595,coco-30k,Several types of houseplants sitting on a window ledge to receive light from the sun.,43843,77102
596,coco-30k,This bathroom could benefit from a decorating makeover.,44787,441473
597,coco-30k,A cat sits next to a bike that is garnished with flowers. ,8761,377867
598,coco-30k,A woman in a scarf cooks using a huge ladel,39050,511622
599,coco-30k,Two blue bowls of food next to a bottle of cinnamon and sugar.,53543,19358
600,coco-30k,A fully furnished living room with a television leads into a bed room.,66040,425266
601,coco-30k,two bikes parked on the street with pizza delivery boxes attached to their back ends,41516,238147
602,coco-30k,view of a mountain top and clouds from a very high angle,59715,278295
603,coco-30k,a man on skis holds onto the hands of a small girl on skis,58244,538319
604,coco-30k,A man uses his computer while sitting at a desk. ,3710,467887
605,coco-30k,some gray walls a toilet a dartboard and some pictures,47128,112915
606,coco-30k,Black and white photo of a boat full of rowers.,1181,137330
607,coco-30k,a dog is herding some sheep and some people are watching ,66195,84980
608,coco-30k,three people on bicycles lined up behind one another along a road.,80102,75001
609,coco-30k,A cat sleeping on a grey tarp on top of a car.,166,145448
610,coco-30k,A bathroom with a large white tub and his and her sinks.,10564,44361
611,coco-30k,A bathroom with a glass door and a sink.,48794,24996
612,coco-30k,A large porcelain toilet posed with a tan flower pot. ,42399,258985
613,coco-30k,A large boat filled with mean on wheels.,53288,204805
614,coco-30k,A bathroom with a white bathtub next to a toilet.,36310,265574
615,coco-30k,two street signs on a red and white pole next to street.,87165,93791
616,coco-30k,A sink and a show with a cream tile and red painted wall.,25785,545162
617,coco-30k,Two airplanes on a landing strip next to green field and wired fence.,11197,426840
618,coco-30k,A lucky bamboo plant in the window of a small bathroom.,28360,358103
619,coco-30k,"a living room with a leather sofa , flat screen television, throw pillows and a wood slatted coffee table.",93633,153445
620,coco-30k,The motorcycle procession made their way down the crowded street.,95371,135671
621,coco-30k,An old car in a parking lot with a surfboard strapped to the top,40580,68852
622,coco-30k,An open beige toilet with some sort of meter across the seat.,30868,406201
623,coco-30k,Photo of bathroom with tank less toilet and beige and brown walls.,94913,580543
624,coco-30k,Three giraffes in a wood and metal fenced enclosure.,13038,501385
625,coco-30k,A reflection of a woman in a mirror with a camera.,72375,561088
626,coco-30k,A cooler and fishing gear on a fishing pier.,44079,124210
627,coco-30k,The wildlife is grazing on the tall vegetation.,58910,327433
628,coco-30k,A bath caddy is stuffed with all the amenities for teeth care.,38096,230226
629,coco-30k,Closeup of view of the cabin and wing of a large commercial airliner.,2089,217039
630,coco-30k,People are lying down watching television with their socks on.,20693,51628
631,coco-30k,A small airplane getting ready to take off in field ,93051,374060
632,coco-30k,A bathroom with two toilets look in very bad shape.,86096,185276
633,coco-30k,An image of a hotel bathroom that is ugly.,52336,62025
634,coco-30k,A residential bathroom has a modern motel look with upgraded fixtures and accessories.,18674,489091
635,coco-30k,A small kitchen inside of a dark office,84952,380247
636,coco-30k,The bathroom is small and white and gray.,76974,155154
637,coco-30k,A young man stands by two red motorcycles.,95138,484531
638,coco-30k,Three piece fixture bathroom with window over the bathtub.,33407,79446
639,coco-30k,Bathroom with a large  marble tub and marble floor.,63828,554749
640,coco-30k,A man taking pics in a bathroom with a cellphone,92980,295574
641,coco-30k,A shower equipped for a physically challenged person with a shower chair,22440,243386
642,coco-30k,A group of people shopping inside a foreign market,47060,520941
643,coco-30k,A dog out in a field with a herd of sheep.,58136,384007
644,coco-30k,Two cat lying on a floor playing with each other,277,265313
645,coco-30k,A black and white photo of a teddy bear holding a cross.,42603,197792
646,coco-30k,A toilet as is typical in Asian countries. ,18451,514116
647,coco-30k,"A kitchen area is being built that contains a deep sink, a dishwasher, and cabinets. ",45774,577212
648,coco-30k,A very small white bathroom with some sort of electronic apparatus beside the commode. ,8070,82363
649,coco-30k,A large airplane museum with old war planes.,95306,71711
650,coco-30k,A black cat is huddled in the bathroom sink for a perfect fit.,67387,416668
651,coco-30k,A man riding on the back of another mans bike in the street,5412,431113
652,coco-30k,A light brown bathroom with a white toilet and sink.,83736,17235
653,coco-30k,An angled view from the kitchen of an unfurnished home.,39659,488349
654,coco-30k,"A view of a cloudy sky beyond a street lamp.
",87621,345930
655,coco-30k,A bike in the middle of an empty parking lot next to trees,36126,152771
656,coco-30k,A toilet that is decorated like a pink stuffed animal,44868,437392
657,coco-30k,A large passenger plane on a runway prepares to taxi,85647,570001
658,coco-30k,A small bathroom with a stainless steel sink,19442,213429
659,coco-30k,A car accident between a car and a bus,20418,349101
660,coco-30k,A ladder sitting against a bathroom wall next to a toilet.,20443,422416
661,coco-30k,A woman is crossing the street with a bouquet of flowers.,68897,96946
662,coco-30k,A huge airplane looks small against a wide open concrete area.,66866,237060
663,coco-30k,A bathroom that has a sink in a window sill.,23643,577912
664,coco-30k,A man is lounging on a motorcycle while parked alongside the road.,3751,559303
665,coco-30k,A wooden kitchen table and bench on wooden floor.,95611,444382
666,coco-30k,A blue race car bed sitting next to a fake fuel pump.,25701,384111
667,coco-30k,A desktop computer in a kitchen with a lamp next to it.,47411,482974
668,coco-30k,Small kitchen with white cabinets and white appliances with a city view. ,9302,19028
669,coco-30k,A computer keyboard next to a mouse and remote control sitting on top of a table.,13794,230190
670,coco-30k,This office area is organized with many notes and materials.,11275,35768
671,coco-30k,Ten porcelain pieces with floral patterns painted on them.,22704,571804
672,coco-30k,Three women sitting on a park bench next to each other.,59109,78404
673,coco-30k,A bowl of food sitting on top of a white kitchen counter.,58095,258266
674,coco-30k,A large propeller airplane flying through the sky.,80661,187680
675,coco-30k,People stand around an antique motorcycle in a grassy area.,15645,308631
676,coco-30k,A row of bicycles parked on the sidewalk.,93183,369190
677,coco-30k,a spotted dog sitting underneath the kitchen counter,4285,427639
678,coco-30k,Two nice motorcycles are parked in the grass,35498,482707
679,coco-30k,A woman standing in a kitchen in front of a washing machine.,73905,170630
680,coco-30k,A woman in a red robe is sitting at a dining table.,49544,399879
681,coco-30k,A toilet with an illuminated seat in a restroom.,3459,423971
682,coco-30k,A parade with police officers riding police motorcycles,93019,499802
683,coco-30k,A black ct with green eyes sitting in the sun.,29615,304560
684,coco-30k,A giraffes peaking over a rock with trees in the background.,53386,117869
685,coco-30k,A black and white photograph of a plane with many admirers.,41990,432397
686,coco-30k,A bathroom with a sink under a huge vanity mirror.,73510,292278
687,coco-30k,a view of a bathroom area with a white long flusher and window behind it ,35832,464534
688,coco-30k,Two men and a dog in a kitchen.,27431,553436
689,coco-30k,A marble tiled bathroom with double sinks and wooden cabinets,20627,386766
690,coco-30k,A bathroom has a self standing sink on the wall.,35329,196521
691,coco-30k,A group of passengers sitting on an airplane in flight,52805,479008
692,coco-30k,A white bathroom with a walk in shower and a toilet.,48757,532686
693,coco-30k,A motorcycle is in a parking lot with a helmet on top.,96036,361386
694,coco-30k,A pretty young lady sitting on a sidewalk next to an older man.,27763,32124
695,coco-30k,An ANA airplane as it is taking off.,28525,478120
696,coco-30k,An adorable small dog wearing sunglasses while sitting in a back seat.,13154,283833
697,coco-30k,Two tall giraffe standing next to a green leaf filled tree,78523,172285
698,coco-30k,Lights shine on a wooden dining room table.,29714,221708
699,coco-30k,A man thinks as he stands in front of a sign.,10476,118097
700,coco-30k,An airplane parked in front of a small airport.,93936,412184
701,coco-30k,Three white urinals hanging on a wall in the bathroom.,19141,240565
702,coco-30k,An airplane flies low to the ground near a mountain range.,30198,293218
703,coco-30k,MIXTURE OF FRUITS KEPT IN A BIG BOWL.,6545,169111
704,coco-30k,A golden stoned elevator has a clock above it. ,65507,11721
705,coco-30k,A clown riding a bike down the street,60305,13296
706,coco-30k,A orange and cream colored bus parked outside a small market.,62923,241867
707,coco-30k,A man riding a bike on a dirt path through a forest.,99436,490847
708,coco-30k,A group of people set on the ground talking in a park.,33358,88682
709,coco-30k,"A man, woman and child in an advertisement vehicle for a seafood restaurant.",94799,559270
710,coco-30k,A green motor bike with an odd leather seat sitting on a road.,67529,121430
711,coco-30k,A snow covered soiled toilet sitting in front of a house.,2840,276387
712,coco-30k,A large bedroom with big windows and a patio.,50263,195894
713,coco-30k,A picture of a cat on a bike panted on a garage door.,7950,434891
714,coco-30k,A brown dog standing next to bicycles in front of a store.,85859,82312
715,coco-30k,A young man crossing a street next to bikers.,58935,487181
716,coco-30k,A black and white image of a plane flying over treetops.,36774,515422
717,coco-30k,A large jetliner parked an airport near a passenger loading terminal.,50857,36492
718,coco-30k,A dog sitting in front of a brown wooden door.,88834,16730
719,coco-30k,"A toilet with a blue seat cover with a note that reads "" Please Don't Use Sorry"".",24241,80017
720,coco-30k,A library filled with wooden tables with apple laptop computers on them.,57599,509811
721,coco-30k,A glass vase filled with oranges on a table next to a plate filled with even more oranges.,74553,484080
722,coco-30k,A kitchen with a doorway leading to a laundry room.,17746,301827
723,coco-30k,An airplane high in the sky flying overhead.,9400,455943
724,coco-30k,An airport with large jetliners and a bus traveling on a tarmac.,47268,18975
725,coco-30k,A street filled with lots of traffic next to tall buildings.,2344,26204
726,coco-30k,A man riding a motorcycle with a woman on the back.,45126,133002
727,coco-30k,A narrow kitchen with a refrigerator at the end of it.,74796,8292
728,coco-30k,A commercial bathroom stall with empty toilet paper holders.,59846,85576
729,coco-30k,A kitchen with a white stove and oven.,17934,283190
730,coco-30k,A man standing next to a motorcycle in the middle of a street.,18121,542183
731,coco-30k,A bathroom with the toilet tank high up on the wall.  ,73169,409500
732,coco-30k,A bathroom with a walk in shower next to a toilet.,52846,443652
733,coco-30k,A bathroom with a white sink next to a toilet paper roller.,44773,215255
734,coco-30k,A shelf in a bathroom holding liquor and a book.,79369,314016
735,coco-30k,The man is wearing orange and black shoes.,15450,3466
736,coco-30k,A young man riding a bike through a trail in the woods.,93533,308677
737,coco-30k,A sloping street in a small mountain community.,97054,35897
738,coco-30k,A bicycle resting outside of a building door,73490,28714
739,coco-30k,Motorcycle rider rides a rocky trail in the forest.,75236,498350
740,coco-30k,passengers sitting in the seats aboard an aircraft,63134,363286
741,coco-30k,"People outside a building on a street with a gay crossing, girl with bicycle, and a motorcycle rider with helmut.",51115,108838
742,coco-30k,a black cat standing in front of a motorcycle,51237,153217
743,coco-30k,Old motor bike sitting on display in a museum. ,15051,196415
744,coco-30k,A person with an umbrella is standing by a fountain.,43145,316183
745,coco-30k,A kitchen has a dining table with a lime green chair.,35149,48708
746,coco-30k,Two black and white dogs in front of an abandoned truck in a wooden area. ,2535,98194
747,coco-30k,A girl is holding a paper up over her face as a man is shown behind in a mirror talking on a phone.,15274,487338
748,coco-30k,a man putting his bike on a rack in front of the bus,9045,120340
749,coco-30k,A mountain bike leaned up against a bus stop bench.,1444,25853
750,coco-30k,Clear blue sky's with a plane flying by.,65423,202573
751,coco-30k,A square white sink beneath an elegant mirror,31070,575032
752,coco-30k,a punch of people sitting on park benches,27108,381551
753,coco-30k,A row of motorcycles parked next to each other.,5688,319345
754,coco-30k,Two parking meters on a city street. ,21203,62200
755,coco-30k,A woman standing in a kitchen with her hands clasp together. ,39962,567636
756,coco-30k,"Antelopes, zebras, and giraffes are gathered around the watering hole. ",36926,460567
757,coco-30k,A giraffe standing by itself in the sand.,55799,204930
758,coco-30k,A motorcycle is parked near a puddle and a van.,20707,270066
759,coco-30k,A small bathroom with a checker board  wall.,86039,155617
760,coco-30k,A girl takes a picture of herself in the mirror.,58009,470313
761,coco-30k,A large bowl full of noodles and onions,90378,276631
762,coco-30k,A clean bathroom with black marble counter top.,32965,48185
763,coco-30k,A foot ball fan is showing off his team spirit,39770,554433
764,coco-30k,The banana is laying next to an almost empty bowl.,10876,348708
765,coco-30k,A group of people sitting on a train with lots of luggage.,1778,195955
766,coco-30k,A yellow and green checkered motorcycle parked in front of a store window.,88919,241113
767,coco-30k,"A man, a woman and a child ride a motorbike together in front of a small building.",91417,79930
768,coco-30k,"A dirty bathroom features a toilet with a blue seat, a tub and a waste paper basket.",91373,552074
769,coco-30k,A bike is perched on a concrete girder on the road.,72586,224051
770,coco-30k,A pretty young girl standing next to another pretty young girl on a beach.,80044,163746
771,coco-30k,A large church building with a massive clock tower.,29823,382122
772,coco-30k,A white toilet sitting next to a window in a bathroom.,10644,93331
773,coco-30k,A bathroom with a walk in shower currently under repair.,62867,60760
774,coco-30k,A kitchen filled with dishes and clutter and its sink under repair.,77811,570981
775,coco-30k,A large cathedral with a massive tower in front of a street.,10747,367336
776,coco-30k,Large jetliners parked on an airport tarmac outside of an airport.,77328,183379
777,coco-30k,Two women sitting on benches in an outdoor setting.,77813,253986
778,coco-30k,a bathroom wih a big mirror and a tv attached in the corner,44987,939
779,coco-30k,a group of airplanes waiting on the tarmac,60839,441695
780,coco-30k,A bathroom sink under a mirror in a bathroom.,97131,110560
781,coco-30k,A bike parked on a grass field next to a river.,78278,532285
782,coco-30k,A man with a football being chased by another man.,4092,65057
783,coco-30k,A herd of sheep standing on a dry grass field behind a white fence.,83357,330676
784,coco-30k,A man working on a motorcycle suspended in a garage.,60327,531234
785,coco-30k,A man with white hair and a beard wearing priestly robes.,38111,372220
786,coco-30k,"In the desert, two people are sitting next to a small propeller plane next to a tent with other planes in the background.",53587,571857
787,coco-30k,"A tiled shower, molded plastic bathtub, shelf, mirror, wooden vanity, lamp, and sink make up a beige colored bathroom.",5891,170041
788,coco-30k,Two cats sitting on a  sill looking out the window,70155,243456
789,coco-30k,Two people sitting and laying on top of a park bench.,62904,83049
790,coco-30k,A gray and white kitten sitting in a bathroom sink.,2072,209747
791,coco-30k,An commerical airplane is flying high in the sky,84117,160529
792,coco-30k,A motorcycle parked outside in a parking lot near the beach.,70299,127119
793,coco-30k,A woman gathers the trash in her kitchen.,88220,358302
794,coco-30k,a motorcycle sitting on the sidewalk in the shade,84989,278509
795,coco-30k,A small plane is preparing to land on the strip,11137,575205
796,coco-30k,Bathroom designed to look like a caveman's den. ,43812,466118
797,coco-30k,A large jetliner lading on a runway at an airport.,15934,395978
798,coco-30k,A large jetliner flying over a traffic filled street.,26332,81922
799,coco-30k,Two urinals sitting side by side in a restroom.,36304,318161
800,coco-30k,A motorcycle parked in the middle of a roadway.,59154,264121
801,coco-30k,A bathroom with two sinks and two mirrors.,84634,393659
802,coco-30k,A bathroom with a vanity mirror next to a white toilet.,61649,545317
803,coco-30k,A small black dog watching a flat screen TV.,39507,326937
804,coco-30k,A white toilet sitting in the corner of a bathroom.,38380,495984
805,coco-30k,A bus driving down a road by a building.,28912,346904
806,coco-30k,A sports motorcycle is parked on a gravel road by a river.,14054,55955
807,coco-30k,A man wearing a beret while using a laptop computer.,86250,53431
808,coco-30k,A kitchen with a wooden counter next to an oven with a stove.,37549,370138
809,coco-30k,A person on a motorcycle looks at a sign.,36945,325958
810,coco-30k,A man and a pretty woman sitting together while the woman holds a teddy bear.,59267,246004
811,coco-30k,A man riding a motorcycle on a race track.,50370,511145
812,coco-30k,A bathroom filled with urinals mounted on a wall side by side.,10774,540354
813,coco-30k,A mean leaning against a metal rail next to an airport.,84416,99518
814,coco-30k,a flat screen TV embedded in a restroom mirror.,24524,17379
815,coco-30k,a kitchen with a refrigerator a small table and chairs,44384,283816
816,coco-30k,A herd of sheep grazing in a grass covered field.,7792,434060
817,coco-30k,a bicycle in a living room with a tv,12705,386313
818,coco-30k,A metallic toilet sitting in a small bathroom.,87011,55002
819,coco-30k,A bike leans on a wooden fence on a hill.,6897,263961
820,coco-30k,An airport filled with large passenger jets parked next to each other.,9902,125870
821,coco-30k,A bathroom with an open door and a sink beneath a mirror.,33949,432605
822,coco-30k,A couple of men herding sheep down a road.,26028,210883
823,coco-30k,An overhead view of a man in front of a public toilet.,18503,482382
824,coco-30k,A beach filled with people flying colorful kites,31259,560879
825,coco-30k,Two small planes flying with each other in the sky,24003,210228
826,coco-30k,A red painted wall is against a television.,55882,53484
827,coco-30k,A small black cat sitting on the ground.,24892,45208
828,coco-30k,A middle aged man standing next to a parked motorcycle,25385,471858
829,coco-30k,A kitchen counter with dishes dryin g on the stove,25501,509807
830,coco-30k,A young woman on a beach flying a kite,70111,486400
831,coco-30k,an image of a group of policeman on motorcylces,92428,331686
832,coco-30k,"A bathroom with a sink, toilet, and vanity.",26580,570138
833,coco-30k,This kitchen has a blue sink with many plants hanging around,50026,439837
834,coco-30k,"A very roomy, clean kitchen in green and white tile. ",59840,568717
835,coco-30k,A citizen stands pointing to a Police motorcycle as the cop looks on. ,43159,263700
836,coco-30k,A cat climbing into a bathroom sink looking at someone,30811,463825
837,coco-30k,The reflection of a man taking  a picture in a mirror,81104,202228
838,coco-30k,A television screen is displayed in an empty bus.,7560,194832
839,coco-30k,Blurred image of motorized scooters on a wooded road.,99603,541783
840,coco-30k,mANY CHEFS WORK ON COOKING FOOD IN THE KITCHEN.,36860,392320
841,coco-30k,A small bath room with a sink and toilet.,49301,89391
842,coco-30k,A Ford Mustang next to a brown horse.,76553,173530
843,coco-30k,A bathroom that has magazine rack and small cabinet.,48113,147518
844,coco-30k,The airplane flies low to the ground during sunset.,76120,22718
845,coco-30k,A house's address is visible through a cracked windshield.,60456,95736
846,coco-30k,A man is riding with a box on the back of his bike.,65751,117458
847,coco-30k,a stainless steel tabletop covered in dinnerware in a kitchen,98806,569652
848,coco-30k,A bathroom is photographed with a fisheye filter.,9116,347740
849,coco-30k,a bathroom with a bath tub a toilet and a sink,96946,284153
850,coco-30k,A bird sits on an outside windowsill overlooking a parking lot.,15712,566038
851,coco-30k,a small air plane on an air plane run way,48625,46011
852,coco-30k,"Passenger air planes parked at an airport, overcast weather.",20584,543203
853,coco-30k,Six white pedestals sinks sitting by the wall in a bathroom.,10399,295756
854,coco-30k,Extremely modern bathroom renovation with wood and porcelain,32460,26522
855,coco-30k,a table with pots and pitchers with knives in a cupboard,94884,427796
856,coco-30k,A dog approaches two sheep in front of onlookers.,8030,581654
857,coco-30k,All of the bunches of bananas are yellow and ripe.,8632,571518
858,coco-30k,"A woman with a giraffe , parrot and kangaroo near the eiffel tower",86494,254172
859,coco-30k,Cats in a bathroom playing with the toilet paper,44172,304447
860,coco-30k,A furry long haired dog standing near a car,92859,135116
861,coco-30k,A girl sitting on a kitchen counter drinking wine.,47754,332607
862,coco-30k,A man standing next to a bike inside of a building.,27579,146112
863,coco-30k,A woman is riding a bike with something in her hand. ,94955,535483
864,coco-30k,An airplane doing maneuvers with white smoke pouring out of it's back end.,50190,315191
865,coco-30k,A simple white residential kitchen with breakfast bar,79885,105177
866,coco-30k,A bathroom that has recently been tiled and grouted,18354,453093
867,coco-30k,A bicycle parked next to a snow covered park bench.,17309,72810
868,coco-30k,A man standing next to a dog near a sheep penn.,26499,337044
869,coco-30k,A silver park bench is in the park ,90489,391371
870,coco-30k,A group of giraffe standing next to each other by tall trees.,25723,541274
871,coco-30k,A bunch of bananas sitting on top of a wooden table.,41596,3661
872,coco-30k,A white toilet bowl with an electronic brown seat.,44872,7288
873,coco-30k,Two cooks standing at the counter on a kithchen next to bottles.,89009,410350
874,coco-30k,A man prepares food in a restaurant kitchen.,34824,449466
875,coco-30k,A woman in vintage clothing carrying an umbrella,4818,150144
876,coco-30k,A bathroom with a sink and toilet and a window.,45834,111076
877,coco-30k,Two dogs are looking up while they stand near the toilet in the bathroom.,9017,173350
878,coco-30k,A giraffe walking through dead bushes and grass.,78292,579593
879,coco-30k,A lone man sitting on a bench on hill next to a large tree,554,150538
880,coco-30k,A tan dog with sky blue eyes posing for a picture with a man sitting on a chair in the background.,71222,560373
881,coco-30k,A double decker bus driving while it snows.,17813,133503
882,coco-30k,A little girl holding a kitten next to a blue fence.,69922,562150
883,coco-30k,Two giraffes standing beside each other next to a fence.,57146,347925
884,coco-30k,A white dish with a tomato based casserole,30400,385181
885,coco-30k,A plate with two hot dogs and a cup of coke on a table next to a bike.,60795,200365
886,coco-30k,A public rest room with a black and white checkered floor.,88691,543660
887,coco-30k,Person on motorbike  with speed detector showing 26.,99208,378727
888,coco-30k,An ornate vase with a handle sitting on a table.,94681,541086
889,coco-30k,a bowl of fruit and pastry on a table,53318,558642
890,coco-30k,A woman walking while carrying bananas on her hat.,81172,147740
891,coco-30k,"Commode scene, probably commercial establishment, outside of USA.",49247,255654
892,coco-30k,A small kitchen cluttered with a variety of kitchen items.,3581,436130
893,coco-30k,a brick clock tower in the middle of a street,5279,561578
894,coco-30k,A motorcycle being held up slightly by its back tire.,84379,178084
895,coco-30k,A row of wall mounted sinks in a restroom.,61206,43997
896,coco-30k,A woman making sandwiches on a kitchen counter top.,29511,91263
897,coco-30k,A woman standing outside with her black luggage.,45383,312175
898,coco-30k,A tall building with a lot of windows and a clock. ,64722,553588
899,coco-30k,A large crowd of motorcycle enthusiasts at a motorcycle event.,67507,99425
900,coco-30k,A biker with a helmet on is standing behind two motorcycles.,63345,303321
901,coco-30k,A walkway suspended over a street with a clock mounted to it.,88794,497504
902,coco-30k,A bathroom with white tile and a beige toilet.   ,21354,84064
903,coco-30k,A crowd of people walking down a street next to a traffic light.,14742,31019
904,coco-30k,A green bathroom with a mirror and a pink sink.,36046,423769
905,coco-30k,Man in a restaurant kitchen preparing a meal.,5038,35525
906,coco-30k,A 787 Jet Airplane sitting on a runway at an airport.,76609,465664
907,coco-30k,A large truck drives up to an airplane.,75226,127668
908,coco-30k,A small bathroom with a white toilet sitting next to a sink.,51381,85632
909,coco-30k,A woman holding a big spoon while cooking spaghetti.,89410,167724
910,coco-30k,A person is holding a spatula near slices of bread on a stove.,1477,243204
911,coco-30k,A compact bathroom with vessel sink and toilet.,48092,375916
912,coco-30k,A plane is sitting on the tarmac as the sun rises or sets.,67888,177101
913,coco-30k,a white and blue jet is flying in some clouds,10547,93703
914,coco-30k,An airplane sitting in front of a group of people.,99128,512334
915,coco-30k,a computer on a desk surrounded by papers,23231,43092
916,coco-30k,A kitchen filled with pots and pans under a microwave.,45729,340511
917,coco-30k,"A pizza sitting on top of a table with olives, sausage and cheese.",46687,415874
918,coco-30k,"a kitchen has a chrome stove and oven with white cabinets.
",60505,556230
919,coco-30k,a shower door a sink a mirror and an outlet,37475,394517
920,coco-30k,A cluttered room filled with a tv and a kitchen. ,91948,368900
921,coco-30k,a person in an office setting sitting in a chair,65704,263687
922,coco-30k,a bathroom with a toilet and a sink,21040,426053
923,coco-30k,A small white church with a clock on the side of it's tower sitting on the end of a street ,77633,271970
924,coco-30k,a light brown bathroom with drawers sink and toilet,74648,5412
925,coco-30k,Two motorcyclists driving on a street with parked vehicles.,63683,471488
926,coco-30k,two people with a motorcycle and trailer parked by a waterfall.,92204,356145
927,coco-30k,"a bathroom with towels , lights, and a sink that is clean ",57312,234590
928,coco-30k,Young man holding a tennis racket while standing in front of a fence.,10863,94745
929,coco-30k,THERE IS A MOTORCYLCE WITH PEOPLE STANDING ON THE SIDE OF THE STREET ,17837,320249
930,coco-30k,A nice shower has a glass enclosure and sliding door,85648,401623
931,coco-30k,THERE ARE TWO PEOPLE THAT ARE STANDING TOGETHER ,38545,204507
932,coco-30k,"Two toilet stall, one blue and the other orange.",17646,241888
933,coco-30k,A plane on the runway is being led by a tow cart,571,413096
934,coco-30k,A herd of sheep is on the side of the road and a bus drives through.,17886,380756
935,coco-30k,A woman cooks dinner while three people stand at a counter in the kitchen.,1401,334291
936,coco-30k,There are pictures of flowers in the bathroom.,50485,14921
937,coco-30k,"A long, narrow yellow kitchen with black and white floor tiles.",59753,454203
938,coco-30k,four lambs grazing in a fenced in pasture,25735,51844
939,coco-30k,two motocross racers in the middle of a race,9208,214192
940,coco-30k,A large plane flies in the sky while a reflection shines from the wings.,33369,53838
941,coco-30k,A calico cat drinking from a sink faucet.,74099,134096
942,coco-30k,"MAN ON A CONTRAPTION, SURROUNDED BY A BICYCLE AND ANOTHER PERSON",17318,441586
943,coco-30k,People riding bicycles down the road approaching a bird.,50751,515289
944,coco-30k,Two skiers trekking across the terrain in the snow,15408,488755
945,coco-30k,Motorcycle parked along the street next to a building.,42565,262394
946,coco-30k,"BLACK, BLUE, WHITE, RED, ORANGE RED AND YELLOW AIRPLANE",21818,570349
947,coco-30k,A commercial stainless kitchen with a pot of food cooking. ,92142,309022
948,coco-30k, A tall woman is standing in a small kitchen,61,345389
949,coco-30k,The large mirror has bright lighting behind it.,79700,352000
950,coco-30k,Two sheep are standing side by side behind a fence.,14085,299042
951,coco-30k,Urinals lined up along one wall with a handicap accessible one at the end.,14043,280320
952,coco-30k,Long counter in center of room surrounded by grocery cases.,12474,565296
953,coco-30k,Lovingly restored antique double decker buses in London,34621,484723
954,coco-30k,Sheep are standing on a platform with a dog behind them.,73032,483994
955,coco-30k,A plane is flying away from the airport,97186,425221
956,coco-30k,There are two people riding on a motorcycle together,55489,363048
957,coco-30k,A person in a red sweatshirt on a motorcycle,57452,195267
958,coco-30k,A computer screen is lit up on a computer desk.,72763,86426
959,coco-30k,A public restroom with a  garbage can and shower hose,53681,2061
960,coco-30k,People watching a plane take off from a runway.,10092,183895
961,coco-30k,A gas station and a traffic light. ,19108,181524
962,coco-30k,Food and a spoon sit on a plate on a table.,37185,438999
963,coco-30k,A dog chasing several sheep through a pasture.,32940,402626
964,coco-30k,A makeshift tent is constructed at a camp site.,26765,65258
965,coco-30k,A shower curtain is pulled back in a bathroom. ,4627,165750
966,coco-30k,A kitchen with oak cabinetry  and white appliances,32877,507958
967,coco-30k,A bathroom with urinals that have graffiti above them,14769,57454
968,coco-30k,A welcome sign over a road with cars driving underneath,53813,556345
969,coco-30k,A large white bus drives through an intersection. ,85749,102668
970,coco-30k,A picture of a bathroom with a sink and tolet.,88368,24061
971,coco-30k,A cat crouched over sitting by a brick wall.,22868,163155
972,coco-30k,A man sitting on a couch with a dog on his lap,22141,504900
973,coco-30k,A motorcycle parked next to street with little to no traffic.,34297,315868
974,coco-30k,A cat sitting on the hood of a car.,91634,578632
975,coco-30k,A large empty bathroom with a walk in shower tub.,35764,557135
976,coco-30k,Some chairs sit at an island near an open door. ,57376,216497
977,coco-30k,A person sits at a table in a kitchen. ,47607,107922
978,coco-30k,A traffic signal sitting next to a street at night.,19927,339974
979,coco-30k,A giraffe walks through a line of cars in a parking lot.,13256,54305
980,coco-30k,A white toilet sitting next to a toilet paper roller in a bathroom.,56810,560367
981,coco-30k,An old wooden steeple with a clock on it,69569,563311
982,coco-30k,A restroom with two toilets sitting side by side.,73756,448765
983,coco-30k,A large Delta passenger jet being prepared for take off from an airport runway.,80147,525344
984,coco-30k,The interior of a bathroom with crumpled and torn toilet paper on the floor along with a toilet roll that has been pulled.,48065,79878
985,coco-30k,A white truck parked next to a white trailer.,68314,515266
986,coco-30k,Two cats eating food from bowls on a black and white checkered tile floor.,11995,41271
987,coco-30k,A walk in shower next to a toilet with a wooden seat.,4566,360564
988,coco-30k,A crowd of bikers driving down a street next to tall buildings.,45691,497969
989,coco-30k,A blurry photo of a kitchen and a dining room.,32805,151911
990,coco-30k,A young woman stands by the post with a pink umbrella.,27964,142261
991,coco-30k,A modern kitchen that is bright and painted blue and yellow.,18403,344488
992,coco-30k,A man standing next to a set of piked motorcycles.,33593,360573
993,coco-30k,A modern style wooden kitchen with multi layered counters.,73406,267135
994,coco-30k,An intracately designed boat on a river bank.,56456,348140
995,coco-30k,A herd of sheep walking on a cluster of dry grass.,56018,290521
996,coco-30k,"A modern kitchen with stainless steel fridge, wooden cabinets, and overhead lighting is separated from the dining room by a bar.",11245,550864
997,coco-30k,A kitchen with a washer sitting next to a metal sink.,21163,190734
998,coco-30k,A table full of vegetables and fruits  piled on top of each other.,16379,523373
999,coco-30k,A man sitting on a park bench next to a herd of sheep.,26395,489248
1000,coco-30k,A colorful fighter jet flying through a blue sky.,12887,90631
1001,coco-30k,A white toilet sitting in the corner of a bathroom.,45816,429074
1002,coco-30k,A city made out of stone brick with large arches.,5583,427338
1003,coco-30k,People standing and sitting around at a pier,56960,111099
1004,coco-30k,A bike parked next to a cat leaning up against a stone wall.,31442,283505
1005,coco-30k,A man wearing a helmet while holding a banana next to a woman wearing a helmet.,77504,58705
1006,coco-30k,Light poles in the snow with yellow traffic lights mounted on them.,42819,388026
1007,coco-30k,"A large elephants reflection in a cars side view mirror, with other elephants in the distance.",58379,111789
1008,coco-30k,A small town street filled with traffic beneath a mountain.,40961,436653
1009,coco-30k,An orange cat sitting in front of a door to a house.,78915,360943
1010,coco-30k,A kitchen counter top filled with appliances and a wooden shelf..,29873,533003
1011,coco-30k,A bathroom with a white toilet and a white toilet seat.,368,280619
1012,coco-30k,A city street filled with traffic at night.,29943,493695
1013,coco-30k,A bathroom sink with a marble counter top under a large mirror.,87070,302760
1014,coco-30k,a person with a shopping cart on a city street ,99911,252219
1015,coco-30k,a person riding a dirt bike in the air with a sky background,96333,522198
1016,coco-30k,A white compact car parked on a sandy dirt road.,62093,296243
1017,coco-30k,A face car driving past a parked motorcycle.,29822,64723
1018,coco-30k,A bicycle chained to a pole on a snowy day,79619,288923
1019,coco-30k,A black and white cat sits in a white sink.,92884,189939
1020,coco-30k,"An empty clean kitchen with island, marble countertops , stove and cabinetry.",22236,309925
1021,coco-30k,A man riding a motorcycle in pink furry boots.,33012,434467
1022,coco-30k,A young man riding a bike past a lake.,46489,320641
1023,coco-30k,A purple and white bus driving down a street.,22371,313182
1024,coco-30k,A blue car making a right turn at an intersection.,11406,67956
1025,coco-30k,A man riding a motorcycle down a busy city street.,79540,91636
1026,coco-30k,A large passenger jet sitting on top of an airport runway.,59522,98520
1027,coco-30k,A bathroom with a walk in shower next to a toilet and a sink.,48529,41839
1028,coco-30k,A white and green kitchen filled with dishes and appliances.,99307,106351
1029,coco-30k,The grinch riding a motorcycle with a small dog with antlers.,91713,378163
1030,coco-30k,A bathroom sink under a mirror next to a plant.,57698,354072
1031,coco-30k,Two giraffe standing next to each other at a zoo.,40772,502311
1032,coco-30k,A group of people walking towards a beach while carrying surfboards.,18589,5476
1033,coco-30k,A small bathroom with a small brown toilet next to a white sink.,56572,547003
1034,coco-30k,A kitchen filled with appliances and track lighting.,280,96107
1035,coco-30k,A herd of cattle sitting in front of a church with a steeple.,94310,206135
1036,coco-30k,A white toilet sitting next to a white bath tub.,97838,357475
1037,coco-30k,A couple of dogs sitting in the front seats of a car.,44859,252203
1038,coco-30k,Two magazine photos of a motorcycle and rider.,84419,139169
1039,coco-30k,A desktop computer monitor on a white desk next to books.,21239,523526
1040,coco-30k,A blue motor scooter parked in front of a brick building.,69606,10954
1041,coco-30k,A man riding a green motorcycle on a winding road.,63205,573072
1042,coco-30k,A bicycle parked on top of a bed in a bedroom.,64180,108679
1043,coco-30k,People walking outside of a red brick building.,1722,11182
1044,coco-30k,A busted bathroom sink underneath a mirror in a bathroom.,47929,513064
1045,coco-30k,A doorway into a clean wood floored kitchen.,50208,308799
1046,coco-30k,A large white teddy bear sitting on top of an SUV.,74679,245013
1047,coco-30k,A man sanding next to a brick oven filled with fire.,44766,281111
1048,coco-30k,A bathroom with a white toilet sitting next to a bath tub and a sink.,44977,338098
1049,coco-30k,A dog watches an animal on the television.,44399,281533
1050,coco-30k,A couple of cats sleeping on a car hood.,48291,483249
1051,coco-30k,Three woman with their backs turned in a kitchen.,47546,410319
1052,coco-30k,Two people going through belongings from the truck of a car.,67753,282658
1053,coco-30k,A group of people are looking at a plane being removed from a field by a bulldozer.,60516,145019
1054,coco-30k,A red carpet in a bathroom with white fixtures,71425,485916
1055,coco-30k,A plane flying over the water at sunset,20811,266070
1056,coco-30k,A small plane landing in  a grassy field,34483,527506
1057,coco-30k,A blue bathroom has an updated sink and toilet.,57421,66879
1058,coco-30k,A bench sitting on a sidewalk near a line of cars.,58214,543112
1059,coco-30k,A bowl filled with fruit on a napkin.,36102,318405
1060,coco-30k,A plane sits outside a room full of chairs. ,19420,233079
1061,coco-30k,Clouds can be seen beyond the wing of the plane. ,24993,396204
1062,coco-30k,Black and white photograph of cars parked along a curb in the city,22538,285742
1063,coco-30k,A black motor cycle parked on a cobblestone street,36356,566249
1064,coco-30k,people on bicycles ride down a busy street ,58619,462565
1065,coco-30k,A woman walking across the street looking at a Car Quest vehicle.,3549,255795
1066,coco-30k,The large living room has been decorated in modern furnishings.,55785,205514
1067,coco-30k,A tiled bathroom with toilet and open shower,9282,537812
1068,coco-30k,The graveyard in front of the church is very spooky.,86685,521877
1069,coco-30k,"The giraffe is sticking out its long tongue, perhaps tasting the fence rail.",59505,555023
1070,coco-30k,A black cat sits in a bathroom sink.,56883,284623
1071,coco-30k,A dump truck passing a gentleman on a bicycle loaded with wood benches.,22584,528962
1072,coco-30k,A person gets ready to indulge in drinking a shake and eating a slice of cheesecake.,544,250790
1073,coco-30k,An older gentleman is taking a ride on his motorcycle. ,79748,261603
1074,coco-30k,A man standing in front of a mirror shaving,51595,45976
1075,coco-30k,The modern made toilet is next to a small bidet.,93490,111014
1076,coco-30k,A nice spacious bathroom with light brown tile.,63644,135613
1077,coco-30k,A bathroom with orange and white flooring with double sinks,38914,278338
1078,coco-30k,A bathroom with a bathtub sitting next to a toilet.,82937,319285
1079,coco-30k,A scooter is parked on the street in front of a car. ,31234,567171
1080,coco-30k,A striped cat sleeping on someones white purse,31189,148968
1081,coco-30k,The dark mirror shows a bathroom in it's reflection.,52256,415967
1082,coco-30k,Many oranges have been placed inside a bowl.,31736,31000
1083,coco-30k,A group of traffic lights sitting above an intersection.,72549,398385
1084,coco-30k,A series of images of pots filled with chocolate and desert.,87349,51476
1085,coco-30k,a person riding a motorcycle on a road with a hill in the background,57012,207853
1086,coco-30k,A microwave oven sitting on top of a counter top.,92376,478077
1087,coco-30k,Two bathroom sinks under two mirrors next to paper towel dispenser.,1318,302159
1088,coco-30k,A kitchen with a bright window and house plants,17274,136355
1089,coco-30k,A man watches a giraffe eating from a tree. ,78193,179930
1090,coco-30k,A person that is driving on the street.,90309,562592
1091,coco-30k,A close up of a person's hand with a scissors cutting something wet.,62209,204757
1092,coco-30k,A skier in the midst of a jump,35621,469719
1093,coco-30k,A very clean sink that is in the bathroom.,26142,275270
1094,coco-30k,A parked motorcycle on display next to the skull of a demon.,93916,338044
1095,coco-30k,A traffic light with a smile green light above a red sign.,72388,222494
1096,coco-30k,A picture of some people about to board a plane.,44871,368541
1097,coco-30k,Person on a motorcycle coming up to a stop sign on the street.,9782,237568
1098,coco-30k,A brick building with an open window next to a few colorful bushes.,99751,62443
1099,coco-30k,A man in  library looking at his laptop.,24438,519479
1100,coco-30k,An man taking a picture of a sink through a mirror.,84575,306404
1101,coco-30k,Two planes flying in the sky over a bridge.,31299,1761
1102,coco-30k,A cop car parked in front of a white fire hydrant.,77362,257448
1103,coco-30k,A small kitchen with low a ceiling ,64323,164
1104,coco-30k,A red motorcycle with a back seat parked on the side of a road.,66832,267861
1105,coco-30k,A bathroom that is very clean and white.,58904,469638
1106,coco-30k,Many motorcycles are parked around a crowd of people.,23975,246265
1107,coco-30k,A picture of a very nice kitchen that is white.,97229,10114
1108,coco-30k,A bunch of bananas hanging from a green tree.,22933,371683
1109,coco-30k,A large Delta passenger jet flying through a blue sky.,75161,392650
1110,coco-30k,Three kites in the air with many umbrellas on a beach,97523,579602
1111,coco-30k,His and her bathroom sinks underneath a large mirror.,795,23623
1112,coco-30k,A picture of some people that are cooking some food.,79659,180787
1113,coco-30k,A formation of birds in a sky at sunset.,61010,467475
1114,coco-30k,A pile of rusted metal junk laying in the weeds.,91303,95772
1115,coco-30k,A public restroom with several urinals and stalls.,12685,453020
1116,coco-30k,A blue turboprop airplane races across the blue sky.,53065,255482
1117,coco-30k,The picture of a cat under a car.,73379,188651
1118,coco-30k,A blue toilet bowl in a bathroom that says rabies,23334,370090
1119,coco-30k,A man standing in a kitchen ironing his clothes while cooking food.,74236,327514
1120,coco-30k,A plant is growing on the window sill in the bathroom.,20899,428234
1121,coco-30k,A picture of a motorcycle on the street.,61857,213932
1122,coco-30k,A large clock tower is yellow and white.,31818,267351
1123,coco-30k,Several beautiful vintage racing motorcycles on public display.,45867,462026
1124,coco-30k,A view of the mountains is shown from an airplane window.,82405,401783
1125,coco-30k,A turkey or chicken cooks inside a kitchen oven.,53988,168512
1126,coco-30k,A kitchen with a washer and a stove top oven.,45599,431236
1127,coco-30k,A car seat covered in a piece of cake and frosting.,42427,172911
1128,coco-30k,A bunt cake sitting on a glaze cake plate with glazed being drizzled over it.,51933,484432
1129,coco-30k,A kitchen with wooden counter tops and a stove top oven.,5330,414156
1130,coco-30k,A narrow kitchen with a white stove top oven.,24889,320703
1131,coco-30k,A woman posing and riding on a red motorcycle,79760,555686
1132,coco-30k,A small bathroom with a white toilet next to a shower curtain covered bath tub.,34786,357567
1133,coco-30k,a building with two towers and an air plane in the background,71117,253223
1134,coco-30k,A beautiful woman with a blue fro brushing her teeth with a giant toothbrush.,1066,579468
1135,coco-30k,A cook sanding between two women inside of a kitchen.,43127,255248
1136,coco-30k,A bathroom photo focusing on the toilet and the window.,43973,456328
1137,coco-30k,A white train car lays on its side in the dark while a man with a light is nearby.,17801,390241
1138,coco-30k,A tiled bathroom altered to suit the needs of the handicapped.,73399,564699
1139,coco-30k,Three urinals mounted to a wall with white little dividers.,64292,577796
1140,coco-30k,A herd of sheep standing between a train and a river.,48686,143653
1141,coco-30k,A kitchen with lots of black counter top space.,66828,493235
1142,coco-30k,An older woman holding a metal tea kettle in a kitchen.,3197,526186
1143,coco-30k,A fire burns while a person rides a green motorcycle and several motorcycles are flipping in the air.,44338,115162
1144,coco-30k,Several people snowboarding and one skiing in the snow.,15679,4554
1145,coco-30k,Various stuffed animals behind a pane of glass,29643,128373
1146,coco-30k,A man in a gray jacket standing in a kitchen next to a black dog.,70709,245462
1147,coco-30k,A desk topped with a desktop computer monitor behind a keyboard.,16865,290532
1148,coco-30k,A knife being slid into a wooden block.,81868,370842
1149,coco-30k,A woman cutting up a large chocolate sheet cake.,94127,303520
1150,coco-30k,A person standing in a living room with a fire place.,92889,58364
1151,coco-30k,A bathroom with focus on a counter with dual sinks.,63153,560948
1152,coco-30k,A bathroom with focus on the toilet in the bathtub.,1393,377845
1153,coco-30k,A street intersection at night with no vehicles on the road.,17878,556278
1154,coco-30k,A group of bikers traveling down a road past a store.,3385,42970
1155,coco-30k,a man sitting on the end of  a bed in front of a small TV.,76339,30707
1156,coco-30k,A plane is taking off from a runway.,65576,473935
1157,coco-30k,A trashcan has been knocked over in a kitchen.,62954,493843
1158,coco-30k,two gray stove burners and a wooden bowl with four apples,59896,150685
1159,coco-30k,A man in a black outfit sleeping on a small bench.,41035,77296
1160,coco-30k,Three different types of dogs looking at the camera.,87525,176474
1161,coco-30k,Photo taken in a car of the television on the roof.,89171,191842
1162,coco-30k,A person on a motorcycle doing a burnout.,70504,143908
1163,coco-30k,A large kitchen with many people preparing food.,82655,447546
1164,coco-30k,A kitchen filled with wooden cabinets and a white refrigerator.,57880,306108
1165,coco-30k,A downtown area of a city with buildings and billboards. ,3160,270376
1166,coco-30k,A parked car with a cat laying on top of it.,40008,341659
1167,coco-30k,A plane parked in a large airplane hanger.,13662,1525
1168,coco-30k,A park bench surrounded by floral arrangements on either side.,26092,221502
1169,coco-30k,A set of three wall mounted urinals with pictures of men on top of them.,19833,135117
1170,coco-30k,A restroom with three stalls with three toilets.,1754,291833
1171,coco-30k,A narrow kitchen filled with appliances and cooking utensils.,38754,403013
1172,coco-30k,A blue love seat sitting on a trailer attached to a bike.,17134,25972
1173,coco-30k,A man sitting on the snow while riding a snowboard.,77283,455528
1174,coco-30k,three different motorcycle couples riding down a road,64071,503790
1175,coco-30k,a man in a blue shirt riding a blue motorcycle and some people,98232,185904
1176,coco-30k,a man wearing leathers and his black motorcycle,27369,291930
1177,coco-30k,a male with glasses and a green helmet is eating a banana,59462,98280
1178,coco-30k,a ratchet ass room with a shelf on the wall,84272,332908
1179,coco-30k,A man blowing out candles on a cake.,28218,211825
1180,coco-30k,A person is in a bathroom and is taking a photo of himself in a mirrors reflection.,78192,444270
1181,coco-30k,A bike rider rests on his bike as he looks at his phone.,8648,531069
1182,coco-30k,A bathroom toilet with a light fixture overhead,58392,529069
1183,coco-30k,Black and white historical photo man next to motorized bicycle.,12081,429633
1184,coco-30k,A group of young people are sitting on a concrete divider.,56609,152543
1185,coco-30k,A city with a river in the middle with boats docked,50901,438024
1186,coco-30k,A bathroom being renovated with pipes in the wall,47220,382734
1187,coco-30k,"BLUE MOTORCYCLE ON DISPLAY, SURROUNDED BY OTHER VEHICLES",65811,456394
1188,coco-30k,A bathroom toilet nestled in a cubby is turned into a room for darts.,18621,79465
1189,coco-30k,a public bathroom with a clock tower in the background,50952,59463
1190,coco-30k,A motorcycle carrying a bicycle is parked in the gravel. ,55512,154587
1191,coco-30k,A bathroom with white colored cabinets and toilet,74117,212074
1192,coco-30k,A modern flatscreen television sits upon a nostalgic console model.,9103,82229
1193,coco-30k,a bathroom with a cat underneath a bath tub,10074,533026
1194,coco-30k,A man rides a large motorcycle on a freeway.,36112,553776
1195,coco-30k,A military motorcycle is parked behind a van on a street way.,85256,251098
1196,coco-30k,A plane is boarded with maintenance trucks alongside cargo trailers.,51422,347253
1197,coco-30k,a close up of a toilet with a pink seat and lid,9940,332455
1198,coco-30k,"Bathroom view, brightly lit, blue square basin, commode on right, shower curtain on left and heater and window on far end.",49583,429323
1199,coco-30k,a close up of a person brushing her teeth in the bathroom,54054,465179
1200,coco-30k,A colorful jet is sitting patiently on a runway.,4698,423767
1201,coco-30k,the door to the room is open to the outside,5551,261062
1202,coco-30k,A giraffe standing in a lot filled with cars.,22903,540694
1203,coco-30k,Several small electronic devices are sitting with a backpack at an airport window.,39766,378448
1204,coco-30k,a close up of a woman wearing jewelry and a boat in the background,64798,305545
1205,coco-30k,An open door that leads into a kitchen ,84976,183249
1206,coco-30k,Three people standing in a parking lot smiling to take a picture.,20764,117037
1207,coco-30k,A picture of a lot of motorcycles together.,81203,321742
1208,coco-30k,A picture of two people sitting on a bench.,57516,151988
1209,coco-30k,A close-up of a one-way street with many cars and motorcycles.,47519,315601
1210,coco-30k,A man standing in front of a fruit stand containing several bunches of bananas.,23705,571718
1211,coco-30k,"A photo of a dining venue outside complete with tables, chairs and umbrellas.",65218,29709
1212,coco-30k,Two people that are walking a dog together.,50990,75283
1213,coco-30k,A well lit area of the bathroom with white paintings. ,23320,171717
1214,coco-30k,A picture of a plane is flying in the air.,6923,126876
1215,coco-30k,A street scene with people on motorcycles and people sitting on benches.,85391,415672
1216,coco-30k,A red car next to a gas station sign and parked blue and silver motorcycles.,57451,527220
1217,coco-30k,A close up of a woven basket on a bicycle.,30085,334140
1218,coco-30k,A bedroom with a bike parked in it,30090,456323
1219,coco-30k,A black dog standing between people in line,29249,554002
1220,coco-30k,A bathroom scene with focus on the toilet and the sink,97638,460812
1221,coco-30k,A picture of a plane that is in the air.,78800,27390
1222,coco-30k,The view of a room with several different utensils displayed on shelves.,57149,433504
1223,coco-30k,A cop car sitting on the side of a road behind a motorcycle.,43556,239355
1224,coco-30k,Cooks standing in a kitchen preparing food for a restaurant.,72039,293964
1225,coco-30k,A fighter jet taking off from an airport runway.,67985,424445
1226,coco-30k,A close-up of a toilet with a pink stuffed bunny inside.,49439,193599
1227,coco-30k,A boat dock with two planes floating on the water.,62302,84474
1228,coco-30k,A street scene of a road going through the mountains.,87849,580829
1229,coco-30k,People on a boat looking at a plane in the water.,91139,25685
1230,coco-30k,A dog in an enclosure with a  herd of sheep,76345,141086
1231,coco-30k,A street scene of the intersection with people and cars.,2777,414379
1232,coco-30k,A TV sitting on top of a table next to a laptop computer.,7642,373574
1233,coco-30k,Thee family is standing around the island in the kitchen.,76053,369259
1234,coco-30k,"A woman at a baseball game with a Chicago Cubs visor, talking on her cell phone.",8016,256983
1235,coco-30k,Two people skateboarding down a roadway in a downhill descent.,55359,122217
1236,coco-30k,A toilet bowl with a sign on the top,83708,12101
1237,coco-30k,A man on a motorcycle on a racetrack.,21413,348092
1238,coco-30k,Two motorcycles parked on the side of the road.,44197,202040
1239,coco-30k,A man sitting on a plane in back of a seat with a monitor on it.,50049,332625
1240,coco-30k,A group of people sitting at a bar as a man prepares food.,53775,395463
1241,coco-30k,Several bicycles lined up against a brick building.,79319,429497
1242,coco-30k,A kitchen scene with focus on a sink and oven.,24759,516868
1243,coco-30k,A photo taken in a car looking at a dog in the back seat.,75212,94140
1244,coco-30k,A metal gear with chain on a wheel.,38854,268259
1245,coco-30k,"A bathroom scene with a toilet, sink and a mirror.",39493,104837
1246,coco-30k,A black and white dog sleeps in front of a blue door.,99158,475923
1247,coco-30k,A man waling his bike along a road with cars.,97402,418816
1248,coco-30k,A plain white bathroom that is completely unfurnished.,75273,400945
1249,coco-30k,A black puppy with a ball in its mouth sitting in a bicycle basket.,78144,79966
1250,coco-30k,"inside a airplane hangar,a stealth plane hanging -up.",59237,517128
1251,coco-30k,A bathroom scene with a bathtub and a sink.,13613,24924
1252,coco-30k,A toilet that is very clean in a bathroom.,75437,474519
1253,coco-30k,A black and white photo of a propeller plane.,88075,109045
1254,coco-30k,A very old picture of a women posing.,88136,529159
1255,coco-30k,a stove top and counter in a kitchen,51504,552610
1256,coco-30k,A photo of a restroom containing two toilets.,1999,115709
1257,coco-30k,Several people standing around with a green bus along the road.,46858,450206
1258,coco-30k,A close up of a plane with several people around it on the ground.,33602,306936
1259,coco-30k,Two bikes parked next to each other on a bike rack.,94634,507249
1260,coco-30k,A restroom with focus on the modern sink.,52045,212525
1261,coco-30k,A kitchen with a black stove top oven.,92892,88634
1262,coco-30k,A pink cookie jar on a tile kitchen counter.,89092,521542
1263,coco-30k,A photo taken through a bathroom door of a bathroom.,44629,482210
1264,coco-30k,A kitchen scene looking over the table at the refrigerator.,85546,556025
1265,coco-30k,"A kitchen scene complete with a dishwasher, sink and an oven.",76836,243857
1266,coco-30k,A plane that is flying in the air.,60921,393858
1267,coco-30k,A picture of a counter and some chairs.,88450,47873
1268,coco-30k,A cat that is playing on the ground with a door.,474,352196
1269,coco-30k,A motorcycle that is parked in a parking lot.,34706,555648
1270,coco-30k,Two people outside of a stone building near a red fire hydrant.,53813,168337
1271,coco-30k,A large church tower with a clock mounted on each of it's sides.,23986,132861
1272,coco-30k,A woman standing in front of a bathroom mirror taking a picture of herself.,54749,150088
1273,coco-30k,A white toilet sitting inside of a bath tub.,35754,21232
1274,coco-30k,A cook standing in a professional kitchen preparing food.,45489,91416
1275,coco-30k,"Kitchen with refrigerator, range and vent, and white colored cabinets with an oak top.",19433,27285
1276,coco-30k,A cook is in the kitchen preparing a big pot of food.,23146,143576
1277,coco-30k,"A white colored vanity area with a mirror, sink and double light on the wall above the mirror.",50819,459219
1278,coco-30k,A charming country bathroom includes a hotel style wall hung blowdryer.,61528,517548
1279,coco-30k,Motor bike taking a fast turn on a track.,64925,441841
1280,coco-30k,A man is shaving while looking in a mirror of a cluttered bathroom.,39439,191691
1281,coco-30k,A cruiser bike in line with others at a biker gathering,5639,561037
1282,coco-30k,A horse is saddled up while a cowboy checks out a hoof.,77860,561187
1283,coco-30k,A motor cycle procession down a wet street.,99316,562356
1284,coco-30k,A blue clock on the top of a stone building.,94232,145032
1285,coco-30k,a bathroom with multiple stalls with doors and toilets,42161,486008
1286,coco-30k,A young man wearing black attire and a flowered tie is standing and smiling.,90011,1146
1287,coco-30k,Indians ride tandem on a motorcycle through a busy street.,66836,411908
1288,coco-30k,A kitten eating food out of a dish on the kitchen floor.,6718,437556
1289,coco-30k,A fighter is jet flying through the clouds,64209,326582
1290,coco-30k,A Calico cat laying on the hood of a Mercedes.,62748,23272
1291,coco-30k,a bathroom with a mirror and a sink,25715,368940
1292,coco-30k,A man is in a car holding a black cat.,9514,434958
1293,coco-30k,Two people standing next to a motorcycle on a brick path.,35210,391343
1294,coco-30k,Two young men are looking at a computer screen. ,76554,232488
1295,coco-30k,Boy standing on a skate board as seen from under the board.,1896,481573
1296,coco-30k,a group of guys showing off a cow to an audience. ,18159,19157
1297,coco-30k,A bathroom with a narrow toilet and hanging towels. ,33539,50655
1298,coco-30k,The toaster adorned with a face sits atop the tiled surface.,13360,542611
1299,coco-30k,a bathroom with a toilet and a bath tub,79110,311887
1300,coco-30k,a surveillance camera attached to a building with a plane flying in the background,48921,553935
1301,coco-30k,A skier attempts to slow down on the slopes by pointing the skis toward each other.,58860,262672
1302,coco-30k,A motorcycle is on display at a convention.,19468,313948
1303,coco-30k,two dogs are at a door trying to get outside,12157,89188
1304,coco-30k,A cat is using the toilet in a white tile bathroom.,60696,264976
1305,coco-30k,A silver motorcycle with many lights parked on the street.,58116,355221
1306,coco-30k,A cat sitting on a pile of books.,86001,553698
1307,coco-30k,a bathroom with a bath tub a sink and a mirror,88890,542089
1308,coco-30k,A mini car mouse is sitting on a mousepad with the headlights on.,45467,77811
1309,coco-30k,A man and woman are riding down the street in a parade wearing patriotic hats.,69387,50713
1310,coco-30k,a black and white photo of a long bench for sitting near a building,73639,13876
1311,coco-30k,This is an image of a row of scooters,82534,165681
1312,coco-30k,a man and some people riding on a raft ,56462,63240
1313,coco-30k,A beautiful woman sitting on top of a kitchen counter.,62198,531967
1314,coco-30k,A white urinal mounted to the side of a wall.,73650,295199
1315,coco-30k,A toilet in a bathroom underneath a window.,8831,231093
1316,coco-30k,A tall brick building with a bike parked in front of it.,35165,337120
1317,coco-30k,A large passenger jet flying over a mountain.,24189,151347
1318,coco-30k,An experimental airplane flying through a  cloudy blue sky.,59577,11081
1319,coco-30k,A large passenger jet flying through a cloudy sky.,73082,212351
1320,coco-30k,A picture of a dog laying on the ground.,6840,74
1321,coco-30k,A lighted kitchen looks shiny clean and nice.,4741,562139
1322,coco-30k,A picture of a person standing by a bicycle.,68561,357737
1323,coco-30k,Stop lights are lit up in a cloudy dark sky.,74563,234697
1324,coco-30k,A cat watching water go down a sink drain,90075,435316
1325,coco-30k,A lot of people that are looking at a pool.,24333,67213
1326,coco-30k,A tiger cat sitting in a bathroom sink next to a tub.,46614,325356
1327,coco-30k,A parking lot outside of an extremely large building.,44552,343708
1328,coco-30k,A motorcycle driver sitting next to his motorcycle. ,28051,84447
1329,coco-30k,A man wearing a red jacket sitting at a desk.,73604,533548
1330,coco-30k,A clean bathroom with blue tiles on wall and counter.,9432,154420
1331,coco-30k,A kitchen with a stove top oven next to a white fridge.,165,222825
1332,coco-30k,A bathroom with a marble counter under two giant mirrors.,9370,369485
1333,coco-30k,A large white couch in a living room in front of a TV.,97626,577030
1334,coco-30k,The inside of a small building with a brown couch.,46920,543090
1335,coco-30k,Cityscape of a train stopping traffic on a street,51924,546687
1336,coco-30k,A dog is standing next to a toilet playing with tissue,76015,170893
1337,coco-30k,A clean counter top with flowers and a sink.,93207,257685
1338,coco-30k,A giraffe running across a grass covered field.,63360,126192
1339,coco-30k,A bathroom sink sitting under a large mirror.,86673,86320
1340,coco-30k,A young child eating cake with pink and white frosting on a high chair.,28662,295303
1341,coco-30k,A kitchen counter covered in metal bowls and dishes filled with food.,10243,101456
1342,coco-30k,A black and yellow bike making a turn on the track,99213,49683
1343,coco-30k,A PINK TOILET AND A PINK BATH TUB IN THE BATHROOM,6957,63882
1344,coco-30k,A black cat sits in a car and looks out.,26558,107087
1345,coco-30k,A vase filled with red flowers sitting on a counter.,99851,405526
1346,coco-30k,Man flying a colorful dragon kite in a blue sky,8455,104715
1347,coco-30k,Basket of old stuffed animals upside down in the trash. ,88571,268092
1348,coco-30k,A man sitting at a computer desk in front of a monitor.,36963,366884
1349,coco-30k,A busted up toilet sitting inside of a bath tub.,69083,342142
1350,coco-30k,A towel rack in a bathroom topped with two stuffed animals.,52341,38732
1351,coco-30k,Two wooden benches sitting on top of a lush green grass covered park.,81668,41397
1352,coco-30k,The view of a person riding a motorcycle on a paved road.,58958,455261
1353,coco-30k,A kitchen with a washing machine under the counter,9922,106392
1354,coco-30k,A small kitchen with black and wooden cabinets.,9749,337815
1355,coco-30k,A bathroom filled with a white toilet next to a sink.,17171,521587
1356,coco-30k,A bike parked next to a street in a city at night.,25200,251124
1357,coco-30k,many people on a snowy slope riding skis and snowboards,37567,276149
1358,coco-30k,A plane that is flying in the air.,25049,179311
1359,coco-30k,A person that is looking at a cake.,65379,286662
1360,coco-30k,A living room filled with furniture and a flat screen TV.,29535,520251
1361,coco-30k,A white cat sitting on the floor next to a feeding dish and a mat.,32348,479440
1362,coco-30k,Many cars parked on a city street with tall buildings in the background.,47073,555597
1363,coco-30k,A white kitchen filled with a refrigerator freezer.,4557,356533
1364,coco-30k,some horses grazing in front of a church,90908,138246
1365,coco-30k,A black and white cat sitting on top of cabinets.,86212,114726
1366,coco-30k,a man wearing black is riding a red and silver motorcycle,78361,12343
1367,coco-30k,an old photo of a castle at the end of the street,79018,235380
1368,coco-30k,A kitchen area with all white cabinets mad a white refrigerator.,57228,543525
1369,coco-30k,A small white plane sitting on top of the ocean.,62792,467966
1370,coco-30k,a white bathroom with a toilet and a roll of toilet paper,83137,262386
1371,coco-30k,A couple of women standing in a kitchen preparing food.,66274,89099
1372,coco-30k,four white urinals against a green wall with lines,61088,463459
1373,coco-30k,A street scene with a person on a motorcycle.,17667,139099
1374,coco-30k,A woman standing with a bi-wing airplane on a runway.,27532,366031
1375,coco-30k,Some roll down doors  at a building painted with graffiti.,90918,551170
1376,coco-30k,Four officer are riding motorcycles with giant letters on them.,81050,103035
1377,coco-30k,A large flock of birds fly through the sky.,85604,232455
1378,coco-30k,A church with lots of wooden pews and an illuminated crucifix on the wall.,75065,40446
1379,coco-30k,A bucket that is on top of a table.,6630,567693
1380,coco-30k,A young child plunging a toilet with a plunger.,50867,357096
1381,coco-30k,A steel toilet near a window in a very small bathroom.,19093,190227
1382,coco-30k,There are multiple pictures of the same man standing in the kitchen,6233,142386
1383,coco-30k,There is a white toilet with red tiled floors,32459,81943
1384,coco-30k,"This kitchen contains a stove with an exhaust hood, many cabinets, and a microwave.",17985,12326
1385,coco-30k,A blue double decker bus pulling into a bus station.,26291,566576
1386,coco-30k,An airplane parked on a dirty field next to a chain fence.,21795,274959
1387,coco-30k,A man on a bike wearing glasses riding indoors.,70602,484028
1388,coco-30k,A man sleeping on the end of a wooden bench.,26216,337517
1389,coco-30k,a walk in shower with a seat next to a white sink.,10059,303928
1390,coco-30k,A flat screen TV sitting on top of a step in a bathroom.,66220,162249
1391,coco-30k,"An elegant bathroom features a tub, sink, mirror, and decorations. ",16622,472621
1392,coco-30k,A young girl inhales with the intent of blowing out a candle. ,30950,60623
1393,coco-30k,Two airplane shaped kites flying through a blue sky.,25498,421307
1394,coco-30k,A table topped with dessert next to a window.,22877,360678
1395,coco-30k,A picture of a painting and a couch.,25271,74743
1396,coco-30k,A woman opening the bathroom door with the room chained off.,8393,107304
1397,coco-30k,A kitchen with a metallic refrigerator freezer next to a sink.,44351,333683
1398,coco-30k,A person that is sitting on a bench.,82758,105303
1399,coco-30k,A kitchen that is very clean in a house.,12003,280498
1400,coco-30k,A tall building on the street corner filled with traffic.,44774,237759
1401,coco-30k,A stainless steel table is in the middle of the large room.,62071,399832
1402,coco-30k,A park bench siting next to a tree next to a  park.,14001,14869
1403,coco-30k,A white toilet sitting next to a tub next to a sink,88842,246701
1404,coco-30k,A kitchen filled with furniture and a stove top oven.,15996,40414
1405,coco-30k,A sidewalk lined with parked cars next to tall buildings.,30662,94610
1406,coco-30k,A group of people sitting around a table in the kitchen.,97458,80131
1407,coco-30k,A restroom has a toilet and a decorative sun wall plaque.,6610,540763
1408,coco-30k,A group of people boarding in airplane on a runway..,69112,407146
1409,coco-30k,A small glider flying through the sky with a pilot.,75445,144114
1410,coco-30k,A man riding a motorcycle with a child on the back of it.,66191,487450
1411,coco-30k,A toilet seat with a fake foam butt on top of it.,5371,117191
1412,coco-30k,A large clock mounted to the face of a buildings entrance.,67216,500446
1413,coco-30k,A baby boy sitting on top of a toilet reading a book.,95509,431047
1414,coco-30k,A large kitchen with a center island surrounded by stools.,61994,274262
1415,coco-30k,A white cake topped with coconut on a counter.,89902,367619
1416,coco-30k,A cluster of traffic driving towards a capital building.,52801,255917
1417,coco-30k,A gray and white cat sitting in blue bowl.,44466,117891
1418,coco-30k,A bathroom with a shower covered in a curtain next to a toilet.,84994,176120
1419,coco-30k,There are a lot of trees and plants beside the house.,12159,75344
1420,coco-30k,The car is traveling down the road while the dog watches.,87649,106166
1421,coco-30k,"A white porcelain toilet with the lid down, in a bathroom.",64056,473623
1422,coco-30k,A bike parked next to a wall next to a river.,11065,205102
1423,coco-30k,"The rider, clothed in camoflague and ski boots, is sure to blend into the grassy area on his motorbike.",23551,504498
1424,coco-30k,An old photo of a small family kitchen.,61651,213765
1425,coco-30k,A service vehicle sits on a tarmac in front of a jet. ,60193,149974
1426,coco-30k,The bench at the tree offers a respite and a scenic autumnal view of a grand valley ,96296,503255
1427,coco-30k,A man poses with a yellow bicycle and a banana. ,6636,521197
1428,coco-30k,A blurry and out of focus image of a person on a bike riding in a field  towards cows in the distance.,44463,403432
1429,coco-30k,"A person with an orange blanket covering them, sleeping on a wooden park bench.",94070,30828
1430,coco-30k,older man standing in his kitchen reads book.,91354,8594
1431,coco-30k,"A  street with pedestrians, bikes, a jitney and a bus. ",1052,105647
1432,coco-30k,A cat is sitting on the hood of a car in a residential area.,62382,395290
1433,coco-30k,A group of people behind a white picket fence watching a person in the grass with a dog and small group of sheep.,2412,427133
1434,coco-30k,an airplane taking off with one waiting to take off,24140,216867
1435,coco-30k,A man stands beside his motorcycle in front of a store.,55671,150284
1436,coco-30k,a bike sitting in front of colorful signs ,7857,330098
1437,coco-30k,An aircraft is overtaken by maintenance workers as it sits on a landing.,64152,373029
1438,coco-30k,"A door opens to a bare, white bathroom. ",48013,138079
1439,coco-30k,A door open to a bathroom with the vanity showing.,14088,28790
1440,coco-30k,A woman unpacks a box in a kitchen. ,65142,34445
1441,coco-30k,Two people sit in the sand with their surf boards. ,83950,581886
1442,coco-30k,Wide shot of a kitchen and a kitchen table with a plaid tablecloth.,58690,261175
1443,coco-30k,The young man is holding a clear Frisbee.,9776,163562
1444,coco-30k,A toilet is used for outdoor decoration beside a log cabin building.,79331,224010
1445,coco-30k,Photo of a two bathroom fixtures and a vinyl shower curtain.,73421,93116
1446,coco-30k,Ladies in a kitchen laughing at the camera while one grates cheese.,2294,557339
1447,coco-30k,a person walking across the street with a traffic light above,66021,21839
1448,coco-30k,A man helps a woman sit on a bike.,17063,295403
1449,coco-30k,a large air plane on a snowy surface with a sky background,79760,217783
1450,coco-30k,"A small bathroom with a shower, sink, and two toilets.",47318,412753
1451,coco-30k,A black and white photograph of men on bicycles in a city.,70052,366111
1452,coco-30k,"A small, yet clean looking bathroom, with blue pained walls. ",84653,345224
1453,coco-30k,The top of a brick clock tower surrounded by birds.,17163,371958
1454,coco-30k,A black toilet in a tiled public bathroom stall.,76457,251065
1455,coco-30k,Some pots and pans that are in a room.,97950,577946
1456,coco-30k,A man carries a leash around his shoulders as two dogs make their way alongside.,10859,270744
1457,coco-30k,A small white room with an unmade bed that has a backpack and a pair of glasses resting on it.,6771,145651
1458,coco-30k,a man in a kitchen cutting lettuce with a knife,93222,383703
1459,coco-30k,A view of a stoplight by a street.,18768,522751
1460,coco-30k,Adults with childern walking in the rain with umbrellas.,53766,57645
1461,coco-30k,a bathroom with a sink a mirror and a toilet,99729,408859
1462,coco-30k,A lot of urinels that are in a bathroom.,64405,215812
1463,coco-30k,A motorcycle stopped on the road during nighttime in the city. ,74468,205573
1464,coco-30k,A white sink sits on a beige vanity in this uninspiring bathroom. ,48990,322783
1465,coco-30k,A smiling woman nonetheless cringes as a dog licks her ear. ,70485,555669
1466,coco-30k,An old couple is sitting down on a bench together.,55580,103855
1467,coco-30k,a motorcycle on the back of a truck with a fence in the background,91390,237626
1468,coco-30k,A white and green bathroom with sink and toilet.,3941,561563
1469,coco-30k,many bikes parked in a parking lot very close to each other,88673,480036
1470,coco-30k,a close up of a public transit train with its doors open,55912,213816
1471,coco-30k,A Delta aircraft is parked at a terminal while maintenance men attend to it.,59405,577783
1472,coco-30k,a cat laying on the floor of a kitchen,24803,103806
1473,coco-30k,A bathroom sink with toothbrush holder and soap dispenser,6736,214463
1474,coco-30k,A large elephant walking next to a man,68700,11340
1475,coco-30k,A happy man roller skiing in the mist,29448,448759
1476,coco-30k,A bathroom sink with a large mirror above it next to a doorway.,71057,413435
1477,coco-30k,A kitchen counter with a rounded edge and shelves,67543,412978
1478,coco-30k,a rustic kitchen with lots of stonework and wood accents,98911,163167
1479,coco-30k,A view from an airplane flying over a mountainous region.,47425,46432
1480,coco-30k,A man looks over a parked motorcycle that has an American flag on the back. ,61144,442136
1481,coco-30k,A man on a motorcycle with a woman on back,22753,183176
1482,coco-30k,A laptop computer sitting on a desk next to a desktop monitor.,55401,435003
1483,coco-30k,Two people setting up a market stand with jars,94157,381608
1484,coco-30k,A toilet bowl with buttons on the toilet seat,35835,435896
1485,coco-30k,A bare bathroom has a window over the toilet.,10814,576667
1486,coco-30k,A chef is in a restaurant making sushi.,61005,91353
1487,coco-30k,A group of people boarding a passenger jet up stairs.,57591,515854
1488,coco-30k,A kitchen has dark counters and wood cabinets. ,77485,544198
1489,coco-30k,A kitchen filled with plants and lots of clutter.,35426,331268
1490,coco-30k,A group of people dressed in some nice clothes,12059,519330
1491,coco-30k,Some motorcyclists getting off their street bikes at a gathering,23515,567683
1492,coco-30k,A woman cooking with a large white bot and a cooking board with meat in it in a small kitchen.,89197,389974
1493,coco-30k,"Two bikers, one in front of a building, the other in the city.",18417,79841
1494,coco-30k,A kitchen with old wooden cabinets and a stove top oven.,40628,307145
1495,coco-30k,A row of white urinals mounted to a restroom wall.,62168,109648
1496,coco-30k,An elderly person in a kitchen cooking food.,61076,281032
1497,coco-30k,A woman bending over in a living room to pet her dog.,55102,404484
1498,coco-30k,A kitchen filled with metallic appliances and a stove top.,91526,291742
1499,coco-30k,A woman with a suitcase holding a phone,68637,208517
1500,coco-30k,A group of parked motorcycles sitting on the side of a road.,81364,210982
1501,coco-30k,A bathroom sink surrounded by a stone counter top.,31689,69121
1502,coco-30k,A city bus traveling down a rod next to a stadium.,49046,425280
1503,coco-30k,"A man on a motorcycle with a passenger car attached, parked on the side of the street.",88586,359310
1504,coco-30k,An SUV with pennants and decals supporting a sports team,11974,91283
1505,coco-30k,A bathroom toilet sitting next to a counter and a roll of toilet paper.,92893,159133
1506,coco-30k,A white car parked in a parking space.,14153,265378
1507,coco-30k,A very white toilet that is in a clean room.,81282,132682
1508,coco-30k,A toilet sitting next to a bathroom counter.,19783,124300
1509,coco-30k,"The bath room is clean with brown tile, white sink and large mirror.",388,416184
1510,coco-30k,A woman is walking with a blue umbrella.,88620,501875
1511,coco-30k,The stainless steel black and aluminum toilet is opened.,65392,135972
1512,coco-30k,A mother and baby giraffe leaning against a wall,91545,567863
1513,coco-30k,A small white toilet sitting in a bathroom.,9236,8267
1514,coco-30k,A black and white cat standing in a white bathroom sink.,78745,227044
1515,coco-30k,"A bathroom with tile flooring and walls, and a white toilet.",9283,480215
1516,coco-30k,Two small airplanes parked on a lush green field.,98082,149052
1517,coco-30k,A blue motorcycle parked on a sidewalk next to a street.,55811,578099
1518,coco-30k,A white toilet sitting in a bathroom next to a sink.,90875,248231
1519,coco-30k,We are looking at the floor between the toilet and the wall.,67104,386755
1520,coco-30k,A bathroom with a white bath tub and a sink.,69017,209655
1521,coco-30k,A man popping a wheelie on a motorcycle on a street.,78648,253964
1522,coco-30k,A flat screen TV next to a fire place in a living room.,60946,22208
1523,coco-30k,A woman riding a green bike with a small white dog on the back.,50924,386968
1524,coco-30k,A computer desk with highlighted papers all over it.,91300,451053
1525,coco-30k,A man riding skis down a snow covered slope.,48327,49236
1526,coco-30k,A dinning room table sitting next to a small fireplace.,2890,302038
1527,coco-30k,A large jetliner taking off from a runway.,21137,185622
1528,coco-30k,A train traveling down train tracks in a rural area.,48836,461976
1529,coco-30k,"A kitchen shelf holds an assortment of pots, pans, and utensils.",43673,399851
1530,coco-30k,A cop riding a motorcycle next to a  white van.,71133,388677
1531,coco-30k,A row of three wall mounted urinals in a bathroom.,44126,415843
1532,coco-30k,The four urinals have a very modern design.,41687,270758
1533,coco-30k,The man is giving the young girl a ride on his motorcycle.,74544,5205
1534,coco-30k,A person standing on top of a ski covered slope.,37963,2532
1535,coco-30k,A group of people standing around at a rodeo.,58091,156071
1536,coco-30k,A girl in the bathroom tying back her hair.,80676,175052
1537,coco-30k,A kitchen filled with metal appliances and a window.,80543,127182
1538,coco-30k,A row of motorcycles parked next to each other on a lush green field.,6337,510755
1539,coco-30k,Two men riding motorcycles and ATV on a walk way.,59063,177338
1540,coco-30k,A man sitting on one of a group of motorcycles.,11100,491090
1541,coco-30k,A scene of a park with a plane in the sky in the background.,91793,293749
1542,coco-30k,a table with a white plate a sandwich and a bottle,50665,276488
1543,coco-30k,A beautiful woman with red hair sitting at a table.,43088,327436
1544,coco-30k,A white toilet with a wooden toilet seat.,10861,276836
1545,coco-30k,A row of parked motorcycles sitting in front of a tall building.,57255,356387
1546,coco-30k,A motorcycle parked on a grass covered field.,13312,183407
1547,coco-30k,A building with a tall clock tower with a green top.,90418,176374
1548,coco-30k,A woman standing in front of a kitchen sink on display.,519,33871
1549,coco-30k,Hundreds of people gathered around looking at motorcycles.,63591,92093
1550,coco-30k,a person waits by a sign for something maybe a bus,52684,437432
1551,coco-30k,A kitchen filled with white appliances and wooden cabinets.,82954,549763
1552,coco-30k,A white toilet sitting in a bathroom next to a toilet paper roller.,31366,452516
1553,coco-30k,Two NYPD motorcycles parked along a city street.,81137,302710
1554,coco-30k,A large sink next to a kitchen in a hotel room.,37492,388534
1555,coco-30k,A biplane flying over a small church with a steeple.,30842,504811
1556,coco-30k,Two men sitting next to each other on a wooden bench.,32845,130826
1557,coco-30k,A tall green building with a massive tall brown clock tower behind it.,87727,357944
1558,coco-30k,A woman talking on a banana phone with Andy Warhol.,75576,469467
1559,coco-30k,A man riding a motorcycle down the middle of a street.,66054,264961
1560,coco-30k,A crowd of people standing on top of a beach.,24040,205040
1561,coco-30k,A helicopter flying through a light blue sky.,17319,285068
1562,coco-30k,A couple of men standing next to each other at a ribbon cutting ceremony.,30638,24391
1563,coco-30k,a person sitting down in front of a couch,27644,406555
1564,coco-30k,A couple of sheep grazing on the side of a road.,70208,375783
1565,coco-30k,A young man riding a bike on top of a beach.,44364,472623
1566,coco-30k,A large passenger jet sitting on top of an airport tarmac.,71794,305480
1567,coco-30k,A aerial photo showing a tennis player ready to serve the ball.,17764,521495
1568,coco-30k,A bathroom sink sitting underneath a mirror mounted on it's wall.,66340,430420
1569,coco-30k,A church with a stain glassed window of the virgin mary.,99977,481404
1570,coco-30k,Here are motorcyclists parked outside a Polish gathering spot for women,35526,194875
1571,coco-30k,A empty living room with hard wood flooring.,74475,578485
1572,coco-30k,Two green and white jetliners sitting on top of an airport runway.,13969,165937
1573,coco-30k,Two large beds in a hotel room next to a desk.,95713,275668
1574,coco-30k,A white VW Bug with a surfboard mounted to it's roof.,83821,448243
1575,coco-30k,A person sitting on a large cement planter.,41637,130564
1576,coco-30k,Small white toilet with spare rolls of toilet paper beside it. ,23589,575946
1577,coco-30k,Small white toilet with a small window above it. ,23825,162589
1578,coco-30k,"Two men riding mopeds, one with a woman and boy riding along.",12912,506335
1579,coco-30k,People are sitting on benches that line a street.,56042,510734
1580,coco-30k,A kitchen with canisters on the neat counter ,90008,139004
1581,coco-30k,The door of a public bus with a reflection of a woman's photo in the side window of the bus.,90990,39871
1582,coco-30k,A bedroom suite with tile flooring and two lamos,88829,74458
1583,coco-30k,A young boy cuts into a cake shaped like a skateboard.,51566,25096
1584,coco-30k,A city street with a sign that says fun,72743,235491
1585,coco-30k,The black and white toilet is opened in the narrow bathroom.,59449,202748
1586,coco-30k,an image of a cat in a toilet with the water,78329,218924
1587,coco-30k,The giraffe is standing in the shade of the tree.,42471,485895
1588,coco-30k,a toilet with writing under the lid ,94944,243495
1589,coco-30k,A bathroom with a shower curtain that has four palm trees on it and a white tile floor.,9816,384850
1590,coco-30k,The people are feeding the giraffe at the zoo.,65997,22103
1591,coco-30k,The woman is sitting and looking at something on her mobile phone.  ,19810,304964
1592,coco-30k,A fighter jet is flying through a clear sky.,83021,255633
1593,coco-30k,Vet supplies laying on the floor of a room.,89739,423058
1594,coco-30k,A toilet sitting underneath a medicine cabinet in a bathroom.,61139,53505
1595,coco-30k,A shack with a  floor covered with dirt and straws.,73292,425578
1596,coco-30k,A scene from the show Mad Men and some appliances.,88132,12754
1597,coco-30k,"The bathroom has white and green tiles on the wall, and green tiles on the floor, along with a white porcelain toilette, and a white garden style tub with a shower hook up.",33809,114173
1598,coco-30k,A small white toilet sitting in a bathroom in a restroom.,62046,552454
1599,coco-30k,A kitchen filled with appliances and an open laptop.,50508,534467
1600,coco-30k,Pictures of Queen Elizbeth the second riding a horse.,14420,137803
1601,coco-30k,Artistic photograph of architecture and frost-laden trees at dawn,50375,18750
1602,coco-30k,A wooden park bench between two floral arrangements.,50887,327263
1603,coco-30k,A woman digging through the storage compartment on her moped.,30691,146667
1604,coco-30k,The giraffe eats from a reachable limb of the tree.,3601,294484
1605,coco-30k,Two adorable chubby dogs sleeping next to each other.,48635,382668
1606,coco-30k,A white toilet sitting in front of a brick wall.,14269,151670
1607,coco-30k,"A room filled with a tub, sink and toilet.",48119,207400
1608,coco-30k,A white toilet sitting on top of a wood floor in a bathroom.,29322,239082
1609,coco-30k,A group of people sitting on a wooden bench next to a  field.,6250,531707
1610,coco-30k,A small bathroom with a toilet and shower.,20824,555939
1611,coco-30k,A man riding a motorcycle while eating food.,28948,31817
1612,coco-30k,A person's reflection is shown in the bathroom mirror they are photographing.,96587,498374
1613,coco-30k,A bath tub in a small bathroom with towels hanging over it.,50689,536343
1614,coco-30k,An orange in a bowl near a puddle of water.,84869,183657
1615,coco-30k,"A bathroom scene with a toilet, sink and a suitcase.",1537,394957
1616,coco-30k,A bath room with an old fashioned looking tub.,62909,365503
1617,coco-30k,A man riding a motorcycle down a road with a POW - MIA flag.,55087,492885
1618,coco-30k,A lake filled with water and a kite flying over itl,5721,268943
1619,coco-30k,A dirty kitchen floor with soot on the tiles.,17638,65358
1620,coco-30k,A cat sitting behind a white toilet next to a rug.,79331,562289
1621,coco-30k,A man riding a horse drawn carriage on a race track.,7747,29187
1622,coco-30k,A kitchen with a bath tub sitting behind a wooden door.,86137,339943
1623,coco-30k,A bathroom with a shower and a white sink on a wooded counter.,43186,439907
1624,coco-30k,Bicycle owned by the New World Tourist Company,200,327529
1625,coco-30k,A kitchen filled with wooden cabinets and a table.,8041,117899
1626,coco-30k,A bathroom with some of the wall removed during a renovation.,54483,396304
1627,coco-30k,A orange and white cat sitting underneath a white bush.,12600,51880
1628,coco-30k,A very large airplane sitting on a runway.,75228,49014
1629,coco-30k,A young man in a sweat shirt is standing on a wooden walkway.,53933,494555
1630,coco-30k,Tomatoes sit in a black bowl next to a flower.,54855,402346
1631,coco-30k,A group of people walk around in a business area.,67763,429025
1632,coco-30k,A bathroom mirror with a chrome towel holder and faucet and a window above.,49332,92016
1633,coco-30k,A brightly lit kitchen with lots of natural light.,46800,458768
1634,coco-30k,This is a black and white photo of a girl under a pedestrian traffic signal.,53017,48674
1635,coco-30k,A motorcycle parked near a fence by a beach.,78316,18737
1636,coco-30k,A plastic dish with the food sectioned off.,6730,293044
1637,coco-30k,A brown cow stands at the edge of a roadway.,15929,148055
1638,coco-30k,A white stove top oven sitting inside of a kitchen.,50266,426133
1639,coco-30k,A kitchen filled with a wooden cabinet and a large window.,75865,45229
1640,coco-30k,A bench in a park covered in lots of snow.,73770,522554
1641,coco-30k,Friends having a drink together in the kitchen,34352,344498
1642,coco-30k,A white toilet sitting in a corner of a room.,2931,212453
1643,coco-30k,Three computers without screens sit on a desk.,50347,570782
1644,coco-30k,Three mass transit trains underneath an overpass at a train stop.,16770,538153
1645,coco-30k,Traffic jam at a busy hotel parking lot.,95102,69926
1646,coco-30k,Three motorcycles parked next to a motor home.,42654,164515
1647,coco-30k,A TOILET IS IN THE BATHROOM DOOR WAY ,89901,443281
1648,coco-30k,A living room filled with furniture and large persian rug.,41123,192616
1649,coco-30k,"A man standing with his back to a mirror, but his reflection facing him. ",43866,450357
1650,coco-30k,A gang of bikers driving down a city street.,23742,374987
1651,coco-30k,A man kneeling down on a sidewalk to hug his two dogs.,58370,361022
1652,coco-30k,An old green and brown car with chrome trim.,2861,307511
1653,coco-30k,A toilet with no seat sits in a tiny bathroom.,3845,441483
1654,coco-30k,A plane is flying above the airport terminal,26599,533805
1655,coco-30k,"Road construction and street signs in Cape Town, SA",56832,170550
1656,coco-30k,A traffic light turns green on the corner of a city street.,23513,430690
1657,coco-30k,A group of men riding dirt bikes across a grass covered field.,3077,538230
1658,coco-30k,A motorcycle in a garage-like area by the wall.,91466,343692
1659,coco-30k,A small biplane flying through a bright blue sky.,95169,51685
1660,coco-30k,A large passenger jet taking off from an airport runway.,35658,518203
1661,coco-30k,A bathroom with a walk in shower and a white bath tub.,67633,480421
1662,coco-30k,Two men wearing suits and hats are walking together.,63434,69213
1663,coco-30k,A person holding up a smart phone to take a picture.,87730,278582
1664,coco-30k,Someone is driving a cart near a single engine airplane.,60756,520324
1665,coco-30k,A LOT OF SHEEP IS IN THE GRASS WITH A SHEEP DOG,42527,357943
1666,coco-30k,A table full of many different types of food.,42844,69577
1667,coco-30k,Person driving a plated motorcycle on a track with people watching.,51831,455624
1668,coco-30k,a couple on a subway looks at each other,85826,221547
1669,coco-30k,A man riding a red motorcycle next to  buildings in front of a street.,18414,29776
1670,coco-30k,A small propeller plane sitting on top of an airport tarmac.,76097,408112
1671,coco-30k,A large passenger jet sitting on top of an airport runway.,35525,172599
1672,coco-30k,A bathroom has a large mirror and black wall.,58139,159151
1673,coco-30k,A series of photographs depicting bathroom before and after minor changes.,41548,322594
1674,coco-30k,A large white bush driving down a city street.,59604,406949
1675,coco-30k,A entrance into a building next to a parking meter.,50923,183348
1676,coco-30k,A person holding an old phone showing it to the camera.,22779,129707
1677,coco-30k,A man walking down a street smoking a cigarette.,20047,297578
1678,coco-30k,The bus has bikes on the front of it ,62464,128119
1679,coco-30k,A river with boats docked and houses in the background.,21709,14845
1680,coco-30k,A bathroom filled with a messy toilet and a sink.,67778,194288
1681,coco-30k,a black and white photo of young people holding an open umbrella,25116,581245
1682,coco-30k,A white toilet sitting next to a red counter with a  sink.,62792,168246
1683,coco-30k,A kitchen filled with wooden cabinets and stools.,92901,581501
1684,coco-30k,a bath room with two sinks a large mirror a bath tub,99274,358191
1685,coco-30k,A baby sitting in a high chair eating food.,30336,232654
1686,coco-30k,A fighter jet flying through a sky above water.,24098,129989
1687,coco-30k,Two elderly people are sitting on a city bench.,10335,12547
1688,coco-30k,A woman is riding an orange sports motorcycle.,62909,580613
1689,coco-30k,A toilet sitting in a bathroom on top of a tiled floor.,99866,179611
1690,coco-30k,A red kitchen with metallic appliances and paintings on the wall.,64936,109216
1691,coco-30k,A bathroom scene with focus on the toilet.,83325,286907
1692,coco-30k,Several motorcycles and cars parked on a city street.,11258,54039
1693,coco-30k,A guy rides a bike in a race and has fun,89235,192701
1694,coco-30k,A plan sitting on top of a sandy beach.,22643,144064
1695,coco-30k,A blue motorcycle is parked on the street next to a truck.,67068,359715
1696,coco-30k,a long row of motorcycles parked along a sidewalk in a city,34474,359182
1697,coco-30k,A large orange cat sitting in a white glass bowl.,75970,570528
1698,coco-30k,a fighter het flying up in the air ,42511,553094
1699,coco-30k,A person holding up a piece of banana to the camera.,17837,538054
1700,coco-30k,A squadron of four fighter jets flying through a blue sky.,10468,139168
1701,coco-30k,A large hairy dog on a leash next to a crowd.,57158,162256
1702,coco-30k,A clean white toilet with the toilet seat up.,57366,3335
1703,coco-30k,A toilet with a light blue cover next to a shower.,44992,257660
1704,coco-30k,A small kitchen has a stove and a blender.,78454,62510
1705,coco-30k,A GIRAFFE IS NURSING ITS YOUNG IN THE ZOO,55315,85288
1706,coco-30k,"A kitchen with a sink, bottles, jars and a dishwasher.",37194,293611
1707,coco-30k,A rather portly woman crosses a city crosswalk,19089,259085
1708,coco-30k,A man in full gear stands next to his motorcycle,2301,562519
1709,coco-30k,"A kitchen that includes a stove, ovens and refrigerator.",15316,454907
1710,coco-30k,A brick building with a clock tower at the corner of a street.,22588,296730
1711,coco-30k,A police officer rides a motorcycle next to a beach.,42405,155270
1712,coco-30k,A few people sitting by a busy street,82801,414510
1713,coco-30k,"A bathroom has a bathtub, sink and window in it.",31420,185633
1714,coco-30k,"Bathroom with tiled floor, radiator, shower and bathtub.",11869,581863
1715,coco-30k,Person in jacket riding a bicycle on a street.,34552,465692
1716,coco-30k,A white tiled bathroom with black counter top.,56898,473849
1717,coco-30k,a close up of a kitten under a parked car very close to the tire,33127,336372
1718,coco-30k,a kitchen with a table a stove and a sink,10385,384952
1719,coco-30k,a bathroom with a toilet and a stand up shower,35705,66567
1720,coco-30k,a very used and dirty harley davidson motorcycle,52250,537611
1721,coco-30k,a group of people wearing skis on a snowy surface,68397,574672
1722,coco-30k,Small motorcycle with several bicycles tied to the back of it. ,22416,70774
1723,coco-30k,an empty street and signals that are red,58823,68114
1724,coco-30k,a white plane is going low to make a landing,96373,42147
1725,coco-30k,a white structure with a building in the background,38546,53139
1726,coco-30k,Two people on mopeds passing in front of a building.,81471,175831
1727,coco-30k,A red light is a wonderful contrast to the pink leaves on trees,29839,15272
1728,coco-30k,A bathroom showing the bathtub and the sink and mirror.,95284,78035
1729,coco-30k,A passenger train traveling through rural mountain countryside.,23290,134010
1730,coco-30k,A person walking down a walkway next to a tree.,19840,87588
1731,coco-30k,A restroom filled with graffiti and two toilet stalls.,22661,15006
1732,coco-30k,A man in a jean jacket riding a motorcycle on a road.,82860,152120
1733,coco-30k,A black and white photo of a child putting on gloves next to a suitcase.,13529,161112
1734,coco-30k,A small airplane flying over a field filled with people.,44709,555953
1735,coco-30k,two giraffes in  field near some trees ,6931,233553
1736,coco-30k,The view from the inside of a jetliner looking out over the earth.,19029,36478
1737,coco-30k,A white refrigerator freezer sitting inside of a kitchen.,27859,564283
1738,coco-30k,A kitchen filled with appliances and cooking utensils.,81050,465327
1739,coco-30k,A large white airplane sits on the runway.,17480,218224
1740,coco-30k,A large passenger jet flying over the top of a forest.,49260,353551
1741,coco-30k,A metal toilet with a blue seat in a bathroom.,99819,313491
1742,coco-30k,a bath room with a bath tub and a window,4069,261115
1743,coco-30k,A woman standing in a kitchen next to a table.,44415,441247
1744,coco-30k,A person standing next to a bike covered in flowers.,81309,340998
1745,coco-30k,A yellow striped cat sitting on a bathroom sink.,25909,229740
1746,coco-30k,A motorcycle parked on a lush green field.,18075,69670
1747,coco-30k,A white toilet sitting in a bathroom on a wooden floor.,3112,359659
1748,coco-30k,A man and child near a short stop sign.,79336,106739
1749,coco-30k,A woman sitting on a toilet wearing pink shoes.,40418,136680
1750,coco-30k,A bathroom with a raised sink and a mirror.,70913,281868
1751,coco-30k,A group of young people riding motorcycles down a street.,53586,503837
1752,coco-30k,A large cat climbing up the side of a window.,46955,84124
1753,coco-30k,A large orange sitting on a glass plate.,65751,521352
1754,coco-30k,Two large passenger jets flying over a beach filled with birds.,13077,258285
1755,coco-30k,A red all terrain vehicle next to a man with a green dirt bike.,8299,26209
1756,coco-30k,A group of people standing around a blue building.,75066,323263
1757,coco-30k,A toilet has been turned on it's side out in a yard.,16769,320659
1758,coco-30k,A young man standing in front of a Canon store.,85218,386707
1759,coco-30k,A large passenger jet taking off from a runway.,70498,279649
1760,coco-30k,A bathroom filled with fixtures and a shower.,65129,462614
1761,coco-30k,A colorful airplane flying though a blue sky.,90903,163361
1762,coco-30k,A urinal mounted to a pink wall next to a toilet.,34929,535643
1763,coco-30k,A bathroom with a white toilet and a sink net to a shower.,50367,92124
1764,coco-30k,A small child riding on a blue wheeled toy.,44241,561054
1765,coco-30k,A smiling woman sitting on a stationary motorcycle.,51308,25282
1766,coco-30k,a man standing next to sheep on a lush green park.,53680,62167
1767,coco-30k,A bottle of sprite sitting on top of a bench.,80860,449976
1768,coco-30k,A woman standing next to two parked motorcycles and a child.,359,160456
1769,coco-30k,A yellow smiley face cat sitting on a white plate.,10589,172627
1770,coco-30k,An airplane flying through the gray sky with smoke pouring out it's back.,97954,29197
1771,coco-30k,A man riding a motorcycle down a city street.,6352,380706
1772,coco-30k,A bathroom with a toilet and a toilet paper dispenser.,44758,507352
1773,coco-30k,Black and white cat sitting on a man's head in front of a storefront.,56241,29587
1774,coco-30k,A car dashboard with a group of brown cows waking towards it.,84466,180362
1775,coco-30k,A pot on top of a stove next to a large metal ladle.,2862,39770
1776,coco-30k,A man preparing food outside of a shop on a street corner.,91119,483553
1777,coco-30k,A parked motorcycle sitting on the side of the road.,10542,479378
1778,coco-30k,A bathroom with a sink and television inside of the mirror.,68741,474786
1779,coco-30k,A large passenger jet sitting on top of a runway.,75757,355370
1780,coco-30k,A man working on an intricate task while on a canoe in an everglade.,64893,194013
1781,coco-30k,White counter top sink with wooden cabinets and a mirror. ,22852,177420
1782,coco-30k,The interior of a public bathroom with multiple sinks.,61033,576160
1783,coco-30k,A group of people standing under an umbrella on the side of a street.,85714,415828
1784,coco-30k,A bathroom with a shower next to a large mirror.,59061,47603
1785,coco-30k,Scantily dressed women near a line of motorcycles.,26303,385248
1786,coco-30k,A car parked outside of a gas station with chrome rims.,56183,552824
1787,coco-30k,"A bathroom with white counters, wooden cabinets and a toilet.",12718,252829
1788,coco-30k,A white toilet sitting next to a wall outdoors.,42668,388298
1789,coco-30k,A white cat sitting in the drivers seat of a car.,61586,67164
1790,coco-30k,A cat that is sitting on the hood of a car.,77381,68878
1791,coco-30k,A red fire hydrant mounted to the side of a building.,46526,531970
1792,coco-30k,A man riding a motorcycle on top of a race track.,83962,116712
1793,coco-30k,A grandmother standing next to a child in a kitchen.,29571,290868
1794,coco-30k,The bathtub and sink of a bathroom with a large mirror.,18160,403145
1795,coco-30k,A plane flies over water with two islands nearby.,48006,472
1796,coco-30k,A toilet sitting in a bathroom next to a sink.,58557,360772
1797,coco-30k,A group of people riding on the back of a loaded red pickup truck.,25455,372938
1798,coco-30k,A metal bowl filled with wet juicy oranges.,14058,128280
1799,coco-30k,A kitchen filled with wooden cabinets and a microwave oven.,50226,97022
1800,coco-30k,A large passenger jet flying through a gray sky.,83394,208901
1801,coco-30k,A counter in a kitchen line with black metal stools.,91070,74209
1802,coco-30k,A beautiful red haired woman holding a cup while wearing a sweater,91409,236023
1803,coco-30k,A large truck parked next to palm trees on a street.,27021,151877
1804,coco-30k,A small black and brown dog sitting next to a motorcycle.,40497,472375
1805,coco-30k,A woman standing in a kitchen holding a jug of milk.,80555,195271
1806,coco-30k,A glass bowl filled with oranges on top of a table.,48752,176271
1807,coco-30k,A kitchen with a center island with wooden stools.,98358,502749
1808,coco-30k,A herd of elephants grazing on a lush green field.,60018,465324
1809,coco-30k,A kitchen filled with hard wood flooring and appliances.,8331,93140
1810,coco-30k,There is a woman standing on a city street.,86140,224724
1811,coco-30k,"A small dog on TV behind the words "" What Did I Do Wrong?'.",64354,216014
1812,coco-30k,A cat perched on a car dashboard travelling on a street.,95458,38769
1813,coco-30k,"A fancy toilet, including a sink on the back and controls on the side.",71224,361750
1814,coco-30k,Airport workers loading luggage onto into an airplane's cargo hold.,15210,73450
1815,coco-30k,A group of bikers riding on the back of motorcycles.,86809,104647
1816,coco-30k,A bathroom with a tub next to a toilet and a sink.,73179,504248
1817,coco-30k,A bathroom with a large white sink and a door.,87062,564151
1818,coco-30k,A bathtub is in a bathroom with green tile.,22969,564816
1819,coco-30k,"A small bathroom with a toilet, sink and window.",95345,553280
1820,coco-30k,a jet on three pillars in front of a building,33247,84752
1821,coco-30k,Two brown teddy bears sitting on top of a wooden table.,97779,187647
1822,coco-30k,a person driving a motorcycle on a closed course,52179,227224
1823,coco-30k,A kitchen with a refrigerator freezer next to a sink.,36182,64152
1824,coco-30k,A large kitchen with an  island surrounded by stools.,17217,550552
1825,coco-30k,A blue and white tooth brush sitting on a sink.,81075,403863
1826,coco-30k,A stove top oven covered in pots and pans.,55491,180495
1827,coco-30k,A TV inside of a bathroom mirror next to a light.,88594,283438
1828,coco-30k,A bathroom with a white toilet sitting next to a sink.,40218,469471
1829,coco-30k,A woman carrying a red purse filled with hot dogs.,95055,467742
1830,coco-30k,A group of motorcycle riders racing down a track.,80851,211189
1831,coco-30k,A large Air Force jet taking off of a runway.,31789,180411
1832,coco-30k,Two fighter jets flying through a blue sky.,88964,173584
1833,coco-30k,A white toilet sitting in a bathroom next to a wall.,5825,256094
1834,coco-30k,A bathroom with a white bath tub and two sinks.,69445,33243
1835,coco-30k,A jetliner flying above in a light blue sky.,5504,466005
1836,coco-30k,A motorcycle parked on a walkway next to a dog.,3676,390348
1837,coco-30k,A group of people sitting around a long table,10445,156846
1838,coco-30k,A bathroom filled with a bath tub and his and her sinks.,50040,506220
1839,coco-30k,A white toilet sitting in front of a building under a window.,45817,511236
1840,coco-30k,A kitchen filled with black appliances and lots of counter top space.,97882,193271
1841,coco-30k,A white toilet sitting in a bathroom next to a wall.,12836,38630
1842,coco-30k,A white table topped with cakes and nuts.,58783,405432
1843,coco-30k,A paper bowl filled with cake and a muffin next to a banana.,48606,313337
1844,coco-30k,A brown cat laying in a white bathroom sink.,21113,347879
1845,coco-30k,A black and white dog chasing sheep in a field.,51761,290269
1846,coco-30k,Two motorcycles parked in a grassy area next to a tree.,43134,153083
1847,coco-30k,An old black and white photo of a city street with a large cathedral on the right hand side. ,92724,347535
1848,coco-30k,"A living area with a television, CD rack and various posters.",56188,62311
1849,coco-30k,A computer desk with various monitors and speakers.,87465,542509
1850,coco-30k,A kitchen area with a dining table and counter.,7785,145199
1851,coco-30k,A gigantic pastry held together by a bag and skewers,50248,377595
1852,coco-30k,A bathroom with a frame on wall and sink,72594,436392
1853,coco-30k,A grey and white cat sitting at foot of a doorway.,83181,56373
1854,coco-30k,A large passenger jet flying through a cloudy sky.,70831,84870
1855,coco-30k,A white bath tub in a bathroom under a mirror.,99092,507274
1856,coco-30k,A bathroom with a toilet and a bathtub with a safety rail.,85167,245274
1857,coco-30k,A bathroom with two sinks mounted on a wall.,50112,172886
1858,coco-30k,A group of large passenger jets parked in front of an airport.,89960,293324
1859,coco-30k,a compact kitchen with stainless-steel cabinets behind glass blocks,48746,97159
1860,coco-30k,A man sitting in a chair holding a yellow umbrella.,90924,527102
1861,coco-30k,A kitchen filled with bottles on it's counters and lots of counter space.,58669,467705
1862,coco-30k,A woman standing in a kitchen preparing food.,69142,350639
1863,coco-30k,A crowd of people standing around a field.,78197,412764
1864,coco-30k,A white toilet in a bathroom next to a white sink.,20078,209682
1865,coco-30k,A butcher cutting up the corpse of a dead animal.,77583,185201
1866,coco-30k,"Two men talking to each other on a street corner
",91655,8211
1867,coco-30k,A metal sink next to a white top oven ,4767,577857
1868,coco-30k,A bathroom under construction with a white tub next to a toilet.,19534,459408
1869,coco-30k,A group of people standing behind a blue table topped with sheet cakes.,60697,382625
1870,coco-30k,A motorcycle parked next to a black truck.,54634,190150
1871,coco-30k,A small kitten is lying on the seat of a large motorcycle.,55872,325768
1872,coco-30k,A humongous jumbo jet is on the airport runway.,75499,539808
1873,coco-30k,A large propeller airplane flying through a blue sky.,67724,64629
1874,coco-30k,A woman riding a bike while wearing really short shorts.,48727,256505
1875,coco-30k,A bathroom with a white toilet underneath a window.,79271,185546
1876,coco-30k,A person riding a motorcycle on a playground.,32778,182734
1877,coco-30k,A kitchen with a counter and a table with chairs.,2260,34873
1878,coco-30k,A large passenger jet flying through a blue sky.,99286,370325
1879,coco-30k,A shower door with a white towel hanging from it.,85216,409842
1880,coco-30k,A white toilet sitting up against a yellow wall.,61682,576080
1881,coco-30k,A group of  people sitting around a table on laptops.,70522,479950
1882,coco-30k,A group of motorcycle cops riding across a field.,50,492395
1883,coco-30k,A white toilet in a bathroom next to a white sink.,88717,167477
1884,coco-30k,A man riding a white scooter down a street with a woman on the back.,47566,138488
1885,coco-30k,A bike parked in front of a window on the side of a building.,84432,68381
1886,coco-30k,A blue motorcycle parked outside of a building.,38113,504948
1887,coco-30k,A crystal bowl filled with oranges on top of a table.,68054,229599
1888,coco-30k,Group of people standing outside of a green bus.,10354,581394
1889,coco-30k,A group of bikers parked in a parking lot under large lights.,82520,565031
1890,coco-30k,A bathroom with a small white toilet under a skylight.,92590,31660
1891,coco-30k,A clear glass bowl filled with fruit on a wooden table..,24545,263178
1892,coco-30k,A sky filled with airplanes flying underneath the clouds.,8460,323418
1893,coco-30k,A little girl cutting up food on a  cutting board.,15896,182715
1894,coco-30k,A group of knives mounted to a kitchen wall.,51251,233075
1895,coco-30k,a close up of a person riding a motorcycle ,3948,169972
1896,coco-30k,An airport filled with planes sitting on tarmacs.,75413,560623
1897,coco-30k,A man standing next to another man as they prepare food.,57848,74135
1898,coco-30k,Person cooking an eggs on a black pot on a stove. ,95381,580294
1899,coco-30k,A black cat sitting at a computer desk topped with a monitor.,20671,333140
1900,coco-30k,A couple of men riding horse drawn carriages.,91203,129520
1901,coco-30k,A bathroom with a white toilet next to a walk in shower.,90186,490567
1902,coco-30k,A diner with large pepsi signs on the front of it.,14762,492800
1903,coco-30k,A group of horse mounted police standing in front of a crowd.,3486,327663
1904,coco-30k,The bathroom is white and looks very clean.,79357,507893
1905,coco-30k,Two giraffe standing next to each other in a forest.,84572,573756
1906,coco-30k,A cat standing next to a bike parked against a wall.,71503,101762
1907,coco-30k,A kitchen with wood floors and lots of furniture.,47629,374628
1908,coco-30k,A tall church sitting next to a lush green field.,62735,139567
1909,coco-30k,Three buses pulled in front of a bus station loading passengers.,62337,68520
1910,coco-30k,A kitchen with a wooden floor and white cabinets.,76037,559159
1911,coco-30k,A tall giraffe studding next to a  parked truck.,30715,53748
1912,coco-30k,"A kitchen, with a sink, oven, fridge, and cabinets.",94338,564629
1913,coco-30k,A man laying on top of a wall next to a bike.,88320,124979
1914,coco-30k,A kitchen filled with appliances and wooden cabinets.,14402,226984
1915,coco-30k,A table topped with a bottle of alcohol and a plastic cup.,75389,533721
1916,coco-30k,A yellow and blue plant flying in a gray sky.,43143,52017
1917,coco-30k,A dog sitting in the passenger seat of a car.,78106,397375
1918,coco-30k,A couple of people standing in a field flying a giant kite.,65109,182279
1919,coco-30k,A kitchen filled with appliances and a wall mounted picture.,43205,9668
1920,coco-30k,A woman standing in front of a bathroom mirror next to a sink.,94117,319456
1921,coco-30k,A woman is wearing a wetsuit while holding a surfboard.,86590,489339
1922,coco-30k,A woman walking a bike next to a river with a boat in it.,18109,131919
1923,coco-30k,A large kitchen filled with white appliances with lots of counter space.,442,262054
1924,coco-30k,A man sitting on a bench on top of a pier.,75190,257236
1925,coco-30k,A large passenger jet flying through a blue sky.,76321,540816
1926,coco-30k,A group of people walking across a bridge over a river.,18413,258472
1927,coco-30k,A white toilet sitting in a bathroom next to a white wall.,71870,13769
1928,coco-30k,A couple of red motorcycles parked in front of a building.,53210,208991
1929,coco-30k,A kitchen filled with a metal stove top oven.,19689,416467
1930,coco-30k,A bathroom with a shower and a sink.,59339,103306
1931,coco-30k,A large jetliner sitting on top of an airport tarmac.,45120,490225
1932,coco-30k,A bathroom with a white toilet next to a sink.,4682,476299
1933,coco-30k,A kitchen with white cabinets has a sink and white refrigerator.,69367,241844
1934,coco-30k,A group of jets sitting on top of an airport tarmac.,84686,64510
1935,coco-30k,A white toilet with a box of tissues on it's tank.,67034,462364
1936,coco-30k,A large passenger jet sitting on an airport tarmac.,70361,414917
1937,coco-30k,A kitchen sink and part of a stove with a doorway leading into an adjacent room,4481,123136
1938,coco-30k,A red motorcycle parked next to a woman sitting down.,21279,268469
1939,coco-30k,A bathroom with a run down looking shower next to a sink.,81671,101647
1940,coco-30k,A large purple and red passenger jet flying through a blue sky..,17427,180953
1941,coco-30k,A woman holding an umbrella standing next to a black wall.,23204,340665
1942,coco-30k,A group of men on bikes hitching a ride on the back of a bus.,84036,322922
1943,coco-30k,A chef preparing food in a kitchen on a platter.,12607,574138
1944,coco-30k,A mouse sitting on the side of a computer monitor.,31119,35498
1945,coco-30k,A large passenger jet sitting on top of a tarmac.,70937,161347
1946,coco-30k,A woman preparing food inside of a kitchen.,81610,465463
1947,coco-30k,A plane floating on top of a lake surrounded by mountains.,43917,205401
1948,coco-30k,A white  and gray water fixture sitting on top of cardboard.,19916,166142
1949,coco-30k,a man standing next to a kitchen counter preparing food.,21992,419974
1950,coco-30k,A group of men and women playing a game on the Nintendo Wii.,22372,480591
1951,coco-30k,A cat laying on to of a car roof.,47079,360510
1952,coco-30k,A row of wooden park benches sitting next to a street.,6343,381519
1953,coco-30k,A bathroom filled with a row of sinks under mirrors.,43537,459786
1954,coco-30k,A child sitting at a table eating food from a small car.,53118,311374
1955,coco-30k,a kitchen filled with lots of counter top space and cooking utensils.,13729,422785
1956,coco-30k,"A bathroom filled with rotten,crap filled, destroyed toilets sitting in a row in a destroyed bathroom.",61578,566189
1957,coco-30k,"A bathroom with a white bath tub, sink and large window.",86300,523978
1958,coco-30k,A picture of a person talking on a phone. ,34835,299288
1959,coco-30k,A white toilet sitting in a bathroom on a tiled floor.,94456,182056
1960,coco-30k,A motorcycle parked next to a group of electrical boxes.,47952,292505
1961,coco-30k,A large white toilet next to a child's white toilet.,17840,496166
1962,coco-30k,A cat looking off to it's right with bright blue eyes.,34760,504167
1963,coco-30k,"A man wearing a tie, jacket and white shirt.",16333,262895
1964,coco-30k,A small propeller plane sitting on top of a field.,32344,180784
1965,coco-30k,A bathroom sink below a well lit mirror.,59542,328452
1966,coco-30k,A man standing next to a small airplane with two dogs.,40628,53677
1967,coco-30k,A cheesy pastry sitting on top of a plate.,22153,224819
1968,coco-30k,Four jets flying in formation in a blue sky.,26317,474410
1969,coco-30k,A white stove top oven sitting in a kitchen.,38419,569450
1970,coco-30k,A woman sitting in a car holding a smart phone.,52432,10825
1971,coco-30k,a bunch of ripe bananas sitting on a table.,69589,361656
1972,coco-30k,A man standing in a bathroom not wearing a shirt.,68867,223746
1973,coco-30k,a man riding a wave on top of a surfboard.,95703,170852
1974,coco-30k,A pile of different fruits sitting next to each other in a  bowl.,5822,543192
1975,coco-30k,A group of young children kicking a soccer ball around a field.,35693,552510
1976,coco-30k,a traffic light with all green lights over a street.,29598,42144
1977,coco-30k,A grey and white cat outside looking into a window.,16215,46877
1978,coco-30k,A couple of glasses next to a  bottle.,87118,253171
1979,coco-30k,a bathroom with a white sink next to a white bath tub.,72799,324253
1980,coco-30k,A group of men standing on the side of a street.,70442,138639
1981,coco-30k,A white church sitting at the bottom of a hillside.,44011,554466
1982,coco-30k,A wooden bench sitting in front of a park.,84123,76674
1983,coco-30k,A large passenger jet taking off from an airport runway.,33074,249482
1984,coco-30k,A white toilet sitting next to a window in a bathroom.,82344,144062
1985,coco-30k,A window in a kitchen filled with green plants.,18725,381615
1986,coco-30k,A cat standing on top of a car trunk next to a parked motorcycle.,13796,190326
1987,coco-30k,A jet airliner flying over a building with sky in background.,63091,298137
1988,coco-30k,A busy city street filled with traffic at night.,4612,525208
1989,coco-30k,An intersection and three sets of traffic signal light.,34259,159427
1990,coco-30k,A parked motorcycle in front of a small store.,28004,151807
1991,coco-30k,A person wearing a straw hat walking a bike.,94251,459141
1992,coco-30k,A hallway with yellow painted walls and a light mounted on a wall.,83319,118507
1993,coco-30k,A parked motorcycle on the side of the road.,46675,394773
1994,coco-30k,A man wearing a leather jacket standing next to a black motorcycle.,80314,523371
1995,coco-30k,A white sink in a bathroom under a window.,20553,225847
1996,coco-30k,A man kiteboarding on top of waves in the ocean.,74383,152111
1997,coco-30k,A bathroom filled with a toilet next to a tub and a sink.,48713,252857
1998,coco-30k,A woman sitting on top of a wooden bench near a park.,81023,349184
1999,coco-30k,A couple of baby sheep standing next to each other.,66724,548766
2000,coco-30k,A woman riding a motor scooter with a woman on back.,29885,59207
2001,coco-30k,A kitchen with a black stove top oven and white cabinets.,58643,251343
2002,coco-30k,A red car sitting on to of a black boat.,89640,411093
2003,coco-30k,A man riding a motorcycle down a city street.,53117,400247
2004,coco-30k,A woman putting on a lipstick holding a sharp knife.,89055,507273
2005,coco-30k,A pile of different types of vegetables on top of each other.,64334,566687
2006,coco-30k,A bathroom with a white tub next to a sink and toilet.,37640,514682
2007,coco-30k,A group of people enjoying a day at the beach.,73935,63565
2008,coco-30k,A man on a motorcycle with a group of people standing around it.,88158,427561
2009,coco-30k,A man holding holding a giant remote control.,72447,37670
2010,coco-30k,A yellow motorcycle passing by people behind a barrier.,24412,141416
2011,coco-30k,A bathroom sink under a mirror and lights.,17789,120254
2012,coco-30k,A herd of sheep passing by people behind barriers.,37946,366157
2013,coco-30k,A row of parked motorcycles sitting on the side of a road.,13061,391011
2014,coco-30k,A couple of motorcycles parked next to each other.,39847,338219
2015,coco-30k,A man riding a motorcycle with a woman on back of it.,38624,206487
2016,coco-30k,A small propeller airplane taking off from a runway.,30465,360346
2017,coco-30k,A woman sitting at a table inside of a kitchen.,65659,21198
2018,coco-30k,A large large floating out in the water with an airplane flying over it.,47139,120806
2019,coco-30k,an unattached toilet in the middle of a room with red tiled floors.,37686,234733
2020,coco-30k,A man standing next to a bikes and a motorcycle.,67619,11149
2021,coco-30k,An older person sitting on a wooden bench.,10348,497674
2022,coco-30k,A large airplane flying over a lush green hillside.,81581,60988
2023,coco-30k,A woman is riding a motorcycle down the street.,71504,268556
2024,coco-30k,An Air Force jet flying in a deep blue sky.,94901,379453
2025,coco-30k,A man flying through the air while riding a surfboard.,7671,142697
2026,coco-30k,A white toilet sitting in a bathroom next to a counter.,53153,312632
2027,coco-30k,A pine apple on top of a pile of mixed fruit.,95111,184773
2028,coco-30k,A toilet in a bathroom next to a window and toilet paper dispenser.,36768,104112
2029,coco-30k,A walk in shower next to a tub in a bathroom.,11355,469795
2030,coco-30k,A line of benches that are snow covered,78117,404988
2031,coco-30k,A white toilet sitting next to a white sink in a bathroom.,18613,158344
2032,coco-30k,A person riding a motorcycle down a street.,71449,579902
2033,coco-30k,A man standing on a snow covered field holding skis.,71049,107541
2034,coco-30k,A group of men riding motorcycles in street with American flags.,75945,84762
2035,coco-30k,A TV with two cows standing in a forest displayed on it's screen.,9463,123842
2036,coco-30k,A blue motor scooter with a cat sitting on it.,49392,488387
2037,coco-30k,A fighter jet sitting on top of an airport tarmac.,99111,351930
2038,coco-30k,A messy home office space with no one working.,71939,200302
2039,coco-30k,A man in black shirt on a motorcycle in a street.,67098,374559
2040,coco-30k,an image of a junky garage with trash everywhere,44153,485424
2041,coco-30k,a close up of a giraffe and a zebra in a field near trees,4845,548296
2042,coco-30k,an image of a cars driving on the highway,43228,232262
2043,coco-30k,an image of two bikers at a cross walk,46170,187286
2044,coco-30k,Lady working in a kitchen while man sits at table watching TV.,84363,328462
2045,coco-30k,An unfinished bathroom with a boarded window and exposed pipes.,95322,171349
2046,coco-30k,a close up of a scooter parked indoors,51382,67823
2047,coco-30k,A brown wooden bench sitting up against a wall.,61264,220171
2048,coco-30k,A man riding a bike through a lush green park.,95941,264336
2049,coco-30k,A man taking a selfie in front of a mirror.,68468,104751
2050,coco-30k,Two elephants standing next to each other in a jungle forest. ,44138,237777
2051,coco-30k,an over head view of cars parked below,3955,71384
2052,coco-30k,A man standing in a bathroom in front of a mirror.,6094,214727
2053,coco-30k,Emergency vehicles are on the scene of the accident.,59673,223574
2054,coco-30k,A white egg-shaped bathtub in a decorative bathroom.,41703,323186
2055,coco-30k,A commercial aircraft flies low above street traffic.,16666,244246
2056,coco-30k,A white toilet with a black seat in a small bathroom.,5912,134483
2057,coco-30k,A bathroom being remodeled with a white toilet.,24269,247184
2058,coco-30k,A tall building with a massive clock on it's face.,55817,520956
2059,coco-30k,A subway train with it's loading doors wide open.,32875,217883
2060,coco-30k,A passenger jet filled with purple and blue seats.,13940,105465
2061,coco-30k,A man standing next to an airplane on a runway.,14810,552302
2062,coco-30k,"A bus, old cabin cars, and motor cycles with people ",14861,33854
2063,coco-30k,Blue dust pan and brush on floor next to white commode.,54647,191381
2064,coco-30k,"An orange, white and blue bus on a street.",53144,385346
2065,coco-30k,A yellow and green bus passing in front of a building.,19899,408621
2066,coco-30k,"A kitchen with a stove, microwave and refrigerator.",19330,86408
2067,coco-30k,A group of motorcycles parked on the side of a road.,84386,44590
2068,coco-30k,an airplane is being towed away from the jet bridge,70845,282229
2069,coco-30k,"A bathroom with a toilet, sink and bathtub.",45641,195306
2070,coco-30k,A branch stretches in the air while an airplane flies in the distance.,59481,11374
2071,coco-30k,We are looking up at the underside of an airplane.,75480,377314
2072,coco-30k,Two speed motorcyclers turning a corner very sharply,98082,15596
2073,coco-30k,An airplane at its gate on an overcast day.,27903,252844
2074,coco-30k,A women holding up a very large pair of scissors .,18279,199540
2075,coco-30k,two plates of food on a table with chairs,94758,433373
2076,coco-30k,A glass cup full of some drinks set on a table counter.,56942,153901
2077,coco-30k,People are hiding under colorful umbrellas on a rainy day.,47320,275161
2078,coco-30k,A man on a bicycle passing by a taxi.,43835,215867
2079,coco-30k,Two women in street holding scissors and papers.,39239,574825
2080,coco-30k,"A kitchen with a toilet, sink and a bathtub.",67362,167898
2081,coco-30k,an image of a night scene with a cat on top of a car,75175,167122
2082,coco-30k,"an image of a kitchen setting with ceramic backsplash
",13418,397459
2083,coco-30k,An airplane is going over a steep mountain.,53356,347367
2084,coco-30k,an image  of people outside playing frisbee,72962,764
2085,coco-30k,A kitchen with a white tile wall and a chrome counter with a built in oven.,74563,227220
2086,coco-30k,A woman holding a microphone stands in front of two giraffe.,46088,266677
2087,coco-30k,Black and white photograph of a woman using a sewing machine.,72660,103462
2088,coco-30k,A black and white plane flying in a blue sky.,89794,459502
2089,coco-30k,The street sign is across from an electronic sign of a restaurant.,65349,487702
2090,coco-30k,"A kitchen area with a stove, sink and microwave.",33812,365766
2091,coco-30k,A hand spraying water into a white toilet bowl.,60788,206411
2092,coco-30k,Bathroom with a white tiled floor and sink.,15302,500464
2093,coco-30k,A biker chic in high heel boots is talking to a man at a gas pump.,52581,467511
2094,coco-30k,an image of a a plane that is flying in the air,61432,399400
2095,coco-30k,The wing of an airplane flying above a beach.,65515,51495
2096,coco-30k,A motorcycle passing by a yellow dump truck.,76399,231402
2097,coco-30k,A field with various wildlife and trees in the background.,69370,311295
2098,coco-30k,a person wearing a suit and tie next to a couch,86931,170099
2099,coco-30k,Three men sitting on motorcycles on a sidewalk.,93097,201163
2100,coco-30k,Black cat lying on smooth tiled kitchen floor.,2635,73861
2101,coco-30k,Bicyclists riding down the middle of a city street.,30523,15663
2102,coco-30k,Laptop lifted up on a desk next to another monitor.,78799,354976
2103,coco-30k,Two motorbikes outside of a glass window with a bike next to them.,31652,110881
2104,coco-30k,A close-up of a television on white wall.,55949,84936
2105,coco-30k,A woman observing something on a kitchen stove.,62279,33638
2106,coco-30k,two people on a snowy surface with a sky background,30323,235126
2107,coco-30k,"Several people who are riding motor scooters, stopped at an intersection.",42300,116061
2108,coco-30k,three people holding wine glasses in the air before them while seated at a dining table.,50714,550273
2109,coco-30k,A man lying down on a couch with a cat on top of him,50895,546210
2110,coco-30k,Traffic lights and people walking as other on a crane continue with their work,46440,106677
2111,coco-30k,A green traffic signal at an intersection in a town.,92182,548464
2112,coco-30k,A cat sitting outside on some cobble stone.,39804,280736
2113,coco-30k,A man wearing a bike helmet standing next to a bicycle.,170,403565
2114,coco-30k,A wooden bench next to a wall with a wooden door.,45617,562834
2115,coco-30k,A bicycle sits next to an empty park bench.,69458,451559
2116,coco-30k,A white church has a decorative window and gold clock.,12281,509185
2117,coco-30k,A motorcyclist relaxes in full garb leaning on the vehicle.,37886,140465
2118,coco-30k,A man on a bike rides through the crowd.,2785,281766
2119,coco-30k,"A bathroom with a tub, sinks, lights and a television.",83925,383443
2120,coco-30k,People are in a circle at a table on laptops.,36527,464831
2121,coco-30k,A teddy bear in a pink dress and pink shoes. ,5322,164305
2122,coco-30k,a couple of small dogs sit in a basket on a bike,38278,233660
2123,coco-30k,Two potatoes sit on a cluttered kitchen counter.  ,61862,541279
2124,coco-30k,some zebras a giraffe and other animals and some bushes and trees,10684,495348
2125,coco-30k,"Cabinets, a sink, a dishwasher and a microwave in a kitchen.",85855,542934
2126,coco-30k,A young couple smile as they sit in a nice restaurant. ,72908,510651
2127,coco-30k,A red traffic light with vehicles passing by too fast to capture.,20901,477470
2128,coco-30k,Several motor scooters parked in a row on the side of a street.,67422,557552
2129,coco-30k,some zebras and giraffes are walking around ,70686,430804
2130,coco-30k,A small bathroom with a dark vanity and tiled floor.,47378,326256
2131,coco-30k,A tall wooden pole with a Mcdonald's sign posted to it.,30130,331642
2132,coco-30k,A cat sitting on top of a seat behind a steering wheel.,84692,27463
2133,coco-30k,A bathroom with marble walls and counters surround a large mirror.,81886,205350
2134,coco-30k,a large passenger sitting next to a loading doc at an airport.,53424,368611
2135,coco-30k,A young girl riding a skateboard next to two guys.,19234,539124
2136,coco-30k,A toilet and a sink in small bathroom.,36515,542145
2137,coco-30k,A car is parked next to an old fashioned parking meter.,33639,198139
2138,coco-30k,A bicycle and a motorcycle parked near a door on a narrow street.,96635,520524
2139,coco-30k,A man and woman ride on a red motorcycle with others in the background.,61249,559171
2140,coco-30k,"View of a airplane gas station from inside, showing fancy airplane model sign.",30917,446455
2141,coco-30k,Two motorcycle riders leaving out on a ride. ,58066,525021
2142,coco-30k,Two teenaged boys sitting on the floor posing next to a computer.,37053,5713
2143,coco-30k,A large clock on the side of a building has biblical pictures.,10739,579226
2144,coco-30k,A large number of motorcycles parked along side each other in a row.,77954,535519
2145,coco-30k,a guy sitting on a motor cycle next to some trees,71525,174313
2146,coco-30k,a bathroom with a white sink and  tolit,79222,352744
2147,coco-30k,a small yellow Cessna plane flying on a clear day,11145,187745
2148,coco-30k,rear view mirror reflection showing a dog in the back seat,37788,365207
2149,coco-30k,A very large living room with many bright windows.,21409,491755
2150,coco-30k,A blue motorcycle is parked in a corner covered in graffiti.,76579,343934
2151,coco-30k,Two rooms of a house are left in disarray on moving day.,78710,19455
2152,coco-30k,A giraffe is walking up a grassy and rocky hill.,1891,93393
2153,coco-30k,large NASA plane parked near the landing stripe next to a smaller plane,82663,353981
2154,coco-30k,A view of a very large bathroom with mirrored walls.,84610,540186
2155,coco-30k,"A fancy bathroom with a large tub, separate shower, and double sink.",57533,14282
2156,coco-30k,A girl holding a skewer with a banana on the end.  ,71935,183905
2157,coco-30k,Banana and plastic drink container sitting on a table.,40472,290619
2158,coco-30k,A person laying on an inflatable mattress with two sleeping bags.,33859,331883
2159,coco-30k,A kitchen filled with lots of clutter and a table with blue metal chairs.,68246,308507
2160,coco-30k,A passenger jetliner sitting on top of a tarmac at an airport.,60551,325022
2161,coco-30k,Three look alike dogs are herding sheep into a pile.,9729,209613
2162,coco-30k,Some food is sitting on a stove top in a kitchen area.,61263,137830
2163,coco-30k,A tall yellow building next to a traffic light that's green.,9414,525371
2164,coco-30k,A squadron of fighter jets flying in formation in a blue sky.,20547,486233
2165,coco-30k,A group of people walking across a street near tall buildings.,58604,525058
2166,coco-30k,A white toilet sitting in a bathroom next to a tp dispenser.,56777,67558
2167,coco-30k,"a bathroom with a toilet, tub and window",83279,398067
2168,coco-30k,A toilet next to a sink inside of a bathroom.,68038,188421
2169,coco-30k,A bike mounted to a wall next to a tall pole.,53219,561928
2170,coco-30k,A motorcycle parked on a lush green field.,18876,322263
2171,coco-30k,A ripe banana bleeding with a razor blade stuck in it.,63176,435883
2172,coco-30k,A monkey runs past some giraffe standing by the trees. ,6344,147027
2173,coco-30k,A man and a woman standing in front of a kitchen table.,15667,542570
2174,coco-30k,A cat sitting on top of a green car.,20564,327177
2175,coco-30k,A woman holding a smart phone next to a group of people.,70601,459272
2176,coco-30k,"A kitchen area with bar, stove and refrigerator.",46627,530384
2177,coco-30k,"Three men in military suits are sitting on a bench,",5754,328
2178,coco-30k,Giraffes and zebra watching a zookeeper in their enclosure.,50919,487095
2179,coco-30k,Yellow military jet making pass against gray cloudy sky.,73997,371588
2180,coco-30k,Mountain sheep standing in outdoor natural setting area.,7786,264909
2181,coco-30k,Person lying on brown leather couch in sparsely fille room.,23045,247477
2182,coco-30k,An old style jet plane on a tarmac.,46713,443737
2183,coco-30k,The moon in the sky above a jetliner.,63200,421682
2184,coco-30k,A woman standing in front of a mirror taking a selfie.,94834,514416
2185,coco-30k,A man doing something to a kitchen window.,6610,34212
2186,coco-30k,Row of motorcycles parked at curb in outdoor area.,4395,131597
2187,coco-30k,A row of motorcycles parked next to each other.,26629,185922
2188,coco-30k,A toilet in a bathroom next to a amp.,58077,514604
2189,coco-30k,A cat sitting on the back of a car seat.,62178,437126
2190,coco-30k,Two men sitting in front of a brick building holding skis.,52846,579696
2191,coco-30k,White and gray cat looking past spoked wheel.,79110,557451
2192,coco-30k,The man is in his refrigerator looking for something to eat or drink,79405,295105
2193,coco-30k,A collection of items from a bag laid on floor.,23137,19333
2194,coco-30k,Plane in the sky flying sideways all by itself.,27087,261645
2195,coco-30k,Photo of airplane wing as the plane flies in the blue sky.,71662,355057
2196,coco-30k,Cat wedged between two large oak doors trying to get out.,6412,386457
2197,coco-30k,A parked motorcycle sitting on a lush green field.,97837,359086
2198,coco-30k,Two motorcycles parked next to each other on a parking lot.,59377,520326
2199,coco-30k,People holding umbrellas with a blue light in back.,34362,190951
2200,coco-30k,A row of parked cars sitting next to parking meters.,51898,556616
2201,coco-30k,A giraffe standing in a field next to a fence.,11089,245513
2202,coco-30k,A group of people standing outside of a small airplane.,10686,101088
2203,coco-30k,A group of people riding up a ski lift.,31004,307342
2204,coco-30k,These two cats are playing in a room that has a large TV and a laptop computer.,81078,77396
2205,coco-30k,A couple of motorcycle cops driving down a street.,91552,143737
2206,coco-30k,A man walking down a street holding an umbrella.,49229,7394
2207,coco-30k,A large passenger jet sitting on top of an airport tarmac.,58215,477441
2208,coco-30k,Motorcycles driving down a wide city street nearing a white building.,61687,213687
2209,coco-30k,Racks full of bikes fill an entire street.,95680,249815
2210,coco-30k,A pizza sitting on top of a pan in the oven.,11229,402433
2211,coco-30k,A toilet sitting in a bathroom next to a mirror.,95726,156832
2212,coco-30k,A group of people on bicycles huddled together.,38680,511777
2213,coco-30k,A bathroom with two sinks sitting under mirrors.,89955,103585
2214,coco-30k,A black and white cat sitting on top of a toilet seat.,66119,254045
2215,coco-30k,A white plate topped with a chocolate cake and a lemon wedge.,92621,147762
2216,coco-30k,Two individuals riding bicycles on a board walk.,89564,556205
2217,coco-30k,A church filled with rows of wooden seats.,90580,75857
2218,coco-30k,A woman standing outside of a metallic bus parked.,78868,291606
2219,coco-30k,A white toilet in a very small bathroom.,85644,489624
2220,coco-30k,A silver motorcycle parked next to a forest filled with lots of trees.,56832,137369
2221,coco-30k,A couple of police motorcycles parked next to each other.,93379,136833
2222,coco-30k,A shower head with an electric device hooked up to it.,13102,540388
2223,coco-30k,A toilet in a bathroom next to a plaque on a wall.,25953,287560
2224,coco-30k,A white toilet sitting inside of a restroom next to toilet paper.,30457,256844
2225,coco-30k,A bathroom filled with toilets and a tub next to a sink.,62612,255401
2226,coco-30k,A parked motorcycle sitting next to a store front.,91379,235517
2227,coco-30k,An orange cat sitting on top of a white bench next to a bike.,27522,171753
2228,coco-30k,A group of kids in helmets on skateboards.,84047,288528
2229,coco-30k,A  young boy standing next to a kitchen sink next to a dish rack.,58675,279948
2230,coco-30k,A bathtub sitting under a chandelier and next to a pair of windows and a mirror in a bathroom.,41537,215596
2231,coco-30k,A man is herding some sheep and with a black dog. ,86301,240537
2232,coco-30k,A kitchen with a freezer refrigerator next to counters.,24863,231450
2233,coco-30k,A man riding on the back of a dirt bike in the air.,56206,135690
2234,coco-30k,Two men work in the kitchen of a restaurant.,6443,44279
2235,coco-30k,The motorbike is driving on a dusty road.,52283,292526
2236,coco-30k,The adjacent computer screens near the keyboard show different displays.,90730,89359
2237,coco-30k,Some people sitting at a table eating in a restaurant.,81237,93894
2238,coco-30k,A bathroom with a white toilet next to a sink.,32773,386584
2239,coco-30k,A woman standing in a kitchen with hard wood floors.,24901,210012
2240,coco-30k,A couple of motorcycles parked next to each other.,2238,44718
2241,coco-30k,A formation of airplanes in the distance with colored smoke.,64177,480133
2242,coco-30k,A couple of bikes parked next to each other near a ramp.,46279,459933
2243,coco-30k,A parked motorcycle sitting on a dirty road.,46604,410878
2244,coco-30k,A sink under a mirror next to a door way.,42808,85268
2245,coco-30k,A kitchen with lots of wooden cabinetry and a stove top oven.,88726,222500
2246,coco-30k,A group of motorcycle cops riding down a street.,90576,19904
2247,coco-30k,A man dressed in mostly all black riding on a black motorcycle.,84267,39504
2248,coco-30k,A standing toilet sitting inside of a stone and cement room.,72482,57495
2249,coco-30k,A woman and two men sitting on a bench in front of a store.,21119,365068
2250,coco-30k,A small wheeled airplane on an open runway.,35983,459467
2251,coco-30k,A red motorcycle is parked in between white lines.,71146,23821
2252,coco-30k,"A kitchen with its light's off, with light coming from an open door.",51366,507081
2253,coco-30k,"A bathroom with a toilet, sink, bath tub, and a small cabinet.",4985,262440
2254,coco-30k,A man holding two cups filled with dessert.,15520,254930
2255,coco-30k,A parked motorcycle sitting next to a white brick wall.,43359,507143
2256,coco-30k,A toilet is in a dirty bathroom with a sink.,15138,58797
2257,coco-30k,A person is sitting at a keyboard near a microphone.,73668,398905
2258,coco-30k,A man and woman riding a motor scooter.,88234,383322
2259,coco-30k,A fan sitting in the middle of a room next to a sink.,98493,552563
2260,coco-30k,A large white clock tower sitting on top of a large building.,45774,449038
2261,coco-30k,An airplane flying in the sky above a mountain.,29541,196681
2262,coco-30k,A modern bathroom with a spacious tub and shower,1925,146999
2263,coco-30k,A wooden table sitting under a picture with wooden chairs.,1977,441415
2264,coco-30k,Stripped kitty finds a comfy place in the bathroom for a nap,47205,471251
2265,coco-30k,A toilet with a hammer on it in a small room.,37417,298773
2266,coco-30k,A bathroom toilet with yellow liquid inside and a dirty tub.,92225,435533
2267,coco-30k,Large unusual looking plain on the runway surrounded by many people.,80159,389655
2268,coco-30k,A boat sitting out on an island surrounded by water.,33211,212122
2269,coco-30k,A group of young people sitting around a piece of luggage.,7320,372191
2270,coco-30k,A boat floating in a harbor of a very large city.,17379,233090
2271,coco-30k,A small black dog on a leash next to a bike.,88338,316694
2272,coco-30k,A clock mounted on a wall over the doorway of a kitchen.,24820,186165
2273,coco-30k,A crowded city street filled with traffic at night.,41265,480225
2274,coco-30k,In building has a picture of a woman in a bikini hugging a hot dog.,98198,259342
2275,coco-30k,A large passenger jet flying over the top of a large body of water.,14610,425303
2276,coco-30k,A white bathroom mirror mounted to it's wall.,24643,58133
2277,coco-30k,The runway has a few airplanes on it.,67055,541627
2278,coco-30k,A bathroom with a white toilet sitting next to a bathroom sink.,10751,125059
2279,coco-30k,A kitchen with a metallic refrigerator and stove top oven.,44692,534659
2280,coco-30k,A restaurant with red stools next to a bar  and a blue table.,94185,173302
2281,coco-30k,Two motorcycles parked next to each other on a lush green field.,78628,26982
2282,coco-30k,A woman and her dog taking a walk down a path in the woods.,31668,511463
2283,coco-30k,A very roomy modern style rest room nicely decorated.,54803,214664
2284,coco-30k,an image of a public bathroom scene with colorful decor,30035,210467
2285,coco-30k,A kitchen view of a dining table with a bowl with bananas.,87243,11172
2286,coco-30k,A picture of pink bathroom sink and a mirror.,57655,164637
2287,coco-30k,"A view of a kitchen sink, knives, hanging cups, and wine glasses.",94095,176330
2288,coco-30k,A bicycle is parked near a body of water.,73535,242529
2289,coco-30k,"The bathroom has a sink, and see through shower.",52773,221307
2290,coco-30k,The jet is about ready to take off from the runway. ,85367,329562
2291,coco-30k,The man is sitting on the bench on the side of the building. ,93114,362090
2292,coco-30k,Two people on motorbike passing by a clock facade.,99666,108094
2293,coco-30k,A modern bathroom with a toilet and shower.,39609,263268
2294,coco-30k,A woman sitting on a toilet with a mask on. ,25261,502644
2295,coco-30k,"A bathroom containing a toilet, sink, window, and bath tub.",67812,409125
2296,coco-30k,"A dirty bathroom consisting of a toilet, bath tub and sink. ",65111,134691
2297,coco-30k,a close up of a banana on a plate next to a bowl,79313,240798
2298,coco-30k,A lady in bed with oxygen tube and a dog.,56421,544122
2299,coco-30k,A goat in a field with a dog running beside it.,63514,326592
2300,coco-30k,A banana in a little chair near a window.,43399,185802
2301,coco-30k,Hands typing on light colored electronic computer keyboard.,11152,208028
2302,coco-30k,A man is sitting in a beige chair in a living room,65722,508656
2303,coco-30k,"A desk with a laptop, computer monitor and a keyboard.",45927,580953
2304,coco-30k,"A kitchen with a stove, sink, microwave and various other items.",7063,96183
2305,coco-30k,A man sitting on a bench with a tall building behind him.,43707,17436
2306,coco-30k,A person sitting next to a toilet that is sitting on a sidewalk and filled with papers.,30292,109600
2307,coco-30k,A very large double door refrigerator in a kitchen.,97168,26348
2308,coco-30k,A group of motorcycles on display for a crowd.,99949,78748
2309,coco-30k,"A group of people and bicycles and an orange sign that reads ""orange.""",28609,397665
2310,coco-30k,There is a older man on a motorized chair riding on the grass,724,232511
2311,coco-30k,A picture of a young woman holding hands with a dog.,25371,57936
2312,coco-30k,A kitchen under construction with a trashcan and stove.,36759,382696
2313,coco-30k,An open toilet with a sign posted on it.,93140,125944
2314,coco-30k,An airplane being serviced while parked at a gate at the airport.,37967,576582
2315,coco-30k,Black and white photograph of two men on motorcycles.,27813,559665
2316,coco-30k,a close up of the tail section of a large passenger airplane,91581,402798
2317,coco-30k,A group of people eating at tables under umbrellas in front of a restaurant.,71696,419216
2318,coco-30k,View of a public men's' room with a  cot on the side.,5175,365387
2319,coco-30k,There is a black and white photo of a cat behind a fence,63768,387478
2320,coco-30k,A bathroom has the blue toilet seat off.,65929,232649
2321,coco-30k,A row of parked motorcycles on the side of a street.,61660,490936
2322,coco-30k,a row of parked bicycles and motor cycles,80141,184945
2323,coco-30k,a sculpture made of spoons and an old toaster,19826,353398
2324,coco-30k,A bath tub with potted plants in it.,57469,217387
2325,coco-30k,A news paper sitting on a floor next to a toilet.,9171,14781
2326,coco-30k,A brown bird perched on the handle bars of a bike.,28969,469480
2327,coco-30k,A woman and a man standing next to a bush bench.,4857,370953
2328,coco-30k,People walking across two bridges on a sunny day,14568,534784
2329,coco-30k,A big dog sticking its head out a car window.,45548,200023
2330,coco-30k,A large collection of cooking utensils hanging on a wall.,52000,506137
2331,coco-30k,The dining room is empty of people but the light is left on.,81359,536972
2332,coco-30k,A black and white cat sitting on top of leaves.,74349,312340
2333,coco-30k,A church with a massively tall tower covered in a clock.,96000,207675
2334,coco-30k,four fighter jets flying through the air in formation,48052,31446
2335,coco-30k,People and bicycles in a crowded street in China.,97550,534736
2336,coco-30k,A green bench sitting in front of a building.,91918,581180
2337,coco-30k,Three bikes on the shore while people talk on a small boat.,22952,388619
2338,coco-30k,A man holding a knife while standing over a sink.,64246,180718
2339,coco-30k,A cat is curled up inside a bowl. ,64617,227730
2340,coco-30k,A giraffe standing next to a tall tree.,41148,177453
2341,coco-30k,A white sink and toilet in a small bathroom.,69925,330536
2342,coco-30k,a very small bathroom with a dirty toilet and scrub brush near by,56006,285352
2343,coco-30k,A sheep dog herding a group of three sheep.,3872,499302
2344,coco-30k,A man wearing a white shirt and red tie.,44032,479597
2345,coco-30k,one motorcycle rider riding going up the mountain two going down,74637,12744
2346,coco-30k,a sky lift for skiers coming down the mountain ,27371,158421
2347,coco-30k,A photo of an old building with focus on the clock tower.,81866,218587
2348,coco-30k,Two horses grazing in a field with ruins in the background.,84989,579463
2349,coco-30k,A photo of the tail of a jet engine airplane on the tarmac.,85921,68457
2350,coco-30k,A guy on a motorcycle riding down a street lined with motorcycles. ,77580,542605
2351,coco-30k,Two men are riding on horses in the middle of a field.,10770,493641
2352,coco-30k,A man sitting in a chair holding a baby who is chewing on a remote.,94400,70471
2353,coco-30k,A man standing in the street with a umbrella.,36516,232563
2354,coco-30k,A smiling man holds a bunch of freshly picked bananas,31291,389812
2355,coco-30k,Small bathroom with toilet and sink connected to each other. ,37670,521359
2356,coco-30k,Two bikes are sitting in the sand on the beach.,26471,254491
2357,coco-30k,A group of people watching a woman cutting a cake.,28088,144003
2358,coco-30k,A man sitting in a chair under an umbrella.,4305,260247
2359,coco-30k,A small blue car on a city road.,86313,135275
2360,coco-30k,A small bathroom with a mirror and sinks.,45218,376310
2361,coco-30k,A small kitchen with a stove and counters.,5637,485731
2362,coco-30k,Many motor bikes lined up on a city street.,69448,220106
2363,coco-30k,A man with his pants around his ankles sitting on a toilet in a bathroom,98384,312020
2364,coco-30k,"A mirror, sink, towel, toilet paper, mop and toilet sitting in a bathroom.",75962,250240
2365,coco-30k,An airplane flying in the air during the day.,51689,452122
2366,coco-30k,A sky view looking at a plane in the sky.,12138,445038
2367,coco-30k,A car parked by a parking meter in front of a building.,77253,97131
2368,coco-30k,A man standing with his motorcycle outside of a repair shop.,48546,245448
2369,coco-30k,A white electronic toilet with the seat open.,19345,359965
2370,coco-30k,A metallic refrigerator freezer sitting in a kitchen.,80301,48905
2371,coco-30k,A road where cars and motorcycle are parked at the side.,23226,19451
2372,coco-30k,A bathtub sits next a window showing a ferris wheel.,27117,277865
2373,coco-30k,A street that has all the traffic stopped at a traffic light.,39941,32941
2374,coco-30k,A counter top in a kitchen with various items on it.,23157,12570
2375,coco-30k,Multiple wooden spoons are shown on a table top.,53362,223648
2376,coco-30k,A giraffe is standing in the grass near a stone wall.,46873,574402
2377,coco-30k,A small blue and white bathroom with a toiler and sink.,99844,185512
2378,coco-30k,A clock is sitting on the tank of a toilet.,90746,374184
2379,coco-30k,A kitchen counter top with many different appliances.,61289,325505
2380,coco-30k,A white table topped with a laptop computer sitting next to a phone.,19681,393692
2381,coco-30k,A kitchen with a piano and an automatic dishwasher.,50031,556178
2382,coco-30k,a lot of cars driving on a road beside a gas station ,22977,574790
2383,coco-30k,Someone taking a slefie with a large camera in a large mirror.,92511,213978
2384,coco-30k,An old motorcycle rests near a rundown building. ,6123,149406
2385,coco-30k,A child with a helmet on a motor bike.,53753,315908
2386,coco-30k,A bathroom consisting of a toilet and a tub. ,69307,543961
2387,coco-30k,"A household bathroom with vanity sink, toilet and tub and shower.",85357,46869
2388,coco-30k,A man taking a selfie in a bathroom mirror.,78150,183393
2389,coco-30k,A white sink and shower in a small bathroom.,33407,274494
2390,coco-30k,Large airplane flying below the clouds from underneath,57439,403820
2391,coco-30k,Skiers waiting for their turn to make a run on a slope.,53761,71986
2392,coco-30k,A large white bowl of many green apples. ,30337,2149
2393,coco-30k,an aerial view from a planes window of clouds and a sunset,77190,388643
2394,coco-30k,A vintage STOP sign in black & white,29426,234794
2395,coco-30k,A motorcycle sitting next to a sidewalk with a potted plant on it.,22683,315923
2396,coco-30k,"A table filled with cakes, cupcakes, pies and whip cream.",85309,114184
2397,coco-30k,Laptop and desktop computers in use on a cluttered desk.,38838,146805
2398,coco-30k,People are standing and talking on a city street.,54846,70321
2399,coco-30k,A person that is sitting on top of a motorcycle.,17442,181296
2400,coco-30k,A view of a kitchen shows large and small appliances and pans on the cabinets.,12133,398661
2401,coco-30k,A man in glasses is mixing in bowls near pots on a stove.,6147,370209
2402,coco-30k,A view looking down in to a bathroom stall.,29339,568633
2403,coco-30k,A traffic light with a sad face on the red light. ,84213,531134
2404,coco-30k,A tv sitting on top of a wooden shelf.,89346,578524
2405,coco-30k,A man mixing food in a bowl behind a girl who is reaching into another bowl in a kitchen.,14711,254589
2406,coco-30k,a rainy day with people on the road with umbrellas and a person with a cycle waiting in the shade. ,52183,467000
2407,coco-30k,A red toilet in a very small bathroom.,73524,263796
2408,coco-30k,A chandelier hangs in the foreground of a picture of a kitchen.,37190,229324
2409,coco-30k,A cat sitting on top of a window sill over a sink.,15598,322353
2410,coco-30k,A beautiful tower building with a big clock on it.,53354,306524
2411,coco-30k,A man on a motor bike driving down the road.,16897,577398
2412,coco-30k,A motor bike stationary in a parking lot.,93875,117380
2413,coco-30k,A family kitchen cluttered with items on the counters,888,445658
2414,coco-30k,A teenager in a bathroom looking at a stand alone shower.,80813,528411
2415,coco-30k,A white toilet sitting up against a wall under a window.,30351,531569
2416,coco-30k,A bathroom with a sink and toilet and dark hardwood floor. ,48655,353920
2417,coco-30k,A woman standing under an umbrella looking up.,1702,61503
2418,coco-30k,A plane just having taken off from the ground ,6603,148077
2419,coco-30k,A snowy ladnscape with a car crashed into a pole,54571,292997
2420,coco-30k,A collection of various cars stopped at a stop light.,98137,474526
2421,coco-30k,"This kitchen is cluttered, cabinet and drawers are not shut all the way, and there is paper taped to the floor.",64267,302077
2422,coco-30k,A man standing on a plane wing to board the plane.,21724,137496
2423,coco-30k,A baby is laying down with a teddy bear.,66134,12448
2424,coco-30k,A composting toilet is shown for sale at a store.,53995,88031
2425,coco-30k,A white toilet with a black lid and red painting on it. ,42417,303549
2426,coco-30k,A white toilet in a bathroom next to a white sink.,25102,162677
2427,coco-30k,A flat screen TV mounted to a wall next to a doorway.,20469,483328
2428,coco-30k,A bath tub sitting under a window in a bathroom.,48481,339256
2429,coco-30k,An Oscar Mayer truck is parked at a festival.,99627,82462
2430,coco-30k,A woman is walking her two dogs on the beach.,33681,33405
2431,coco-30k,A kitchen with a white stove top oven.,24652,546428
2432,coco-30k,A bathroom with three white wall mounted urinals.,20967,67805
2433,coco-30k,A blue corner sink with a man reflected in the above mirrors.,14066,383606
2434,coco-30k,An air plane wing flying over a very large mountain.,45673,32766
2435,coco-30k,A sink under a large mirror in a bathroom.,80339,139097
2436,coco-30k,"A plate of food with shrimp, pasta, and salad.",88204,520862
2437,coco-30k,A man works on a motorcycle inside a motorcycle repair garage,66103,530631
2438,coco-30k,A public bathroom with a white sink and sign regarding dirty hands.,77669,188733
2439,coco-30k,A group of people in a conference room watching a televisions.,38257,472253
2440,coco-30k,"A kitchen area with a table, dishwasher and stove.",49946,124707
2441,coco-30k,A view of an empty city street at night,61973,192594
2442,coco-30k,a messy bathroom with a toilet and toilet paper,50357,65124
2443,coco-30k,an image of a train that has a bike sign on the side,76799,419401
2444,coco-30k,"A bathroom with a sink, toilet and safety rails.",47187,382542
2445,coco-30k,Five men pose for a photo as they sit on their motorcycles,6293,239988
2446,coco-30k,Two small dogs on a sidewalk near a bicycle.,70650,326911
2447,coco-30k,A white toilet and a sink in a bathroom.,43297,577521
2448,coco-30k,A white bowl of bananas and sour cream sits on a white plate next to a banana half in the peel.,85951,512912
2449,coco-30k,A person flying a kite high in the sky.,29152,169505
2450,coco-30k,Night time view of empty streets in commercial district.,99501,133087
2451,coco-30k,A very large commercial plane flying in blue skies.,36374,43678
2452,coco-30k,A row of motorcycles parked together on a grass yard area with a house in the background.,49470,455716
2453,coco-30k,A black and white clock on a street with people walking by.,70338,348087
2454,coco-30k,The giraffe are walking through a wooded park trail.,38510,53016
2455,coco-30k,The airplane flew across the blue skies and over the expensive beachside resort.,65195,474215
2456,coco-30k,an image of a toilet that is sitting outside,71754,199158
2457,coco-30k,Decorated coffee cup and knife sitting on a patterned surface.,86823,2592
2458,coco-30k,The young kids are playing Frisbee in the field. ,13639,428263
2459,coco-30k,The young boy is doing tricks on his skateboard. ,5834,318543
2460,coco-30k,A jet airplane flying above the clouds in the distance.,3112,345329
2461,coco-30k,A very rusty old car near some pretty flowers.,98943,369820
2462,coco-30k,It is a small kitchen with standard appliances.,70044,267844
2463,coco-30k,A giraffe drinking water and some elephants near a watering hole.,76441,231952
2464,coco-30k,A couple of girls are standing in a kitchen,95794,329957
2465,coco-30k,A small child in pajamas is holding bananas.,53641,275754
2466,coco-30k,Photo of a uninstalled toilet on a towel and a drop cloth with buckets and bags.,29427,489613
2467,coco-30k,Two cats seen from behind sitting by a window on a carpet.,67672,449660
2468,coco-30k,A toilet sitting on the ground near a wall.,84942,20820
2469,coco-30k,A partial view of a toilet and sink in a bathroom.,71797,79689
2470,coco-30k,A person stopped wearing a yellow jacket riding a motorcycle.,43852,212558
2471,coco-30k,A glazed donut propped against a cup of coffee.,40493,7241
2472,coco-30k,There is a person sitting on the toilet using the bathroom ,18595,308506
2473,coco-30k,A group of people on mopeds in a busy street.,28553,110081
2474,coco-30k,A motorcycle leaning on a car in street.,22979,46870
2475,coco-30k,Two pictures of streets with cars on them. ,12342,124102
2476,coco-30k,A giraffe grazing in pen next to a tree trunk.,46625,52386
2477,coco-30k,"A man sitting in a passenger seat of a vehicle, wearing a dress shirt and tie.",26757,304379
2478,coco-30k,a full frontal view of a giraffe and an ostrich behind,93216,262323
2479,coco-30k,A hotdog is sitting with fries in a paper car on a plate.,90804,14773
2480,coco-30k,An airplane can be seen traveling through the clouds.,82740,111830
2481,coco-30k,A black and white photo of a woman standing next to a cows rear,54862,161079
2482,coco-30k,A man in green shoes stands next to a red motorcycle.,42212,240681
2483,coco-30k,a large passenger airplane flying through a cloudy sky,49363,336309
2484,coco-30k,A bathroom with a row of wall mounted sinks.,98420,151651
2485,coco-30k,A standup shower and toilet in a small bathroom.,29624,362026
2486,coco-30k,Three men are packing fruit in containers in the middle of a factory.,74140,26051
2487,coco-30k,Various sink cabinets lined up in a warehouse,68581,157124
2488,coco-30k,A man on a motorcycle who took a picture of himself in his rear view mirror.,39372,384402
2489,coco-30k,A man stands beside his black and red motorcycle near a park.,17573,481567
2490,coco-30k,"This is a bathroom with a toilet and a tub with a clear shower curtain,",43388,33909
2491,coco-30k,A train door is open of a white and red train.,19614,547583
2492,coco-30k,"A white toilet with its seat up, and a roll of toilet paper",4015,493205
2493,coco-30k,quaint kitchen with pink flowers on a small central table,29452,113082
2494,coco-30k,Young guy in mid motion of catching a frisbee.,61301,276151
2495,coco-30k,A giraffe and a zebra stand on a concrete area near rocks.,18235,276892
2496,coco-30k,A pristine doctors examining room waiting for the next patient.,86609,211192
2497,coco-30k,A toilet in a room with a broken wall.,13908,536683
2498,coco-30k,A view of a small kitchen with some amenities.,45628,249418
2499,coco-30k,A man waving a red flag at cows in the road.,29545,503008
2500,coco-30k,A group of bicycles on a subway train.,84414,93736
2501,coco-30k,"A bedroom area with a bed, mirror and window to patio.",86056,144870
2502,coco-30k,A white bath and toilet image on a room wall.,92081,249227
2503,coco-30k,an orange motor cycle sitting by the water,74009,283380
2504,coco-30k,Two male chefs cooking in a kitchen while another staff member uses a mobile phone. ,93921,103114
2505,coco-30k,A mirror and soap dispenser in a bathroom.,14045,343073
2506,coco-30k,A mirror and sink in a small bathroom.,44070,473055
2507,coco-30k,A cat curled up in the shade on a door stoop.,30259,84749
2508,coco-30k,A crowd of passengers standing outside of a commuter train.,83238,518197
2509,coco-30k,A larger passenger jet flying through a blue sky.,99011,328777
2510,coco-30k,A person flipping of a parking meter on the side of a road.,44366,273450
2511,coco-30k,A white toilet is at the end of a trail.,56605,481753
2512,coco-30k,"A large bathroom features tiled walls, two mirrors and two sinks.",27481,131063
2513,coco-30k,A shower and a white toilet in a small bathroom.,18964,301595
2514,coco-30k,A church with a clock tower and a bell. ,19316,471578
2515,coco-30k,"A bed room with bunk beds, a double bed desk and chairs in it.",27984,211112
2516,coco-30k,A large kitchen with a stove and a sink.,41448,309033
2517,coco-30k,A man sitting on a bike holding a large dog on his knee with one are and guiding the bike with the other hand.,96779,221523
2518,coco-30k,A orange calico cat on top of a vehicle.,61827,530099
2519,coco-30k,A white plane has bright orange stripes and is parked in a lot near other planes.,38841,265584
2520,coco-30k,A dog sitting on the floor in a room.,7322,523403
2521,coco-30k,A blue plate of food on a table.,19090,368291
2522,coco-30k,A woman bathing a baby near a kitchen sink.,86991,55375
2523,coco-30k,Four identical motorcyclists viewed from the back as they look over their shoulders.,48634,64240
2524,coco-30k,Many small airplanes with propellers parked in a stationary position.,43948,385625
2525,coco-30k,a close up of a tv with a man wearing s suit and shirt,92493,157944
2526,coco-30k,A large propeller plane mounted to the ceiling of a building.,48579,272136
2527,coco-30k,Cars driving on a road near a traffic light.,72199,60093
2528,coco-30k,a silver toilet and some toilet paper and a green switch,35917,167700
2529,coco-30k,A herd of cattle laying in the grass on the ground.,49253,75216
2530,coco-30k,A TV set sitting on top of a shelf next to movies.,79243,434371
2531,coco-30k,a green traffic light a street  some buildings and some other lights,34852,155451
2532,coco-30k,Add you own paint or woodstain to these unfinished cabinets.,68103,470113
2533,coco-30k,A couple of people on motor bikes on a dirt road.,23600,545978
2534,coco-30k,A person with a hooded jacket is working on a laptop while sitting on a bench in the park.,4602,150342
2535,coco-30k,three traffic lights hanging off a pole and some buildings,49568,577355
2536,coco-30k,a man standing in front of a toilet taking a piss,67451,5503
2537,coco-30k,Three giraffes in grassy field next to trees.,89109,29680
2538,coco-30k,A white open toilet seat with signatures sitting amongst posters.,96275,151247
2539,coco-30k,"The little  girl is eating a banana.
",64676,550714
2540,coco-30k,A group of people walking near some skis.,35135,227265
2541,coco-30k,A baby in a carriage on street next to market.,44917,148282
2542,coco-30k,A dirty public bathroom with a handicap sign located above the toilet. ,43579,523229
2543,coco-30k,A marble-look bathroom with a bath enclosure and white sink on a long counter.,50003,533074
2544,coco-30k,A group of people on bicycles in a busy street.,68832,267972
2545,coco-30k,Toilet with a black lid and rolls of toilet tissue in a bathroom,51857,564127
2546,coco-30k,A dog laying on the dashboard of a vehicle.,34193,16180
2547,coco-30k,Two planes in runway and another plane in the sky.,92613,449996
2548,coco-30k,"A kitchen area with a sink, refrigerator and stove.",8541,375180
2549,coco-30k,A man and child on a red and black motorcycle.,98543,469840
2550,coco-30k,a group of young men are riding their motocycles down the street,74229,534827
2551,coco-30k,A bathroom with a decorated shower curtain. ,37909,395124
2552,coco-30k,Baskets of oranges and a basket of pears.,95801,137004
2553,coco-30k,Three men sit at a conference discussing a topic,47449,373713
2554,coco-30k,A bed in a hotel room with doors leading to a balcony.,78861,52232
2555,coco-30k,Two side by side urinals mounted on a wall.,47981,214519
2556,coco-30k,A painting of a man and woman riding together on a motorcycle.,93150,480021
2557,coco-30k,Doorway view of a bathroom that includes a toilet and tub.,98480,421201
2558,coco-30k,"Closed toilet in a narrow, tiled bathroom, with sink and shower stall.",73048,431352
2559,coco-30k,A man and woman under an umbrella on a sidewalk at night.,88011,123570
2560,coco-30k,A man wearing jeans sitting on a parked motorcycle.,98602,263505
2561,coco-30k,a person on the back of a parked truck,64005,186036
2562,coco-30k,"a kitchen with a fridge, stove and sink",43235,478312
2563,coco-30k,A man in a safety vest holds him arms up as he stands in front of an airplane.,83216,513681
2564,coco-30k,A person is racing around a track on a motorcycle.,14000,550007
2565,coco-30k,a bath room with a toilet a bath tub and curtains,11986,487525
2566,coco-30k,A girl mixing food with a whisk in a measuring bowl.,80345,225963
2567,coco-30k,This men's bathroom has two urinals and a sinks.,96890,419971
2568,coco-30k,A gold clock with ornate iron hands keeps time on a large clock with roman numerals.,13240,184762
2569,coco-30k,The kitchen has two refrigerators and a stove in it.,5168,260330
2570,coco-30k,The bathroom is clean and ready to be used. ,56337,436141
2571,coco-30k,Office scene showing frosted glass cubicles and a computer screen on.,48088,325385
2572,coco-30k,Woman in green jacket holding up a bicycle in a park. ,36591,86448
2573,coco-30k,Large white airplane with blue tail sitting on a runway. ,79354,522452
2574,coco-30k,The computer monitor has a framed picture near it.,60025,149222
2575,coco-30k,Motorcycles parked curbside in front of a run down repair shop.,75504,161202
2576,coco-30k,a bench in front of a house with bushes,74382,466332
2577,coco-30k,a bath room with a toilet a sink and a bath tub,28549,334170
2578,coco-30k,A couple browsing the motorcycles for sale outside,77989,580108
2579,coco-30k,A white and blue bus passing a street intersection.,74331,279140
2580,coco-30k,a close up of a motorcycle parked on a street filled with people,28115,529698
2581,coco-30k,Several airplanes are parked neatly in a row.,86814,500718
2582,coco-30k,Traffic on a busy city street at night.,91504,38465
2583,coco-30k,A decorative space with yellow ceramics and a vase of flowers.,84745,567609
2584,coco-30k,Various people walking on a street in front of a wall advertisement.,39002,490381
2585,coco-30k,"A bathroom with a sink, toilet and bathtub.",18236,281017
2586,coco-30k,a bathroom with a toilet and a sink and a bath tub,61620,409566
2587,coco-30k,A person on dirt bike riding down a hill with mountains in background.,4728,37751
2588,coco-30k,A multicolored kite against a blue sky with clouds.,77125,500420
2589,coco-30k,A bicycle parked on top of a baby dolls head.,93968,508370
2590,coco-30k,a cat laying on the floor next to a fish bowl,94282,581157
2591,coco-30k,A large room with marble floors and white ceramic toilets,77787,221536
2592,coco-30k,A stove top oven with a tea kettle on top of it.,89934,135071
2593,coco-30k,A brown dog laying down in a room next to a desk.,3237,376608
2594,coco-30k,A orange tabby cat laying down on a black car,13901,124462
2595,coco-30k,a cargo plane being loaded by a scissor jack truck,348,326517
2596,coco-30k,a parade of motor cycles being watched by a crowd,30030,472233
2597,coco-30k,a dog laying down eating food out of a bowl,63361,283119
2598,coco-30k,This airplane is taking off in the air near other airplanes.,38249,579814
2599,coco-30k,The air plane is traveling down the runway at the airport. ,95506,515043
2600,coco-30k,The woman is taking a picture in the bathroom mirror. ,69935,304749
2601,coco-30k,Blue bathroom with two white towels hanging by the shower.,11756,565045
2602,coco-30k,an up close picture of mechanic of a bike ,33546,539390
2603,coco-30k,An old time car is parked at the curb near a stop sign.,39327,56580
2604,coco-30k,the propeller of a plane flying in the air,56431,346482
2605,coco-30k,A beautiful kitchen with lots of windows and wooden cabinets. ,17376,200116
2606,coco-30k,A restaurant full of people sitting on benches,17796,69969
2607,coco-30k,A man wearing a hat riding a motorcycle.,55078,298225
2608,coco-30k,Open book with images of various airplane models and shapes,18943,1342
2609,coco-30k,A big screen TV in a fancy looking Hotel room,62660,520108
2610,coco-30k,Giraffes and a Zebra under a locust tree.,84288,102275
2611,coco-30k,Two people on bicycles riding next to a building.,10269,84540
2612,coco-30k,A metal motorcycle parked on top of a metal grate.,68771,512394
2613,coco-30k,"A kitchen area with counter, sink , stove and windows.",45078,63661
2614,coco-30k,A bathroom area with a crate full of water and an in-floor urinal.,60270,566155
2615,coco-30k,A formation of airplanes flying through a  blue sky.,75386,300659
2616,coco-30k,"A desk with a book, computer and other electronic devices. ",99002,480015
2617,coco-30k,A bathroom with a toilet sitting next to a tub.,78103,281353
2618,coco-30k,A cop riding on the back of a motorcycle down a street.,29007,309492
2619,coco-30k,A man and woman sitting on a wooden bench together.,9119,496383
2620,coco-30k,a red motorcycle parked on some gravel next to grass ,53524,242222
2621,coco-30k,This motorcycle is parked on the side of the grass.,72752,23369
2622,coco-30k,A kitchen counter with pots hanging above it and several objects in the corner.,30366,250311
2623,coco-30k,A group of people standing on top of a sandy beach.,63290,246951
2624,coco-30k,"A stop sign at an intersection, with Hammer time and a person's picture displayed on the sign ",87292,242940
2625,coco-30k,A view of a traffic street filled with cars and motorcycles. ,36910,193424
2626,coco-30k,a single parking meter sitting next to some plants and a tree ,58044,412531
2627,coco-30k,A stove top burner sitting inside of a storage room.,70938,568925
2628,coco-30k,The bathroom sink and vanity is a little messy. ,23433,398554
2629,coco-30k,A woman with a nice ass standing in a kitchen preparing food.,68939,345960
2630,coco-30k,A man flying through the air while riding a snowboard.,97439,352361
2631,coco-30k,A toilet is on a tile floor in a bathroom.,76357,407861
2632,coco-30k,A sink is under a mirror with bottles of soap and lotion.,37490,450125
2633,coco-30k,The racer drives the motorcycle around the curve.,61604,501315
2634,coco-30k,A small bathroom with a white toilet and tan tile.,840,452013
2635,coco-30k,A red and black motorcycle parked near another bike.,37397,538792
2636,coco-30k,two males on computers and a gray keyboard,45513,50942
2637,coco-30k,Several different pieces of electronic equipment and computers on a desk.,4513,363840
2638,coco-30k,The front of a Chinese postal store with people walking by.,23167,420081
2639,coco-30k,A beige bathroom with a phone beside the toilet.,65876,113897
2640,coco-30k,Two jet liners sitting on top of an airport runway.,76973,426541
2641,coco-30k,A parked red motorcycle sitting in front of a building.,5049,455610
2642,coco-30k,A jumbo jet airplane coming in for a landing on a runway.,73512,255213
2643,coco-30k,A bathroom sink with two toothbrushes facing each other.,58504,241319
2644,coco-30k,A man holding a large knife on top of a table.,12587,362306
2645,coco-30k,A man riding a motorcycle down a street with a person.,91367,131494
2646,coco-30k,A group of airplanes floating over the ocean.,1413,502599
2647,coco-30k,A group of women in military outfits helping other women in a kitchen.,99809,52996
2648,coco-30k,A man playing chess as a cat watches in the other chair.,94063,496402
2649,coco-30k,The Seattle Space Needle as a Jumbo Jet Plane flies by.,24336,304876
2650,coco-30k,A cat sitting on the steps in front of its cat door.,39045,233446
2651,coco-30k,A white toilet sitting in a bathroom next to a roll of TP.,7712,567093
2652,coco-30k,A couple of beautiful women talking to an older man.,8372,446053
2653,coco-30k,A crowded city street filled with traffic at night.,20854,123289
2654,coco-30k,A wooden table with two chairs next to a sink.,48847,186980
2655,coco-30k,A group of people standing behind a Military cargo plane.,21201,448690
2656,coco-30k,A woman riding a bike next to a red compact car.,852,445309
2657,coco-30k,A computer desk topped with a computer and two monitors.,90934,153524
2658,coco-30k,A traffic light sitting on the side of a road.,29297,480944
2659,coco-30k,A group of people in chef outfits at a kitchen counter.,80845,199771
2660,coco-30k,A professional kitchen filled with sinks and appliances.,40902,224736
2661,coco-30k,"A kitchen area with shelves, counter and bar stools.",37781,435466
2662,coco-30k,A giraffe grazing from a tree with rock wall in background.,17220,517029
2663,coco-30k,A spinning wheel and hutch by window at night.,14359,537727
2664,coco-30k,A large two level bus near a tall structure.,36346,411201
2665,coco-30k,A smiling lady sitting by a cake with a lit candle.,70778,86848
2666,coco-30k,There is a man picking bananas next to a street.,16890,122851
2667,coco-30k,A big fancy glass chandelier hanging in a small kitchen.,15395,529568
2668,coco-30k,A large white airplane parked on a runway.,39325,457684
2669,coco-30k,Three giraffes standing amongst a copse of trees.,56445,326079
2670,coco-30k,"A bathroom with a toilet, sink and trashcan in it.",37010,494269
2671,coco-30k,"A bathroom with bathtub, sink, toilet and washing machine.",82943,79415
2672,coco-30k,A toilet setting in a bathroom with tile flooring.,69783,245161
2673,coco-30k,A yellow motorcycle and a blue motorcycle parked on red gravel.,99543,495613
2674,coco-30k,A man standing next to a dog on the ground.,6047,329219
2675,coco-30k,Multiple vehicles on a city street near a light.,96219,142257
2676,coco-30k,A remote control sitting on a dash of a car.,32086,110951
2677,coco-30k,Jet flying in the sky among the clouds.,49404,262800
2678,coco-30k,"Doorway view of a bathroom with sink, toilet and bidet. ",82597,196168
2679,coco-30k,"A bathroom with a sink, toilet, trashcan and tub.",27652,574166
2680,coco-30k,A plane on a runway at a small airport.,6912,442688
2681,coco-30k,A collection of books and knick-knacks on shelves.,79038,301201
2682,coco-30k,A person riding a motorcycle down the street.,2439,34222
2683,coco-30k,The top of the computer desk is very shiny.,68738,463132
2684,coco-30k,A toilet with a black seat cover next to a sink.,19419,285433
2685,coco-30k,Two people sitting at a table eating food,73647,115700
2686,coco-30k,a motorcycle in a driveway with a vanity license plate ,20733,310103
2687,coco-30k,"Two computers, keyboard and phone with mouse on a desk.",77913,379310
2688,coco-30k,a person riding a motorcycle on a city road with a sky background,46,433204
2689,coco-30k,a person standing next to a trindle bed,47926,283768
2690,coco-30k,"A single pillar with a clock is near approaching traffic, including a police car. ",12478,9274
2691,coco-30k,A small dog laying next to a door.,88802,426247
2692,coco-30k,Towels hanging on an oven in a kitchen,39685,474499
2693,coco-30k,"A bow of fruit, such as bananas and apples.",80007,108669
2694,coco-30k,A bathroom features a picture of a woman a toilet and a sink.,62405,391656
2695,coco-30k,Empty bar or lounge before or after business hours.,18130,505709
2696,coco-30k,"A man in a red cap, green shirt and white shorts holds a tennis racket under his arm.",29733,294853
2697,coco-30k,A large yellow building has a clock on it.,23429,377401
2698,coco-30k,A very large tower has a clock on it.,61284,10039
2699,coco-30k,An older building with birds flying near it.,87256,462341
2700,coco-30k,There is a clock tower with colored embellishment on top,1828,165771
2701,coco-30k,A picture taken through a car window of a shop with many motorcycles parked in front of it.,82976,267875
2702,coco-30k,A white urinal in a small red tiled bathroom.,73502,34830
2703,coco-30k,A couple of people standing in a large kitchen.,65386,102353
2704,coco-30k,A man in white shirt on bicycle with a dog riding in the back.,94687,18783
2705,coco-30k,A man at a restaurant is waiting to serve customers.,82682,58232
2706,coco-30k,A kitchen with a screen glass door next to the counter.,94442,66827
2707,coco-30k,an overhead view of many people on motorcycles ,33644,42433
2708,coco-30k,two people in a kitchen area preparing food on a stove,25046,407017
2709,coco-30k,a toilet with many rolls of toilet paper next to it,2627,20536
2710,coco-30k,A motorcycle that is on the ground sideways.,91954,464006
2711,coco-30k,Two white plates sit on the edge of a table holding pizza slices with fried eggs on them.,48958,328530
2712,coco-30k,A motorcycle parked at a store parking lot.,84996,142537
2713,coco-30k,A man taking a picture of his reflection in the bathroom,49732,431306
2714,coco-30k,a person standing on a city sidewalk holding a dog leash,93356,27519
2715,coco-30k,a statue of a person riding a horse in front of a building,37,392364
2716,coco-30k,A woman is holding a small bunch of fruit.,25085,29833
2717,coco-30k,A plate of pasta with sauce and bread on a table.,42719,285882
2718,coco-30k,A plane flying in the sky during the day.,7840,118728
2719,coco-30k,A cat sitting on the edge of a tub with the faucet running.,80034,497443
2720,coco-30k,Two giraffe standing next to each other behind a wire fence.,19820,110258
2721,coco-30k,A white toilet seat in some lavatory somewhere.,73262,203732
2722,coco-30k,"A bowl of prepared food including rice, meat and broccoli.",60158,427521
2723,coco-30k,An old stone building with a clock on one outside wall.,83653,266348
2724,coco-30k,"A modern kitchen with a fridge, island counter, hardwood floor, and deco ceiling artwork.",30872,533166
2725,coco-30k,A girls bicycle leaning against a street sign,90212,157416
2726,coco-30k,A woman in white shirt standing in kitchen area.,61653,367142
2727,coco-30k,A large white dog statue sitting next to a clock.,24265,242510
2728,coco-30k,A man and a boy standing next to a tall giraffe.,99480,68650
2729,coco-30k,A sign above a doorway with a bench in front,1382,106901
2730,coco-30k,The reflection of a woman carrying a bag over each shoulder in a mirror.,66769,242189
2731,coco-30k,A wooden area on a ship with lots of food.,55664,388290
2732,coco-30k,A yellow and a green motorcycle in the back of an auditorium.,3044,244833
2733,coco-30k,A couple of cats standing on top of a desk.,13750,94651
2734,coco-30k,A man with a bicycle with tanks for holding a liquid mounted on it.,61688,225686
2735,coco-30k,A red double decker bus parked in front of a tall building.,7483,72843
2736,coco-30k,A white toilet sitting on the floor next to a tiled wall.,29893,191705
2737,coco-30k,A bathroom with a white bath tub under a window.,89859,271712
2738,coco-30k,Two cats in a vehicle with one laying in the dashboard and one perched looking out the side window.,57628,143876
2739,coco-30k,there is a withe toilet and the tub has a blue curtain,92044,555035
2740,coco-30k,A danish dessert with frosting that is partially eaten,56206,39726
2741,coco-30k,"A bathroom with a bath tub, toilet and different designed light beige tile.",76024,331698
2742,coco-30k,An airport is mainly empty concrete parking with other planes far in the distance.,90706,535322
2743,coco-30k,A man standing next to a parked motorcycle.,23733,177938
2744,coco-30k,a group of people skiing on a hill ,93918,163755
2745,coco-30k,A cat perched on top of  a white toilet seat.,53367,463066
2746,coco-30k,A passenger jet that is pulled in next to the terminal.,37594,349459
2747,coco-30k,there is a man fixing something under a sink,34968,460053
2748,coco-30k,A lady sitting on a bench in a very open field.,78810,504977
2749,coco-30k,"A bathroom with sinks, a toilet and a mirror.",35554,390190
2750,coco-30k,A lady wearing an apron in a kitchen.,91801,378482
2751,coco-30k,An airplane flying over a man standing in the ocean.,89762,492067
2752,coco-30k,A group of zebra on a grassy field.,64624,57350
2753,coco-30k,a white urinal with its blue and white controller,29298,359959
2754,coco-30k,A table with four bowls of food on the top.,67304,123580
2755,coco-30k,A table and a clock in a small room.,67495,452727
2756,coco-30k,A bathroom with a large mirror above a white sink.,66009,109434
2757,coco-30k,A creepy Spinx statue suspended to the front end of a dump truck.,4003,50481
2758,coco-30k,A white toilet sitting next to a sink in a bathroom.,7075,512966
2759,coco-30k,A bathroom with a large tub next to a sink.,74653,515904
2760,coco-30k,A city bus driving down a road with bikes fixed to it's front.,37865,171962
2761,coco-30k,A couple of large white airplanes parked in a stationary position.,9125,313386
2762,coco-30k,A kitchen with a center island surrounded by wooden stools.,30311,103667
2763,coco-30k,A white stove top oven sitting inside of a kitchen.,83291,53697
2764,coco-30k,A woman in orange sari on a park bench.,45468,248382
2765,coco-30k,People walking around downtown and a man riding his bike.,48772,12946
2766,coco-30k,This is a public bathroom with  soap dispensers installed on the wall.,65090,185930
2767,coco-30k,A United States air plane taking off .,27748,374886
2768,coco-30k,Flowers in a glass vase with traffic in the background .,46687,207072
2769,coco-30k,A air plane that is parked at air port.,93054,178189
2770,coco-30k,several people are purchasing tickets at a bus station,80896,361586
2771,coco-30k,A man making his plate with a table full of food. ,48563,182611
2772,coco-30k,People using their laptops in the backseat of a car.,87341,327892
2773,coco-30k,A man on a skateboard riding on a street.,91699,495252
2774,coco-30k,A long line of white urinals in a public restroom.,67301,26045
2775,coco-30k,A small piece of cake on a table.,33457,569103
2776,coco-30k,Top down view of a bathroom with a toilet and trash can.,14313,56988
2777,coco-30k,Grey plane taking off above some green vegetation.,88773,189828
2778,coco-30k,A dog on a leash in front of a closed door,76253,169347
2779,coco-30k,There are black and white poles along a street corner,3584,328041
2780,coco-30k,Elderly man sitting on a bench facing the beach. ,77837,98716
2781,coco-30k,A motorcycle sits in the parking spot in the parking lot.,47794,568611
2782,coco-30k,A sink with cups and towel next to it,73784,80219
2783,coco-30k,A woman is standing on a kitchen floor.,17986,509192
2784,coco-30k,"A tiled bathroom with a single vanity, toilet and shower.",40382,434098
2785,coco-30k,A white toilet that does not have it's seat down.,52936,455981
2786,coco-30k,A ten speed bike is next to a wooden desk.,30138,241350
2787,coco-30k,A red helmet is on a yellow toilet in the dirt.,9146,364521
2788,coco-30k,The large building has many windows and a white door.,72159,86835
2789,coco-30k,A man watching a single engine plane make an approach to land.,15168,310407
2790,coco-30k,The van is driving down the street in traffic.,65790,232949
2791,coco-30k,A metal sink and a row of white urinals,37571,281365
2792,coco-30k,"A bathroom area with lights, standup shower and trashcan.",32696,382191
2793,coco-30k,A man serving a small chocolate cake on a white table.,27834,565941
2794,coco-30k,A man on bicycle carrying bunches of bananas through street.,42797,117222
2795,coco-30k,"A bathroom area with a tub, sink and wooden floor.",91932,272863
2796,coco-30k,a public bathroom with several sinks and mirrors,59580,103488
2797,coco-30k,"A person working at an airport, outside of an airplane.",23059,316365
2798,coco-30k,a bath room with a toilet a large mirror,38051,141795
2799,coco-30k,A laptop sits on a metal table by a metal stool.,76834,259519
2800,coco-30k,A kitchen that has wooden cabinets and lots of pots and pans.,56275,134815
2801,coco-30k,Mirror view of a bathroom with a sink and tub.,5465,166323
2802,coco-30k,some cars on a ferry on a body of water,60786,448176
2803,coco-30k,a person riding a bike on a grass field with rocks,82845,71918
2804,coco-30k,A black and white photograph of something I cannot quite make out. ,66329,404462
2805,coco-30k,A renovated propeller airplane flying in a blue sky,81298,448205
2806,coco-30k,A tower of a building that has a clock on it.,3247,498804
2807,coco-30k,A row of motorcycles is sitting on the sidewalk.,93825,421952
2808,coco-30k,a bathroom with a wooden water box for the toilet,61362,154363
2809,coco-30k,A woman siting at a table in front of a coffee cup in a a kitchen.,1614,218205
2810,coco-30k,A white wall mounted toilet in a bathroom.,18959,404608
2811,coco-30k,A man drying a pan with a dish towel.,89431,135356
2812,coco-30k,People walk by a row of parked motorcycles. ,63342,332221
2813,coco-30k,An interesting kitchen renovation with brick and wood,17721,429598
2814,coco-30k,"a modern kitchen with an oven, stove, and a fridge ",60060,104392
2815,coco-30k,A giraffe is walking in a grassy field as a cow is laying down.,79337,305978
2816,coco-30k,A women using sports equipment on the water.,21188,478338
2817,coco-30k,A kitchen with marble counter tops has wooden cabinets and many appliances.,20593,395512
2818,coco-30k,Some steel counters that have various items on them.,60371,548523
2819,coco-30k,A clean bathroom that has a sink and a bathtub.,42650,88846
2820,coco-30k,Airplanes set to take off at a city airport,96075,42893
2821,coco-30k,its sunny outside and you can see the shadows of benches,74736,435937
2822,coco-30k,A storage room full with wooden furniture and bikes.,37373,561500
2823,coco-30k,A table with portable cook stove  and other objects on it.,81220,355106
2824,coco-30k,There are two men sitting on a park bench,9221,456574
2825,coco-30k,A motorcycle parked in a parking lot next to a car.,31588,255279
2826,coco-30k,"A kitchen that has a tile floor, a refrigerator, a microwave, and a toaster.",91184,453302
2827,coco-30k,A man riding a skateboard up the side of a ramp.,43629,103413
2828,coco-30k,A parked black motorcycle sitting on top of a parking lot.,57793,215998
2829,coco-30k,A large jetliner flying through a cloudy blue sky.,9250,116279
2830,coco-30k,Two long metal tables sitting inside of a kitchen.,63107,46775
2831,coco-30k,A pregnant women takes a selfie wearing a black tank top.,35953,367128
2832,coco-30k,"Doorway view to a bathroom with a sink, cabinets and a toilet.",6827,297976
2833,coco-30k,large mustard yellow commercial airplane parked in the airport,39571,5477
2834,coco-30k,A welcome mat placed at the foot of a closed door.,39518,233997
2835,coco-30k,a person washing a parked motorcycle on a concrete road,2010,522232
2836,coco-30k,a couple of red light and a green light ,58467,463048
2837,coco-30k,a spoon with some foam and a tomato sitting in it ,30915,127141
2838,coco-30k,a giraffe stands looking over a watering hole ,13456,302531
2839,coco-30k,A metallic sink in a kitchen with a couple of dirty dishes.,72341,401642
2840,coco-30k,A little boy is sitting on a statue of a sheep.,85559,468043
2841,coco-30k,a cat is climbing from a window sill on top of a toilet seat,15220,494345
2842,coco-30k,A black and white cat is sitting in the sink.,20166,63950
2843,coco-30k,A kitchen that has carpeted floors and wooden cabinets.,96527,68833
2844,coco-30k,"A pristine modern bathroom, toilet, sink and bathtub.",31694,46538
2845,coco-30k,a man sits with his dog as they watch television ,44969,284658
2846,coco-30k,A black and white cat is sitting on the bathroom sink.,40483,194313
2847,coco-30k,An unfinished kitchen that has a refrigerator and cabinets.,71041,299776
2848,coco-30k,A toilet that has a Harry Potter themed lid.,46809,560025
2849,coco-30k,a bunch of already peeled oranges grouped together ,80352,351609
2850,coco-30k,A pair of slippers sits on the bathroom floor.,22851,47938
2851,coco-30k,The couple is riding the motorcycle together. ,72273,464515
2852,coco-30k,An open laptop computer sitting on top of a desk.,1671,403107
2853,coco-30k,A horse drawn carriage is parked along the curb.,22909,197254
2854,coco-30k,A man riding a snowboard down a snow covered slope.,74287,117645
2855,coco-30k,A bathtub with candles lit up around it and a stool next to it.,83183,352334
2856,coco-30k,People are riding on motorcycles on a scenic road.,70377,459634
2857,coco-30k,A crashed airplane is shown with its front missing. ,30395,436385
2858,coco-30k," A whimsical artistic toaster has eyes, a mouth, a nose, spoon feet, spoon ears, and a mixing beater tail.",12429,66841
2859,coco-30k,A white toilet sitting next to a green wall under a picture.,9052,269105
2860,coco-30k,A very upscale looking hotel room with large bed and a bathroom in the next room.,8862,32779
2861,coco-30k,A water-stained cathedral/clock-tower enveloped by various green vines.,40047,445638
2862,coco-30k,A cat on the ground by a very old door leaning against a wall.,4118,501788
2863,coco-30k,A man dressed all in leather standing next to a motorcycle.,57342,269807
2864,coco-30k,A bath tub sitting next to a large window.,93204,358883
2865,coco-30k,A medium-sized black dog lies in the back of a car. ,46896,540449
2866,coco-30k,A cat on a toilet seat of some sort.,69362,103757
2867,coco-30k,A white toilet sitting inside of a bathroom.,8011,575473
2868,coco-30k,A man riding on the back of a red motorcycle.,35041,475407
2869,coco-30k,A man in black shirt using urinal in bathroom.,9515,412510
2870,coco-30k,A brown and white dog on street next to a blue car.,53008,421569
2871,coco-30k,A motorcycle of some sort parked somewhere during the day.,73328,491213
2872,coco-30k,A man riding a motorcycle on a racing track.,20040,223335
2873,coco-30k,A woman cooking in a skillet on the stove.,99186,229481
2874,coco-30k,a cat drinking from a toilet and the cat on top of the toilet,89767,216428
2875,coco-30k,a man standing at the back of one of the two cycles,17472,175737
2876,coco-30k,A cat hiding in a basket of some sort.,45328,508846
2877,coco-30k,A white toilet sitting underneath a window next to a sink.,28823,187933
2878,coco-30k,a bottle a glass and utensils behind a stove,5451,102707
2879,coco-30k,A small plane flying through a cloudy blue sky.,5686,9426
2880,coco-30k,A stove top oven sitting underneath a microwave.,87599,470935
2881,coco-30k,A computer monitor sitting on top of a desk.,89674,40842
2882,coco-30k,A small airplane sitting on top of an airport tarmac.,22655,450483
2883,coco-30k,The group paddles the boat down on the water.,70026,57672
2884,coco-30k,A motorcycle parked in a parking lot next to a building.,41358,519676
2885,coco-30k,A boy carrying a surfboard on a busy sidewalk.,61818,409581
2886,coco-30k,A white tub sitting underneath a couple of windows.,61533,150616
2887,coco-30k,A dog is standing on a miniature motorcycle.,21834,325969
2888,coco-30k,A child is flushing the commode as an adult stands near.,67883,451412
2889,coco-30k,A woman's shoes as she holds a dog on a leash with a shirt around its waist.,17032,459566
2890,coco-30k,A white toilet in a bathroom with a digital arm rest.,62002,31730
2891,coco-30k,An airliner is descending over the water to an airport.,83301,102637
2892,coco-30k,a smiling woman wearing sunglasses in the snow ,89827,186368
2893,coco-30k,A man riding on top of a surfboard next to a  woman in the ocean.,30570,430302
2894,coco-30k,Two men watch as yellow aircraft flies over a lake.,69550,54766
2895,coco-30k,A refrigerator freezer sitting inside of a kitchen next to a window.,77460,221753
2896,coco-30k,Two giraffes stand side by side in a fenced in enclosure.,71394,47255
2897,coco-30k,a bookshelf with books and a small statue of a bicycle with a basket.,70922,562160
2898,coco-30k,a wooden desk outdoors with pink flowers in front of it.,66864,123017
2899,coco-30k,A white toilet with a black lid sitting in a bathroom.,1333,480757
2900,coco-30k,A bus driving down a street next to a car.,56127,330455
2901,coco-30k,A crowd of people standing around a bus next to a parked jetliner.,50543,524850
2902,coco-30k,A black refrigerator freezer sitting next to a dishwasher.,62015,44294
2903,coco-30k,A gray motorcycle parked in a parking lot.,82120,575544
2904,coco-30k,A black cat laying on the tank of a toilet.,89934,258523
2905,coco-30k,A herd of sheep walking down a road in front of a silver truck.,98379,460145
2906,coco-30k,A white toilet under a window next to a sink.,98197,468885
2907,coco-30k,A man standing next to a red motorcycle next to a orange van.,23575,546388
2908,coco-30k,A group of giraffe standing next to each other.,88233,296969
2909,coco-30k,The airplane in the sky is doing tricks while spitting out smoke. ,45429,199977
2910,coco-30k,A clean organized and fully furnished living area.,3673,311954
2911,coco-30k,A woman kissing a giraffe over a wooden fence.,87233,404444
2912,coco-30k,A motorcycle parked in front of a house.,77363,218637
2913,coco-30k,A white toilet in a bathroom next to toilet paper.,33104,440299
2914,coco-30k,A woman holding a large sheet cake in front of a screen.,59635,78701
2915,coco-30k,A brick building with a tall clock tower beside it.,91577,140658
2916,coco-30k,Two urinals in wall with a white divider.,59905,104015
2917,coco-30k,There is alcohol and ginger ale on the tray.,28229,113139
2918,coco-30k,A single toilet on black and white tiles.,92432,22191
2919,coco-30k,The man is sitting in front of a laptop with his hands over it. ,5901,296459
2920,coco-30k,Woman standing behind open refrigerator door in modern kitchen.,89858,273470
2921,coco-30k,A black and white dog on a brown tile floor next to counter.,86947,560830
2922,coco-30k,A sharp steeple on a building is lit in the sky.,3474,270918
2923,coco-30k,A tasteful white and beige bathroom features and oval sink and large mirror.,57766,209239
2924,coco-30k,A shiny black motorcycle with gleaming chrome is parked on a city sidewalk.,35118,568653
2925,coco-30k,A small bathroom has an open toilet seat.,11965,105249
2926,coco-30k,Aerial tricks performed on red bike over stacked skateboards with photographer in background.,35124,20342
2927,coco-30k,Lap top computer and monitor on a desk with assorted papers and devices.,74085,578107
2928,coco-30k,Sheep grazing on the side of a country road,60020,452158
2929,coco-30k,This bathroom looks like a very compact one.,65047,294131
2930,coco-30k,a little plane landing on the water ,64780,406119
2931,coco-30k,Two metal vats on a brick space next to wall.,30468,352093
2932,coco-30k,A cat sits on the edge of a bathroom sink.,79733,381323
2933,coco-30k,"The back of a large, blue motorcycle and rider",33611,102497
2934,coco-30k,A smaller kitchen with a very decorated fridge. ,49199,407614
2935,coco-30k,Many people bike through the streets at night.,20842,123555
2936,coco-30k,Three motorcycles stop at an intersection at an oriental restaurant.,58815,135666
2937,coco-30k,A group of women in kitchen next to pot.,45636,84241
2938,coco-30k,A group of people standing in a room.,17024,275749
2939,coco-30k,A large kitchen with wood cabinets and black accents.,7267,59383
2940,coco-30k,A young man has his foot placed on a pole while another looks on. ,63592,241124
2941,coco-30k,a bike sitting by a pole in a narrow alley,82698,400658
2942,coco-30k,An American Airlines jet plane parked near a terminal.,68362,267521
2943,coco-30k,a row of motorcycles parked on a city street,28502,266400
2944,coco-30k,A sleek gray plane flying through a cloudy sky.,6115,237735
2945,coco-30k,A medium sized home kitchen with wood cabinets.,64515,437898
2946,coco-30k,A person lying down by an open toilet! ,39869,459400
2947,coco-30k,A plate that is flying in the air during the day.,15750,505447
2948,coco-30k,A picture of a wooden container with crosses on it.,85367,32992
2949,coco-30k,A woman standing in a kitchen with a dog.,99337,154589
2950,coco-30k,Toaster and blender plugged in on a kitchen counter.,20723,232348
2951,coco-30k,"Bathroom with white pedestal sink, bathtub and shower, and commode.",30541,107123
2952,coco-30k,A person on a motorcycle in the dirt doing tricks. ,47581,102331
2953,coco-30k,A full view of a bathroom with the shower and sink. ,82096,196793
2954,coco-30k,A kitchen with a stove and a microwave.,89196,339588
2955,coco-30k,A bathroom sink and its reflection in the mirror.,77730,492878
2956,coco-30k,People walking down a sidewalk passing Chinese restaurants.,618,451234
2957,coco-30k,Photo taken from inside a car showing lamb in the street.,1028,487631
2958,coco-30k,Man lounging on a boat giving a thumb up.,64582,177069
2959,coco-30k,a bathroom with two sinks and a mirror ,43340,344561
2960,coco-30k,a jumbo jet sits parked in an airport ,38069,533201
2961,coco-30k,a toilet sits in front of a bath tub,67791,29224
2962,coco-30k,Three young men are standing next to four bicycles.,82717,440284
2963,coco-30k,Passengers getting on and off of a tram at the station. ,91589,471642
2964,coco-30k,A giraffe and a zebra are on the grass near trees & cars. ,54840,32456
2965,coco-30k,A white air plane flying in the air with its landing gear.,41481,478093
2966,coco-30k,A dark picture of a toilet with a small roll of toilet paper on the back of the tank.,65698,507879
2967,coco-30k,A photograph of a cat and mouse on top of a dog.,21047,174871
2968,coco-30k,A picture of an older man cutting a turkey on the counter.,33578,214046
2969,coco-30k,A young couple sharing an umbrella in pouring rain.,74673,81210
2970,coco-30k,Two people are standing in a kitchen talking about a phone,97366,497002
2971,coco-30k,A window shot of a plane in the air with another plane present. ,35233,365556
2972,coco-30k,A shelving unit containing items next to a vegetable rack.,20083,320098
2973,coco-30k,Two people are on a bike together traveling down the road. ,34362,277073
2974,coco-30k,A man dressed in a helmet and goggles indoors has a goofy smile on and his hand raised. ,40767,545114
2975,coco-30k,Two individuals wearing the same thing sitting on a bench.,55325,435387
2976,coco-30k,"very small bath with stand-up shower, commode and sink",32877,559440
2977,coco-30k,A toilet is shown in a bare room.,53823,323760
2978,coco-30k,There is a lovely bathroom with a full-size sunken Jacuzzi.,9496,59973
2979,coco-30k,"Two men are crouched down, working on a motorcycle",83798,301453
2980,coco-30k,"A bathroom with a shower, toilet, and sink.",17448,240501
2981,coco-30k,A toilet is shown against a wall with wires.,79885,235833
2982,coco-30k,A plane is somewhat distant away from the green grass. ,52295,42968
2983,coco-30k,A cat sits on the edge of a toilet.,49251,245764
2984,coco-30k,A plane is parked near the pretty blue ocean. ,63,162939
2985,coco-30k,"A bathroom with blue walls, a white commode and a contemporary white sink without faucets.",77023,58472
2986,coco-30k,"Doorway view into bathroom area with sink, toilet and tub.",12752,283131
2987,coco-30k,A bathroom with a stall shower and a white sink basin.,99890,526767
2988,coco-30k,A busy road with people on bikes and in vehicles is shown.,70744,362343
2989,coco-30k,A dog rides on the back of a sheep.,1026,412963
2990,coco-30k,A sign is displayed next to piles of sand.,60243,201555
2991,coco-30k,The shiny motorcycle has been put on display.,32547,480985
2992,coco-30k,The apples on the table are being peeled.,61841,465357
2993,coco-30k,Two sheep graze in a valley near a small town.,57760,459487
2994,coco-30k,A plane has its wings folded up towards the body.,96496,24790
2995,coco-30k,A scooter and tiny truck at a beach dry dock.,24663,345027
2996,coco-30k,Two women are sitting on benches and one has a purse and shopping bag beside her.,94962,430525
2997,coco-30k,a railroad crossing and some cars and trees,11658,305101
2998,coco-30k,a zebra a giraffe and some birds by some water,21145,435569
2999,coco-30k,A lady is standing in pastel colored bathroom in front of the bathtub and there are christmas lights hanging up outside of the doorway. ,76683,520910
3000,coco-30k,a kitchen with a refrigerator a counter with chairs,38570,519569
3001,coco-30k,A public bathroom stall with a toilet and trashcan.,47977,486488
3002,coco-30k,A man is in a kitchen making pizzas.,48528,397133
3003,coco-30k,a air plane that is a model conected to a pole.,60175,483767
3004,coco-30k,Four apples sitting in a bowl viewed from above.,84270,173379
3005,coco-30k,A couple of planes that are out in the airport.,93992,287830
3006,coco-30k,Cars and traffic signals light up the streets at night around a busy intersection.,38035,480951
3007,coco-30k,A BRICK TOWER WITH A BIG CLOCK IN THE MIDDLE OF IT.,83217,131504
3008,coco-30k,"A kitchen complete with a microwave, sink, and dishwasher.",18232,204448
3009,coco-30k,a taillight is in a rear view mirror and some cars,89172,217846
3010,coco-30k,A small bathroom stall with a toilet and wash basin.,24905,106120
3011,coco-30k,Elegant marbled bathroom with blinds and toiletries with mirror,91625,362127
3012,coco-30k,Airplane with vintage bus in front of air plane hangar,69197,113801
3013,coco-30k,Bathroom with wood trim and toiletries with window,77113,465545
3014,coco-30k,a blue boat in the water and a factory and a dock,8063,100234
3015,coco-30k,A sink is shown in front of a frame covered wall.,20458,10428
3016,coco-30k,Woman and her dog tends to the herd of sheep,66553,388829
3017,coco-30k,A large jumbo jet with huge wings is on the runway.,60194,71123
3018,coco-30k,A couple of sinks and some toilet in a room.,56606,38314
3019,coco-30k,A corner of street with a building showing a bowling pin.,1374,308907
3020,coco-30k,"Outside view of a cafe', and shot of old oven and fridge",94893,321522
3021,coco-30k,People on motorcycles riding pass parked cars on the street,97654,271565
3022,coco-30k,Young girl with helmet on hold on tight to her father driving the motorcycle.,77823,446651
3023,coco-30k,A bathroom with a blue toilet next to a sink,5441,410301
3024,coco-30k,A dog standing by a television in a room.,3579,561903
3025,coco-30k,A white sink and mirror in a room.,70534,407915
3026,coco-30k,"A very modern hotel bedroom holds a large, white bed. ",70675,192403
3027,coco-30k,"A wooden desk with several computers on the desk, including laptops and computer monitors.",94575,357992
3028,coco-30k,"A bathroom area with a  sink, cabinets and a tub.",68728,24323
3029,coco-30k,"A bowl of cereal with milk, bananas, raspberries and blueberries.",18920,581829
3030,coco-30k,A street area with a building and cars.,91797,301376
3031,coco-30k,A grey and white dog sitting in the passenger side of a car.,90323,131273
3032,coco-30k,Artistic black and white photo of man on a motorcycle.,87464,100896
3033,coco-30k,A blue motorcycle parked on street next to hill.,57899,532671
3034,coco-30k,"A kitchen area with a refrigerator, dishwasher and cabinets.",33388,531086
3035,coco-30k,Two people on a motorcycle driving up a street.,31871,364079
3036,coco-30k,A bathroom with tile and a shower is shown.,28501,578454
3037,coco-30k,A giraffe stands next to a pole in a habitat.,99123,455229
3038,coco-30k,A picture of a boy looking into a pot. ,70630,196280
3039,coco-30k,A red motorcycle on display at a show. ,2968,117098
3040,coco-30k,Cluttered sink and countertop in an institutional kitchen.,98493,454810
3041,coco-30k,A group of people on motorbikes ride on a path.,43538,580704
3042,coco-30k,Suitcases on top of a carrier onto of a vehicle.,18276,312278
3043,coco-30k,"A bathroom with a toilet, tub, mirror and shower curtain. ",38826,478009
3044,coco-30k,A plane travels through the clouds in the sky.,74036,551650
3045,coco-30k,A propellor airplane is on a grassy runway.,61986,404128
3046,coco-30k,Two planes are close together in the sky.,57189,135673
3047,coco-30k,The tower of the building has a clock displayed. ,95606,232905
3048,coco-30k,A sink is shown with a mirror and lights.,33541,590
3049,coco-30k,An airplane flies up into the sky with the wheel out.,96556,480605
3050,coco-30k,A bike is shown attached to a rack.,55934,190447
3051,coco-30k,Bathroom sink has a long counter space and 3 piece mirror.,21407,105757
3052,coco-30k,A cook in a restaurant kitchen putting chopped vegetables in a bow.,25317,132644
3053,coco-30k,A stationary train with the door wide open.,3889,397523
3054,coco-30k,Four black jets are flying above in the middle of the blue sky.,86168,254732
3055,coco-30k,Multiple jet airliners in runway next to an airport at night.,28095,483182
3056,coco-30k,"A bathroom area with a toilet, trashcan and dresser.",12754,263474
3057,coco-30k,A pair of dogs sit on a bathroom rug.,18579,562645
3058,coco-30k,A group of people on motorbikes ride on the road.,85379,353409
3059,coco-30k,A modern bathroom design with a skylight above the toilet.,68977,14352
3060,coco-30k,A girl in white shirt painting a black umbrella.,8644,398992
3061,coco-30k,Motorcycle on platform to be worked on in garage,39222,290070
3062,coco-30k,"A kitchen area with oven, pots and various cabinets.",45999,511892
3063,coco-30k,A kitchen is shown with a variety of items on the counters.,51944,384213
3064,coco-30k,A man sitting on a toilet that isn't connected to anything. ,70717,408696
3065,coco-30k,A cat is sitting on a white toilet.,73568,28903
3066,coco-30k,A building with a clock on the front and other buildings in front of it.,71161,418757
3067,coco-30k,A hand is reaching out to the top if a toilet. ,58409,484415
3068,coco-30k,A simple but fully stocked and well designed kitchen,20441,85803
3069,coco-30k,A large navy propeller plane is boarded on the tarmac,8097,167588
3070,coco-30k,A kitchen that is ready to have appliances put into it.,57708,545101
3071,coco-30k,Red brick building with fire hydrant and car with cloudy sky,90617,572604
3072,coco-30k,A run down waiting room at a transit station.,6646,560312
3073,coco-30k,An ornate set of towers n an old church.,11741,26183
3074,coco-30k,A chef chops up ingredients in a pot of stew.,45636,576704
3075,coco-30k,"Doorway view into a bathroom with a sink, toilet and mirror.",470,16523
3076,coco-30k,"two women sitting on a park bench, one looking over her shoulder",10483,227478
3077,coco-30k,2 motorcycles stand next to each other on the street.,58515,191990
3078,coco-30k,A red and green walled bathroom with a toilet.,69539,369386
3079,coco-30k,Lots of fruit sits on bowls on the counter of this kitchen. ,35566,248919
3080,coco-30k,There are three monitors and a laptop on the desk.,65322,182755
3081,coco-30k,Two people are riding a small motorcycle off-road.,11375,400853
3082,coco-30k,A cat laying next to a stainless steel bowl.,52841,146767
3083,coco-30k,Motorcycle parked on the curb of an empty road.,80303,254571
3084,coco-30k,A police man on a motorcycle drives down the road.,17741,174390
3085,coco-30k,A bicycle leaning against the hull of a boat,90660,83045
3086,coco-30k,a ath room with a toilet a bath tub and a sink,73794,173968
3087,coco-30k,A man with an umbrella is standing in front of a shop.,72260,89032
3088,coco-30k,A busy city intersection clogged with bike traffic ,84768,254814
3089,coco-30k,A group of motorcyclers riding down a street with traffic,44753,332877
3090,coco-30k,A bathroom with a white toilet sitting next to a white ball.,18921,30254
3091,coco-30k,"Bathroom with tub, toilet, sink, mirror and window.",42284,256713
3092,coco-30k,In the foreground of the picture there are couples riding on motorcycles on a city street,85262,404718
3093,coco-30k,A large white kitchen range with gold towels on the front.,34626,177935
3094,coco-30k,A dog is catching a Frisbee at the dog show ,47206,191280
3095,coco-30k,A happy motor cyclist in leathers on a sunny day,35286,313093
3096,coco-30k,a motorcycle and a three wheeler both coming same direction on both sides of street,40155,245383
3097,coco-30k,A person on a skateboard up on a ledge.,55293,554669
3098,coco-30k,A person in a costume on the back of a car.,2623,225014
3099,coco-30k,A table in a small room with some pots.,55168,124236
3100,coco-30k,A four engine Air Algerie prop plane with landing gear out,37051,333371
3101,coco-30k,A television is on a tv stand next to a bureau. ,23027,169076
3102,coco-30k,A bathroom with the door open so you can see a toilet and bathtub,39194,548485
3103,coco-30k,A colorful toilet seat open in a toilet stall,51808,288062
3104,coco-30k,A black cat standing over a glass bowl.,77769,300732
3105,coco-30k,A large giraffe sticking its head into a vehicle.,10263,209015
3106,coco-30k,A group of people on a court with tennis rackets.,40113,298578
3107,coco-30k,A bus traveling down a city street at night.,80738,304044
3108,coco-30k,A small airplane flying through a blue sky.,98410,144122
3109,coco-30k,Black and white photograph of person with birds.,3799,268927
3110,coco-30k,A toilet in a bathroom suspended in the air,24185,572399
3111,coco-30k,A group of cows on street next to building and bus.,86049,185327
3112,coco-30k,A motorcycle parked on the side of a grassy field.,94581,265872
3113,coco-30k,A man is in a black and white public restroom.,36324,505385
3114,coco-30k,A white sink sitting under a mirror in a bathroom.,48875,425371
3115,coco-30k,A wooden bench sitting next to an entrance.,93862,432176
3116,coco-30k,A wooden floored room with various chairs around it.,2491,128201
3117,coco-30k,A man on a motor bike on the road.,22561,361382
3118,coco-30k,A person walking along wet ground holding an umbrella.,65596,536027
3119,coco-30k,A couple of bathrooms one with a standing toilet next to one with a sitting toilet.,69936,99747
3120,coco-30k,A woman standing with her hands on her hips,24167,580870
3121,coco-30k,Man on blue and white motorcycle riding on one wheel. ,32085,430546
3122,coco-30k,A group of people on motorcycles riding down the street,10719,581401
3123,coco-30k,A chef preparing vegetables at a counter in a kitchen.,57484,410272
3124,coco-30k,A bathroom with white fixtures and green flooring,58836,576576
3125,coco-30k,Many pots and pans are hooked on a kitchen wall.,87793,51533
3126,coco-30k,A man standing at a kitchen counter working.,91613,131661
3127,coco-30k,A bunch of sheep make their way through the crowded city street.,77672,338304
3128,coco-30k,A person on a motorcycle is next to parked bicycles on the sidewalk.,14327,31092
3129,coco-30k,A group of chefs preparing food inside of a kitchen.,28147,352127
3130,coco-30k,A man holding a small cat in his hands.,46444,302292
3131,coco-30k,A man sitting on a couch in a hotel room that also has a bed and desk.,19499,60548
3132,coco-30k,A white toilet sitting inside of a bathroom.,93672,2388
3133,coco-30k,The two cyclists are going down the country road.,34477,47687
3134,coco-30k,A white toilet sitting next to a bath tub filled with paintings.,45007,342295
3135,coco-30k,A bathroom is adorned with beige and white tiles.,94341,311081
3136,coco-30k,A couple of motor bikes and cars on a street.,71187,484301
3137,coco-30k,an all white bathroom with a sink and toilet,38181,214204
3138,coco-30k,A person in front of a mirror with a toothbrush.,5778,522425
3139,coco-30k,A bowl in a sink and window in a room.,41983,396461
3140,coco-30k,A young boy kneeling beside a toilet in rubber gloves.,75125,443640
3141,coco-30k,A crowd of people with umbrellas on a street.,95035,191845
3142,coco-30k,A brown cow walking along side of a man.,81521,153734
3143,coco-30k,An army jeep with an American Flag sitting at an airport.,25619,135057
3144,coco-30k,A propeller plane flying through a gray sky.,39823,563295
3145,coco-30k,A woman dressed in a police uniform talking to a man on a motorcycle.,84975,468953
3146,coco-30k,"A very fluffy, calico-colored cat sits on the toilet seat. ",48778,465591
3147,coco-30k,A blue and white bus with two bicycles and people by it.,27387,451944
3148,coco-30k,A motorcycle driving by a red and white biplane.,6798,513580
3149,coco-30k,A grey and white cart laying on table with sunglasses on.,32847,549649
3150,coco-30k,A car covered in various empty toothpaste tubes.,77455,110026
3151,coco-30k,A man taking his picture in the mirror with a camera.,3282,147897
3152,coco-30k,Three giraffe standing near trees and one eating on a tree.  ,56129,212257
3153,coco-30k,A picture of a green airplane with propellers. ,65423,304063
3154,coco-30k,A man on a bike near people on a bench,14717,390137
3155,coco-30k,A toilet is outside on the sidewalk by a door.,39765,414884
3156,coco-30k,A very long kitchen looks kind of messy.,26950,27146
3157,coco-30k,A virgin plane is sitting on the runway,14609,295242
3158,coco-30k,A sink and refrigerator in a small room.,23525,422350
3159,coco-30k,A microwave and counter in a small room.,53896,91341
3160,coco-30k,A woman opening up the refrigerator looking for something.,2932,329931
3161,coco-30k,A distant airplane high up into the sky.,11548,100404
3162,coco-30k,A person pouring water into a drain from a bowl.,4236,491872
3163,coco-30k,Two women stand and talk on the beach while holding surfboards,17600,21924
3164,coco-30k,A hand holding two spoons over a metal sink.,5785,308543
3165,coco-30k,A man smiling near the seat of a toilet. ,83445,568502
3166,coco-30k,An above snap shot of a flushing toilet bowl.,66743,276964
3167,coco-30k,A person is looking in the mirror of a motor bike,92428,61862
3168,coco-30k,The striped cat is sitting on top of the car.,65971,466156
3169,coco-30k,A messy desk is shown with a laptop computer.,60122,444682
3170,coco-30k,A lady with a flower in her hair taking of picture of herself in a mirror.,1624,93553
3171,coco-30k,A red and white bicycle next to a building and door.,1547,203317
3172,coco-30k,The snow covered mountain looks over the small city.,40985,440575
3173,coco-30k,"A cat is curled up, asleep, on a chair. ",45409,104150
3174,coco-30k,Two metal bowls filled with apples and oranges.,14961,368196
3175,coco-30k,A kitchen with a cluttered counter and wooden cabinets,12642,164121
3176,coco-30k,Black and white picture of guy and girl in an embrace on a park bench.,48415,524436
3177,coco-30k,A large water goblet half filled with a liquid.,19219,567789
3178,coco-30k,"A kitchen area with refrigerator, counter and a microwave.",65533,58758
3179,coco-30k,An orange and white cat sitting on metal surface at night.,9118,207557
3180,coco-30k,a person riding a skate board on a city street,33874,279278
3181,coco-30k,a bath room with a toilet a sink and stand up shower,50934,379580
3182,coco-30k,a person with a bat near many tvs,20238,444199
3183,coco-30k,A woman with a braid holds her dog in her lap.,14069,201190
3184,coco-30k,A fluffy white chair that faces away fro a television.,31660,491497
3185,coco-30k,"A black leather couch in a living room with two chairs, a table and a book case.",59243,415048
3186,coco-30k,Commercial airliner flying  near mast on cloudy day.,93383,383621
3187,coco-30k,a close up of a cat on a desk near a sandwich ,60164,3067
3188,coco-30k,A cat sitting in a bathtub behind the curtain.,15792,566717
3189,coco-30k,Inside of an out house with the toilet seat up and a towel.,14893,386066
3190,coco-30k,A man climbing on a toilet bowl in a closet,98405,32817
3191,coco-30k,A man standing with a yellow motorcycle in park,74158,295945
3192,coco-30k,A lit fireplace with decorative items on the mantle and a portrait above it.,31115,371151
3193,coco-30k,A kitchen that has a counter with a laptop on it.,92751,124601
3194,coco-30k,A shower has a removable shower head and a glass door.,68191,503200
3195,coco-30k,A man is taking his own picture in a mirror.,88250,365035
3196,coco-30k,The person walking the dog has dressed it in a torn shirt.,94309,579321
3197,coco-30k,A woman with her pants pulled down on the toilet.,94943,500019
3198,coco-30k,a large air plane flying in the air,6550,67491
3199,coco-30k,A man in yellow jacket on black motorcycle with a tan teddy bear.,41787,423173
3200,coco-30k,A child in a cart behind small pony on race track.,19860,286813
3201,coco-30k,A man sees a double reflection in his mirror.,21086,488240
3202,coco-30k,Motor vehicles on roadway in urban city setting.,66343,30685
3203,coco-30k,A person digging in the sand near a bike,4275,561806
3204,coco-30k,A jet liner flying above in the clear blue sky.,16879,410221
3205,coco-30k,A view A large metal structure near the side of a building,96106,45596
3206,coco-30k,Multiple people playing with a soccer ball on the beach.,46780,246782
3207,coco-30k,"There is a bike that is parked by a bench, and an airplane that is high in the sky",89094,388258
3208,coco-30k,Two vintage cars are parked at a car show.,36271,503765
3209,coco-30k,A plane parked on the runway in the distance,53367,381709
3210,coco-30k,A bathroom has a sink and a bathtub.,80883,400596
3211,coco-30k,A man is holding an umbrella beside a truck.,6456,361124
3212,coco-30k,A bathroom located off of a dirty kitchen,85190,437910
3213,coco-30k,"A computer, keyboard and mouse sitting on a desk.",70494,102609
3214,coco-30k,A large bathroom with a row of white sinks in it,26308,382438
3215,coco-30k,A park bench is beside a stone wall and a flowering bush.,18878,391674
3216,coco-30k,A busy city street filled with cars at night,9289,578962
3217,coco-30k,A young man is dressed in a school skirt outfit.,18399,42102
3218,coco-30k,A woman riding a red motorcycle wearign a helmet,37343,52161
3219,coco-30k,A pink bathroom with hello kitty towels and curtains,46388,173819
3220,coco-30k,Three blue and white airplanes are on an airport runway. ,91329,563127
3221,coco-30k,A view of people riding bicycles and unicycles in the street from a front bus window.,46957,204360
3222,coco-30k,A young man in full racing gear standing by his bike.,5724,89378
3223,coco-30k,two motorcyclist driving on an empty road near evergreen trees,9400,506471
3224,coco-30k,a large group of people at a ranch,57395,102746
3225,coco-30k,A room with urinals lined up on both sides.,6315,67553
3226,coco-30k,A couple of bicycles sitting in a large garden.,28296,318464
3227,coco-30k,"a plane flying by a bright moon in the sky
",17471,22396
3228,coco-30k,A large kitchen with white cabinets and two tables.,23064,122869
3229,coco-30k,A bathroom with two large white dressers and sinks,24638,72935
3230,coco-30k,Two giraffes grazing from feeder next to trees.,81820,398792
3231,coco-30k,A sink sitting underneath a bathroom mirror with plants.,63249,512982
3232,coco-30k,an airplane on a beach with a lot of people looking up at it,83239,511469
3233,coco-30k,Long line of cards on a busy street at night.,82675,410855
3234,coco-30k,Two giraffes in a outdoor shelter under a net.,48265,15954
3235,coco-30k,Commercial jet airplane flying in clear blue skies.,65272,168200
3236,coco-30k,Person riding a motorcycle with someone holding a child.,86208,263834
3237,coco-30k,A gang of bikers driving down a rural country road.,87322,576871
3238,coco-30k,A bathroom stall that has very dirty walls.,98816,162643
3239,coco-30k,A man riding on the back of a motorcycle down a street.,83485,503135
3240,coco-30k,A woman is holding a camera by a bathroom.,15217,459921
3241,coco-30k,A stuffed bear is sitting next to a computer monitor.,9606,135914
3242,coco-30k,A herd of sheep walking across a lush green field.,82791,563009
3243,coco-30k,A small bird sitting on the handle of a car door.,66407,137490
3244,coco-30k,A flat screen TV sitting in a living room in front of a dining room table.,18331,186632
3245,coco-30k,A white toilet sitting between a car and a truck.,47865,187424
3246,coco-30k,a sign a street a green car and a person with a black umbrella,54338,83844
3247,coco-30k,Two men riding on a motorcycle with a young girl.,12311,101933
3248,coco-30k,A woman preparing food inside of a kitchen.,8440,192079
3249,coco-30k,A large jet flying through a gray sky with four engines.,63134,157021
3250,coco-30k,People are eating at an outdoor cafe at tables with red umbrella tops.,10556,228350
3251,coco-30k,Two giraffe standing next to each other on a dirt field.,3386,518348
3252,coco-30k,A white toilet sitting in a bathroom next to a sink.,73425,168626
3253,coco-30k,Little dog in a shirt sitting next to owner's feet,27678,471175
3254,coco-30k,A kitchen filled with lots of dogs near a dishwasher.,51970,158497
3255,coco-30k,A bathroom sink sitting underneath a mirror in a bathroom.,61952,10643
3256,coco-30k,A man in shirt and tie holding an umbrella.,70118,49942
3257,coco-30k,A white sink sitting underneath a mirror in a bathroom.,66709,553558
3258,coco-30k,A white toilet sitting under a window next to a sink.,45721,141910
3259,coco-30k,A bus with a large picture of a woman's face on back of it.,61287,574280
3260,coco-30k,Motorcycles and helmets are parked on the sparse grass.,59823,470423
3261,coco-30k,A woman holding a tooth brush while wearing black.,24146,351133
3262,coco-30k,Two large jets sitting on top of an airport runway.,68322,485237
3263,coco-30k,Guy poses for picture by kitchen sink with two dogs,39509,282134
3264,coco-30k,A stuffed toy sitting at a dining table with a frosted cake and cups.,59585,432125
3265,coco-30k,Sinks in a public restroom with exposed brick and plumbing.,37212,414324
3266,coco-30k,A television is reflected from a bathroom mirror.,31695,239041
3267,coco-30k,Floor length urinals in a tiled public restroom.,45707,92014
3268,coco-30k,Traffic on a dock next to a moored sailing ship.,9758,52661
3269,coco-30k,"A bathroom with a toilet, shower and an hanging chain to flush the toilet. ",68630,328959
3270,coco-30k,a giraffe walking through trees on a sunny day,15474,281221
3271,coco-30k,"group of giraffes mingling in a stand of trees
",22761,461245
3272,coco-30k,Red and black motorcycle parked near large 4 story building.,20033,566278
3273,coco-30k,The narrow corridor of a restroom for men with stalls and urinals. ,94846,159500
3274,coco-30k,A picture of a group of fighter jets flying together.,18530,230232
3275,coco-30k,A man looking over his glasses with a tie and suspenders on. ,77237,317330
3276,coco-30k,Inside a tram waiting to go out the door. ,11038,11703
3277,coco-30k,A cat laying bed in a small room.,66842,228506
3278,coco-30k,A toilet that has three sea shells on top.,47667,323202
3279,coco-30k,Crowd of airliners parked at a terminal with service vehicles.,55552,55432
3280,coco-30k,a large air plane flying thru the air,67495,214205
3281,coco-30k,A man carrying a large US flag on a horse riding down a town street,45948,511844
3282,coco-30k,A plane site on a grassy country runway.,96294,463037
3283,coco-30k,a god in a small cage sitting on a dog bed,31212,341006
3284,coco-30k,The toilet is in a room with exposed pipes.,47962,549817
3285,coco-30k,a person in a white t shirt cooking on a stove,37041,95595
3286,coco-30k,a close up of a toilet with a poster on the wall,18486,222343
3287,coco-30k,A man helping a child ride a bicycle on the street,47983,174043
3288,coco-30k,A car with the nose of a shark eating a teddy,20560,264330
3289,coco-30k,A cat is sleeping on a computer desk.,97587,328780
3290,coco-30k,People crossing the street at a busy intersection,1166,201496
3291,coco-30k,Two men walking down a street by a blue bicycle.,53995,136770
3292,coco-30k,Group of men standing around a kitchen eating small sides. ,26069,395621
3293,coco-30k,The small bathroom has a bathtub without a shower.,27610,519815
3294,coco-30k,A woman riding a bike with a cat on her,94498,310442
3295,coco-30k,An airplane flying in a cloudy blue sky.,22768,167540
3296,coco-30k,One bicycle is parked next to many motorcycles.,78148,291634
3297,coco-30k,A woman leans against a kitchen counter as two boys clean pumpkins on a newspaper covered table.,43152,298629
3298,coco-30k,"A car, a moped, and a bike rider are stopped at an intersection.",34179,199883
3299,coco-30k,A clock is high up on the side of the tower wall.,81802,367452
3300,coco-30k,A man holding a remote control in his mouth.,92006,491223
3301,coco-30k,A large motorcycle is on display at a gathering of people,91932,162867
3302,coco-30k,A row of urinals stand on a wall in a bathroom area.,43323,117718
3303,coco-30k,A person is riding an orange motorcycle doing a hand motion,87346,315448
3304,coco-30k,The silver refrigerator is across the kitchen from a black stove.,37694,157669
3305,coco-30k,A person riding a motorcycle down a rural country road.,73657,336695
3306,coco-30k,"A kitchen that has different types of pots, and pans on a stove.",67297,42182
3307,coco-30k,A group of motorcyclists riding across the town,64593,442549
3308,coco-30k,A computer desk topped with a desktop computer and a scanner.,53630,166565
3309,coco-30k,a train with open doors at a terminal.,14894,257586
3310,coco-30k,The kitchen is clean and ready to be used. ,83113,16896
3311,coco-30k,A doll sitting at a table with fake food. ,36495,413056
3312,coco-30k,A toilet seat behind a tree in the open outdoor.,98935,89761
3313,coco-30k,A living room with a couch next to a  table and a lamp.,93053,127337
3314,coco-30k,A cat lying in a white sink in the bathroom. ,52482,7722
3315,coco-30k,A shot of an empty bathroom with a walkin shower.,18434,221869
3316,coco-30k,A kitchen being remodeled covered in lots of clutter.,71061,88988
3317,coco-30k,A stop top oven in a kitchen next to a couple of windows.,35766,415218
3318,coco-30k,A crowded street in an Asian country is full of people with umbrellas.,88015,26573
3319,coco-30k,A group of people riding motor scooters down a street.,2569,114147
3320,coco-30k,People standing next to tree looking at an airplane flying over ocean.,47900,303603
3321,coco-30k,A yellow motorcycle in front of a street with several people. ,52050,246590
3322,coco-30k,A man with a grey shirt and black jacket takes a picture of his bathroom while standing in the mirror.,4616,62491
3323,coco-30k,A motorcycle parked near a harbor filled with boats.,47733,49119
3324,coco-30k,A toddler playing with toy trains on a toilet.,80737,391774
3325,coco-30k,A modern bathroom with square sink and backlit mirror.,19670,409358
3326,coco-30k,Counter top inside a house designed with different colors. ,96190,172083
3327,coco-30k,A fighter jet plane ascending into the sky.,7177,392481
3328,coco-30k,A man with an umbrella sits on the hood of a car. ,26789,432702
3329,coco-30k,A large clock tower with a wind indicator on top.,53856,159537
3330,coco-30k,"A back pack by itself next to a backpack with beer, fruit and snacks.",74476,14821
3331,coco-30k,A bus is driving down one side of the street. ,44815,398119
3332,coco-30k,A very old toilet and sink in an old room. ,11936,267903
3333,coco-30k,A white toilet in a white tiled bathroom.,57299,22963
3334,coco-30k,A woman sitting next to a man on a bench.,60466,235864
3335,coco-30k,A man leaning on his motorcycle along the roadside.,63298,240340
3336,coco-30k,A bathroom with a tub and his and her sinks.,47193,441225
3337,coco-30k,A large jetliner sitting on top of an airport tarmac.,89693,88556
3338,coco-30k,A train with it's doors open sitting next to a platform.,9597,63855
3339,coco-30k,A airplane in the overcast gray sky over tarmac ,90061,184789
3340,coco-30k,A kitchen with wooden cabinets and a fridge,62130,540642
3341,coco-30k,A bathroom with a blue shower curtain and blue walls.,34839,10290
3342,coco-30k,"A late night, long-exposure picture of a city street.",84046,156098
3343,coco-30k,A teddy bear sitting in between a display of books on a table.,92605,51143
3344,coco-30k,A stop sign that looks likes it made of crinkled paper.,42820,46099
3345,coco-30k,A view of inside of a car where a cat is laying down.,66790,554377
3346,coco-30k,"A clean, organized kitchen decorated in white, brown, and red. ",92276,561783
3347,coco-30k,A dog in a bandana and Harley Davidson gear.,70954,251716
3348,coco-30k,A boy performing a kickflip on his skateboard on a city street.,17733,293802
3349,coco-30k,"Red hot water cooker, bowl of fruit, bananas, cereal and a sliced orange sit on a white tile kitchen counter tip. ",92693,211756
3350,coco-30k,A piece of cake on a plate on a table.,40328,143450
3351,coco-30k,"A kitchen area with stove, shoveling and a dishwasher.",10423,273859
3352,coco-30k,"A bathroom area with toilet, sink and black curtain.",87234,5314
3353,coco-30k, A row of white urinals in bathroom below windows.,84752,27648
3354,coco-30k,Women smiling looking into a mirror while fixing their hair.,99486,480472
3355,coco-30k,A computer is on a desk in a blue room.,44215,264660
3356,coco-30k,Men in hard hats are on small motorcycles.,53750,250540
3357,coco-30k,Picture window of Vietnamese restaurant says closed. ,27415,318066
3358,coco-30k,A black and white cat is laying on a green pillow on top of a desk.,76234,577526
3359,coco-30k,People gathered talking in a plaza while one holds an umbrella.,22343,563605
3360,coco-30k,Rows of motorcycles in parking lot next to buildings.,63111,359277
3361,coco-30k,A kitchen with a lot of cabinets and stuff on the table. ,98675,130555
3362,coco-30k,Black and white motorcycle parked on a sidewalk.,11598,381482
3363,coco-30k,A person with a robe on is fixing something on the ceiling. ,69192,535889
3364,coco-30k,Blue and grey fighter jet flying in a clear blue sky.,76074,330079
3365,coco-30k,A double image of a comedian and a singer on the television screen.  ,81672,433915
3366,coco-30k,"A bathroom has a toilet, sink, mirror and bidet.",59206,505849
3367,coco-30k,a close up of a bath room counter with items,41132,20760
3368,coco-30k,Restroom full of many urinals with smell eliminators.,67937,292810
3369,coco-30k,A  large air plane flying in the blue sky.,92129,393410
3370,coco-30k,A very nice looking motorcycle parked near some bushes.,25980,117093
3371,coco-30k,a bath room with a toilet a bath tub and a sink,79981,62210
3372,coco-30k,A photograph of street sign and traffic light.,66898,182423
3373,coco-30k,Brown horse pulling a white and red cart on a street.,50130,96420
3374,coco-30k,I am unable to see the image above.,92639,397268
3375,coco-30k,A person on  skis heading down a snowy slope,83607,147872
3376,coco-30k,a number of people on bikes under a traffic light,61062,419790
3377,coco-30k,a number of motorcycles in a lot ,82608,106661
3378,coco-30k,A small plain looking rest room with a tub and toilet.,2898,451877
3379,coco-30k,A very nice coffee mug with lots of writing.,32163,362219
3380,coco-30k,a person sitting on the ground in front of a stove,29188,393180
3381,coco-30k,The woman smiles while posing with a big cat in her arms.,76482,333406
3382,coco-30k,a number of people riding motorcycles on a city street,97292,507927
3383,coco-30k,A big thick tasty looking pastry with icing on it.,7343,537241
3384,coco-30k,A toilet in a small room with a window and unfinished walls.,2261,107427
3385,coco-30k,a man sits on a toilet as he plays on a computer ,75260,203085
3386,coco-30k,The two young children are playing with a plastic chair.,84152,97036
3387,coco-30k,A man is walking while holding a racket on a tennis court.,21192,391834
3388,coco-30k,A bathroom with towels draped of the curtain rod ,99207,117535
3389,coco-30k,A cute orange cat sitting on top of a structure.,5594,271680
3390,coco-30k,A woman is putting on make up in front of several mirrors.,7174,294209
3391,coco-30k,"A kitchen area that includes a stove, sink and cabinets.",21792,114401
3392,coco-30k,Looking into the mirror of a residential bathroom,29197,24636
3393,coco-30k,A small grey rat floating in the bowl of a toilet.,12028,544009
3394,coco-30k,a toilet with glitter paint on it ,17668,104803
3395,coco-30k,A dark picture of a  very clean dark colored kitchen. ,81827,246327
3396,coco-30k,A glass shower stall in a white bathroom with a window,85627,529507
3397,coco-30k,Black and white photo of two men riding bikes.,57295,4069
3398,coco-30k,A woman on a motorcycle smiles next to a man on a bicycle.,99166,432623
3399,coco-30k,A bathroom with a low roof diagonally located above it,54291,175212
3400,coco-30k,A bunch of groceries are piled onto a table. ,33402,17953
3401,coco-30k,The shiny motorcycle is being shown on a display.,50266,251252
3402,coco-30k,A group of women cooking in a restaurant kitchen.,93256,158292
3403,coco-30k,A sign for a restaraunt and bar outside,70484,25378
3404,coco-30k,A fancy motorcycle parked on a red carpet,20534,325836
3405,coco-30k,"A bathroom with a tub, toilet and sink.",12011,30432
3406,coco-30k,Heavily loaded green truck with passengers on back in roadway in urban area.,95213,290798
3407,coco-30k,A white bathroom sink with a vase of flowers on it,69935,269287
3408,coco-30k,A couple of chairs and a counter in a room.,49535,8922
3409,coco-30k,A white toilet bowl with a cleaner thing in it,82196,322122
3410,coco-30k,A large commercial aircraft flying in the sky,31042,117543
3411,coco-30k,Bright room with a couch and various different dressers.,42243,425151
3412,coco-30k,Grey bird in a wooden basket eating bread.,86365,350341
3413,coco-30k,A red and yellow bus next to some bikes,75287,397514
3414,coco-30k,A woman is standing in front of a stove,11740,16590
3415,coco-30k,two men on different styles of motorcycles ,28153,402328
3416,coco-30k,A person near a bike and a car on a street.,57407,9801
3417,coco-30k,A laptop on a desk in a room.,86024,521995
3418,coco-30k,An empty narrow bathroom with the sink outside of the door.,38516,196342
3419,coco-30k,A kid standing there looking at his snowboard on the snow covered walkway. ,7513,231795
3420,coco-30k,People watching off the side of a cruise ship as a life boat is lowered.,45803,422706
3421,coco-30k,A large airplane and a truck next to a building.,80981,98523
3422,coco-30k,A black cat sleeping on the hood of a warm car.,83007,181963
3423,coco-30k,A toilet that is sitting in a bathroom with the light on.,20617,216218
3424,coco-30k,A cat that is laying down underneath a car.,71245,470623
3425,coco-30k,A messy kitchen in a wooden house in the country.,47080,54133
3426,coco-30k,Yellow Train stopped at the station in front of a bench.  ,59053,129135
3427,coco-30k,Two bikers riding their bikes on the road stopped in front of the line. ,95952,377352
3428,coco-30k,A woman riding on the back of a purple motor scooter.,79080,519542
3429,coco-30k,A toilet that is outside next to a fence.,44344,504970
3430,coco-30k,A toilet sitting outside a building in an alley.,40350,290078
3431,coco-30k,Public toilet with the lid up and a garbage can nearby. ,93807,578314
3432,coco-30k,A motorbike sitting in front of a wine display case,13838,550529
3433,coco-30k,A woman with red hair sitting on a bench.,38586,10463
3434,coco-30k,A policeman on a motorcycle at night watching pedestrians cross a street,53184,538364
3435,coco-30k,a toilet a shower a sink and a white cabinet,83484,371069
3436,coco-30k,A teenager riding a skateboard down a street.,61242,149571
3437,coco-30k,A kitchen with lots of dishes and appliances next to cooking utensils.,93015,328797
3438,coco-30k,A person on a motor bike and a car on the street.,98503,378502
3439,coco-30k,Many packages of toilet paper are unwrapped next to the toilet in a messy bathroom.,46804,433919
3440,coco-30k,A wooden bench and a fence with some flowers.,6170,540782
3441,coco-30k,A white stove with two metal pots on its back burners. ,59044,533978
3442,coco-30k,An airplane flying in the sky with smoke coming out of it. ,22839,115178
3443,coco-30k,A kitchen with a stainless steel stove.and white cabinets.,24270,308730
3444,coco-30k,The bathroom is adorned with green rugs and a green shower curtain.,58871,219916
3445,coco-30k,A grey and black bathroom with an odd shape vanity.,84465,64155
3446,coco-30k,Black motorcycle sitting outside a wooden door on bricks. ,22129,79024
3447,coco-30k,A toilet sitting on its side beside a bunch of old stuff. ,97341,459934
3448,coco-30k,A couple of giraffe standing in a building.,30496,287545
3449,coco-30k,A giraffe standing next to a tree and some rocks.,54080,209186
3450,coco-30k,A man stops by a truck with a dog.,30184,47263
3451,coco-30k,People walking down the street while some people ride their bicycles. ,54772,576650
3452,coco-30k,The woman in the diner and the man looking into the window are making eye contact.,80594,482436
3453,coco-30k,"A break room has a table, phone, lamp, sink and other appliances.",53153,45195
3454,coco-30k,a big bathroom with colorful tile walls and fancy lights above the sink ,23467,304409
3455,coco-30k,A filthy sink and toilet are seen from above.,41807,50443
3456,coco-30k,three giraffe stretching there necks to reach high leaves,43817,62865
3457,coco-30k,cars setting at traffic light leading to capitol building,41981,162858
3458,coco-30k,a bluish motorcycle parked on sidewalk in park,75911,395324
3459,coco-30k," A bathroom with a toilet, sink, counter and large mirror",21600,320951
3460,coco-30k,A person rides an ATV with other ATVS,45895,303738
3461,coco-30k,A cat sits on a desk in front of a computer. ,9152,319706
3462,coco-30k,"A clean, organized bathroom with accessories in it.",68313,447596
3463,coco-30k,A green motorcycle parked on top of a green lawn.,7494,291791
3464,coco-30k,A street devoid of traffic surrounded by tall buildings.,21323,102906
3465,coco-30k,A lamp with a shade sitting on top of an older model television.,95866,528470
3466,coco-30k,a desk with a cup plate laptop monitor and keyboard,18814,131138
3467,coco-30k,a female in a gray top is holding a cellphone,69359,173340
3468,coco-30k,A red traffic light sitting at the corner of a building.,94194,209788
3469,coco-30k,A man standing in the ocean next to a young child.,87774,176519
3470,coco-30k,A white car parked next to a parking meter in front of a parking garage. ,44721,471097
3471,coco-30k,A man riding a bike down a street with a woman.,55781,315196
3472,coco-30k,A man standing next to a car in the snow.,83210,466981
3473,coco-30k,a man sitting at a desk in front of a laptop computer,47886,22371
3474,coco-30k,A white bath tub sitting next to a toilet.,17831,351362
3475,coco-30k,There is a toilet in a narrow bathroom.,29032,579693
3476,coco-30k,A woman standing next to a standing toilet.,70907,354685
3477,coco-30k,A man riding on the back of a motorcycle on a field next to a dog.,4583,430245
3478,coco-30k,A walk in shower next to a white sink.,77366,95300
3479,coco-30k,A city street filled with lots of traffic and people.,60498,336232
3480,coco-30k,A pretty young lady sitting in a room with computers.,98082,554500
3481,coco-30k,A pair of remote controlled planes flying through the air.,45767,457687
3482,coco-30k,A large jetliner flying over a tall building in the sky.,15015,278760
3483,coco-30k,A red vase sitting on top of a glass table.,27956,94940
3484,coco-30k,A couple of doctors sitting in front of a sound board.,6406,116517
3485,coco-30k,A group of people sitting and laying next to each other.,75875,298547
3486,coco-30k,a computer desk with a computer and laptop on top ,61596,499842
3487,coco-30k,A jumbo jet airplane parked with a person checking it.,91442,300066
3488,coco-30k,A white toilet sitting underneath a picture on a wall.,68172,555677
3489,coco-30k,A kitchen with lots of clutter and an open drawer.,36361,514294
3490,coco-30k,A red plate topped with a chocolate pastry.,37597,224138
3491,coco-30k,A wooden center island in a kitchen next to two flat screen TVs.,48046,86696
3492,coco-30k,a blue bike parked on a side walk ,27689,174482
3493,coco-30k,a bathroom with bright lights and white carpet ,38006,204832
3494,coco-30k,a hotel rooom  with two beds and a food tray on one bed,28091,273494
3495,coco-30k,A man riding a bicycle with a boy on the back of it.,10115,38829
3496,coco-30k,A person on a snowboard does an air trick.,21868,536782
3497,coco-30k,Bikes are shown lining the roads and the rails.,44053,250794
3498,coco-30k,A laptop sits on a toilet seat in a black and white photo.,95738,260635
3499,coco-30k,A woman is taking a selfie in her bathroom mirror.,77568,199404
3500,coco-30k,a white plane sits on a tarmac near a row of parked cars,71359,299649
3501,coco-30k,a row of parked vintage motorcycles and bicycles,8719,404792
3502,coco-30k,Commode in brightly lit  area of old building. ,90131,116786
3503,coco-30k,"A bathroom with a sink, toilet, tub and mirror.",56791,313063
3504,coco-30k,"The computer desk has a laptop, a monitor, and a tablet PC on it.",30424,561403
3505,coco-30k,"the sink, mirror and toilet in a white bathroom",17963,7214
3506,coco-30k,A boy that is standing next to an animal.,25333,6033
3507,coco-30k,Two planes fly next to each other with only the sky visible in the background.,63792,309434
3508,coco-30k,A man is riding a large bike through the park.,42395,289343
3509,coco-30k,A view of a building with two clocks on it. ,26047,117725
3510,coco-30k,"A bathroom with a stained glass and stone wall and tile of different shapes, sizes, and colors decorating the floor and walls with a toilet visible.",300,225505
3511,coco-30k,A large tower that has a weather vain at the top.,39132,464033
3512,coco-30k,A very big lady riding a bike on the street.,19057,543193
3513,coco-30k,A group of giraffes next to a fence.,97016,64313
3514,coco-30k,A man sits in a car with a cat in his lap.,41173,129864
3515,coco-30k,A black and white scene with two couples under umbrellas and rain jackets sitting at a stadium.,90414,267537
3516,coco-30k,A woman dressed in leather poses on a motorcycle.,25966,84533
3517,coco-30k,A woman leaning up against an outside wall using her cell phone.,26707,334941
3518,coco-30k,A smiling man in a hat sitting in a car.,44783,434415
3519,coco-30k,A man sleeping on a navy blue pillow with a TV monitor in place of his head. ,77884,481113
3520,coco-30k,"Bike racks lined up along a road, filled with bicycles.",96457,127788
3521,coco-30k,A group of men standing in a large kitchen.,9765,378276
3522,coco-30k,A white toilet and sink in a room.,10736,51741
3523,coco-30k,a vety cute furry dog posing near a big sign.,42200,498286
3524,coco-30k,a number of people in a kitchen preparing food ,16781,66231
3525,coco-30k,a person riding a motorcycle on a road ,30289,199481
3526,coco-30k,A plane that is flying over the trees.,4581,188891
3527,coco-30k,Two scissors that are interlocked on a table.,96738,418699
3528,coco-30k,A group of people on motorbikes sit at a crosswalk.,80921,77628
3529,coco-30k,a person riding a skate board on a city street,28349,244151
3530,coco-30k,a man with some drink in hand stands in front of a counter ,28386,25860
3531,coco-30k,The bowl of a white porcelain bidet with the seat raised.,8824,56212
3532,coco-30k,The bathroom is clean for the guests to use. ,11558,324266
3533,coco-30k,Two ladies are standing near a few toilets. ,58174,103134
3534,coco-30k,a number of small planes behind a fence,9446,497875
3535,coco-30k,A close up of a very large church with a clock. ,31285,335827
3536,coco-30k,"A view of a crosswalk that leads into a intersection.
",2191,560440
3537,coco-30k,a close up of a cat on a desk near stuffed animals ,25142,295051
3538,coco-30k,A plane that is flying in the sky over two houses.,96229,62685
3539,coco-30k,A bird seems to be flying high in the air. ,97740,309836
3540,coco-30k,A woman sitting down with a large cell phone holder on her pants.,28175,214869
3541,coco-30k,"Someone is on their motorcycle, in his gear. ",11258,317254
3542,coco-30k,The microwave and the stove have the same design.,58244,466665
3543,coco-30k,a bath room with a toilet near a window ,72614,227480
3544,coco-30k,A commercial airplane either landing or preparing for take off.,31671,285681
3545,coco-30k,A calico cat curls up inside a bowl to sleep.,97840,581402
3546,coco-30k,A man sits on top of a motorbike.,94640,453799
3547,coco-30k,The small bathroom has wooden cabinets around the sink.,88983,378709
3548,coco-30k,Someone is preparing many donuts at one time. ,89720,119709
3549,coco-30k,"Doorway view to a bathroom with sink, bathtub and toilet.",22834,347753
3550,coco-30k,A small black sign on the refrigerator door,86895,553747
3551,coco-30k,A kitchen that has a table and a chair.,79575,415194
3552,coco-30k,A group of people that are gathered around a table.,18319,544432
3553,coco-30k,A kitchen area is shown with a bar.,41448,124004
3554,coco-30k,A cat sitting on a toilet seat while the cover is up.,99753,198563
3555,coco-30k,A huge hole in the middle of a bathroom. ,83983,72912
3556,coco-30k,A lot of traffic are traveling near the green lights. ,92623,246717
3557,coco-30k,A person on a motor bike on a street.,5820,142324
3558,coco-30k,A silver and red bus in parking lot next to cars.,1206,50125
3559,coco-30k,A woman in red shirt standing in bathroom with sinks and a television.,22071,275781
3560,coco-30k,The wing of an airplane over a large area with mountains.,20633,235663
3561,coco-30k,A bar is shown with a tv and decorations.,57348,528386
3562,coco-30k,A person on a motor bike on a city street.,9025,566456
3563,coco-30k,A woman in a trench coat playing with her kite,58817,569
3564,coco-30k,A modern day bathroom with a unusual sink,32367,1803
3565,coco-30k,A small empty bathroom with brown painted walls,42040,238389
3566,coco-30k,A couple of white toilets in a small room.,55030,147030
3567,coco-30k,A man riding down the street in a horse and carriage,26864,230615
3568,coco-30k,A open metal oven with a rack for cooking.,83556,285664
3569,coco-30k,A giraffe that is standing behind a tree.,62805,467755
3570,coco-30k,A woman standing at a kitchen counter with a child and a dog is behind her.,45767,494869
3571,coco-30k,A dog sticking it's nose out of a crack in a window.,54555,176697
3572,coco-30k,"A kitchen area with sink, dishwasher and refrigerator.",54785,470256
3573,coco-30k,A person on a surfboard rides on a wave.,21254,46736
3574,coco-30k,A man in patterned jacket standing on ski slope.,59978,165986
3575,coco-30k,A kitchen with a number of cherry colored cabinets,17407,359563
3576,coco-30k,Small white toilet sitting next to a small white sink. ,7660,124607
3577,coco-30k,A cat sitting on top of an old abandoned car. ,95971,196371
3578,coco-30k,The steering wheel of a bike with many gadgets parked in a mud room.,67025,398304
3579,coco-30k,A sidewalk next to the outdoor sitting area of a restaurant.,85179,74058
3580,coco-30k,A kitchen with a center stove top island.,96523,42492
3581,coco-30k,A bike parked in front of a store with a basket.,34337,337011
3582,coco-30k,Six giraffe are standing looking in the same direction.,77201,566042
3583,coco-30k,Outside of a Chinese grocery in the city.,84640,494014
3584,coco-30k,a dining room table with a plate of food next to a wine bottle and some glasses ,70863,50981
3585,coco-30k,"A seat under a mirror onboard a train, next to a cluttered counter.",15400,242679
3586,coco-30k,A mattress is laying on a shiny wooden floor.,99699,406813
3587,coco-30k,A man on a motorbike rides down the street.,65002,136715
3588,coco-30k,Many people are gathered to watch a motorcycle race.,73673,172439
3589,coco-30k,Plane in window with cloudy sky and chairs ,21155,38259
3590,coco-30k,A small private plane that is coming in for a landing.,58250,445561
3591,coco-30k,A young man with a hat on trying to eat a banana. ,74055,551849
3592,coco-30k,This master bedroom has a bathroom behind glass walls.,24625,556633
3593,coco-30k,A picture of people is on the floor near a urinal.,1920,56350
3594,coco-30k,A yellow and blue bus driving down a curvy road.,75571,430519
3595,coco-30k,A white and black checkered floor in a kitchen.,76283,300324
3596,coco-30k,A couple of giraffe standing next to each other.,36056,26799
3597,coco-30k,A woman riding a biek down a sidewalk.,56500,49371
3598,coco-30k,A row of white toilets sitting on top of a dirt ground.,5910,458054
3599,coco-30k,a bicycle with a basket and a blue and pink umbrella ,94394,256941
3600,coco-30k,There are two sinks next to two mirrors.,56427,340559
3601,coco-30k,That tub is usually one found in a nursing home.,52500,430287
3602,coco-30k,a counter a white toilet and toilet paper and black tiles,51244,379740
3603,coco-30k,The bathroom is structured like they are old buildings.,80066,494438
3604,coco-30k,They are standing next to some stylish motorcycles.,55373,217181
3605,coco-30k,I think that the plane has just taken off.,99061,224595
3606,coco-30k,A midair shot of a guy doing a trick in a skateboard halfpipe.,98196,540556
3607,coco-30k,Firefighters are riding in the back of a fire truck.,68178,62251
3608,coco-30k,A 787 airplane is landing at the airport.,82488,517523
3609,coco-30k,A black and white photo of a bicyclist.,84305,314986
3610,coco-30k,there is a bench on a very high hill or mountain,30231,480752
3611,coco-30k,Two motorcycles sitting in a trailer that's being pulled behind an RV.,9572,422870
3612,coco-30k,"A kitchen with a stove, microwave, telephone, table and chair. ",40104,149184
3613,coco-30k,a close up of a bunch of bananas and a container of garlic ,7616,150788
3614,coco-30k,this bathroom has a black table and a white animal house,51653,328805
3615,coco-30k,a cell phone painted on a wall near a bike,86856,87493
3616,coco-30k,"A plate with a slice of bread, green peppers and meat on it. ",40094,77951
3617,coco-30k,An image looking down in to a toilet.,91725,273556
3618,coco-30k,A bike is parked alongside the lake shore.,67703,152176
3619,coco-30k,A red microwave on a tile kitchen counter.,32188,319696
3620,coco-30k,A dog and a couple sitting on a wood bench.,28122,329687
3621,coco-30k,The toilet is in a separate area away from the sink.,84345,345401
3622,coco-30k,A person riding a bike in the rain while holding an umbrella.,77933,1722
3623,coco-30k,a person in front of a tv with a gun,38532,55295
3624,coco-30k,A MOTORCYCLE DRIVER SPEEDING AROUND THE RACE RAMP,3873,466939
3625,coco-30k,Commercial jet passing overhead on bright cloudless sky.,99410,110359
3626,coco-30k,Man reaching for flying disc with defender attempting to prevent.,62406,566321
3627,coco-30k,A bunch of garbage sitting in a cluttered area.,29551,487192
3628,coco-30k,An updated kitchen with modern stainless steel appliances.,92722,45746
3629,coco-30k,A woman holding a yellow umbrella next to a cathedral.,17927,545735
3630,coco-30k,A standing toilet sitting underneath a window in a room.,51603,35222
3631,coco-30k,A big commercial plane flying in cloudy skies.,95092,257833
3632,coco-30k,a clean bathroom with tiled walls and a sink,18199,97017
3633,coco-30k,a double deckered bus on a city street,92147,329614
3634,coco-30k,a open kitchen with white color and wood,74621,199634
3635,coco-30k,A black and white image of a lady on her cell phone while sitting down. ,78750,211141
3636,coco-30k,Black and white photo of posters and bikes on a brick wall.,78791,219589
3637,coco-30k,A group of motorcyclists stay in a group in traffic.,27934,270175
3638,coco-30k,one teo three for finb di bu bu,58116,574785
3639,coco-30k,A person on a motorcycle with a stuffed reindeer on the window.,26201,472160
3640,coco-30k,Lone giraffe standing in shade of tree in outdoor natural area.,28707,234291
3641,coco-30k,man with long thick gray beard riding a motorcycle,94393,197683
3642,coco-30k,A close shot of what seems to be a public restroom. ,15666,55077
3643,coco-30k,Urinals are lined up on a wall in a bathroom.,33070,109178
3644,coco-30k,A group of elephants are walking on a dirt road.,30548,181359
3645,coco-30k,a bath room with sinks and mirrors ,88831,104572
3646,coco-30k,A few meters are sitting near an Air plane. ,60623,33114
3647,coco-30k,A small airplane is parked on the runway.,9208,225558
3648,coco-30k,A child on a skateboard is performing a trick on a slab.,63478,223157
3649,coco-30k,"a bathroom with two sinks, a cabinet and a bathtub.",67692,223467
3650,coco-30k,A cat sitting on top of a a black car.,9258,489687
3651,coco-30k,A car is parked on the street by some signs.,84957,299970
3652,coco-30k,A view from a window high up in the sky.,73935,192817
3653,coco-30k,A man is riding a motorcycle in a race.,67191,196490
3654,coco-30k,A bathroom showing a sink and a toilet.,15549,447038
3655,coco-30k,A stove and a window in a room.,15097,88562
3656,coco-30k,A white sink and toilet in a small room.,1028,310532
3657,coco-30k,A group of people looking at an elephant.,40737,322031
3658,coco-30k,A toilet in a bathroom with other bathroom accessories. ,30762,439398
3659,coco-30k,A giraffe and several elephants at the water's edge.,55022,118401
3660,coco-30k,there is a yellow motorcycle that is parked on the street,59455,330604
3661,coco-30k,there is a one way street sign under a street name sign,22732,237860
3662,coco-30k,there is a female surfer that is riding a small wave ,95071,117584
3663,coco-30k,there are many motorcycles that are parked by each other,33620,444209
3664,coco-30k,Two men and a woman that are enjoying themselves. ,70935,191687
3665,coco-30k,The bathroom is neatly decorated in a retro style.,24305,300245
3666,coco-30k,Several motorcycles are stacked together side by side. ,47294,524108
3667,coco-30k,The man is sitting on the bench close to the asian section.,78973,206684
3668,coco-30k,A white table topped with a laptop computer next to bowls of food.,25687,393814
3669,coco-30k,A bathroom with a toilet and a sink next to a tub.,4715,418854
3670,coco-30k,A picture of rush hour traffic on the streets.,92653,573962
3671,coco-30k,tree are two woman standing in the rain under a pink umbrella,56412,162429
3672,coco-30k,there is a male surfer riding a small wave,32119,544583
3673,coco-30k,A man in the kitchen is doing his job. ,83555,358629
3674,coco-30k,A person is flying a biplane in the sky.,16295,183500
3675,coco-30k,A black stove top oven sitting next to a window.,43733,375317
3676,coco-30k,A group of people riding on the back of motor bikes.,10990,429042
3677,coco-30k,A kitchen with white appliances and a window.,83639,22158
3678,coco-30k,A cat is sitting on a motorcycle looking in the mirror.,31038,529968
3679,coco-30k,A person on a skateboard on the road.,97689,16285
3680,coco-30k,A man walking down the street beside a big bus. ,21001,5535
3681,coco-30k,Two birds preparing to eat food off of a plate that was left on a table outside by the ocean.,24663,210032
3682,coco-30k,The motorcycle has a large cargo box attached to the seat.,64115,457683
3683,coco-30k,A stone staircase and window in a building.,29417,221910
3684,coco-30k,The view from an airplane window looking down on clouds and mountains.,6959,169936
3685,coco-30k,A kitchen that has various stainless steel appliances.,74316,50609
3686,coco-30k,A banana that is sitting in a bowl on the table.,99647,1153
3687,coco-30k,A large giraffe is roaming in an outdoor area.,42603,549766
3688,coco-30k,A runway for airplane with one dual propellor plane parked on the runway and a person walking away from the plane.,90811,42406
3689,coco-30k,A modern sink is on top of a bathroom counter top.,45282,56426
3690,coco-30k,A colorful plane flying over head and telephone wires,58339,567432
3691,coco-30k,Sheep grazing on grasses on mound on nice day.,99423,32587
3692,coco-30k,A man that has his near a toilet seat.,47794,289388
3693,coco-30k,A bath and a toilet in a small room.,90771,10977
3694,coco-30k,A person sitting on a motor bike on a street.,44171,168580
3695,coco-30k,there is a snowboarder riding down a hill or mountain,3690,291537
3696,coco-30k,A man standing in front of a mirror in a room.,39807,229358
3697,coco-30k,there are many bikes parked outside a pizzeria ,65338,274773
3698,coco-30k,a girl wearing a cowboy hat while holding a dog ,31322,212545
3699,coco-30k,A man that is standing in the grass near animals.,56805,129756
3700,coco-30k,A close up shot of what appears to be an air plane. ,90652,545913
3701,coco-30k,Four air planes are flying in the air leaving fog. ,40056,101270
3702,coco-30k,A person on a motor bike on the street.,92779,171360
3703,coco-30k,A small cat is standing near the computer keyboard. ,24370,283028
3704,coco-30k,Many people are together in the kitchen. ,18964,402233
3705,coco-30k,A fire hydrant and some cars on a street.,6521,376284
3706,coco-30k,there is a large sign that says a street name on it,61425,194555
3707,coco-30k,this living room has a small tv and a lamp next to it,24399,437218
3708,coco-30k,there is a small bathroom that is white and has a toilet,3546,47559
3709,coco-30k,A bathroom with a shower and a sink.,43077,36053
3710,coco-30k,A kitchen with an oven and a dishwasher.,90105,22621
3711,coco-30k,a male and female and she is holding a white umbrella,26230,25668
3712,coco-30k,Streetlights are lighting up the night on a street.,66115,457453
3713,coco-30k,A toilet and a computer monitor on the ground.,27517,193720
3714,coco-30k,A couple of sinks in a large room.,73504,337984
3715,coco-30k,there are people sitting on benches as two woman walk by,21785,467130
3716,coco-30k,A group of people are playing some musical instruments.,93755,104393
3717,coco-30k,A car is carrying several bikes on a bike rack.,15657,314515
3718,coco-30k,this bathroom has a green tub and a toilet chair,96975,50521
3719,coco-30k,A couple of cars and some watermelons on a street..,53232,194184
3720,coco-30k,A girl is taking a selfie while brushing her teeth.,7189,507473
3721,coco-30k,A large blue octopus kite flies above the people having fun at the beach.,15753,106470
3722,coco-30k,there is a man wearing a hat and talking on the phone ,7963,535750
3723,coco-30k,An orange striped tabby cat laying on top of a red vehicle's wheel.,43979,565797
3724,coco-30k,Bikes are being transported in a subway car.,56396,570834
3725,coco-30k,there is a older man sitting and using a lap top,73112,53058
3726,coco-30k,there is a black motorcycle parked outside in the dirt,42727,87998
3727,coco-30k,there is a desk chair sitting by the door of a bathroom,70618,269017
3728,coco-30k,A simple bathroom has various classic decorations around it.,91801,512760
3729,coco-30k,there is a airplane that is being boarded at the airport,52261,547293
3730,coco-30k,Airplane with vapor trails from other aircraft flying above,94084,511713
3731,coco-30k,A laptop computer on a white desk with various office work and two cups beside it. ,70663,203705
3732,coco-30k,there is a police man that is talking to people ,77766,534516
3733,coco-30k,there is a white toilet and tile floors in the bathroom ,18680,524637
3734,coco-30k,there are two giraffes standing very close to each other,10344,432529
3735,coco-30k,A no left turn sign hanging from the side of a wooden pole.,75313,328316
3736,coco-30k,Crowd of people in front of Amtrak train with bench,64911,290959
3737,coco-30k,Adults on motorcycles with car and crowd on street,96888,340778
3738,coco-30k,Toilet with soap and cleaners on tile with white walls,81814,548201
3739,coco-30k,A white toilet and cup in a room.,24567,487583
3740,coco-30k,A couple of white sinks and a mirror in a room.,41868,514982
3741,coco-30k,A white toilet on the ground by some junk.,47143,402330
3742,coco-30k,A woman's reflection of her taking a picture of a sink and toilet.,58467,45099
3743,coco-30k,A small white airplane high up in the sky.,15663,244299
3744,coco-30k,A person on a street next to a motor bike.,61731,97434
3745,coco-30k,A small child standing with a toothbrush in hand.,18189,114790
3746,coco-30k,"A table topped with a book, umbrella and other items.",67815,96001
3747,coco-30k,a beautiful lady with a very nice motor bike,96618,176793
3748,coco-30k,A group of bikers sitting out in front of a store near a street.,17564,465424
3749,coco-30k,a cyclist with a motorbike moving very fast,7603,268725
3750,coco-30k,"This is the view of a kitchen stove, kitchen sink, counter, and cabinets. ",82362,444390
3751,coco-30k,A red train with its doors closed near the platform. ,11596,49646
3752,coco-30k,"A bowl of food with meat in a sauce, broccoli and cucumbers. ",26549,160421
3753,coco-30k,A toilet next to a chain shower stall in a bathroom.,85012,505169
3754,coco-30k,People walking and bicycling in a city street.,82464,356394
3755,coco-30k,A couple of zebra walking next to a giraffe on a lush green field.,13639,364589
3756,coco-30k,A conference room is packed with people sitting at their laptops.,73559,220607
3757,coco-30k,A person is riding a small motorcycle in a parking lot.,38847,290170
3758,coco-30k,A close up view of an orange and other fruit. ,35748,494550
3759,coco-30k,A laptop computer sitting on top of a wooden desk.,26192,271795
3760,coco-30k,A man with a TV in the middle of no where.,55499,502318
3761,coco-30k,Two motorcycles parked beside one another in a garage.,74896,362240
3762,coco-30k,Three giraffes are eating and grooming each other.,98765,18864
3763,coco-30k,"A kitchen with a counter, window, stove and cutlery. ",87053,290768
3764,coco-30k,Two computers sitting on top of a wooden desk.,60803,215002
3765,coco-30k,A luxurious bathtub in front of a window with a red carpet and marble walls,8980,58329
3766,coco-30k,A very cute cat sitting on a toilet.,16464,168543
3767,coco-30k,"The side of an airplane that is parked, and an Air China sign on the side of the plane.",34326,77123
3768,coco-30k,Some people are sitting on a car that's been wrapped in plastic,77505,193875
3769,coco-30k,A very dirty looking rest room with two toilets.,18585,444672
3770,coco-30k,a airplane on a runway with the door open,28235,227940
3771,coco-30k,A busy city street with several double decker buses in traffic ,95203,452700
3772,coco-30k,A bicycle and a motorcycle are parked next to each other at a park.,54688,536833
3773,coco-30k,this bathroom is big and has a jacuzzi tub made of wood,65597,262030
3774,coco-30k,A black plush toy sitting on the lid of a toilet.,70181,376442
3775,coco-30k,motorcycle bikes all parked next to each other lined up down the road . ,49606,436174
3776,coco-30k,"A kitchen with a refrigerator, sink, drawers and cabinets. ",29825,415841
3777,coco-30k,Clocks on a light pole on a city street.,82543,110501
3778,coco-30k,A Yamaha motorcycle parked outside of a building.,84605,293245
3779,coco-30k,a policeman on a motorcycling driving on the road smiling,95811,138503
3780,coco-30k,"This is a small bathroom with a toilet, a shower, and a dirty floor. ",96712,436111
3781,coco-30k,"A bathroom contains a shower, a sink, and a mirror.",64928,323959
3782,coco-30k,A man rides a black motorcycle around a curve.,49612,94319
3783,coco-30k,"a large blue bowl of almonds, bananas and walnuts",66914,175440
3784,coco-30k,a big jumbo jet sits parked next to another plane ,79240,556597
3785,coco-30k,a bell in a tower with a clock underneath,43673,510299
3786,coco-30k,A woman hugs a gray cat to her chest.,13935,475725
3787,coco-30k,a toilet sits next to a bath tub as a bunch of tiles sit piled up ,55340,405296
3788,coco-30k,A large air plane smoking and parked in the snow . ,36964,204650
3789,coco-30k,"An old, dirty, grubby tub, sink and toiled is in a dirty, old room.",836,255928
3790,coco-30k,A mens bathroom with two uneral's and a tv . ,43628,213375
3791,coco-30k,a close up of a motorcycle parked near a building,98007,321557
3792,coco-30k,A man in a wheel chair is walking his dog. ,61892,386165
3793,coco-30k,A young man is sitting on his blue motorcycle. ,38201,128978
3794,coco-30k,A rainbow colored kite next to an airplane in the sky.,26243,418606
3795,coco-30k,A women who is holding a whisk in the kitchen.,97156,481386
3796,coco-30k,A person is standing over a dirty toilet in a bathroom stall. ,45400,154718
3797,coco-30k,Three men are sitting outside on a bench.,23155,554582
3798,coco-30k,"A bathroom with a sink, toilet, and window.",67062,136920
3799,coco-30k,A young woman is lying on a bathroom floor with her legs on the bathtub. ,6011,359136
3800,coco-30k,A bird sitting on the back of a giraffe next to a tree.,16004,393145
3801,coco-30k,A car is parked on a street at night.,44439,511583
3802,coco-30k,A metal pole that is inside of a shower.,88449,500533
3803,coco-30k,Someone is taking a basic shot of the bathroom. ,89465,176275
3804,coco-30k,a white toilet sits next to a dresser ,22153,152759
3805,coco-30k,A refrigerator that has a microwave above it in the kitchen.,13247,409855
3806,coco-30k,A fan that has the light on over a table.,85580,146078
3807,coco-30k,a man sits in a trunk while petting a dog ,15327,20671
3808,coco-30k,A airplane that is flying over a mountain.,4795,408817
3809,coco-30k,A sink and counter in a small kitchen.,8594,356400
3810,coco-30k,Several planes lined up on the tarmac at the airport.,99488,527783
3811,coco-30k,A white refrigerator and a counter in a room.,19184,540502
3812,coco-30k,Two rows of cars parked next to a boat.,25327,111086
3813,coco-30k,a tiled floor with a trash can and a urinal sitting inside of it ,27297,44604
3814,coco-30k,"Bathroom area with towel rack, sink and a mirror.",11689,34137
3815,coco-30k,A white stove top oven sitting next to a refrigerator.,82366,204044
3816,coco-30k,A group of motorcycles parked next to each other.,67446,572095
3817,coco-30k,A girl is dancing in the bathroom to music on her lap top. ,61623,107963
3818,coco-30k,A woman sitting on a motorcycle while talking to a child with a man laying in a hammock behind them.,62283,231379
3819,coco-30k,Vintage bathroom with sink and toilet with toiletries,55956,255665
3820,coco-30k,Man on bike on street corner with buildings and stoplight,16283,482742
3821,coco-30k,a person standing on a side walk underneath a traffic light,76785,446799
3822,coco-30k,A woman that is sitting on a motorcycle in the grass.,77851,18426
3823,coco-30k,People standing on beach with kites and bicycles with cloudy sky,83794,416098
3824,coco-30k,a close up of a toilet and a bath tub with toys,99646,144798
3825,coco-30k,A airplane mirror where clouds can be seen.,71792,361497
3826,coco-30k,"Bathroom with sink, shower, towels, curtain, and more with window",84358,306733
3827,coco-30k,A bell pepper sitting on top of a blue cutting board.,34329,196699
3828,coco-30k,A beautiful painting of a white plane with a blue tail.,68024,271266
3829,coco-30k,White airplane with a band's name on the side. ,64900,438185
3830,coco-30k,A man that is sitting on a motorcycle under a carport.,79647,106810
3831,coco-30k,A little boy that is standing in the dirt next to a basket.,2368,22816
3832,coco-30k,A basic kitchen with wooden cabinets and a bowl of fruit. ,7585,467314
3833,coco-30k,A glass of drink and a plate of food on a table.,26883,381031
3834,coco-30k,A airplane that is sitting on a runway terminal.,71014,329573
3835,coco-30k,a teacup on a saucer with a little biscuit next to it ,19408,384788
3836,coco-30k,A man riding a bike down a street next to a giant panting.,9990,504452
3837,coco-30k,A group of school supplies and various electronics including a laptop computer all laid out in a display.,84145,136458
3838,coco-30k,A child holding a flowered umbrella and petting a yak.,16132,184613
3839,coco-30k,a grey colored jet plane flying over a snowy mountain range.,27126,424776
3840,coco-30k,a parking area for motorcycles and bicycles along a street,74309,122302
3841,coco-30k,A woman is enjoying a sip of wine while cooking dinner.,41706,14629
3842,coco-30k,A desk that has a laptop computer on it.,59438,359128
3843,coco-30k,A bus passes several people riding their bicycles.,55922,326168
3844,coco-30k,a white and red plane parked on a tarmac,71127,384350
3845,coco-30k,a pointed clock tower of an investment building,57687,445537
3846,coco-30k,A small bathroom has a sink and a storage rack over the toilet.,17264,569917
3847,coco-30k,A room that has two televisions in it.,6913,166521
3848,coco-30k,A very clean and tidy bathroom sits empty. ,6809,170365
3849,coco-30k,A bath tub sitting next to a white sink.,13320,366867
3850,coco-30k,People riding down the street on their bikes. ,42139,57323
3851,coco-30k,A dog wearing sunglasses sitting inside a car. ,9137,569729
3852,coco-30k,A man on a bench staring down at something in his hands.,36143,558635
3853,coco-30k,A teddy bear is seen looking out the window.,75355,274657
3854,coco-30k,A kitchen full of stainless steel cookware. ,23259,18918
3855,coco-30k,A couple of women standing next to a couple of soldiers.,27112,566824
3856,coco-30k,Two tail ends of American Airlines airplanes at an airport. ,8169,439657
3857,coco-30k,A blue airplane flies in a clear blue sky.,13773,280360
3858,coco-30k,"a plate with bacon, eggs and hamburger topped with bananas",54735,468925
3859,coco-30k,A classic clock sits on a wooden table. ,38296,318910
3860,coco-30k,A parking meter lies askew on a street.,17782,258674
3861,coco-30k, a sink and a bathtub and shower with a mirror above the sink,16908,464176
3862,coco-30k,An airplane flies high above in the sky with telephone lines in the picture as well. ,24232,101787
3863,coco-30k,A bathroom with a small toilet and a brown lid and a larger white toilet. ,70946,480553
3864,coco-30k,A rusty side car of a train that has been vandalized with artwork.,87059,318524
3865,coco-30k,A series of pictures using found objects to spell out the word love.,20491,456223
3866,coco-30k,A youth wearing a yellow hat is rowing a boat down the stream.,2208,450711
3867,coco-30k,A couple of men standing around and riding bikes.,84582,320246
3868,coco-30k,a lady sitting on a concrete picnic table,45397,451345
3869,coco-30k,Several men sitting in front of a large wall. ,26946,174145
3870,coco-30k,A blue pot of tomato sauce with a wooden ladle.,27657,356347
3871,coco-30k,A white toilet sitting under a window near a sink.,18239,223122
3872,coco-30k,A wooden ball on top of a wooden stick.,71948,386164
3873,coco-30k,A wooden bench sitting in front of a white building.,74950,90501
3874,coco-30k,A motorcycle parked on top of a tiled floor.,14299,444926
3875,coco-30k,A roof with a white air conditioner on top of it.,73872,484695
3876,coco-30k,A red four door car pulling into a parking space with a meter.,54216,142129
3877,coco-30k,Two girls in a library seated at a table cutting large brown paper.,6508,211690
3878,coco-30k,A teddy bear sitting on top of an arch.,89198,167095
3879,coco-30k,A train traveling down train tracks near a city.,54626,23879
3880,coco-30k,A blue truck with a large poster on it's side.,45125,274528
3881,coco-30k,One of the oldest buildings in this town.,22365,515565
3882,coco-30k,A TV with a man and a woman on it's display.,88079,187249
3883,coco-30k,A row of parked motorcycles sitting along side of a street.,92178,185373
3884,coco-30k,A couple of motorcycles parked next to each other.,60680,136572
3885,coco-30k,A room filled with furniture and curtains on top of carpet.,23149,10115
3886,coco-30k,A white toilet filled with urine next to a white wall.,11429,265628
3887,coco-30k,A giraffe standing inside of a cage near a building.,98130,310611
3888,coco-30k,A glass bowl filled with different kinds of fruits.,75992,484651
3889,coco-30k,A man riding on the back of a horse near a plane.,2267,44823
3890,coco-30k,A highway filled with lots of traffic next to buildings.,67708,242673
3891,coco-30k,A bathroom with his and her sinks and mirrors.,19664,204804
3892,coco-30k,A cat sitting on top of a white toilet in a bathroom.,86448,216664
3893,coco-30k,Two people are riding motor scooters in a parking lot.,16364,454642
3894,coco-30k,A small kitchen featuring an under the counter washing machine.,52868,215691
3895,coco-30k,a man wearing a helmet sits on a motorcycle,28964,457254
3896,coco-30k, Quaint kitchen with a wooden dining table ,45152,203661
3897,coco-30k,A bathroom with a tub and toilet. ,58548,394009
3898,coco-30k,A small cat sits perched on the back of a toilet.,25700,568690
3899,coco-30k,A bike sitting next to a cup filled with coffee.,78994,158708
3900,coco-30k,A wet road with lots of cars driving over it.,1404,257407
3901,coco-30k,A big commercial plane flying in cloudy skies.,93670,524186
3902,coco-30k,A white toilet sitting next to a white bath tub.,42762,327323
3903,coco-30k,A kitchen with a clean sink and counter.,37409,517018
3904,coco-30k,A man and a woman standing in front of a mirror.,57506,164602
3905,coco-30k,A view from the window of a plane in the sky.,20089,499402
3906,coco-30k,A woman under an umbrella on a rainy day ,13898,294403
3907,coco-30k,A cat drinking from a white bowl of water.,26711,91334
3908,coco-30k,"A bathroom showing sink, toilet, and shower ",72214,299077
3909,coco-30k,A small bathroom is decorated in pretty colors.,89041,325078
3910,coco-30k,Cars parked and driving in front of a school.,20292,98493
3911,coco-30k,"A kitchen with an oven, stove , sink, microwave and refrigerator.",78470,50753
3912,coco-30k,The image of a man holding a camera is in this motorcycle side mirror. ,39409,284698
3913,coco-30k,"A bathroom showing sink, toilet and shower ",20385,475566
3914,coco-30k,Modern espresso machine on counter in residential kitchen.,55282,421875
3915,coco-30k,A very nice looking scooter and some bikes parked by the road.,59148,370596
3916,coco-30k,Large adult cat lying in white sink in residential bathroom.,7670,486501
3917,coco-30k,Commode near white shower curtain in residential bathroom setting.,10020,264554
3918,coco-30k,Two skiiers kneeling in the snow by an orange flag.,96210,427118
3919,coco-30k,A bicycle leaning up against a tree in a park.,86350,519838
3920,coco-30k,Two women sitting outside hanging out and smoking cigarettes.,60774,479126
3921,coco-30k,A pair of racing motorcycles coming to a start line.,88384,450674
3922,coco-30k,"Sparse narrow kitchen, used, but neat, all in white.",29685,526364
3923,coco-30k,A black and a white woman standing under an umbrella,52251,482590
3924,coco-30k,A toilet and two rolls of toilet paper in a small room with ledge and window.,94373,12323
3925,coco-30k,Several cars driving towards a public market. ,53655,495993
3926,coco-30k,A bicycle that is resting upon the wall of a building.,15727,242287
3927,coco-30k,A young man is skateboarding on a low wall.,49906,325343
3928,coco-30k,A plethora of toilet bowls and urinals all in a row.,94393,336937
3929,coco-30k,A woman in white jacket on skateboard in a building.,14225,571012
3930,coco-30k,A large cathedral with a clock towards the top of it.,22079,564123
3931,coco-30k,a glass building with a plane coming out of it ,65473,541223
3932,coco-30k,A room with an older model television in it.,52553,52132
3933,coco-30k,A remote controller hitting a signal on a television.,83124,58254
3934,coco-30k,A distant view from high up in the sky in a window.,52899,528069
3935,coco-30k,A very cute cat laying by a big bike.,4515,458119
3936,coco-30k,Two toilets are in a restroom with a vanity with dual sinks.,45049,108548
3937,coco-30k,a close up of a pot with a cell phone ,68528,29430
3938,coco-30k,A very dingy and grime bathroom that's in someone's house. ,27781,352422
3939,coco-30k,"This kitchen features dark colored cabinets, nice counter tops, and pendant lights.",90782,107516
3940,coco-30k,Rows of gray and black keyboards make up several different pictures.,72536,40109
3941,coco-30k,an old car in front of an old air plane,54180,493286
3942,coco-30k,Men on bikes riding alongside a car on the street,8738,169996
3943,coco-30k,A row of red and white umbrellas stand above tables in an outdoor eating area.,98656,389255
3944,coco-30k,A man standing in a kitchen next to a woman.,87584,207969
3945,coco-30k,A sidewalk filled with lots of pedestrian traffic near a traffic light.,31547,223874
3946,coco-30k,A street scene in the evening with a lone car and traffic light showing red.,91286,213475
3947,coco-30k,a close up of a toilet in a bath room,39156,294763
3948,coco-30k,A group of men standing near parked motorcycles,18936,353148
3949,coco-30k,A military jet with a bomb on the runway.,17989,140501
3950,coco-30k,People fly kites and try other activities in a park.,23206,220511
3951,coco-30k,A parking sign hanging from the side of a building.,13294,459342
3952,coco-30k,A woman standing next to a red scooter near a shelf.,46150,283216
3953,coco-30k,A commercial airplane at the gate being serviced,17498,357899
3954,coco-30k,A man taking a selfie in a mirror,16788,441196
3955,coco-30k,A large jetliner sitting on top of an airport tarmac.,92016,78580
3956,coco-30k,A man preparing food in a restaurant kitchen. ,40812,125707
3957,coco-30k,a person riding on a horse drawn carriage,30859,20779
3958,coco-30k,A siamese cat laying on top of a white sink.,69471,76588
3959,coco-30k,A large jetliner with a man sitting inside of a compartment.,72695,514321
3960,coco-30k,A statue of the virgin Mary holding an orb of light.,29946,484760
3961,coco-30k,A small and near bathroom that's inside someone's house.,60501,34760
3962,coco-30k,A very tall building with a large tower and a clock on it's side.,38443,429174
3963,coco-30k,A motorcycle parked in a parking next next to a car.,78681,371005
3964,coco-30k,A white toilet sitting in a bathroom next to a wall.,33914,163258
3965,coco-30k,A man wearing goggles and a helmet driving on a motorcycle.,24580,544272
3966,coco-30k,Many people are driving motorcycles through an intersection.,59617,226417
3967,coco-30k,A full view of a teddy bear sitting on the small chair. ,46513,296859
3968,coco-30k,A black and white cat laying on top of a desk.,59290,92173
3969,coco-30k,A white toilet sitting next to a walk in shower.,30465,239959
3970,coco-30k,A statue sitting on top of an old stone hill.,60514,84567
3971,coco-30k,Some cars are traveling on the streets on a cloudy day. ,309,12238
3972,coco-30k,Two guys are riding a motorcycle down the street.,5336,249301
3973,coco-30k,A bath tub sitting next to a white toilet.,91482,381792
3974,coco-30k,A black and white of a small bathroom.,77272,436848
3975,coco-30k,A wooden table topped with a  banana and a muffin.,5929,272694
3976,coco-30k,a room with a computer monitor and a black cat on a chair,85997,315790
3977,coco-30k,A very tall building has a clock on the front of it.,3735,305472
3978,coco-30k,A couple of kitten drinking water from a bowl.,80065,574241
3979,coco-30k,A young man holding a skateboard while wearing head phones.,72989,434689
3980,coco-30k,"A white sink with a duck, booth paste and necklace on top of it.",52704,575978
3981,coco-30k,A woman standing in front of a table with lots of salad.,64983,163518
3982,coco-30k,"A plate with chicken,carrots and mashed potatoes with silverware.",50251,98054
3983,coco-30k,A man riding on the back of a motorcycle with a boy on it's side car.,62488,282145
3984,coco-30k,a urinal with tiled wall and two pictures of clowns smiling,26820,343506
3985,coco-30k,a green motorcycle parked and resting next to another vehicle inside a parking lot,18483,225731
3986,coco-30k,"A kitchen with a stove, sink, table, chairs and couches.",50866,472046
3987,coco-30k,"A white motorcycle is next to a store front that says ""Macau welcomes you"".",54519,107105
3988,coco-30k,An orange cat laying on the seat of a motorcycle,44353,546264
3989,coco-30k,a room showing a toilet and a bathtub,35148,435005
3990,coco-30k,people with their head covered on a motorbike,29362,377809
3991,coco-30k,a orange colored cat peering down on some unknown object,71966,342817
3992,coco-30k,A stove top oven sitting next to a tiled wall.,1447,97240
3993,coco-30k,A group of motor scooters parked in front of a building.,27442,386514
3994,coco-30k,A man looking down with a backpack on in a house.,33585,463836
3995,coco-30k,"On a small stage, a stylish motorcycle sits on display.",5641,24396
3996,coco-30k,A pile of toilet paper sitting on top of a toilet.,47180,214042
3997,coco-30k,A man in a red shirt standing next to an airplane.,77946,109231
3998,coco-30k,THERE IS A TOILET THAT IS DECORATED ,84800,65270
3999,coco-30k,A giraffe standing near trees most with green leaves and one dead. ,9174,531044
4000,coco-30k,Two men riding motorcycles down a curvy road.,46549,204906
4001,coco-30k,A man flying through the air while riding a bike.,51844,190756
4002,coco-30k,A green bench sitting on the side of a sidewalk.,39534,237984
4003,coco-30k,A very large get liner flying in the sky.,65535,386585
4004,coco-30k,A bathroom with four urinals and a drain on the floor. ,84889,564657
4005,coco-30k,A man walking down a street holding an umbrella.,81440,184703
4006,coco-30k,A white toilet sitting on top of a bathroom floor.,64337,45016
4007,coco-30k,A lot of motorcycles parked next to each other.,4635,207179
4008,coco-30k,A kitchen with wooden walls and cabinets with lighting.,31007,161506
4009,coco-30k,A person adjusting a  metal object hanging from a ceiling.,25956,465129
4010,coco-30k,A woman taking a selfie while brushing her teeth with a tooth brush.,39795,548223
4011,coco-30k,A white refrigerator freezer sitting inside of a kitchen.,32792,490711
4012,coco-30k,THERE IS AN ADULT CAT THAT IS LYING DOWN IN THE SINK ,38732,219492
4013,coco-30k,A woman bending over and looking inside of a mini fridge.,52688,423123
4014,coco-30k,there are many bike riders racing in a street race,53249,343561
4015,coco-30k,a bus traveling down the street next to  tree lined sidewalk,13688,259049
4016,coco-30k,A kitchen with a center white island topped with a bowl of greens.,41898,565776
4017,coco-30k,A book about understanding and maintaining a ten-speed bicycle.,25906,251140
4018,coco-30k,THERE ARE MOTOR BIKES THAT ARE PARKED ON THE STREET,4287,235595
4019,coco-30k,There are several people riding mopeds and motorcycles traveling down the street.,82093,375823
4020,coco-30k,A lady on a very pretty decorated bike with a cute dog.,83105,392659
4021,coco-30k,THERE ARE TWO COWS THAT ARE WALKING IN THE GRASS,92731,173401
4022,coco-30k,Many people are sitting on two benches next to a light pole.,852,301135
4023,coco-30k,A passenger bus is riding down a highway. ,91027,363927
4024,coco-30k,two people riding bicycles next to each other in a parking lot ,37455,557923
4025,coco-30k,A motorcycle parked next to each other near people..,44140,539075
4026,coco-30k,A city street with stores across the street and a bicycle parked on the side of the street with a dog sitting in the front basket.,81249,400728
4027,coco-30k,A light blue bicycle chained to a pole on the sidewalk in front of a red building.,88748,426166
4028,coco-30k,a double sink with a bowl of food on the sink counter top,55235,512476
4029,coco-30k,"A bathroom with white painted walls and white fixtures, including a toilet with the seat raised up.",224,144809
4030,coco-30k,A parade on a street with several officers on motorcycles riding while confetti falls from the sky on them.,16380,41128
4031,coco-30k,a group of motorcycles next to each other in front of an advertisement,72360,355040
4032,coco-30k,a kitchen with a nasty dirty kitchen with a light beam through the window,4026,61316
4033,coco-30k,A small plan is parked half on a cement area and half in a field while the ground is wet.,48738,128644
4034,coco-30k,This bathroom has a toilet that sits back in a small niche and a shower with sliding glass doors.,85592,445812
4035,coco-30k,A place mat is displaying an ornate glass along with a bottle of liquor.,63152,17409
4036,coco-30k,A bright white enamel bathroom with a checked floor.,32097,512495
4037,coco-30k,A bathroom that has a broken wall in the shower.,47145,403385
4038,coco-30k,A full view of a dirty bathroom with no toilet available. ,93765,2495
4039,coco-30k,A black stove top oven sitting in a kitchen.,72656,241645
4040,coco-30k,a couple of cats sit in front of a tub full of water ,45289,194594
4041,coco-30k,A man wearing a green shirt on top of a tennis court.,42528,315705
4042,coco-30k,A display in a doughnut shop filled with doughnuts.,81018,318523
4043,coco-30k,A white stove top oven sitting inside of a kitchen.,61918,212646
4044,coco-30k,a bathroom with a tub and a shower curtain ,11308,292005
4045,coco-30k,a person taking a photo in a bath room mirror,94951,314177
4046,coco-30k,A white kitten standing in front of a water bowl.,15406,248381
4047,coco-30k,a small dog and a big dog both on leashes,31303,518262
4048,coco-30k,A laptop that is sitting on a table.,96205,37367
4049,coco-30k,A man riding a bike past a white delivery truck.,26543,353748
4050,coco-30k,a person in a kitchen with a stove some pots and pans,42443,455597
4051,coco-30k,A white bus parked in front of a  building.,89313,287186
4052,coco-30k,A motorcycle with a trailer parked in a spot,71059,11887
4053,coco-30k,An elephant walking across a lush grass covered field.,67744,143221
4054,coco-30k,a kitchen with an electonic device above the sink ,57284,288161
4055,coco-30k,A clean kitchen with a wall that has a blackboard,31290,316342
4056,coco-30k,A small blue plane sitting on top of a field.,16112,561100
4057,coco-30k,A small jet plane getting ready to be fueled at the airport.,65824,495311
4058,coco-30k,A group of jets flying overhead in tight formation.,90199,91236
4059,coco-30k,a man on a motorcycle driving down a track ,11012,76257
4060,coco-30k,Three horse drawn carriages in front of a huge house with a clock on it. ,25533,17741
4061,coco-30k,A man flying a fan plane neck to flock of ducks.,81854,328661
4062,coco-30k,a toilet on the ground outdoors in front of a house,12422,32907
4063,coco-30k,A fleet of red and blue planes with a Canadien logo.,45585,553072
4064,coco-30k,a desk with a monitor and keyboard and mouse,34696,91617
4065,coco-30k,A car parked on a lush green field.,35953,21452
4066,coco-30k,A room with lots of seats next to an entrance.,80896,232931
4067,coco-30k,a bathroom counter with two sinks on it ,80913,449945
4068,coco-30k,A bathroom with a marble counter top under a  mirror.,85045,272673
4069,coco-30k,A motorcycle parked next to a  car in a  parking lot.,92013,37181
4070,coco-30k,A red bathroom mirror sitting next to a white toilet.,10253,287829
4071,coco-30k,A cat that is by a bicycle wheel.,39128,94536
4072,coco-30k,A room filled with a row of brown toilets,43656,372894
4073,coco-30k,people walking around a tamale truck and a building ,30446,259640
4074,coco-30k,A large jetliner flying under a cloud filled sky.,60441,283495
4075,coco-30k,a man sitting on a red and black motorcycle,91171,147386
4076,coco-30k,A blurry picture of someone on a bike.,50325,432421
4077,coco-30k,A person with a moped is waiting for the rain to stop.,8292,258021
4078,coco-30k,Three people are sitting on a bench in front of a train.,94611,101913
4079,coco-30k,A herd of sheep grazing in a pasture.,90072,485390
4080,coco-30k,a gathering outside on the lawn of city hall,75092,507037
4081,coco-30k,"A sink, soap, toilet and a mirror ",2261,192554
4082,coco-30k,A boy sitting on top of a truck with a bunch of goats. ,65104,341017
4083,coco-30k,A white toilet sitting next to a sink near a red wall.,92793,364783
4084,coco-30k,A person's feet are shown in front of a small tv.,8682,513073
4085,coco-30k,A side view mirror hanging off the side of a door.,40278,512796
4086,coco-30k,A laptop computer is propped up on a cluttered desk.,51510,449708
4087,coco-30k,A man in a red shirt touches a faucet in a rustic building.,74855,544522
4088,coco-30k,Three people standing around a brown horse with a white stripe on his face. ,14675,562232
4089,coco-30k,a bedroom with a cluttered desk and a messy bed ,11663,189997
4090,coco-30k,The wing of a plane located in the sky above a sea and city.,47676,287559
4091,coco-30k,a kitchen with white counter tops and cabinets.,44525,389624
4092,coco-30k,A wall mounted oven inside of a kitchen with a large entrance.,17846,538231
4093,coco-30k,A wooden park bench siting next to a  park.,63645,75095
4094,coco-30k,a toilet seat in a bathroom with the lid down.,52370,425035
4095,coco-30k,a man taking a nap on the bench in the middle of a park,20806,414578
4096,coco-30k,A woman putting items into a brown paper bag.,29928,512166
4097,coco-30k,A room with two desk covered in computer equipment.,38680,6608
4098,coco-30k,A group of people standing around a kitchen preparing food.,58865,441522
4099,coco-30k,A cluttered bathroom with a toilet and sink.,49645,171413
4100,coco-30k,A couple of people standing next to a food cart filled with smoke.,39447,203345
4101,coco-30k,A white toilet sitting next to a white sink.,85874,577564
4102,coco-30k,A bowl of oranges sitting on top of a wooden table.,94859,233311
4103,coco-30k,A street filled with lots of traffic next to white homes.,15026,354724
4104,coco-30k,a room showing a toilet and a sink,52599,206958
4105,coco-30k,A counter filled with lots of clutter in a  kitchen.,50752,262093
4106,coco-30k,a living room with a tv on top of a stand with a guitars sitting next to ,88326,544365
4107,coco-30k,A kitchen table is lined with cooking materials. ,74427,87567
4108,coco-30k,Many plates and dishes line a kitchen cabinet. ,58864,390671
4109,coco-30k,A large jet sitting on top of an airport tarmac.,97912,38929
4110,coco-30k,Several adults engaged in arts and crafts with children.,96538,67765
4111,coco-30k,A bike with tanks on it sitting next to cars.,68601,86135
4112,coco-30k,A very large bridge spanning over the width of a river.,57263,411184
4113,coco-30k,Puppy chewing on toilet paper in the bathroom. ,81484,61471
4114,coco-30k,A group of three bath tubs sitting next to each other.,25361,12551
4115,coco-30k,A train sitting next to a platform in a tunnel.,82452,92115
4116,coco-30k,A man riding a motorcycle down a street next to a train car.,41611,450182
4117,coco-30k,A sink with a tooth brush and some other items.,2746,482432
4118,coco-30k,A large jetliner flying through a blue sky with two engines.,74955,298440
4119,coco-30k,A hall way with family photos on the wall leading to a kitchen and dining area with wood floors.,23749,193021
4120,coco-30k,A large amount of motorcycles are parked by a sidewalk.,30868,345507
4121,coco-30k,"A bathroom containing a toilet, sink and bathtub with shower, with no accessories.",79241,308466
4122,coco-30k,A motor cycle rider riding on a street with bikes parked on either sides,11624,518850
4123,coco-30k,"A plain, white bathroom with a sink and a tub.",85521,289992
4124,coco-30k,A small plane that can land and take off from water.,83901,162257
4125,coco-30k,A toilet with the seat open sitting in a bathroom. ,34621,388528
4126,coco-30k,A motorcycle parked on the side of the road. ,17601,514913
4127,coco-30k,A man taking his picture in the reflection of a microwave.,21804,85390
4128,coco-30k,mopeds parked in a parking garage with a green floor.,17706,59532
4129,coco-30k,A motorcycle sits in a graveled area with a steep hill in the background.,90535,71239
4130,coco-30k,A busy street with lots of car traffic.,30472,97857
4131,coco-30k,A large group of people crammed into and on top of a truck.,48931,493610
4132,coco-30k,Decorated elephant statue near many bicycles in racks.,92003,241466
4133,coco-30k,A kitchen with many pots and pans hanging on the wall ,38010,28506
4134,coco-30k,"A kitchen is displayed, showing wooden cabinets and a blue tiled counter top.",46521,394659
4135,coco-30k,A bicycle chained to a pole in the city ,85924,478858
4136,coco-30k,"An old toilet in a bathroom with extended plumbing
",55512,272416
4137,coco-30k,A person bending over by the side of a parked car.,77877,428754
4138,coco-30k,"A bathroom with a toilet, window and tape on the floor.",50694,336113
4139,coco-30k,A man on a bike looking at a line of semi-trucks in the street. ,31217,32760
4140,coco-30k,The small kitchen has a black counter and wooden cabinets.,20574,369594
4141,coco-30k,"This white bowl has rice, broccoli, and fish in it.",11740,530741
4142,coco-30k,This bathroom features a marble top vanity with double sinks.,98200,275279
4143,coco-30k,This toilet has a lot of wadded up tissue paper in it.,4382,354098
4144,coco-30k,A person with a backpack riding a snowboard down a mountain side.,43763,578813
4145,coco-30k,The small bathroom has an old bathtub in it.,18714,315948
4146,coco-30k,A shop that has many bikes of all kinds. ,96341,435745
4147,coco-30k,the bike is coming down the street with his lights on,62841,28675
4148,coco-30k,the Bike is parked next to a fence,48495,189772
4149,coco-30k,a girl is riding her bike down the street,84488,495183
4150,coco-30k,the man is sitting with a salad in front of him and smiling. ,53567,190115
4151,coco-30k,the wall is green and there is a pot on the stove,51093,95569
4152,coco-30k,a plane is parked on a asphalt ready to fly,93334,567053
4153,coco-30k,a room filled desks and computers a man and woman sitting listening and anther man with a camera,65870,189376
4154,coco-30k,A woman is unloading a bag in a large kitchen.,70249,246106
4155,coco-30k,The cat is sitting beneath a motor bike.,72305,340004
4156,coco-30k,The bench on the side of the street is empty. ,74251,163585
4157,coco-30k,A large bathroom has white walls and cabinets and blue wall tiles and countertops.,78881,175310
4158,coco-30k,A bedroom with built in television and open fireplace,89268,41872
4159,coco-30k,A woman in pajamas using her laptop on the stove top in the kitchen,85043,209468
4160,coco-30k,A bus stop and bench  on a street corner.,3946,192529
4161,coco-30k,A blue cake with yellow stars around it.,11011,257053
4162,coco-30k,A woman taking a sip of a beer by people with laptops.,62157,475043
4163,coco-30k,a chicken meal with carrots broccoli and rice,87343,3845
4164,coco-30k,Man taking a photograph of a black and silver motorcycle. ,97437,159233
4165,coco-30k,a man riding a red bicycle watching a bird in the water,97844,19608
4166,coco-30k,The big dog is laid out in the hallway,63112,178939
4167,coco-30k,a big empty kitchen with only a refrigerator stove and a sink,11194,531499
4168,coco-30k,a dog rests in a basket on a bike ,94585,278550
4169,coco-30k,A dog is chasing after three running sheep.,70048,432038
4170,coco-30k,The shelves above the cabinet have porcelain dishes on them.,73839,78313
4171,coco-30k,An airplane in the water a short distance from a rocky shore.,96815,231582
4172,coco-30k,A couple of animals that are near the rocks.,39329,245750
4173,coco-30k,a dog walking beside a man carrying a surf board,40432,272153
4174,coco-30k,A motorcycle sits parked across from a herd of livestock.,5672,354533
4175,coco-30k,"A toilet, sink, mirror, and tub in a bathroom.",4921,337969
4176,coco-30k,A wagon with a pink umbrella sitting in front of a store.,40796,301724
4177,coco-30k,A motorcycle is parked amongst the cars at a store.,80363,406647
4178,coco-30k,A crowd of people standing outside of a hotel on snow covered ground.,60154,373988
4179,coco-30k,A large mirror above a sink in a bathroom.,90585,134715
4180,coco-30k,There's a kitchen with toaster sitting on the counter between the oven and stove,67119,427239
4181,coco-30k,An old man smiling while sitting on a bench.,34805,352761
4182,coco-30k,a room showing a toilet and a sink,7340,281019
4183,coco-30k,a car moving on the street an ad bike parked outside,35729,89999
4184,coco-30k,"The bathroom has a sink, toilet, and glass shower.",86094,70434
4185,coco-30k,a man walking with an umbrella in the sunshine,25588,310071
4186,coco-30k,Street sign painted on a road that looks like a bicycle. ,4118,295809
4187,coco-30k,A clean sink is in the middle of the counter.  ,79689,370697
4188,coco-30k,A view of a kitchen from behind a dining table.,27655,350623
4189,coco-30k,A broken bathroom with a white sink and toilet.,77486,47632
4190,coco-30k,An old man sitting down playing an accordion next to parked bikes. ,90551,565374
4191,coco-30k,A walk in a shower sitting next to a sink under a mirror.,97510,61782
4192,coco-30k,A black cat is sitting on the bench and turning back its head. ,83469,569249
4193,coco-30k,Two big giraffes walking in a grassy area with a baby giraffe. ,37270,110683
4194,coco-30k,A row of wall mounted urinals under aquariums.,58999,418226
4195,coco-30k,a very tall building with a city clock on it,1565,133195
4196,coco-30k,a toilet sitting in a tile covered floor in a single room,95056,411943
4197,coco-30k,"A yellow bench by a mosaic brick road with an adult standing and bending over a bicycle, with cars, a tree and a building in background.",64792,386279
4198,coco-30k,A white sink under a mirror in a bathroom next to a light switch.,8864,541493
4199,coco-30k,A passenger jet in flight in a clear blue sky. ,84994,294247
4200,coco-30k,A man holding a microphone while sitting down.,84365,196742
4201,coco-30k,A plate topped with a cut in half sandwich and a bowl of soup,98413,460507
4202,coco-30k,A man standing on top of an orange boat on a river.,86856,400803
4203,coco-30k,A cat standing on the edge of a sink drink water.,27050,47121
4204,coco-30k,A man riding on the back of a green motorcycle.,62477,43613
4205,coco-30k,A bathroom with a white toilet sitting under a window.,89647,92051
4206,coco-30k,A bike parked on top of a cement floor.,54773,162763
4207,coco-30k,a man in the kitchen trying to draw water with a  pipe,74429,64474
4208,coco-30k, many tables arranged outside at the shop,16610,288769
4209,coco-30k,A middle aged man takes a selfie in a mirror.,40647,237118
4210,coco-30k,A giraffe standing on top of a dirt field near trees.,68964,421822
4211,coco-30k,Giraffes and zebras graze in a field with trees. ,20646,518605
4212,coco-30k,A couple of women standing in the back of a car with an open trunk.,41710,317410
4213,coco-30k,A person hiking up the side of a snow covered hillside.,40263,251901
4214,coco-30k,A white toilet sitting under a bathroom sink.,43094,386786
4215,coco-30k,"A bathroom depicting a vanity, window and a toilet.",60894,304389
4216,coco-30k,Two plane flying over a sea and island,86404,147418
4217,coco-30k,A dog  seated on a car parked near the road,82598,458424
4218,coco-30k,A number of benches at the beach and a boat in the sea,31080,375440
4219,coco-30k,A large plane with people alighting at the airport,57450,409119
4220,coco-30k,A man scowling while looking in a refrigerator ,7304,181446
4221,coco-30k,A toilet and bathtub in a dark room with abnormal plumbing.,81537,23666
4222,coco-30k,Three British Airways jets lined up at a terminal.,22386,224802
4223,coco-30k,a large elephant that is standing up eating,66332,129587
4224,coco-30k,A man throwing a frisbee in a park ,48605,203669
4225,coco-30k,A van has an open back door on the sidewalk.,16729,254540
4226,coco-30k,A painting of a zebra on a concrete wall.,91018,65604
4227,coco-30k,"A toilet that is covered in some filth, and some filth on the ground.",34658,575817
4228,coco-30k,A blue motorcycle parked on the side of a road.,12773,85913
4229,coco-30k,A group of skateboarders on top of a ramp.,18528,216863
4230,coco-30k,A bathroom door is opened by a toilet.,13071,392928
4231,coco-30k,A glass of Orange juice next to a juicer,96185,511111
4232,coco-30k,a woman poses in front of a giant pizza,7162,458992
4233,coco-30k,A woman with a bat hitting televisions that say Comcast Doesnt Care.,66215,183620
4234,coco-30k,a small motor bike outside of the garage,34804,7386
4235,coco-30k,a woman is standing in a room taking a picture of herslf,89631,141197
4236,coco-30k,a large silver plane is put on display at a museum,17496,218853
4237,coco-30k,A very nice looking rest room with a nice tub.,13559,109826
4238,coco-30k,A man in a black shirt holding a dog with its hand in the air.,69334,346965
4239,coco-30k,a man on a skate board jumps over a motor bike,73033,268539
4240,coco-30k,A group of zebras next to each other with two giraffes in the distance.,745,239194
4241,coco-30k,A motorcycle with long rails hanging from it.,88910,257270
4242,coco-30k,A couple of older folks standing in a kitchen.,64047,353510
4243,coco-30k,A cheese pizza sitting on top of white paper and a large plate. ,835,532129
4244,coco-30k,A metal sink with a cupboard of knives sitting on it. ,87881,19484
4245,coco-30k,A plane is flying through a clear sky,32141,116255
4246,coco-30k,"A photograph is against a wall near a door, a plant, and a clock.",97599,148614
4247,coco-30k,A big bathroom with a couch a bathtub in the middle of the room. ,51390,363830
4248,coco-30k,A very clean kitchen has stainless steel appliances.,42107,91615
4249,coco-30k,There is a small lamb poses on the bike.,94439,555687
4250,coco-30k,An old lady smiling in a pink kitchen.,69865,90255
4251,coco-30k,A man wearing a suit and tie and carrying something walkling down the street.,57935,418535
4252,coco-30k,A room with a desktop computer and a picture of a mummy. ,9178,457078
4253,coco-30k,An airplane flying through the air on a clear day.,82651,295765
4254,coco-30k,A computer desk with a desktop and laptop computer. ,51910,399164
4255,coco-30k,a large plane is coming in to land near a big balloon man,99810,78537
4256,coco-30k,A bathroom is shown with white decor and brown cabinets.,16082,380854
4257,coco-30k,A toilet and container in a small room.,62234,365866
4258,coco-30k,A airplane moving on the run way of a air port. ,7589,36196
4259,coco-30k,A newly married couple eating cake with each other.,11351,370207
4260,coco-30k,A man is looking at his laptop screen reading live posts.,26389,118544
4261,coco-30k,A long marble sink in a public restroom,983,137763
4262,coco-30k,The man is walking down the street with no shirt on.,24190,408449
4263,coco-30k,A brick and stone gothic-style tower with church steeple rises behind a modern glass building.,13546,312951
4264,coco-30k,You can see a blue towel hanging in the mirror.,42154,573924
4265,coco-30k,A group of people riding on bikes down a street.,13648,321886
4266,coco-30k,A bathroom stall that is made of wood.,55014,483348
4267,coco-30k,Lots of sheep graze on a grass field.,14956,2164
4268,coco-30k,"A bathroom that has a sink, toilet and mirror.",69779,254750
4269,coco-30k,A bunch of toilets sit on display with green tags.,73810,331753
4270,coco-30k,A bench that is sitting on a cobblestone sidewalk.,67978,366831
4271,coco-30k,A bathroom sink sitting under a large mirror.,83089,107340
4272,coco-30k,a street sign with a stop sign below it ,40121,510230
4273,coco-30k,A room with an empty and open refrigerator and a shelf of bottles.,9724,506310
4274,coco-30k,A toilet and bidet have toilet paper stacked between them.,79874,385962
4275,coco-30k,A white bath tub sitting next to a sink in a bathroom.,13057,240175
4276,coco-30k,A toilet sitting next to a white sink under a mirror.,78167,182450
4277,coco-30k,A woman standing in front of a bathroom mirror.,32027,303413
4278,coco-30k,A city street with a traffic light and street signs in front of a stone building.,97767,315491
4279,coco-30k,A woman is seen in the mirror drying her hair.,30371,117759
4280,coco-30k,about twenty people riding bicycles through a town area,58206,349689
4281,coco-30k,A jetliner sitting on top of an airport tarmac.,26940,416271
4282,coco-30k,A bicycle sitting beside a black door and steps.,92335,20307
4283,coco-30k,A white toilet and a sink in a room.,64105,326781
4284,coco-30k,a woman walking down the road while holding onto some bags and  an umbrella ,77068,258382
4285,coco-30k,a dog laying down licking food off of a plate,34258,267300
4286,coco-30k,The bathroom is in the middle of a renovation project.,9129,161720
4287,coco-30k,A bathroom with a white toilet next to a walk in shower.,46940,55727
4288,coco-30k,A large black dog sitting in a room.,21788,37017
4289,coco-30k,A kitchen with a stove top oven and blue walls.,38006,541345
4290,coco-30k, a bench sitting in the grass facing the water and boats ,49219,522713
4291,coco-30k,A motorcycle parked next to a few bicycles.,44855,223930
4292,coco-30k,A cat lying down in a sink in a bathroom.,41431,327769
4293,coco-30k,A man riding on the back of a blue motorcycle.,5249,218476
4294,coco-30k,A man on a skateboard riding by food vendors.,43037,492362
4295,coco-30k,A large black dog laying on a kitchen floor.,8698,514915
4296,coco-30k,"woman in long, light red dress with orange umbrella.",59403,459680
4297,coco-30k,A van driving down a street past tall buildings.,10121,253036
4298,coco-30k,A man sitting at a table using a laptop computer.,66036,434511
4299,coco-30k,A woman taking a selfie in front of a large mirror.,26228,235964
4300,coco-30k,A couple of bikers riding on top of motorcycles down a street.,59994,115370
4301,coco-30k,A large jetliner with a painting on the side of it's cabin.,96351,465735
4302,coco-30k,A white toilet in a bathroom next to a door.,52742,384901
4303,coco-30k,A computer monitor sitting above a computer keyboard.,33303,226171
4304,coco-30k,A large jetliner sitting on top of an airport runway.,99023,348881
4305,coco-30k,A british airways passenger jet in the sky.,34677,436280
4306,coco-30k,A picture of a room with a TV and a bathroom.,74612,72018
4307,coco-30k,A picture of a busy road at night ,44853,281317
4308,coco-30k,Man in period costume rides vintage motorcycle with German flag on back,29462,413822
4309,coco-30k,A bus turning a corner at an intersection.,30264,175570
4310,coco-30k,The view from the commercial airplane includes the wing and mountains and water. ,56068,101223
4311,coco-30k,There are people standing at the top of this building.,21024,175331
4312,coco-30k,A giraffe leans over a fence to eat from a happy woman's hand.,90190,48791
4313,coco-30k,The person is riding her bicycle down the road.,54883,255158
4314,coco-30k,A airplane flying high in the sky next to a set of white smoke lines. ,65497,146659
4315,coco-30k,A single banana is on a white table.,96536,193015
4316,coco-30k,A bus stuck in traffic on a busy highway.,82498,17207
4317,coco-30k,A woman is walking her dog across the street.,32000,319055
4318,coco-30k,a bathroom with a sink and a toilet in it,77498,404785
4319,coco-30k,Two toilets that are sitting on a tile floor.,3283,137578
4320,coco-30k,Two benches on a sidewalk in front of a urban street and some houses.,67566,119404
4321,coco-30k,Old cars and horse drawn carriage on a tropical city street.,66376,289949
4322,coco-30k,A bird that is sitting on a plate on a table.,2481,197915
4323,coco-30k,a man sitting on a bench looking a bit like forrest gump ,10679,575088
4324,coco-30k,A picture of a large kitchen with white cabinets and appliances.,62659,530836
4325,coco-30k,a woman in kitchen cooking chips in fry,57679,267683
4326,coco-30k,a view of mountains from the window of a jet airplane,85610,208208
4327,coco-30k,A sign posted on the side of a highway.,13430,179187
4328,coco-30k,the hands of a man crawling out of a toilet,97404,355575
4329,coco-30k,A cat peering into a wooden bowl which is sitting on a table.,48558,2295
4330,coco-30k,A man walking down a road with a horse and carriage coming at him.,57765,298762
4331,coco-30k,"A toilet, mirror and sink in a toilet",53350,267670
4332,coco-30k,A person is taking a picture of a hotel bathroom.,59126,9772
4333,coco-30k,A big plane flying low  on a cloudy sky,46382,543528
4334,coco-30k,The officer is riding a horse threw the streets. ,51289,157155
4335,coco-30k,A library or store is full of books.,77542,22420
4336,coco-30k,A triple screen computer set up on a desk next to a bed,84708,522782
4337,coco-30k,A foggy view of an airplane sitting in a yard.,29852,162998
4338,coco-30k,a barthroom with green walls and a  purple rug ,21104,423165
4339,coco-30k,A room that has a bed and a bathtub.,73764,145746
4340,coco-30k,Someone is holding the door open to a large industrial freezer.,72197,61602
4341,coco-30k,"A small bathroom has a toilet, sink, mirror, and a small trash can.",11835,29449
4342,coco-30k,The cat is looking out of the car window. ,89429,359638
4343,coco-30k,"An unusual Japanese bathroom with a toilet, urinal, and sink.",58671,520489
4344,coco-30k,A man holding an umbrella while walking down a street.,44238,356920
4345,coco-30k,a building with some trees surrounding it ,64120,473153
4346,coco-30k,Two airplanes flying through a blue sky with smoke pouring out of their rear ends.,37548,246425
4347,coco-30k,A cat laying on a rug next to a sliding glass door.,51807,302110
4348,coco-30k,Two toilets sit near each other in the same room.,72042,517600
4349,coco-30k,This is a picture of a kitchen in a poverty area of a town.,4566,98018
4350,coco-30k,A white toilet covered in feminine toilet coverings.,97039,440878
4351,coco-30k,A group of wooden benches sitting on top of a wooden deck.,40227,234938
4352,coco-30k,A large jetliner sitting on top of an airport tarmac.,8971,534669
4353,coco-30k,A man is plowing the field in preparation.,86587,151081
4354,coco-30k,A large store filled with lots of groceries and produce.,82744,579277
4355,coco-30k,A small bathroom with only a toliet and sink.,59561,530054
4356,coco-30k,A toilet room in the process of being renovated ,13895,126941
4357,coco-30k,A wooden shelf filled with lots of glass pots and plates.,63380,322429
4358,coco-30k,A gray cat laying on top of a wooden book shelf.,91788,546378
4359,coco-30k,A bike parked in the  middle of a sidewalk next to a street.,10951,275441
4360,coco-30k,A group of men riding on the back of motorcycles.,8556,246963
4361,coco-30k,a man walks a dog by some park benches ,54752,4678
4362,coco-30k,A picture of large glass door trimmed in white and a large beige structure beside it.,14381,168225
4363,coco-30k,A kite flying above in a crystal clear blue sky.,73299,308974
4364,coco-30k,A commercial plane being serviced by two people.,76432,497568
4365,coco-30k,A subway train with a row of orange and white seats.,3011,245450
4366,coco-30k,A group of air planes sitting on a runway.,38830,150717
4367,coco-30k,A very plain and dull bathroom that's in someone's house. ,49723,482297
4368,coco-30k,A silver spoon sitting on top of an unknown surface.,92688,437599
4369,coco-30k,A turboprop airplane that is in the hangar for repair. ,62782,442480
4370,coco-30k,A man on a motorcycle that is on a road that has grass fields on both sides and a stop sign.,98793,22671
4371,coco-30k,"A building wall and pair of doors that are open, along with vases of flowers on the outside of the building.",97868,502136
4372,coco-30k,a man on a bike that is walking dogs,27750,216861
4373,coco-30k,"a washroom with a toilet basin, sink, sanitizers and bath tub",94873,326564
4374,coco-30k,a bathroom with a toilet sitting next to a sink ,22726,341011
4375,coco-30k,"A dog sleeping between a book bag and a shredder, underneath a computer desk ",24556,555298
4376,coco-30k,a plane flys through the grey sky ,20826,90387
4377,coco-30k,A man drives fast in a motorcycle with kids in the sidecar,63599,113559
4378,coco-30k,A motorcycle parked on the side of a street.,29376,308276
4379,coco-30k,A very tall church tower with a clock on the side of it.,78999,499423
4380,coco-30k,A group of people who are standing outside by a plane and a car.,9215,109900
4381,coco-30k,A passenger jet that is flying in the sky.,86529,512421
4382,coco-30k,A group of people getting off an air plane.,33831,48844
4383,coco-30k,A white toilet sitting next to a trash can in a restroom.,23511,38070
4384,coco-30k,A restaurant kitchen with two giant menus sitting above the cooking area.,72305,471043
4385,coco-30k,A motorcycle parked in a courtyard in front of a small restaurant. ,43902,36761
4386,coco-30k,A white Volkswagon bug with a skateboard on the luggage rack.,75308,517973
4387,coco-30k,A row of parked motorcycles sitting next to a white double decker bus.,54441,360899
4388,coco-30k,A couple of kittens standing around metal bowls on a tray.,23453,307989
4389,coco-30k,A bus driving down a street in front of a cross walk.,41657,465418
4390,coco-30k,A person resting their head on a pillow next to an airplane window.,1891,202102
4391,coco-30k,A man sitting on a toilet whle talking on a phone.,98854,474119
4392,coco-30k,A man riding on the back of a motorcycle down a road.,39939,214369
4393,coco-30k,A toilet sitting in a room surrounded by personal items.,68964,42276
4394,coco-30k,A motorcycle parked behind a truck on a green field.,58932,32284
4395,coco-30k,A center island in a kitchen covered in a fan.,97096,443259
4396,coco-30k,A white sink in a bathroom under a mirror.,67882,356299
4397,coco-30k,A large jetliner sitting on top of an airport runway.,80416,404479
4398,coco-30k,A formation of airplanes flying through a cloudy blue sky.,25841,292171
4399,coco-30k,A hot dog sitting on top of a white paper in a  bun.,17650,504297
4400,coco-30k,A person holding a surfboard while standing in the ocean.,69417,499198
4401,coco-30k,A blue motor scooter parked in a parking lot.,30299,406253
4402,coco-30k,A group of friends standing next to each other at night.,32906,210522
4403,coco-30k,A kitchen with a wooden table next to a metallic refrigerator freezer.,45879,80652
4404,coco-30k,A man laying on the ground in front of a motorcycle.,42328,537206
4405,coco-30k,A living room filled with brown furniture and a flat screen TV..,20236,104801
4406,coco-30k,A jetliner taking off from an airport runway.,57996,196185
4407,coco-30k,A group of jets sitting on top of an airport runway.,13022,159740
4408,coco-30k,A white toilet sitting next to a white sink.,83960,5328
4409,coco-30k,a man standing by his bike with his hands on the seat,56108,76942
4410,coco-30k,A couple of zebra standing next to a giraffe.,86797,383282
4411,coco-30k,A city street filled with traffic and parking lights.,86036,580041
4412,coco-30k,A white bath tub sitting under a window next to a toilet.,19185,237723
4413,coco-30k,A cat sitting on a floor in front of a flat screen TV.,32173,490105
4414,coco-30k,A cat standing next to a white toilet near a bath tub.,83995,176778
4415,coco-30k,two cats sitting side by side eating out of a dish,84691,301014
4416,coco-30k,A woman in her underwear riding on top of a paddle boat.,90419,195750
4417,coco-30k,"A room with a toilet, a door and shoes in it. ",35483,98895
4418,coco-30k,A spiral of bananas sitting inside of a large bowl.,21450,165818
4419,coco-30k,Police motorcycles parked while police is gather together. ,31404,356263
4420,coco-30k,a man using a cross walk to cross a street,46517,575904
4421,coco-30k,A city with people on a fountain and in a grass field.,21824,151141
4422,coco-30k,a small toilet in a bathroom with tile walls,31519,359140
4423,coco-30k,A bathroom with a white toilet next to a shower.,48052,128392
4424,coco-30k,An airplane on a runway getting some work done.,33925,399416
4425,coco-30k,A small white bird standing on top of a pond of water.,39314,96514
4426,coco-30k,A man riding a motorcycle next to a red stop sign.,68117,561433
4427,coco-30k,A colorful clock tower sitting int he middle of a parking lot.,12011,324492
4428,coco-30k,A white toilet sitting next to a bathroom sink.,55798,390583
4429,coco-30k,A man who looks like two face with a creepy smirk on his face.,52945,564404
4430,coco-30k,A lot of wooden shelves filled with lots of clutter.,75730,69750
4431,coco-30k,A purple motorcycle parked in front of a red brick building.,60564,549399
4432,coco-30k,Ostriches and giraffes out in the grass ,98954,505733
4433,coco-30k,A partially eaten slice of cake with a spoon on a plate.,91838,381382
4434,coco-30k,A large living room has many items thrown around it.,1224,389168
4435,coco-30k,Several cars parked along the side of a street next to a street sign.,31107,227511
4436,coco-30k,A man riding a motorcycle with a helmet on. ,37413,365444
4437,coco-30k,A man standing on a purple bed playing an electric guitar,40184,297353
4438,coco-30k,A man sitting on a motor bike smiling with a friend close to him,12316,475389
4439,coco-30k,A cat sitting on the back of a Paso 750.,19535,272241
4440,coco-30k,AN OLD SCHOOL BIKE SITTING IN FRONT OF A CAFE ,63590,347982
4441,coco-30k,A pan full of food on top of a stove.,44014,490286
4442,coco-30k,A picture of someone's desk that has a lot of stuff on it.,20706,267175
4443,coco-30k,A woman holding a piece of chocolate cake at a table.,80300,527060
4444,coco-30k,A toilet and urinal side by side in a bathroom.,91320,189424
4445,coco-30k,Four people wait to cross the street at an intersection.,81350,183709
4446,coco-30k,A runway has many old-fashioned planes and helicopters. ,84075,569016
4447,coco-30k,A white bath tub sitting next to a bathroom sink.,19354,166532
4448,coco-30k,A merry go round with lots of colorful giraffe and other animals.,22194,82138
4449,coco-30k,A giraffe is looking at the camera with a smirk on it's face.,79218,572784
4450,coco-30k,A woman talking on a cell phone while holding luggage.,30122,222118
4451,coco-30k,a plane flying high above the earth ,60147,327857
4452,coco-30k,a bunch of kids walking through some grass,34929,276018
4453,coco-30k,A bathroom vanity sink with a large mirror and hairdryer on the wall.,55506,178028
4454,coco-30k,a large air plane is parked out on a grass field,55715,437370
4455,coco-30k,"A bathroom with blue walls, black and white checkered floor, toilet, urinal and bathtub.",46277,268831
4456,coco-30k,Adult woman taking self portrait using camera looking at mirror.,11916,325907
4457,coco-30k,A woman sitting on top of a bench while reading a book.,18734,150508
4458,coco-30k,A wooden table surrounded by two chairs near a kitchen counter.,74569,282711
4459,coco-30k,The tables at the restaurant are very crowded with people. ,92691,127050
4460,coco-30k,The mens bathroom has a urinal and a stall. ,79977,347150
4461,coco-30k,A red bicycle with a basket on front next to a train.,36123,161141
4462,coco-30k,A plane on a runway in an airport,56733,364145
4463,coco-30k,Cupcakes with white frosting and different colored star frosting decoration on each.,7863,251344
4464,coco-30k,"There is a tub, a sink, and a shower inside a bathroom.",40782,580027
4465,coco-30k,There is a motorcycle parked against a wall.,63120,150487
4466,coco-30k,"A pile of oranges, apples and pears next to each other.",64954,213935
4467,coco-30k,A man and a woman on a motorcycle in helmets.,82886,490582
4468,coco-30k,Giraffes in their wood and grass zoo enclosure,47026,22969
4469,coco-30k,A man on a motorbike with a side car.,67926,350874
4470,coco-30k,The back side of an airplane sitting on a runway. ,27102,445643
4471,coco-30k,A table and some chairs in a room.,19059,335539
4472,coco-30k,"A tiled bathroom containing a vanity sink, toilet and bathtub.",55526,110559
4473,coco-30k,A giraffe looking over the corral fence in his zoo habitat. ,88299,354202
4474,coco-30k,A red motorcycle is on the sidewalk in front of a business with ads on the windows.,4964,510340
4475,coco-30k,A person on a motor bike on a road.,29553,205300
4476,coco-30k,The kitchen has some of the best antique fixtures.,47923,338146
4477,coco-30k,"A store room holds sinks, bathtubs and toilets",57568,485628
4478,coco-30k,Cat on floor by toilet looking up to cat laying in sink,7958,489344
4479,coco-30k,A man is sitting on his motorcycle and ready to go. ,60140,361964
4480,coco-30k,A man preparing food in a restaurant kitchen.,4583,294350
4481,coco-30k,A wooden desk with a laptop computer and a desktop computer that are both open.,72198,322577
4482,coco-30k,A chair and table with two monitor screens,81693,321885
4483,coco-30k,A woman in a room with a cat.,37217,574769
4484,coco-30k,A couple of boats and car on a street.,25665,147576
4485,coco-30k,there is an air plane that is in the sky ,41546,536444
4486,coco-30k,A car stopped by three cows crossing a road.,20552,99908
4487,coco-30k,A motor bike on a road with people seated on the roadside,87289,33815
4488,coco-30k,A kitchen with granite counter tops and a large oven.,89548,93604
4489,coco-30k,there's and airplane in the sky flying over some trees,52936,487222
4490,coco-30k,A motorcycle sits on a sidewalk near a building,15106,327314
4491,coco-30k,People are at a stop light on a snowy street.,40446,490638
4492,coco-30k,A white toilet and towel in a room.,15286,69494
4493,coco-30k,A military air craft flies in the sky with landing gear down. ,45724,56736
4494,coco-30k,a big kitchen with an island and track lighting ,89414,234470
4495,coco-30k,a red motor bike is parked in the gravel ,32541,487059
4496,coco-30k,A chair and a couch in a room.,50999,534733
4497,coco-30k,The motorcycles are parked on the side of the building.,96768,488385
4498,coco-30k,Cute multi colored kitten sitting in woman's lap,87925,215353
4499,coco-30k,A person standing next to a couple of motor bikes.,87310,326368
4500,coco-30k,A person on a motor bike travels around a sharp corner.,29117,7816
4501,coco-30k,A person with a cell phone and a umbrella.,28854,192154
4502,coco-30k,Two pieces of fruit sitting on a plate beside a stack of books.,29507,286524
4503,coco-30k,Two unattended motorcycles parked somewhere near a red car.,27180,30942
4504,coco-30k,A table and some chairs in a room.,99664,512576
4505,coco-30k,A woman with a tie and a bag on the street.,11383,187791
4506,coco-30k,A airplane that is sitting on a runway.,31161,20784
4507,coco-30k,A kitchen with a center island next to a refrigerator freezer.,14251,217989
4508,coco-30k,A parked motor bike on the side of a the street.,83585,432309
4509,coco-30k,A guy on a motorcycle on a road.,88374,265069
4510,coco-30k,A plane flies high in the middle of a dark sky.,5527,272736
4511,coco-30k,A large group of motorcycles that are parked in a lot.,46188,65001
4512,coco-30k,A laptop and some computers on a desk.,14392,270096
4513,coco-30k,a bath room with two toilets and a sink,2748,332532
4514,coco-30k,A small white boat in the open water.,42338,403255
4515,coco-30k,Cat in a closet with baggage and misc.,86635,182903
4516,coco-30k,A laptop in a bright yellow coffee house.,73610,229659
4517,coco-30k,A jetliner wing flying over the top of a parking.,65874,52412
4518,coco-30k,A white sink in a corner underneath a small mirror and light.,42362,192047
4519,coco-30k,a car is stopped in the street for people to cross,77456,128939
4520,coco-30k,A group of people sitting on motor bikes on a street.,96301,196046
4521,coco-30k,a kitchen with a sink a shelf and a chair,5389,48910
4522,coco-30k,A group of people with a cell phone the side of a building.,60902,7256
4523,coco-30k,Two sun shaped mirrors are above bowl shaped sinks.,98039,57671
4524,coco-30k,She just finished chopping vegetables with the knife.,2332,535506
4525,coco-30k,a bath room with a toilet a stool and handle bars,32017,58816
4526,coco-30k,A motor bike parked behind a van in the grass.,64905,436559
4527,coco-30k,A person sitting on a wooden bench outside.,98961,147958
4528,coco-30k,A yellow ten speed bike parked on a bridge.,2056,323564
4529,coco-30k,a person on a motor bike driving in race ,50145,435519
4530,coco-30k,Cars parked at side of road in front of a building at dusk or night.,36792,45434
4531,coco-30k,A man handing another man something inside of a room.,89341,292156
4532,coco-30k,A cop riding on the back of a motorcycle next to another cop car.,66464,246435
4533,coco-30k,A painting of a table with fruit on top of it.,50561,184791
4534,coco-30k,A large airplane flying through a blue sky.,13801,412019
4535,coco-30k,A man sitting at a table in front of a plate of food.,41617,214720
4536,coco-30k,A white toilet sitting in a bathroom next to a tiled wall.,33462,557258
4537,coco-30k,An airplane sitting on top of a field next to a crowd of people.,82055,530915
4538,coco-30k,A painting of green apples next to a bunch of bananas.,34487,267182
4539,coco-30k,A group of bikers riding motorcycles across a bridge.,87300,143556
4540,coco-30k,A couple of yellow buses driving down a city street.,43296,413339
4541,coco-30k,A bath tub sitting next to a sink in a bathroom.,8140,129001
4542,coco-30k,A blue and yellow bus parked in front of a man with a  bike.,56865,535588
4543,coco-30k,A glazed donut hanging from a metal rod.,87012,383445
4544,coco-30k,A white toilet sitting under a window on an airplane.,52373,456732
4545,coco-30k,A kitchen with wooden floors surrounded by windows.,73110,332480
4546,coco-30k,A blue bike parked next to a tree in a planter.,51403,297374
4547,coco-30k,A table topped with oranges and a bowl of salad.,72862,172686
4548,coco-30k,A man wearing a straw hat and playing the guitar.,8496,528098
4549,coco-30k,A man riding on the back of an ATV.,84812,577640
4550,coco-30k,A couple of sheep sitting on top of a lush green grass covered hill.,95120,34662
4551,coco-30k,A giraffe standing next to a palm tree on a field.,12665,524373
4552,coco-30k,A woman holding shears in one hand a tile in the other.,9400,369913
4553,coco-30k,Some people riding some motorcycles through a rock tunnel.,76627,356623
4554,coco-30k,a modern bathroom with blue walls and a clear shower,51181,538589
4555,coco-30k,A very nice looking train by a plat form.,56709,427001
4556,coco-30k,A small white plane sitting on top of an airport runway.,82505,278512
4557,coco-30k,A white sink sitting next to a toilet near a tub.,13586,550597
4558,coco-30k,A very cute cat laying in a very small sink.,63958,579008
4559,coco-30k,Man sitting on toilet top holding hat and cigarette,51467,85247
4560,coco-30k,A couple of airplanes that are sitting on a runway.,53117,126659
4561,coco-30k,Motorcycle parked next to SUV in car garage,29544,234239
4562,coco-30k,A picture of people watching TV in the living room adjusted to imply motion.,82760,501294
4563,coco-30k,A bike leaning against an unmade and dirty bed.,23664,2139
4564,coco-30k,one airplane on a landing strip next to a green field,8781,463781
4565,coco-30k,A couple of people that are holding an umbrellas.,78002,162362
4566,coco-30k,A kitchen with two shiny counter tops next to a  wall mounted oven..,61498,514018
4567,coco-30k,Large wall with an antique finish window and an old clock above it.,65589,176034
4568,coco-30k,A man riding a motorcycle with a brown long horn bull behind him.,80843,67208
4569,coco-30k,The bathroom in the cabin needs to be remodeled.,21321,552901
4570,coco-30k,A statue standing over a traffic light next to a giant spider.,15659,184667
4571,coco-30k,A bowl filled with lots of oranges on a counter.,94306,50896
4572,coco-30k,A woman walking across a street near motorcycles.,48234,181542
4573,coco-30k,A city street with traffic at a stoplight ,2733,122314
4574,coco-30k,A white toilet sitting in a bathroom next to a shower.,74084,102644
4575,coco-30k,A bowl filled with food and a white spoon.,36355,104865
4576,coco-30k,A city street line with very tall buildings.,39574,26609
4577,coco-30k,a large plane is flying through the sky ,53470,539226
4578,coco-30k,View of dining room of restaurant with cone lights overhead,36789,374448
4579,coco-30k,A very cute looking black dog laying on the floor.,87147,13882
4580,coco-30k,a small bathroom with a mirror and sink,53178,225546
4581,coco-30k,The kitchen area is clean and ready for us to use.,78910,184994
4582,coco-30k,Two airplanes are parked on a grassy field.,68659,349868
4583,coco-30k,A group of people that are outside of an airplane.,49612,341299
4584,coco-30k,a bathroom with a sink and a toilet,83921,142337
4585,coco-30k,A blue and white VW bus driving down a street.,79528,96351
4586,coco-30k,A toilet in a bathroom next to a wall.,91631,455343
4587,coco-30k,A cat laying next to a bike with a large tire.,82329,317715
4588,coco-30k,A man driving a motorcycle down a street with a  woman on back of it.,1604,260238
4589,coco-30k,Two people are kissing as they sit on a bench.,35205,443343
4590,coco-30k,a lady that is cooking some food on the stove,19251,352703
4591,coco-30k,a little bathroom with just a toilet in it,34271,421882
4592,coco-30k,A bathroom counter lined with lots of metal sinks.,27900,381393
4593,coco-30k,Two people ride on a motorcycle on a street. ,48247,309862
4594,coco-30k,An empty street is lined with large umbrellas. ,49224,42805
4595,coco-30k,A busy street is full of cars and a bus. ,94383,195510
4596,coco-30k,A kitchen with a black stove top oven.,36269,543178
4597,coco-30k,A TV sitting on top of a wooden dresser.,62993,550722
4598,coco-30k,A large airplane flying over a city above a bird.,24091,281827
4599,coco-30k,A cat sitting on the hood of a car.,63599,260925
4600,coco-30k,a small dog is tied up to a bike outside,97235,70815
4601,coco-30k,Some very cute small dogs laying by each other.,42628,186589
4602,coco-30k,"A bathroom with a toilet, towel rack and a tub in it. ",60974,296707
4603,coco-30k,two people standing in a strong snow storm,15241,134981
4604,coco-30k,A couple of airplanes flying under a cloudy sky.,5733,161044
4605,coco-30k,A woman standing next to a man in a kitchen.,30057,161567
4606,coco-30k,Several people with bicycles on a sidewalk outside a restaurant.,9616,139969
4607,coco-30k,a large orange cat jumping into a bathroom sink,12724,311531
4608,coco-30k,"A bathroom with a toilet, cabinet, tub, shower curtain and a scale in it. ",4953,340934
4609,coco-30k,some people are standing together around some food,33046,520124
4610,coco-30k,A plane sitting on top of a dirt field next to another plane.,19972,569705
4611,coco-30k,A motorcycle parked on the side of a road.,27901,80304
4612,coco-30k,A man in a blue shirt talking on a phone.,71881,575921
4613,coco-30k,A white toilet sitting next to a bathroom sink.,72612,61882
4614,coco-30k,A white toilet in a bathroom next to a  sink.,2956,462982
4615,coco-30k,A yellow book bus driving down a street.,57552,243031
4616,coco-30k,some oranges are stacked up in a bowl,73273,68059
4617,coco-30k,A man preparing food inside of a kitchen with a  small bird on his shoulder like snow white while wearing a cheap chefs hat.,26900,469793
4618,coco-30k,Tall building with clock and spire behind white bricked building.,54064,162495
4619,coco-30k,A woman rides a bicycle on a road next to the median.,86037,321107
4620,coco-30k,a picture of a science fiction character in a bathroom,96353,563185
4621,coco-30k,a bunch of sheep are walking on the road,95098,239048
4622,coco-30k,some cups are sitting on top of a toilet,31016,148591
4623,coco-30k,An Aer Lingus plane touches down on an airport runway.,67774,11347
4624,coco-30k,A tall building with a clock on it near a cemetery. ,98275,112517
4625,coco-30k,a couple of buckets in a white room,37188,6818
4626,coco-30k,some people are riding motorcycles down the street,2344,148526
4627,coco-30k,The bench is empty at night in the park,99595,58851
4628,coco-30k,an old woman is in front of some food on a table,33640,17899
4629,coco-30k,"A white kitchen with stove, sink, and refrigerator.",49160,292060
4630,coco-30k,a couple of motorcycles are parked outside of a building,76066,531735
4631,coco-30k,a parked motor bike with a man standing next to it ,22652,461805
4632,coco-30k,The fruit is placed in a bowl out in the open to be eaten,43671,482719
4633,coco-30k,a bunch of motorcycles are parked on the street together,18193,27642
4634,coco-30k,The person is walking in the alley alone ,62258,62839
4635,coco-30k,The person is riding a bike on the road,65142,63619
4636,coco-30k,A picture of an airplane and a large tower at night.,57553,471562
4637,coco-30k,The people are riding motor cycles down the street.,19621,73182
4638,coco-30k,The cat is peeking out from inside the purse.,63646,252617
4639,coco-30k,The people on the motorcycles are racing on the track,44795,450581
4640,coco-30k,The mirror above a bathroom sink is shattered.,15377,341700
4641,coco-30k,The kitchen is clean and ready to be used,19082,437947
4642,coco-30k,The left side of a white dog sitting on a couch.,48087,194420
4643,coco-30k,There are two riders on motorcycles and mountains in the distance.,7296,271666
4644,coco-30k,The interior of a modern bathroom including glass shower and sinks,25692,251062
4645,coco-30k,a downward view of a small toilet in a room,29252,543006
4646,coco-30k,a couple of planes are out on a runway,46842,350073
4647,coco-30k,A woman with an umbrella is walking past a bus.,21231,333745
4648,coco-30k,A ceramic bowl full of a variety of fresh fruit,74079,344758
4649,coco-30k,Looking out a large glass window to activity on the tarmac at an airport,74778,357819
4650,coco-30k,a cloudy sky during a day with some overcast,63814,520273
4651,coco-30k,a public bathroom with a toilet and hand rail,58686,388581
4652,coco-30k,Many cleaning products are on the kitchen island.,27891,243773
4653,coco-30k,"The computer desk has a small pad of notes, and an mp3 player on it.",53143,21060
4654,coco-30k,The walls outside the small bathroom have a blue tint.,74743,480793
4655,coco-30k,a motorcycle is sitting off the side of the road,52582,390017
4656,coco-30k,A man on a bicycle riding next to a train,75425,483108
4657,coco-30k,Well decorated restroom with sink and chair for sitting.,4190,505132
4658,coco-30k,The kitchen counters are almost down with the remodel. ,79005,460378
4659,coco-30k,a helicopter is flying upwards in the sky,63380,10440
4660,coco-30k,a couple of people walking with their surfboards at the beach,81078,50493
4661,coco-30k,a black orange and white cat and some bricks,22154,413650
4662,coco-30k,A couple of people with some bikes on a street.,84019,453481
4663,coco-30k,A white toilet and some tools in a room.,5165,21046
4664,coco-30k,a toilet a toilet brush tiles and a door handle,88970,299305
4665,coco-30k,An old car sitting on top of a lush green field.,44620,438560
4666,coco-30k,Adult giraffe with young standing near wall and tree in enclosed area.,25264,303056
4667,coco-30k,A man riding a motorcycle across a lush green park.,57351,369997
4668,coco-30k,A kitchen with a tile floor and a metallic sink.,37698,386929
4669,coco-30k,A city street filled with lots of traffic at night.,30702,556012
4670,coco-30k,An airplane sitting on top of an airport runway.,65224,575896
4671,coco-30k,A very tall building with a clock mounted to it's side.,46248,272080
4672,coco-30k,A baby in a play chair in a living room.,44156,124803
4673,coco-30k,two people on a motorcycle a car and some buildings,2723,573214
4674,coco-30k,some brown cabinets a table light and refrigerator,64492,482562
4675,coco-30k,an oven and a small table in a home kitchen,81372,94052
4676,coco-30k,a white sink and cabinet in a home bathroom,69436,28209
4677,coco-30k,a small cat is sitting on a step by a door,84441,269511
4678,coco-30k,some monitors and different electronic boards and controllers,43364,570179
4679,coco-30k,A man riding on the back of a motorcycle down a street.,76100,498758
4680,coco-30k,An airplane from Jetairfly is soaring above the clouds.,15998,167544
4681,coco-30k,A boy playing a multicolored piano on the street.,39854,58690
4682,coco-30k,Several parked bikes sitting in the grass near a tree.,90342,125655
4683,coco-30k,A computer monitor sitting on top of a wooden table.,89989,68814
4684,coco-30k,"A white plate topped with meat, rice and veggies.",73151,80367
4685,coco-30k,A man riding a motorcycle across a sandy beach.,77112,461588
4686,coco-30k,a white counter a black oven a chair a light and a microwave,72603,539423
4687,coco-30k,a bunch of toilets that are next to each other,12549,537395
4688,coco-30k,a couple of men that are on some motor cycles,60579,312803
4689,coco-30k,A group of people standing outside of a bus.,24454,78627
4690,coco-30k,A man riding a motorcycle with a woman on back of it.,69611,399545
4691,coco-30k,An airplane flying through a blue sky with propellers.,20790,422807
4692,coco-30k,A microwave oven sitting on top of a blue table.,17240,83097
4693,coco-30k,A bathroom with a lot of items near the sink and counter.,91891,195165
4694,coco-30k,A person holding a black cat next to their face.,20605,474667
4695,coco-30k,A white toilet with a  control panel on it's left side.,77823,116424
4696,coco-30k,A dirty bathroom with paper and dirt covering the floor.,69708,177811
4697,coco-30k,A large jet sitting on top of an airport tarmac.,84966,253262
4698,coco-30k,A man taking his picture in a bathroom mirror.,67570,384808
4699,coco-30k,People walking in a museum with a airplane hanging from the celing.,33668,492132
4700,coco-30k,Car waits as person on bike crosses the road,79019,154830
4701,coco-30k,A motorcycle parked on the side of a road near a city.,16399,498709
4702,coco-30k,A kitchen counter topped with a dish tray filled with dishes.,10255,532610
4703,coco-30k,A man driving a car across an airport runway.,99409,457054
4704,coco-30k,A couple of red motorcycles parked next to each other.,8238,118970
4705,coco-30k,A motorcycle has three people riding on it.,11500,370657
4706,coco-30k,A white toilet sitting in between tiled walls.,94659,73738
4707,coco-30k,A crowded subway train with standing room only available.,18707,546126
4708,coco-30k,A bedroom with a bed next to a closet.,88318,348091
4709,coco-30k,A couple of people flying kites on top of a beach.,70933,231644
4710,coco-30k,A man riding on the back of a motorcycle.,63037,12370
4711,coco-30k,A man riding on the side of a motor bike.,6272,37209
4712,coco-30k,"A bathroom area with sink, mirror and various toiletries.",50081,149550
4713,coco-30k,Two women and children are on a motorcycle.,1733,345160
4714,coco-30k,A motorcycle on a gravel area with people in the background.,7281,491169
4715,coco-30k,A woman walking a dog down a street.,73335,169800
4716,coco-30k,A small airplane taking off from an airport runway.,7993,78371
4717,coco-30k,A big commercial plane flying high in the sky.,79581,285607
4718,coco-30k,A kitchen with metallic appliances and a trash can.,65279,411941
4719,coco-30k,There is a table with chairs and a stove in the room. ,22579,448795
4720,coco-30k,A group of young people riding motorcycles near a river.,21991,203389
4721,coco-30k,A bathroom with a standing shower next to a sink and mirror.,86449,466583
4722,coco-30k,Shears and knives are in a cutting block.,4693,411368
4723,coco-30k,A row of motorcycles sitting on top of a parking lot.,35814,386908
4724,coco-30k,A white sink sitting under a bathroom mirror.,35993,49190
4725,coco-30k,A white sink sitting under a bathroom mirror.,45388,184700
4726,coco-30k,A man is almost touching the ground while riding his motorcycle.,14688,254493
4727,coco-30k,Bathroom stall with green door in commercial business.,18394,175387
4728,coco-30k,A white bowl filled with veggies and two lemon wedgies.,3761,47648
4729,coco-30k,A patch of grass with lots of bikes parked on it.,12422,298540
4730,coco-30k,A brown dog hanging it's head out of a car window.,39257,520301
4731,coco-30k,A very tall building sitting next to a street sign.,53115,503983
4732,coco-30k,A white toilet sitting next to a bath tub with a chair in it.,22328,532126
4733,coco-30k,A red motorcycle parked next to a beach near the ocean.,38179,276323
4734,coco-30k,A sign sitting above a store front entrance.,30933,32391
4735,coco-30k,a room with all kinds of junk in it,8738,488822
4736,coco-30k,A motorcycle parked on the side of a road.,89797,174898
4737,coco-30k,A cat drinking out of a white toilet bowl.,10284,9170
4738,coco-30k,A brown plane is parked at air port,84813,219754
4739,coco-30k,A very cute child sitting on the commode with his pants on,79903,121849
4740,coco-30k,A odd looking bike sitting under a purple tent next to a fountain.,23113,337561
4741,coco-30k,A man standing next to a motorcycle on the side of a hill.,1580,354132
4742,coco-30k,A church with a clock under it's pointy roof above a window.,82636,548930
4743,coco-30k,a number of people riding skis on a snowy surface,18391,131539
4744,coco-30k,A man riding an ATV  with a dirt bike on the back of it.,55317,106375
4745,coco-30k,a gray cat is seen laying on top of a blue tube,69164,275219
4746,coco-30k,A dining room filled with lots of people.,39456,222468
4747,coco-30k,A row of parked motorcycles sitting next to a tall building.,12840,399942
4748,coco-30k,A man riding a motorcycle behind a dune buggy.,40633,255004
4749,coco-30k,A large jetliner airplane sitting next to another airplane on a runway.,73873,239171
4750,coco-30k,A cat sitting on top of a pile of white towels.,55775,71687
4751,coco-30k,A man riding a bike down a dark city street.,40232,61897
4752,coco-30k,A close up of several pikes locked on a gate.,52451,522262
4753,coco-30k,A photo of a grassy hillside with several sheep grazing.,92809,19253
4754,coco-30k,A bathroom with a walk in shower next to a toilet.,86620,157084
4755,coco-30k,A small black dog watching an animal on a TV screen.,73712,14108
4756,coco-30k,A motorcycle parked in a parking space next to another motorcycle.,32487,73
4757,coco-30k,The kitchen area is clean and ready to be used.,63705,158760
4758,coco-30k,A kitchen which looks like its been updated recently.,98677,81315
4759,coco-30k,A giraffe and its pack standing in an enclosure.,74553,383676
4760,coco-30k,a bathroom with a big shower and counter,23457,185935
4761,coco-30k,An airplane flying through a blue sky next to a helicopter.,62745,134328
4762,coco-30k,An elephant walking down a street next to a crowd of people.,68388,149669
4763,coco-30k,A row of motorcycles parked next to a building.,64195,572956
4764,coco-30k,A white tub sitting next to a toilet in a bathroom.,19557,50350
4765,coco-30k,A lego style kitchen with appliances and cabinets along with a checkered tile floor.,78160,539951
4766,coco-30k,A backpack next to a television and a gaming system.,7213,396932
4767,coco-30k,A VERY NICE BATHROOM IN THE MIDDLE OF A REMODEL,11233,293390
4768,coco-30k,a little kid is standing in a kitchen,78553,348838
4769,coco-30k,a red wall is behind a white sink,70616,453159
4770,coco-30k,A bicycle is parked next to a bench. ,13464,75923
4771,coco-30k,A kitchen that appears to be missing a cabinet door.,49813,298461
4772,coco-30k,a man sitting on a bench talking on his cell phone,55901,422517
4773,coco-30k,a laptop computer on a desk and a tv,94169,573823
4774,coco-30k,A person riding a speed motorcycle on a track.,12606,198972
4775,coco-30k,The sign on the door says the train is out of service.,79458,231349
4776,coco-30k,Two toilets in small bathroom stalls with two sinks in a bathroom. ,51372,351149
4777,coco-30k,Two giraffe are standing close to many trees and shrubs.,54692,451151
4778,coco-30k,A full view of a kitchen with many things to use. ,21414,511430
4779,coco-30k,The dining table near the kitchen has a bowl of fruit on it.,12393,37777
4780,coco-30k,Three urinals in a row in a bathroom.,39387,356725
4781,coco-30k,A group of bikers wait before riding down the street.,61520,222771
4782,coco-30k,"A bathroom with a toilet, toilet roll and safety rail.",15681,180792
4783,coco-30k,A man holding a baby up in a kitchen.,97993,4731
4784,coco-30k,a yellow and blue cart is parked on a street,77061,373140
4785,coco-30k,A man is sitting on a little scooter in traffic.,21721,508302
4786,coco-30k,A large passenger plane on the tarmac of an airport.,31691,393869
4787,coco-30k,a kitchen next to a wood floored living area,24528,133515
4788,coco-30k,A blue bowl sitting on a table with a banana in it. ,31969,3093
4789,coco-30k,A man standing in front of a bathroom mirror.,44253,420697
4790,coco-30k,a oven is built into a counter in a kitchen,8115,317206
4791,coco-30k,A man riding a dirt bike up the side of a mountain.,63346,382554
4792,coco-30k,A man standing next to a woman in a room.,44495,148243
4793,coco-30k,A restroom with three mirrors above two sinks.,30618,545597
4794,coco-30k,a subway train with one passenger waiting to board ,35699,568961
4795,coco-30k,A toilet with plastic over the toilet seat. ,54325,106038
4796,coco-30k,A room with white walls and bright lights.,61186,293334
4797,coco-30k,A blue bench covered in different style bags.,24989,532463
4798,coco-30k,A woman is in the kitchen and cooking. ,48973,429807
4799,coco-30k,A man riding a bike down a street past a young man.,34880,493846
4800,coco-30k,A full picture of some white toilets on the side. ,17140,380427
4801,coco-30k,A dog chasing two sheep on top of a lush green field.,41880,355234
4802,coco-30k,A man sitting on top of a motorcycle next to a field.,54531,442962
4803,coco-30k,An airplane flying through a cloudy sky flying over the ocean..,77943,28157
4804,coco-30k,Two dogs are is sitting in the back seat of a car.,91884,236954
4805,coco-30k,A man is riding a motorcycle down a wet sidewalk. ,8828,471868
4806,coco-30k,A full view of a shower with glass.,54482,262284
4807,coco-30k,There is more than one roll of toilet paper for this toilet. ,31753,278961
4808,coco-30k,A picture of a white toilet in the rest room. ,50312,581615
4809,coco-30k,"A restroom with a toilet basin, toilet paper and a mirror",43345,195897
4810,coco-30k,A woman on a small motorcycle waits in traffic.,49709,45110
4811,coco-30k,A small bulding is lit up in the dark night.,75865,486164
4812,coco-30k,Multiple airplanes sit parked on the busy runway.,53882,140565
4813,coco-30k,a small bathroom has a small toilet and grate in the floor.,16752,388027
4814,coco-30k,A person at the door with a desk at the center of the room and a potted plant,3378,166401
4815,coco-30k,A small kitten is sitting in the bowl on the scale.,74177,253216
4816,coco-30k,A line of people are riding bicycles on the street.,15226,492077
4817,coco-30k,People gathering at an old building to eat on a sunny day,18787,550666
4818,coco-30k,Various bowls with food in them sit on the counter.,87028,192458
4819,coco-30k,A jet is flying through the air leaving smoke behind it.,82014,527644
4820,coco-30k,"a dog, sits on a rug, looking at a television",96498,435134
4821,coco-30k,There is a a toilet on the barhrrim,79521,225867
4822,coco-30k,Three giraffes and one zebra graze is in part of the grasslands,97131,140691
4823,coco-30k,"Several people sitting around a table in a small room with a laptop, books and papers. ",13828,319579
4824,coco-30k,There's an outdoor dining area featuring a fountain. ,71571,163076
4825,coco-30k,A red motorcycle riding down one side of the street and a cow walking down the other side of the street.,90129,142718
4826,coco-30k,An airplane flies high in the sky while a ship is up close.,64827,254104
4827,coco-30k,A red and black smart car parked next to a parking meter.,61523,198775
4828,coco-30k,A person falling off of a surfboard while other surfers watch.,83521,216096
4829,coco-30k,a bunch of toilets laying on some cement stairs next to a building,17082,275929
4830,coco-30k,a man on a dirt bike next to some vehicles,97166,148843
4831,coco-30k,A herd of sheep standing on top of a lush green field.,94514,424289
4832,coco-30k,A city with tall buildings and a large green park.,52358,259452
4833,coco-30k,a stove top with a tea kettle with steam pouring out of it.,15184,346940
4834,coco-30k,A bathroom showing a necklace rack and toiletries grouped on the sink ,29483,389445
4835,coco-30k,two stunt airplanes touching their wings as the fly,54515,525322
4836,coco-30k,a cat resting on the ground next to some beer bottles and a table,40040,296871
4837,coco-30k,A man with oil changing items next to a motorcycle.,43927,131804
4838,coco-30k,"The view of a kitchen's microwave, oven, and cabinets.",54545,522007
4839,coco-30k,A group of men riding on the back of a motorcycle.,86188,10104
4840,coco-30k,A sink in a kitchen with an overhead light on ,89341,367074
4841,coco-30k,A small bathroom with a toilet and a sink.,45804,151832
4842,coco-30k,The man is holding a teddy bear over the ledge of a bridge.,7016,61233
4843,coco-30k,A dog  attached to a motor cycle by a leash.,68926,532426
4844,coco-30k,The bathroom is equipped with several new appliances.,84061,239376
4845,coco-30k,A kitchen sink sitting next to a toilet.,27235,32990
4846,coco-30k,A cat eating food out of a bowl.,78234,230220
4847,coco-30k,A man riding a bike next to a bus down a street.,39511,17244
4848,coco-30k,An adorable dog looking out the side of a car door window.,87354,559950
4849,coco-30k,A metal plane flying through a blue cloudy sky.,82134,11525
4850,coco-30k,A public restroom in a state of disrepair.,4076,58927
4851,coco-30k,The view from the airplane shows a mountain range.,79561,484986
4852,coco-30k,a close up ofa small stuffed animal on the grill of a car,98974,323919
4853,coco-30k,a cake decorated with an airplane has lit candles in it,89666,293011
4854,coco-30k,A person taking a selfie in a bathroom mirror.,85956,539251
4855,coco-30k,A woman in tight pants looking at her cell phone in the rain.,20473,447613
4856,coco-30k,A bench that looks like a round hut.,99974,167235
4857,coco-30k,A bowl full of broccoli with spoons on a table.,38464,412592
4858,coco-30k,An industrial kitchen with a strainer on the counter.,99125,486
4859,coco-30k,A herd of Giraffes and a herd of Zebra's running together across a field.,43655,553867
4860,coco-30k,Lamps are the only lighting in this kitchen. ,88763,59479
4861,coco-30k,An unfinished bathroom with a toilet is being worked on.,30107,424668
4862,coco-30k,"Two girls sitting on the ground, one with a hat on, the other with an open umbrella. ",42653,333314
4863,coco-30k,An old brick city has water and a clock tower.,53051,50637
4864,coco-30k,A bunch of sheep smile are they walk by.,54412,488374
4865,coco-30k,A shower stall with interesting tile is the focal point.,80829,579003
4866,coco-30k,"A room filled with different types of items all around.
",41589,385103
4867,coco-30k,A young woman is curling her long hair.,39473,549171
4868,coco-30k,In what country do they allow bicycles on a passenger train?,91692,44825
4869,coco-30k,A bathroom with both a toilet and a urinal in it.,31305,149304
4870,coco-30k,A traffic signal and signs attached to a pole.,81648,112329
4871,coco-30k,a person sitting at a table with a laptop,321,48044
4872,coco-30k,"A broad panorama of several people getting together.
",77712,500833
4873,coco-30k,An intersection that is close to a clock tower.,60927,448697
4874,coco-30k,A blue table sitting inside of a restaurant with a menu on top of it.,89697,177143
4875,coco-30k,A man walking a dog on a leash in a parking space.,2853,185156
4876,coco-30k,a tub toilet sink and medicine cabinet and door,43188,380162
4877,coco-30k,A kitchen sink with a basket of vegetables and knives beside it.,50103,242422
4878,coco-30k,"At the picture is a scene of an airplane outside of a town.
",59015,438704
4879,coco-30k,A man kneeling down next to a brown cow.,58142,149912
4880,coco-30k,A humble kitchen has a stove and microwave. ,47507,541550
4881,coco-30k,There are a lot of air planes that are flying in the sky,58817,443630
4882,coco-30k,A large fount sitting in the middle of a city.,13195,43202
4883,coco-30k,A black cat sitting on top of the hood of a car.,61376,3711
4884,coco-30k,A table full of items and on a sunny day. ,59171,516805
4885,coco-30k,A very nice bathroom with toilet and mirror. ,50254,210855
4886,coco-30k,"Photograph of an outdoors zone that looks unbelievable.
",63229,561121
4887,coco-30k,A look of a bathroom sink through an open door.,61498,87929
4888,coco-30k,"This is a thing that is straightforward and plain.
",23098,494991
4889,coco-30k,There are diffrrnt Apia ces in the kitchen,75230,275695
4890,coco-30k,a traffic light on a pole on a side walk,42645,168455
4891,coco-30k,a close up of a dog near a bowl,77960,205834
4892,coco-30k,a desk with a banana a keyboard and a mouse,76416,267932
4893,coco-30k,"A full perspective of a restroom view with a few things.
",95601,504827
4894,coco-30k,An open door and a cat inside a house.,21127,228683
4895,coco-30k,A gang of bikers riding down a street next to tall buildings.,60533,342566
4896,coco-30k,The tiny white bathroom has a toilet and pedestal sink.,59546,237316
4897,coco-30k,A man walking across an airport next to a passenger jet.,67344,306908
4898,coco-30k,Between branches of a tree an airplane is rising in the sky.,64358,457131
4899,coco-30k,A man on a bicycle rides with his dog as a passenger in the back.,86391,225919
4900,coco-30k,a giraffe and a zebra are standing in a field,19717,238700
4901,coco-30k,A hot tub sitting under a window in a room.,47606,60203
4902,coco-30k,a living room with a chair near a tv,30944,373857
4903,coco-30k,A car that is sitting next to a building.,70766,563542
4904,coco-30k,A train is stopped at a station beside a traffic signal.,98473,346954
4905,coco-30k,A man riding a motorcycle down a street.,71073,523597
4906,coco-30k,A laptop computer sitting on top of a table.,57753,464476
4907,coco-30k,A man that is holding an umbrella in the grass.,66583,18666
4908,coco-30k,A cat walking through a kitchen by a eating tray.,81293,491216
4909,coco-30k,A street scene looking down at cars and motorcycles parked.,51732,93314
4910,coco-30k,A couple snugging together on a wooden bench.,6116,202653
4911,coco-30k,A person holding a computer mouse next to a keyboard.,46691,146504
4912,coco-30k,A man riding a vintage motorcycle down a street.,65985,477853
4913,coco-30k,A black motorcycle sits on a paved surface.,36440,346259
4914,coco-30k,A kitchen table with two chairs against a wall.,54284,130030
4915,coco-30k,"A photo of an outside with various things in the scene.
",65679,229747
4916,coco-30k,A white toilet sitting inside of a bathroom.,50511,540619
4917,coco-30k,A van is traveling through a green light of an intersection. ,93135,578848
4918,coco-30k,A chair that is placed in an alley way. ,99527,396209
4919,coco-30k,A man that is standing next to a bike.,66929,390298
4920,coco-30k,A young boy working on a wooden bench.,27692,434410
4921,coco-30k,Some animals are attacking a white car in the middle of nowhere. ,33257,529004
4922,coco-30k,"A living room has a television, a table, and a painting.",97272,150830
4923,coco-30k,People behind a barricade watch a man ride a motorcycle.,5461,371365
4924,coco-30k,"a miniature kitchen with a little fridge, stove and small table and stools",85244,28239
4925,coco-30k,A man is posing for a great photo shop. ,5029,12896
4926,coco-30k,A white toilet sitting next to a shower.,769,164242
4927,coco-30k,a toilet with no tank attached to the wall,13426,531167
4928,coco-30k,A small sink inside of a very clean and white bathroom. ,15705,241528
4929,coco-30k,A store selling both ripe and unripe bananas.,48767,477919
4930,coco-30k,A series of photos showing different restroom items.,60542,330265
4931,coco-30k,A baby standing next to a  toilet with it's lid down.,77771,227852
4932,coco-30k,A man is riding a bike and talking on his cell phone. ,33784,239130
4933,coco-30k,A bike sitting In a glass window in a building,7699,401550
4934,coco-30k,A white sink in a bathroom next to a toilet.,25817,449731
4935,coco-30k,A row of motorcycles parked in front of a building.,89003,394240
4936,coco-30k,Two people on motorcycles are at an intersection in a rural area.,69510,229317
4937,coco-30k,A toilet with a lot of debris around the base. ,87484,244240
4938,coco-30k,A bath tub sitting next to a toilet under a window.,1014,240111
4939,coco-30k,A young man sitting on top of a white bench.,8139,132587
4940,coco-30k,A bicycle on a road with a motor bike at the front,3905,564132
4941,coco-30k,A man kneeling with his dog in the snow.,85315,357542
4942,coco-30k,a silver jet fighter is flying upside down and some cliffs,26140,464181
4943,coco-30k,A person standing near two cars is watching a jet take off from a field.,96757,153038
4944,coco-30k,A woman cooking food on a stove while a dog watches.,14315,558671
4945,coco-30k,"A tv, chair, side table, and other living room items in the dirt. ",13080,500568
4946,coco-30k,A man posing for a picture beside his bike. ,53315,98043
4947,coco-30k,"The room is filled with remarkable items well suited.
",39182,391253
4948,coco-30k,A fighter jet flying through a blue sky with smoke behind it.,91127,53454
4949,coco-30k,A table with a plate of food and a urinal basin,15543,325114
4950,coco-30k,A car with an argyle racing stripe in the rain. ,69547,415904
4951,coco-30k,An airplane getting ready to take off at the airport,86337,550055
4952,coco-30k,A man is smiling for the camera while standing in a kitchen.,47040,466986
4953,coco-30k,A motor bike parked in front of a building with a cover on it ,12123,391637
4954,coco-30k,A view of a couple types of toilet items.,47816,224742
4955,coco-30k,a small metallic toilet in a tile bathroom,25241,575606
4956,coco-30k,a motorcycle is parked near a building by the curb,66951,147758
4957,coco-30k,a small white toilet is in a tiny bathroom,24212,160283
4958,coco-30k,a fancy bathroom with some tile walls ,43148,514914
4959,coco-30k,a brown and black counter a bath tub and a mirror and cups,43107,298732
4960,coco-30k,a black motorcycle parked carrying a folding bicycle,34175,325557
4961,coco-30k,A long line a men on bicycles in a race.,77596,442726
4962,coco-30k,A bathroom has a floating toilet and sink and a walk-in shower.,81747,179921
4963,coco-30k,people standing outside a building with clocks built into the side of it,87558,378657
4964,coco-30k,A toilet has several toilet paper roll dispensers.,87296,534300
4965,coco-30k,Sever airplanes are parked on an airport runway.,33344,320324
4966,coco-30k,A man riding an elephant into some water of a creek.,9918,384553
4967,coco-30k,A plain bathroom with toilet and bath tub,50317,186079
4968,coco-30k,Many buses driving down the street in a city with buildings. ,32755,288435
4969,coco-30k,Many planes are parked on a plane run way,25598,498666
4970,coco-30k,Woman stirring boiling pan of food on back burner.,75669,461256
4971,coco-30k,the back of an air plane flying through a blue sky,73759,500058
4972,coco-30k,A large white bathroom with large sink and windows.,35868,442428
4973,coco-30k,A basket of flowers on the counter of a bathroom.,1872,449950
4974,coco-30k,"There is a classic, black automobile sitting in a showroom. There are people looking at it in the background. ",88103,315501
4975,coco-30k,A man stares at another man tying a tie.,61183,163289
4976,coco-30k,A person shows two bowls full of different fruits,22296,489305
4977,coco-30k,A woman lies on the ground under a suitcase.,72677,233370
4978,coco-30k,Several sinks lined up by a brick wall ,7552,13432
4979,coco-30k,A red car driving down a mountain road next to a herd of sheep.,93303,7414
4980,coco-30k,A city street filled with lots of traffic line with tall buildings.,78954,509675
4981,coco-30k,A street scene with many people on motorbikes. ,13779,490629
4982,coco-30k,A group of men riding motorcycle down a country road.,33850,503707
4983,coco-30k,A vase filled with white flowers on top of a table.,89166,90753
4984,coco-30k,A man in white swim trunks preparing to go in the water.,11662,534122
4985,coco-30k,A woman holding up measuring cups and a cat watching on the counter.,27470,114239
4986,coco-30k,"A macaroni dish with broccoli, onion and tomato",84165,25708
4987,coco-30k,A man sits at a desk and uses a laptop on it,63601,96832
4988,coco-30k,A blue and black motorcycle has a leather seat.,98291,282150
4989,coco-30k,a massive variety of pots and other objects are displayed along a long kitchen counter with a sink and a clock on the wall.,60965,156278
4990,coco-30k,A man standing in front of a mirror above a counter.,96230,80733
4991,coco-30k,A cat sitting between two bikes  sitting next to each other.,30505,109055
4992,coco-30k,A couple riding a motorcycle down a street.,36789,540806
4993,coco-30k,A man filling jugs with water from a bathroom sink.,10250,382999
4994,coco-30k,Horses communing with each other on a shady street.,39870,17178
4995,coco-30k,A brown kitchen table with four chairs next to a counter.,63353,137475
4996,coco-30k,A bedroom with a large bed sitting under a painting.,94501,178671
4997,coco-30k,A professional motorcycle driver riding his bike on the track.,88154,374487
4998,coco-30k,A cross walk crossing a street with lots of traffic.,25282,517674
4999,coco-30k,A bird perched on the back of a white bench.,18124,328433
5000,coco-30k,A white toilet sitting under a bathroom window.,32128,134649
5001,coco-30k,A black cat is sitting in a bathroom sink.,11541,501523
5002,coco-30k,A woman takes a selfie picture with a giraffe in the background.,90880,315018
5003,coco-30k,Raw mango and orange and ripe bananas in a bowl,64326,352618
5004,coco-30k,a dark living room with some light from the long windows and lights on the mantle ,38837,270603
5005,coco-30k,It's wondrous how that big airplane manages to stay up in the sky.,50433,407826
5006,coco-30k,A busy intersection with many cars and traffic lanes lies beneath an overpass.,16835,553879
5007,coco-30k,A toilet bowl with a tall white tank has a plunger type flush button.,4008,96492
5008,coco-30k,Someone has crawled under the plane to check that everything is operational.,64116,139871
5009,coco-30k,A kitchen with a microwave oven next to a stove top oven.,6786,408805
5010,coco-30k,The chef is preparing many flatbread pizza's for the lunch crowd.,30782,357743
5011,coco-30k,Man bending down to check out a model plain that is parked in the grass,69122,150410
5012,coco-30k,two hairy dogs lying on a bed cover looking,34841,383780
5013,coco-30k,The kitchen has shiny counter tops and brown wood-grain cabinets.,26172,482022
5014,coco-30k,Putting a used toilet out with the trash is certainly not appropriate.,13381,279024
5015,coco-30k,"A bathroom with walk-in shower, deep tub and sink overlooks other townhouses",24255,192291
5016,coco-30k,The single propelleor airplane slowly takes off from the airport.,27438,40485
5017,coco-30k,A modern bathroom with hardwood flooring and counter tops. ,84156,389804
5018,coco-30k,A cat laying in a green bowl on a wooden table.,38329,125850
5019,coco-30k,A motorcycle and people looking a travel vehicles.,9958,144300
5020,coco-30k,A baby sitting on a females lap staring into the camera.,96141,413552
5021,coco-30k,People are milling about on a city street. ,42873,308358
5022,coco-30k,A woman is standing in her kitchen posing for a photo. ,75300,303626
5023,coco-30k,"A bathroom is shown with a toilet, sink, and shower.",16242,77486
5024,coco-30k,A bathroom sink with wood finish cabinets. ,26620,67727
5025,coco-30k,"A bathroom sink with a toothbrush, soap dispenser and mirror.",56600,328091
5026,coco-30k,"A bathroom with a toilet, shower stall and a mirror.",54154,249356
5027,coco-30k,An assortment of flying objects including kites and airplanes hung inside a building.,17026,329946
5028,coco-30k,A motorcycle is sitting on the side of the road next to a sign. ,7556,454978
5029,coco-30k,Woman riding a bicycle on the road in the city.,50362,243825
5030,coco-30k,A white toilet sitting next to a white sink in a bathroom.,26238,34701
5031,coco-30k,A white toilet sitting in a bathroom next to a tile wall.,9287,256156
5032,coco-30k,A clean kitchen island with plants on the island.,57552,78260
5033,coco-30k,A man walking behind a row of parked cars holding an umbrella.,6973,536725
5034,coco-30k,A girl sits on a pillow thinking and writing into a notebook.,75040,87328
5035,coco-30k,A group of people standing around tables next to a jet.,97149,318778
5036,coco-30k,A person riding a pink motorcycle down a street.,71483,144795
5037,coco-30k,A pink motor scooter parked in a parking space.,52243,168890
5038,coco-30k,A white airplane parked on a runway under a blue sky.,56733,479912
5039,coco-30k,A long counter holding an assortment of coffee related items.,20977,407115
5040,coco-30k,a colorful motorcycle sitting next to a fence ,29165,408830
5041,coco-30k,"A green tile bathroom with sink, drawers, toilet, and window.",15270,132342
5042,coco-30k,A claw foot bathtub stands in the middle of a pristine white bathroom.,44249,573993
5043,coco-30k,A tie-dyed cyclist stands beside his bicycle in front of fellow cyclists.,31948,555622
5044,coco-30k,A kitchen that is kind of cluttered with lots of jugs.,28787,461030
5045,coco-30k,Two airplanes release smoke while flying near each other.,38683,215815
5046,coco-30k,A line of parked motorcycles with the edges of image blurred.,498,457848
5047,coco-30k,A small bathroom with marble tiles and counter.,26580,27982
5048,coco-30k,A pair of conjoined stalls in a public restroom,9839,555894
5049,coco-30k,Each of the three bathroom stalls have trash cans beside the toilets.,11174,141709
5050,coco-30k,An evening city scene with blurred images of cars driving by,76281,113251
5051,coco-30k,A variety of old motorcycles on display in a shop,66906,120810
5052,coco-30k,The sculpture is of five people in clown costumes riding one long bike.,35047,424464
5053,coco-30k,a clock on top of a building indicating that it is eleven o'clock,514,359148
5054,coco-30k,Giant statues of cows and a Ghana airplane,45160,504101
5055,coco-30k,The black cat is laying on top of books on the shelf. ,28776,214184
5056,coco-30k,A bicycle carries a cake from Dairy Queen on its back.,69066,234533
5057,coco-30k,A powder room in Morocco with an arched doorway and white towels on a brass stand.,16307,129988
5058,coco-30k,a cat lays down next to a glass with a straw in it ,33239,426101
5059,coco-30k,a black and white cat a chair and some bicycles,33172,371890
5060,coco-30k,a blue yellow and white jet parked and some grass,5140,298433
5061,coco-30k,a red and blue plan on the runway getting ready to get passengers ,27406,579158
5062,coco-30k,a group of people are crammed in a small area on motor bikes ,72909,41570
5063,coco-30k,A group of jets are flying together in a tight formation,60503,187989
5064,coco-30k,The cat was eating out of her bowl which was sitting on the floor.,99201,526721
5065,coco-30k,He was standing in the kitchen by the stove talking on the telephone.,8448,71306
5066,coco-30k,a big cat sitting in a little bowl ,56278,213445
5067,coco-30k,A moped is parked next to bicycles on a sidewalk.,75233,259830
5068,coco-30k,people walking around and looking at assorte motorcycles ,46239,171685
5069,coco-30k,cars wait on a street at a red light in a city,72667,102741
5070,coco-30k,A couple of giraffe standing on top of a field near a rock mountain.,54982,528232
5071,coco-30k,This basic kitchen has tools sitting on the floor,77679,248111
5072,coco-30k,a rainbow umbrella some bicycles a fence and some grass,37323,325867
5073,coco-30k,A close up of an orange in a red serving bowl.,793,123511
5074,coco-30k,A commercial Hawaiian airlines airplane from side view on pavement of airfield with a building in background.,9829,95561
5075,coco-30k,Some rocks are collected in a corner in this room,66800,264191
5076,coco-30k,A light blue airplane sits in the airport waiting to depart,40627,8005
5077,coco-30k,A biplane takes flight on a sunny day,11942,474788
5078,coco-30k,These scantily clad people are enjoying a party,15102,362778
5079,coco-30k,This green dufell bag sits next to a brown seat,20646,303365
5080,coco-30k,"A room with a Tv, potted plant, tables and chairs",22617,440475
5081,coco-30k,A large open room with a long white staircase.,22979,297620
5082,coco-30k,A young girl holding a colorful kite on a sandy beach.,66167,248965
5083,coco-30k,A large group of bicyclists on a city street.,94628,133608
5084,coco-30k,A group of avaitors standing on an airport runway.,19523,392144
5085,coco-30k,"The television, in a plastic cow, is on.",59668,180383
5086,coco-30k,A table set for a traditional Thanksgiving dinner.,9020,276127
5087,coco-30k,a man riding a dirt bike in the sand,16276,404263
5088,coco-30k,a man leaping into the air and holding a tennis racket,82,333756
5089,coco-30k,A large modern bathroom features an oversize tub and walk-in shower.,86415,323598
5090,coco-30k,A blue new motorcycle being shown off in a lot,51716,436968
5091,coco-30k,A car passes by to find a man outside near a TV.,7986,291380
5092,coco-30k,Woman on a motorcycle with a sidecar in front of scenic backdrop in a showroom.,53488,102356
5093,coco-30k,This is an empty table at a restaurant with ships in the background.,69605,341058
5094,coco-30k,a tree surrounded by a little bench with someone sitting on it,49522,72338
5095,coco-30k,a colofrul biplane flying above some trees ,22319,314493
5096,coco-30k,a brown and white cat sitting in a bathroom sink ,98188,178299
5097,coco-30k,A kitchen decorated in red and white with accessories.,15326,527759
5098,coco-30k,A man leans over his motorcycle and rests one hand on the leather seat.,80926,81103
5099,coco-30k,Many electronic wires pass over the road with few cars on it.,91057,309391
5100,coco-30k,A man stands in front of an airport with many airliners on it.,17536,418106
5101,coco-30k,The large room has a kitchen and a living space in it.,24508,118378
5102,coco-30k,He does have control of the motorcycle while pulling a wheelie.,76761,115314
5103,coco-30k,A mirror reflecting the image of a white kitchen oven.,21381,353817
5104,coco-30k,A person fills jars with orange slices from a large bowl.,46709,523100
5105,coco-30k,a man is sitting on a bike next to a bus,10677,312341
5106,coco-30k,the people are all in a restaurant some are sitting ,44872,36494
5107,coco-30k,A crowd stands around motorcycles parked beside each other.,65319,14321
5108,coco-30k,Two men are moving and speaking in a park.,14975,27611
5109,coco-30k,An view of a major city and cars traveling over a bridge.,60764,488789
5110,coco-30k,A microwave with a bowl of food inside it.,42625,461634
5111,coco-30k,A glass table with a laptop computer on top of it.,26807,441253
5112,coco-30k,A group of women standing next to each other in an office.,28674,96215
5113,coco-30k,Several men standing outside of small airplane with man retrieving luggage from cart.,11054,384114
5114,coco-30k,A giraffe that has its legs spread out.,35398,263881
5115,coco-30k,A motorcycle is parked on the sidewalk outside a tattoo shop.,89063,162114
5116,coco-30k,A red and white plane is sitting on the runway. ,96711,346759
5117,coco-30k,the person is sitting at a desk  with a television behind him ,63116,551334
5118,coco-30k,the room has a glass shower as well as a red cross kit,18251,379158
5119,coco-30k,A man sits with his bike on the beach,77958,145025
5120,coco-30k,The child stands beside a toilet bowl with a light inside it.,58226,306755
5121,coco-30k,A store with a taxi and bus parked out front,83220,258112
5122,coco-30k,A woman riding a bike with a basket on it.,68817,144333
5123,coco-30k,Your guess is as good as mine as to what these objects are.,96459,348216
5124,coco-30k,"A game at an outdoor fair called ""Ball In The Bog""",28229,110042
5125,coco-30k,A picture of a messy desk with an open laptop.,76996,9527
5126,coco-30k,A couple of giraffe standing around a tree.,44915,504487
5127,coco-30k,A large group of people on bikes on a road.,40994,241291
5128,coco-30k,a small bathroom with a toilet in it,31441,355418
5129,coco-30k,A white toilet filled with bags of garbage.,34578,250246
5130,coco-30k,A small bed laying on top of a table.,66318,524361
5131,coco-30k,A dog driving a car down a street past a truck.,66745,521869
5132,coco-30k,A small white airplane flying high up in the sky.,81303,137031
5133,coco-30k,A city street at night filled with lots of traffic.,96367,265243
5134,coco-30k,A toilet and towel rack are in a bathroom.,78972,117914
5135,coco-30k,A white cake with chocolate being poured over the top of it.,62123,392991
5136,coco-30k,A woman playing  with a toilet seat and putting a normal chair over it.,92199,149780
5137,coco-30k,A woman holding onto a pink bag of luggage.,98823,530207
5138,coco-30k,A bathroom that has a special shelf for towels. ,44362,220741
5139,coco-30k,A man in a dress riding a tiger motorcycle.,29595,98656
5140,coco-30k,A wooden door in front of an entrance next to a black cat.,40249,466339
5141,coco-30k,A person is driving a speedboat quickly through the water.,73848,301641
5142,coco-30k,A herd of sheep standing on top of a grass covered field.,45543,437931
5143,coco-30k,The woman stands cooking at a pot over a fire.,2731,268059
5144,coco-30k,The woman is tying her shoe on a bench next to a parked bicycle.,10036,328818
5145,coco-30k,A white toilet sitting in a bathroom under a white cabinet.,77705,389128
5146,coco-30k,There is an indoor toilet underneath a sign that says please flush. ,86092,394328
5147,coco-30k,The dog with a cartoon collar is looking out of a car window.,63211,35489
5148,coco-30k,A man on a motorcycle going down the street.,39841,421370
5149,coco-30k,A couple of people standing at a counter with some food.,56335,225913
5150,coco-30k,a toilet sits next to a shower an sink ,85738,72428
5151,coco-30k,A view of a kitchen with a bunch of cleaning supplies around it.,98663,538934
5152,coco-30k,A cat climbing into a cat door on a wall.,57495,456292
5153,coco-30k,The jet is flying high in sky threw the sun,35431,294030
5154,coco-30k,This is a case full of yellow bananas. ,12733,74331
5155,coco-30k,A teenager wheeling a suitcase down a crowded street.,81340,101491
5156,coco-30k,A man sitting on a green bench in the park,28903,198645
5157,coco-30k,A dog is posing on top of a motorcycle. ,14754,263146
5158,coco-30k,This is an air show put on by the US Navy Blue Angels. ,96298,306229
5159,coco-30k,This photo has a blurry background but you can see some nice wooden benches in the foreground.,43355,119861
5160,coco-30k,Extra hands would be a help for this messy kitchen.,12774,264032
5161,coco-30k,A cat sits curiously perched in an empty cup,92281,459598
5162,coco-30k,A toilet with a red seat sitting next to a paper towel dispenser.,75632,82530
5163,coco-30k,A cat and a metal bowl on a wooden platform.,89178,226360
5164,coco-30k,a couple of buildings near a busy street,94905,178331
5165,coco-30k,a painting is hanging over a television in a room,19930,188818
5166,coco-30k,A dog is getting its picture taken from the driver's seat,63137,187349
5167,coco-30k,a shelf with a bunch of stuff on it,78706,334050
5168,coco-30k,A man races a motorcycle on a track.,16499,285192
5169,coco-30k,All of the people have their motorcycles parked.,62435,387773
5170,coco-30k,A white sink on a counter in a room.,85224,307784
5171,coco-30k,a small plane is flying in the sky,54122,286202
5172,coco-30k,Benches line the sidewalk of a city park in autumn.,97120,33647
5173,coco-30k,A man is taking a picture of his bathroom sink.,39236,22656
5174,coco-30k,A red headed boy sits hugging his Black Labrador dog.,28874,378561
5175,coco-30k,a woman is standing at a sink in a kitchen,70058,242365
5176,coco-30k,a wax head is looking out of a car window,30248,560474
5177,coco-30k,a woman is holding a spoon in a kitchen,83065,523660
5178,coco-30k,a mirror that has a big white sink on it,63675,238355
5179,coco-30k,Lots of people stand in a busy kitchen.,82715,290750
5180,coco-30k,The table  top was white with brown chairs,46899,496099
5181,coco-30k,Vegetables are displayed in a wooden barrel outdoors.,43903,579664
5182,coco-30k,A toilet is sitting in an empty bathroom with a shower.,98867,461692
5183,coco-30k,The plane was flying high near the flag in the air,12253,469174
5184,coco-30k,A person wearing a helmet is riding a motorcycle on a dirt road. ,18251,157417
5185,coco-30k,a bike chained to a metal pole on the sidewalk,99963,148668
5186,coco-30k,A motorcycle parked on the pavement near a building.,74137,297147
5187,coco-30k,a woman riding a little pink motorcycle by a car,44011,558587
5188,coco-30k,A blue van is parked next to a broken fire hydrant.,12811,384849
5189,coco-30k,a pink suitcase is in the back of a vehicle,55585,510782
5190,coco-30k,Two vintage motorcycles sitting in the grass on display.,20235,507187
5191,coco-30k,A person on a skateboard and bike at a skate park.,55193,87038
5192,coco-30k,A foot pushing a flush button in a blue tiled bathroom.,29538,280972
5193,coco-30k,a cup with toothbrushes and toothpaste and some soap,42541,369128
5194,coco-30k,The crowd is waiting for the event to begin.,60474,461248
5195,coco-30k,"A man with  a green hat, glasses, an Oregon State t-shirt, and blue jeans sits on a closed toilet.",15705,564163
5196,coco-30k,two trains go side by side down a street,43352,71345
5197,coco-30k,"A ""Virgin Records"" train next to a blue, yellow and red train at a subway station. ",50196,291067
5198,coco-30k,Table with water pitchers and bowls of fruit against the wall in huge kitchen,89400,188136
5199,coco-30k,A kitchen has a stove with cupcakes on top of it.,81974,526030
5200,coco-30k,A worn and a new sign for the same Mexican food restaurant.,96541,260657
5201,coco-30k,A white passenger train passing a parking lot at night.,6401,228942
5202,coco-30k,A cozy bed stands between two windows within an upstairs bedroom.,99878,70813
5203,coco-30k,A man and two women are standing beside an airplane.,2220,554459
5204,coco-30k,A picture of the entrance to an old house.,82249,464689
5205,coco-30k,A young man sitting on the windowsill of a store front talking on his phone.,79662,172315
5206,coco-30k,A CLEAN AND COLORFUL BATHROOM WITH A LARGE MIRROR,56694,325423
5207,coco-30k,"A small bathroom with a toilet, trash can and toilet brush",53619,245659
5208,coco-30k,An old rusty bus is parked next to a small church,58323,128262
5209,coco-30k,A small green car has a plaque with writing in front of it. ,44152,296012
5210,coco-30k,A kitchen with white cabinets and a grey counter top.,58972,213091
5211,coco-30k,A man is sitting on a motorcycle while a young girl looks at a helmet.,17266,441453
5212,coco-30k,a squat toilet inside of a small stall.,79306,260107
5213,coco-30k,A man wearing a suit and tie and red hat with a silver buckle.,87708,58539
5214,coco-30k,Two airliners on the snowy runway of an airport,14144,315672
5215,coco-30k,The bus stop is lined up with buses and people walking on the sidewalk. ,36353,62726
5216,coco-30k,a man that is in a store with a cell phone,65729,442417
5217,coco-30k,A man holds a controller and keyboard with his hands,47252,108026
5218,coco-30k,Two cats are shown sitting on a toilet.,50099,303099
5219,coco-30k,The woman is working on her laptop while the man is on the cell phone.,48192,493509
5220,coco-30k,There is a bowl of fresh fruit on the table.,95550,578203
5221,coco-30k,a lady that has a bowl in her hand,35843,485844
5222,coco-30k,The people are all watching and listening to the bikers on the corner of the road,82978,375450
5223,coco-30k,This photo shows a man in a chair with a toddler next to him.,25650,393777
5224,coco-30k,"A bathroom with a glassed in tub, toilet and sink",37611,246263
5225,coco-30k,A renovated kitchen with stainless steel appliances and a huge stove,37749,347558
5226,coco-30k,a man that is riding a bike on some concrete ,39793,111409
5227,coco-30k,A small bathroom with a shower curtain and toilet,17013,60364
5228,coco-30k,A cyclist pauses near the water to observe a canoe.,22716,395180
5229,coco-30k,a motorcycle is parked on the side of the street,13726,473936
5230,coco-30k,A person that is riding a dirt bike. ,11227,542101
5231,coco-30k,A woman is seen cleaning a perfectly white bathroom.,51774,32947
5232,coco-30k,Ornate cabinet displayed next to kitchen sink in residence.,12432,94317
5233,coco-30k,The living room has a dog sitting on the floor watching the television. ,81129,179441
5234,coco-30k,A cat is drinking water from the toilet bowl,74480,572075
5235,coco-30k,People are crossing the street through the crosswalk.,76651,515056
5236,coco-30k,An American Airlines airplane is sitting on the runway,21399,216115
5237,coco-30k,A small bathroom stall with a toilet and seat covers,17561,242907
5238,coco-30k,A person is shown riding a bicycle down the side of the road.,80650,158795
5239,coco-30k,A man riding on the back of a motorcycle next to another man.,35484,484450
5240,coco-30k,The organized kitchen of a busy family in a suburban home,98630,553129
5241,coco-30k,Close up of the flower extending from a banana tree stalk,53081,154633
5242,coco-30k,An airplane can be seen flying through cloudy skies.,33372,173737
5243,coco-30k,Three white urinals mounted to a bathroom wall.,14167,348045
5244,coco-30k,an all white and marble bathroom with a toilet and a sink in frame ,45372,252610
5245,coco-30k,point of view shot of man using a small urinal in bathroom,9649,306159
5246,coco-30k,A number of people riding bicycles in a metropolitan area.,63545,140197
5247,coco-30k,A giraffe eating leaves from a giant rock.,13943,48956
5248,coco-30k,A man on a motorcycle waits at the traffic light,9326,205002
5249,coco-30k,A kitchen filled with lots of counter top space.,64626,10844
5250,coco-30k,A white toilet sitting next to a brown chair.,76,287320
5251,coco-30k,a glass walled shower in a home bathroom,83998,374707
5252,coco-30k,A train passing by a field with a grounded airplane,75604,446113
5253,coco-30k,"Cars, truck and carriages are traveling on the road",88495,367680
5254,coco-30k,a bathroom with a toilet with a sink,83506,371883
5255,coco-30k,a living room with some fancy curtains behind a couch ,3029,244754
5256,coco-30k,a bathroom with a big mirror above the sink,72170,58029
5257,coco-30k,A keyboard and mouse along with other items on the desk ,63596,567686
5258,coco-30k,The plane is flying high in the sky.,76303,128461
5259,coco-30k,a boat filled with people going down a river,71607,248334
5260,coco-30k,two women stand on a train platform waiting to board.,84582,217312
5261,coco-30k,A white ceramic sink next to a toilet.,62900,299550
5262,coco-30k,Many planes are arranged in a large building.,74729,264683
5263,coco-30k,a man that has a pan on a stove,64560,253579
5264,coco-30k,A person is riding a motorcycle with dogs in a cage on the back of it.  ,20495,20748
5265,coco-30k,"A bathroom contains a toilet, a sink and a bathtub.",74058,268395
5266,coco-30k,a line of cars with a motorcycle in front,33100,178078
5267,coco-30k,a kitchen with a big sink and a rack for the pots,87908,510707
5268,coco-30k,A small bathroom has a toilet and litter box.,13098,484587
5269,coco-30k,This room has a wall with a mural on it.,55288,24053
5270,coco-30k,a person in a kitchen preparing food on a pan,49408,42620
5271,coco-30k,This is a colander with green apples in it.,1204,195113
5272,coco-30k,This is a view of mountains of a airplane.,89620,340398
5273,coco-30k,two large air planes on a run way,97437,524011
5274,coco-30k,Silver and red airplane flying through the air alone. ,52869,482907
5275,coco-30k,Two glass bowls of oranges add up to more than enough.,42813,529966
5276,coco-30k,Bird standing on car roof near covered pavilion.,93845,508602
5277,coco-30k,a boy carrying a big bag of food across his shoulders ,82691,44312
5278,coco-30k,These toilets are being used outside as decor,7836,482100
5279,coco-30k,Plane flying in sky above power line wires.,40017,490294
5280,coco-30k,This bathroom has a sleek counter top that wraps around the toilet.,98774,448320
5281,coco-30k,"On a TV screen, a dog is lying on the floor in front of a large picture with a dog's head on it.",67172,490869
5282,coco-30k,This bathroom has gray walls and white fixtures.,22922,523426
5283,coco-30k,This shot is of a crowded highway full of traffic,3077,61181
5284,coco-30k,A young man standing next to a bike,42068,101656
5285,coco-30k,Stacked washer dryer in kitchen near fridge and stove.,8569,97427
5286,coco-30k,stuffed animals are sitting together in a street corner,22360,119802
5287,coco-30k,This studio apartment has a twin size bed by the wall.,13552,70192
5288,coco-30k,There are many cars parked next to the ship.,51012,254919
5289,coco-30k,A giraffe behind a wire fence in a zoo.,538,360910
5290,coco-30k,The men are in the kitchen preparing the meal.,33465,170178
5291,coco-30k,a kitchen that makes food has pots and pans.,11216,418175
5292,coco-30k,A female wearing winter clothing standing next to a tent inside an unfinished building.,88823,445567
5293,coco-30k,a green train that is sitting on a train track,91711,528811
5294,coco-30k,this clean bathroom has all white fixtures in it,89255,304355
5295,coco-30k,a dining room table that is in a room,36708,392892
5296,coco-30k,a man is doing a jump on his board,42378,525227
5297,coco-30k,Whatever is in the cup does not please this woman.,93192,272253
5298,coco-30k,A stoplight and utility lines with a brick building.,27400,571504
5299,coco-30k,A modern bathroom is designed to be useful.,40548,106193
5300,coco-30k,Benches surround a pond in a park in autumn.,90790,560893
5301,coco-30k,A huge crowd is walking down one side of a street.,21477,377832
5302,coco-30k,The lights are on above the mirror of the bathroom sink.,26919,472445
5303,coco-30k,An adult and a child cross the city street at night.,74005,59732
5304,coco-30k,A man is staring out of a boat window.,64422,4772
5305,coco-30k,A plane is parked in an airport field.,62824,500049
5306,coco-30k,a pink toilet in a small flower patterned bathroom stall,56358,213309
5307,coco-30k,A man in a red shirt in a bathroom with two mirror and a photo,87828,15810
5308,coco-30k,A man is standing in a train in a train station.,28083,66717
5309,coco-30k,Two eyes peeping through two doors with a floor,34000,305159
5310,coco-30k,a person standing next to a parked motorcycle on a field ,77180,224322
5311,coco-30k,A bathroom with tan walls and fake tiled flooring. ,75568,24845
5312,coco-30k,"A bathroom with a sink, a fan and a mirrored medicine chest.",48464,235404
5313,coco-30k,An old man holding a plaque next to a motorcycle.,90920,67078
5314,coco-30k,A room with a desk and dresser holding a tv,48137,578343
5315,coco-30k,"A bathroom with a shower curtain, a toilet, a sink and cabinets.",91249,485452
5316,coco-30k,A large white castle like building with a statue in front. ,36249,448983
5317,coco-30k,A kitchen sink with cupboards of dishes stored above it.,39397,449296
5318,coco-30k,A motorcycle is parked in the gravel alongside a street.,14994,282130
5319,coco-30k,a person carrying their surfboard while walking along a beach,2655,323951
5320,coco-30k,A grey brick building with snow outside. ,59623,461092
5321,coco-30k,A group of people standing around a kitchen next to appliances.,90462,32932
5322,coco-30k,"A bathroom area with a tub, shelves and a sink.",98692,114303
5323,coco-30k,A grey motorcycle on dirt road next to a building.,57854,462756
5324,coco-30k,A group of smiling young children sit at a table in the library.,43613,243600
5325,coco-30k,A stone clock tower juts out from the fog below.,26655,142581
5326,coco-30k,A bike and a dog on the sidewalk outside a red building.,87103,49097
5327,coco-30k,"A man takes a picture in the bathroom mirror
",73725,229643
5328,coco-30k,a view of an air plane wing in the air ,77313,108169
5329,coco-30k,a bath room with a toilet and toilet paper ,89121,129322
5330,coco-30k,"A doorway view with a toilet, shower and a sink.",58113,373793
5331,coco-30k,a close up of a toilet with tiled walls ,60724,554900
5332,coco-30k,A bathroom with a white toilet sitting next to a  white tub.,14661,557677
5333,coco-30k,Petals gather along the edge of a pond in front of two park benches.,14960,381576
5334,coco-30k,A white toilet sitting below a bathroom window.,11963,173490
5335,coco-30k,Various items used for cooking a recipe atop a clean table.,41681,206147
5336,coco-30k,there is a cat sitting on a table next to a bike wheel ,7289,257036
5337,coco-30k,Several motorcycles lined up in a row in front of a old building.,46375,109323
5338,coco-30k,A man flying through the air while riding a skateboard.,27607,215151
5339,coco-30k,there are cars coming down the street to a green light,29241,35148
5340,coco-30k,A woman sits on a table and portrays a time gone by. ,34562,468027
5341,coco-30k,A old bench next to an old building.,63334,359203
5342,coco-30k,"A kitchen with a stove, oven, cabinets and blender.",98263,369082
5343,coco-30k,Large motorcycle sitting on a grassy area in a line.,40190,262161
5344,coco-30k,a man is riding a white bike down the street,4855,10393
5345,coco-30k,A person standing in a bathroom next to a white toilet.,43056,310543
5346,coco-30k,an old black and white photo of cars parked near a building ,89495,567197
5347,coco-30k,a brown wood counter with sink in a bathroom,28788,152298
5348,coco-30k,A man holding a book while sitting down.,92827,20161
5349,coco-30k,a person sitting on a bike near many other parked bikes ,8331,365652
5350,coco-30k,A giraffe leaning up to a tree to chew on a branch.,32705,456756
5351,coco-30k,Small woman with a cooking apron around her waste reaching into the oven and pulling out a plate of food.,45516,321811
5352,coco-30k,Small boy on a skateboard riding down the street way.,70314,539565
5353,coco-30k,The adult giraffe is standing near a metal fence.,90479,248810
5354,coco-30k,A standing toilet sitting inside of a bathroom stall.,14252,25014
5355,coco-30k,Two men herding a pack of elephants across a field.,55007,173799
5356,coco-30k,A bathroom shower with towel hanging from the door.,92313,396295
5357,coco-30k,The girl in this picture is not wearing many clothes.,93145,279149
5358,coco-30k,A room with a large cabinet filled with white towels.,51439,370818
5359,coco-30k,A white toilet bowl with a plunger standing near it,25196,6861
5360,coco-30k,An office cubicle with two computers on the desk,69948,527497
5361,coco-30k,A bunch of bananas sitting on top of a tiled floor.,82443,398818
5362,coco-30k,The woman is in the kitchen preparing a meal.,87205,293148
5363,coco-30k,A bathroom sink sitting under a mirror sitting next to a toilet.,4100,186822
5364,coco-30k,The man is riding his motorcycle while smoking a cigarette. ,60181,461751
5365,coco-30k,The two men are riding their motorcycles in the parking lot.,64880,339022
5366,coco-30k,A herd of giraffe standing around a lush green tree.,13113,86559
5367,coco-30k,A dog herding a group of sheep in a meadow,81156,225184
5368,coco-30k,AA tennis player sitting down drying himself off,5868,175864
5369,coco-30k,a baby giraffe sniffs an adult giraffe ,60111,112164
5370,coco-30k,A view of a bunch of sheep lined up with a man behind them.,56174,335631
5371,coco-30k,A little boy riding his bike and wearing a helmet,8677,210299
5372,coco-30k,A toilet and sink side by side in a bathroom and a mirror. ,81448,431140
5373,coco-30k,A man riding a bike down a street.,8933,69189
5374,coco-30k,A close-up shot of a metal squat toilet.,83774,305412
5375,coco-30k,A cat with its paws halfway into an open toilet.,40422,184557
5376,coco-30k,"A double headed shower, with the curtain open.",31318,510852
5377,coco-30k,This is the inside of someone's deejay station.,91620,316842
5378,coco-30k,A man is cooking food at an island with wine glasses and bottles with women watching.,35508,374430
5379,coco-30k,A large pitcher of some beverage is on the table next to orange slices.,13691,452684
5380,coco-30k,A bathroom door is open showing a shower with the shower curtain mostly open.,30078,163628
5381,coco-30k,A kitchen with a very messy counter space.,1145,7574
5382,coco-30k,An orange lying next to a green utensil.,12242,563730
5383,coco-30k,A cat is laying in front of a laptop and a monitor.  ,88661,137412
5384,coco-30k,BMX bikers waiting in sandy area for something with gear to ride.,21187,375554
5385,coco-30k,Columns of black motorcycles in front of very old buildings.,58950,572630
5386,coco-30k,An empty modern kitchen is lit at night,73613,227952
5387,coco-30k,a lady that is i a blue towel laying down,2544,287190
5388,coco-30k,A kitchen with a black automatic dishwasher next to a  doorway.,86585,9236
5389,coco-30k,A white car with chrome rims parked next to an older lady.,74806,463203
5390,coco-30k,A modern toilet is seen in this picture.,54688,204188
5391,coco-30k,a couple of giraffes are standing on a trail,94661,12319
5392,coco-30k,A bathroom with blue and white tiles and a white toilet,87533,209322
5393,coco-30k,"A dog being washed in a tub, with a sad look on its face.",95428,329011
5394,coco-30k,A family is in the kitchen preparing a meal.,82541,450359
5395,coco-30k,a man is shaving in a mirror in a bathroom,3187,130732
5396,coco-30k,People in a hall with a camera taking a picture,5567,176857
5397,coco-30k,A kitchen with brown cabinets and white appliances.,98333,241599
5398,coco-30k,"A view of a mirror with a stop sign, in the back.",76935,574242
5399,coco-30k,A man riding on the back of a motorcycle down a street.,68224,344125
5400,coco-30k,A woman is sitting on a bench with a dog behind her.,68523,349642
5401,coco-30k,A big teddy bear on a black motorcycle. ,17236,5965
5402,coco-30k,The front of a motor cycle against a black and white tiled floor.,81531,418288
5403,coco-30k,Red ties hanging like nooses in a museum. ,88826,430791
5404,coco-30k,A small child is sitting on a toilet with an electronic device.,18819,340034
5405,coco-30k,a man sitting on a motorcycle in a bike shop,67943,409970
5406,coco-30k,The refrigerator is cluttered with several different materials.,60295,228335
5407,coco-30k,A cyclist and bus splash past one another on the street.,7370,12993
5408,coco-30k,A family of giraffes stand together beside a wood fence.,83053,553081
5409,coco-30k,A TV showing two men in hats and women.   ,82841,342367
5410,coco-30k,A giraffe stand alone in a zoo during the day. ,10113,260883
5411,coco-30k,a kitchen with a green rug sitting on a tile floor ,65232,280857
5412,coco-30k,A man sitting on top of a bench in front of a street.,40694,209782
5413,coco-30k,A bathroom with a sink under a mirror.,74886,560794
5414,coco-30k,A bathroom sink with lots of lights above it.,73715,96998
5415,coco-30k,A group of men sitting next to each other.,23313,84530
5416,coco-30k,A cow standing outside of a white building with a blue entrance.,19772,545958
5417,coco-30k,A young cat with a beautiful coat standing alone. ,76904,309160
5418,coco-30k,A group of people riding on the backs of motorcycles.,24381,231855
5419,coco-30k,A very tall building sitting along side of a street.,39943,361142
5420,coco-30k,a couple of people are sitting on a wood bench,86124,565085
5421,coco-30k,A Miami Air airplane flies against a blue sky.,82707,207323
5422,coco-30k,An old clock bordered by a tire in front of a rusted door.,89454,450452
5423,coco-30k,Several bench seats lined up in the car of a vehicle.,46809,578168
5424,coco-30k,Kitchen utensils and appliances have been left unattended,15289,78266
5425,coco-30k,a kitchen with cabinets and counter tops sitting on a tiled floor,51243,294595
5426,coco-30k,A restroom with toilet basins and a mirror,23813,78554
5427,coco-30k,Two men riding horses near a wooden fence.,20614,529344
5428,coco-30k,a black and white photo of a male sitting on a bench,63489,189103
5429,coco-30k,A bright blue and white AMX jet is in the clear sky.,11627,213412
5430,coco-30k,A woman rides a bicycle down a narrow corridor in an indoor Asian market,70335,488592
5431,coco-30k,A bunch of different bikes on a wooden floor.,22074,55022
5432,coco-30k,Planes lined up at an airport with the city skyline in the background.,39864,460373
5433,coco-30k,A man sitting on a toilet with a cigarette and beer can in hand.,99971,474095
5434,coco-30k,a jet airplane parked in the airport next to a building,47423,239992
5435,coco-30k,A man and a dog ride in a convertible.,73712,444576
5436,coco-30k,A toilet and toilet paper roll sit in a partially constructed bathroom.,91224,460944
5437,coco-30k,Animals surrounding a car and making a large mess.  ,22161,459922
5438,coco-30k,A small bathroom with a roll of toilet paper and a toilet,15183,77813
5439,coco-30k,A man is feeding a griaffe off of the stand,71648,551959
5440,coco-30k,A small child watching home videos on T.V.,55994,567254
5441,coco-30k,Cooking utensils in a glass next to an oven.,20126,443949
5442,coco-30k,People are walking and riding motorcycles on the street,25508,296649
5443,coco-30k,A toilet with the seat down in a tiled room. ,75826,251797
5444,coco-30k,Two jets fly overhead while the crowds look,58737,91667
5445,coco-30k,Two birds going up the back of a giraffe. ,20064,126502
5446,coco-30k,A pair of stuffed animals sitting on a bench in front of lake Michigan.,45491,140908
5447,coco-30k,Several animals walking on a road with cars behind them. ,33533,277542
5448,coco-30k,"A sink with a toothbrush holder, soap and a mirror around it. ",67712,231732
5449,coco-30k,A kitchen with lots of bottles and glasses on top of it.,58676,327047
5450,coco-30k,A white bathroom sink sitting under a bathroom window.,53879,90108
5451,coco-30k,A dog is looking out the door to the outside,55458,30611
5452,coco-30k,A large giraffe is looking at a person from the other side of the vehicle. ,18644,367860
5453,coco-30k,Men and women are riding on motorcycles on the street,82491,392392
5454,coco-30k,A couple of men peeing in public urinals.,18866,532735
5455,coco-30k,A motorcycle near a curb with a building in its mirror. ,51463,451496
5456,coco-30k,A man and woman are sitting at the table,84423,386424
5457,coco-30k,A man on a motorcycle outside in a black and white photo ,10513,457322
5458,coco-30k,A close up of a bathtub in a bathroom ,98924,460621
5459,coco-30k,A person riding on the back of a horse up some steps.,54473,483897
5460,coco-30k,A person on a motorcycle high in the air.,10197,419777
5461,coco-30k,This is what is left of a kitchen in an abandoned restaurant.,93834,432886
5462,coco-30k,Brown toned home office with natural and artificial lighting,81596,383107
5463,coco-30k,there is a large bucket and a small pot in this bathroom,73274,305464
5464,coco-30k,The kitchen with utensils on the wall is very old.,10220,337505
5465,coco-30k,A man in glasses wearing a shirt and tie.,7163,44081
5466,coco-30k,A man looking at himself through the mirror. ,74757,66821
5467,coco-30k,there is a sony lap top on a table along with other things ,91487,272738
5468,coco-30k,A large room with tables and chandeliers ,48042,380348
5469,coco-30k,a girl that is taking a picture in the mirror,58660,439971
5470,coco-30k,a couple of people on some motorcycles ,59194,49881
5471,coco-30k,a person that is riding a bike next to some seats,72326,297980
5472,coco-30k,An oven in a kitchen with wooden floors and tiled walls. ,58565,535977
5473,coco-30k,A dog is laying on a dirty bathroom floor.,33837,16164
5474,coco-30k,A blurry image of a busy city street at night,31477,14278
5475,coco-30k,The kitchen appears to be tidy with the dishes drying and the brook in the corner.,14697,358252
5476,coco-30k,A sink sitting under a large bathroom mirror.,77471,264628
5477,coco-30k,A person standing over a bike next to a store.,54234,416523
5478,coco-30k,A woman wearing a net on her head cutting a cake. ,61187,522418
5479,coco-30k,An airplane close to the ground with its landing gear dropped,44409,22797
5480,coco-30k,A group of chefs displaying a large airplane cake.,13998,369249
5481,coco-30k,A grey military jet traveling down the runway.,13766,30080
5482,coco-30k,A man sitting on a large bench talking on a cell phone.,96442,568623
5483,coco-30k,a toilet that has some bubbles coming out of it,74064,379554
5484,coco-30k,a motorcycle that is next to a bunch more,78944,301188
5485,coco-30k,There are several people standing next to motor cycles.,51475,345071
5486,coco-30k,A man and a woman are posing next to a red motorcycle.,44495,299887
5487,coco-30k,There is a car with bicycles on the top of it.,32847,101636
5488,coco-30k,A white bowl sitting on top of a table.,94639,161983
5489,coco-30k,a woman walking along a sidewalk while holding a suitcase,14922,405648
5490,coco-30k,there is a airplane that is landed at the airport ,9279,184330
5491,coco-30k,A magazine with the title Games for Cats is showing two cats in a toilet.,6868,279463
5492,coco-30k,An airplane landing at a new airport. ,13727,197226
5493,coco-30k,Colorful post notes are placed all over the bathroom and shower walls.,31379,233112
5494,coco-30k,A sculpture of a woman is laying in an all-white bed.,65614,374017
5495,coco-30k,A silver mountain bike is on a boat.,8418,536589
5496,coco-30k,A young child and an old women on a bench.,94355,170007
5497,coco-30k,A view of a bunch of toys hanging on a net.,30477,418346
5498,coco-30k,Elderly woman preparing beverages in modern kitchen of home.,24203,453485
5499,coco-30k,A man sitting on a top of a green couch.,41043,476925
5500,coco-30k,A chair sitting under a picture hanging on a  wall.,82411,541813
5501,coco-30k,Cute little cat sitting inside of a bidet,82368,168834
5502,coco-30k,A stove top oven sitting inside of a kitchen.,61318,226097
5503,coco-30k,Inside of a bathroom with an incomplete toilet and bathtub.,44266,568150
5504,coco-30k,A cat standing on top of a toilet seat next to a sink.,64923,30356
5505,coco-30k,A picture of a modern bathroom with a glass door to the toilet and large glass mirror.,74386,300034
5506,coco-30k,A bowl of bananas sitting on the kitchen table.,98201,480122
5507,coco-30k,Inside of a bathroom with a sink and toilet.,6800,443952
5508,coco-30k,"A bathroom with a toilet, a sink and a mirror.",80073,334161
5509,coco-30k,A crowd of people standing along a fence near an airport.,88342,303101
5510,coco-30k,A black toilet sitting next to a white bath tub.,54195,195790
5511,coco-30k,A white dresser with an attached mirror in a room with yellow walls.,56770,562875
5512,coco-30k,a white tub is in an outside area,96073,30270
5513,coco-30k,A couple of cats taking a nap on top of a bed.,86351,45108
5514,coco-30k,A man carefully places the food on the pan as a small crowd watches.,31930,19456
5515,coco-30k,A numbered Dirt bike next to a box truck,69864,521221
5516,coco-30k,A car with a snowboard on it's ski rack parked in a foggy parking lot next to two cars with empty ski racks. ,33208,97679
5517,coco-30k,a man is standing next to a motorcycle outside,31818,571264
5518,coco-30k,A man sitting on a bench in a room.,1342,271560
5519,coco-30k,A person on a long large train on a track.,94825,540160
5520,coco-30k,The light shines above the pan rack on the kitchen counter.,78156,107084
5521,coco-30k,An airplane flying over a big harvest moon,86756,515531
5522,coco-30k,there is a man that is posing for a picture in front of donuts,71756,377097
5523,coco-30k,a woman is sitting under an umbrella outside,78818,510636
5524,coco-30k,a woman is standing next to an oven,93270,467297
5525,coco-30k,A  nice looking motorcycle in a cityscape,91539,474680
5526,coco-30k,"A plane passing over a harbor, on a clear day.",96201,502347
5527,coco-30k,A bike parked outside a brick building. ,86327,575254
5528,coco-30k,A white expensive car parked on top of a cement slab.,40940,528351
5529,coco-30k,A man and woman riding on the back of a motorcycle.,3133,331785
5530,coco-30k,Foods are being put in to the mason jars,39075,464622
5531,coco-30k,A for of four urinals mounted to a wall.,59728,469810
5532,coco-30k,this is a very dark picture of a room with a shelf,25123,118113
5533,coco-30k,Meat left out on the kitchen counter could spoil.,97458,181179
5534,coco-30k,a small plane with a propellor sitting on a runway,77017,266502
5535,coco-30k,An out house with the door opened sitting in a field.,70767,197278
5536,coco-30k,A kitchen with a wooden table  with a cat sleeping on top of it.,34085,347113
5537,coco-30k,A white toilet sitting next to a large window.,78950,476715
5538,coco-30k,A large fire place sitting next to a doorway.,76588,500784
5539,coco-30k,Large shower sectional of a bathroom in a brown and white photograph.,25882,42568
5540,coco-30k,A woman eating vegetables in front of a stove.,46559,328757
5541,coco-30k,there is a chocolate cake and ice cream on a plate,34831,191301
5542,coco-30k,A city filled with lots of tall white buildings.,71348,217517
5543,coco-30k,A white bathroom sink sitting under a mirror.,24770,7276
5544,coco-30k,A grouping of bananas hanging in a tree next to grassy area.,27789,466835
5545,coco-30k,there is a white toilet and a sink in this bathroom ,45652,472704
5546,coco-30k,A group of people that are sitting on bikes in the street.,65139,354929
5547,coco-30k,An empty kitchen with lots of tile blue counter top space.,83595,549954
5548,coco-30k,a tiled bathroom with a toilet and scale in it ,82168,354662
5549,coco-30k,A desk sitting next to a showroom of cars in it.,2618,120961
5550,coco-30k,A city at night filled with lots of traffic.,79649,302787
5551,coco-30k,A white toilet sitting next to a shower in a bathroom.,61246,463610
5552,coco-30k,there are many men playing soccer in a field,55275,314880
5553,coco-30k,A group of people in suits standing in a kitchen.,85942,232073
5554,coco-30k,A white toilet sitting under a window next to a chair.,24999,491203
5555,coco-30k,A dog is staring at a picture on a flat screen tv.,34605,137595
5556,coco-30k,a blue bicycle a blender sand and a person,3905,456695
5557,coco-30k,Woman walking down the side walk of a busy night city.,86678,73527
5558,coco-30k,A woman sitting on top of a red motorcycle.,33581,394199
5559,coco-30k,The motorcyclist in a helmet is looking over the side of a bridge. ,86111,574357
5560,coco-30k,A bike parked in front of a doorway.,34723,188146
5561,coco-30k,A group of people enjoying a day at the beach.,88972,349199
5562,coco-30k,A person is riding his motorcycle on the dirt road.,12046,331185
5563,coco-30k,there are two woman that are riding motorcycles ,79358,487688
5564,coco-30k,this kitchen is very big and has wood cainets,48818,138806
5565,coco-30k,A bunch of people standing around and posing for a picture.,43288,418523
5566,coco-30k,A shelf of various cups and glasses mounted to the wall.,26298,543672
5567,coco-30k,A view of a table with a bunch of cakes and tea on it.,48134,330954
5568,coco-30k,Large sized kitchen with a dining room section.,1292,147545
5569,coco-30k,this man is riding a board near a field,96355,350099
5570,coco-30k,A man on a motorcycle riding in the desert.,41225,160190
5571,coco-30k,there is a all black motorcycle that is parked on the street,50605,134215
5572,coco-30k,A computer workstation with a laptop and a desktop computer.,38405,360951
5573,coco-30k,A man standing next to a parked motorcycle.,50597,4764
5574,coco-30k,there is a man and a woman standing in a kitchen ,46706,87052
5575,coco-30k,a jet airplane sitting on a runway next to a building,47186,260094
5576,coco-30k,A woman holding a colorful kite on top of a green field.,64102,158922
5577,coco-30k,a bathroom with tiled floor and a circular window ,7009,478742
5578,coco-30k,this is a bench out near a field,40344,334975
5579,coco-30k,a bathroom view of a tiolet and sink ,55060,321706
5580,coco-30k,A white sink sitting under a mirror next to a toilet.,43390,331096
5581,coco-30k,Three people sit on a bench looking out over the water. ,19706,227736
5582,coco-30k,A person on a bike is next to a train on the tracks. ,89129,131581
5583,coco-30k,A very tall clock tower sitting above a building.,95867,513497
5584,coco-30k,Road is littered with old cars and some wrecked trucks with a lone red and white stop sign at a grassy lot ,82612,222094
5585,coco-30k,An intersection with cars is pictured in this image.,30250,216790
5586,coco-30k,A bicycle sits parked in front of a bookstore.,11142,535808
5587,coco-30k,A mirror shows another light in a background of a wonderful bathroom,29041,570586
5588,coco-30k,"A kitchen with a stove, table, cabinets, and other items ",29393,108212
5589,coco-30k,"A bathroom with sink, toilet, and bathtub and black and white floor tiles.",70250,350799
5590,coco-30k,A stop sign sits in front of a billboard in a quiet area.,39069,27755
5591,coco-30k,A view of a kitchen with a burner top stove.,98578,55066
5592,coco-30k,a black toilet some toilet paper and brown tiles,58436,156533
5593,coco-30k,A TV sitting on top of a counter inside of a store.,57975,43243
5594,coco-30k,A view of a sign that leads to Brooklyn and Queens.,55380,178982
5595,coco-30k,A man and a woman looking at cell phones.,98142,483374
5596,coco-30k,A man riding on the back of a motorcycle.,76490,546976
5597,coco-30k,a bathroom with a both a toilet and bidet,66768,59920
5598,coco-30k,"A kitchen with two stoves, an island, and appliances.",87158,175364
5599,coco-30k,The plane is taking off into the yellow sky.,7390,480223
5600,coco-30k,A woman is seen in the rear view mirror of a motorcycle.,95433,345560
5601,coco-30k,Person riding a four wheeler on a beach towards a bridge.,3895,495519
5602,coco-30k,A man walking around with his dog and sheep.,48060,550013
5603,coco-30k,there are two cats that are laying inside of a tub,64636,127854
5604,coco-30k,there is a small dog that is looking threw the glass,70116,151537
5605,coco-30k,A man taking a picture of himself in front of three huge beer bottles,2576,235839
5606,coco-30k,this is a bathroom that has a sink and toilet,9618,62423
5607,coco-30k,A PICTURE OF ALL WHITE IN A BATHROOM ,90308,563175
5608,coco-30k,this is a clock on top of a tower,1408,535997
5609,coco-30k,"this is a group of people standing near a river
",72047,353577
5610,coco-30k,A group of people standing around a kitchen preparing food.,57895,387696
5611,coco-30k,A lidless toilet is shown caked in dirt or other filth.,89397,284628
5612,coco-30k,A small white car with a small white dog riding in it.,54941,395230
5613,coco-30k,A group of people walking down a walkway.,50827,123360
5614,coco-30k,A man riding a motorcycle down a road near a forest.,60272,115363
5615,coco-30k,A herd of sheep grazing on a lush green hillside.,92068,92338
5616,coco-30k,A little girl holding a brown stuffed animal.,14934,543408
5617,coco-30k,this bathroom is very big and has lots of room,75115,421676
5618,coco-30k,Two people are looking at a truck while a dog is being walked.,82438,276719
5619,coco-30k,Several people are seen sitting around and smoking.,56112,491902
5620,coco-30k,Two people sitting on a motorcycle that parked on the road.,10647,349437
5621,coco-30k,this woman is getting juice from a fruit,95441,162454
5622,coco-30k,some peeled oranges sitting in a clear blender,51214,158333
5623,coco-30k,A kite flying in the sky on a cloudy day.,32576,470370
5624,coco-30k,A group of people are standing in the snow on skis.,84132,71602
5625,coco-30k,a bathroom with towels under a sink and a big mirror above it,6161,257327
5626,coco-30k,A large jetliner sitting on top of an airport runway.,76399,578591
5627,coco-30k,A red bus parked next to a crowd of people.,13003,316063
5628,coco-30k,A daytime view of a messy kitchen corner.,48791,275197
5629,coco-30k,A man riding a red scooter down the street.,76,278435
5630,coco-30k,An old toilet outside against an old painted wall.,81345,379529
5631,coco-30k,A woman with her hand on the seat of an automatic toilet in a display.,23767,371529
5632,coco-30k,A kitchen counter top with a white bowl sitting next to another white bowl.,78827,316008
5633,coco-30k,A group of men standing around a luggage cart.,78012,401330
5634,coco-30k,a person in a bathroom having a reflection in the mirror,28269,186074
5635,coco-30k,a cat sitting in a sink with its eyes open,70934,185773
5636,coco-30k,a sink in a bathroom with a shaver and personal hygeine items on the counter top,24441,328255
5637,coco-30k,a street with people and vehicles in the middle of it,63387,83935
5638,coco-30k,a room showing a wooden table and a capboard,11742,463134
5639,coco-30k,a group of vehicles parked next to a firehydrant,96998,301634
5640,coco-30k,a motor bike carrying very many people on the street,14926,46077
5641,coco-30k,Toilet in a bathroom in an international location with a basket.,83500,242073
5642,coco-30k,Group of horses in a field with a pinto in the foreground.,11425,578902
5643,coco-30k,a man standing in a bathroom looking into a mirror,52494,370233
5644,coco-30k,A black and white still life of a branch with flowers in a vase,95412,56443
5645,coco-30k,A bike behind a rail for safety on a train ride.,4150,135670
5646,coco-30k,Colorful lights reflect off the items inside this bathroom stall,88672,560279
5647,coco-30k,A bathroom with outdated fixtures and a clothes hamper in the middle of the floor.,97153,474003
5648,coco-30k,A minimalist room features white appliances and beige walls.,75019,428041
5649,coco-30k,Pink bike sits on a guard rail by the river.,38342,240918
5650,coco-30k,"A bathroom with a white toilet, tub, and tile floor.",1532,298452
5651,coco-30k,a rome with rose flowers and a sink ,64537,223789
5652,coco-30k,a bath room with its door open and light on,27877,483179
5653,coco-30k,Motorcycles parked in a row in the street. ,19307,580975
5654,coco-30k,a man on a motorcycle that is in some grass,44315,147979
5655,coco-30k,"A couple of dead, stuffed giraffe on display.",98679,258402
5656,coco-30k,A man sitting on top of a bench with a newspaper.,30435,16249
5657,coco-30k,A green and blue motorcycle parked on the side of a road.,94346,385428
5658,coco-30k,A very simple bathroom with beige and cream colored decor.,60925,397166
5659,coco-30k,a man that is riding a motorcycle on a road,92398,401068
5660,coco-30k,A man kneeling down in front of a refrigerator.,94975,425226
5661,coco-30k,A person is leaning low on their motorcycle on the tracks.,86480,578792
5662,coco-30k,Looking down on a stony surface shows a bowl with an orange in it and what looks like a large piece of red plastic.,47056,255950
5663,coco-30k,A road traveling along a field under a cloudy sky.,37183,168619
5664,coco-30k,A little girl is making a huge mess with a birthday cake. ,36935,505035
5665,coco-30k,a small little bathroom with a toilet in it,45314,110783
5666,coco-30k,A kitchen with tile back splash and stainless steel appliances.,1462,207196
5667,coco-30k,A large jetliner sitting on top of a tarmac.,91627,72776
5668,coco-30k,A group of police officer standing in front of a red bus.,27300,219928
5669,coco-30k,A woman holding two rainbow slices of cake.,63846,59547
5670,coco-30k,The clock on the side of the metal building is gold and black. ,29793,432017
5671,coco-30k,The motorcyclist has his hands at his side while riding swiftly down the road. ,54281,568107
5672,coco-30k,people riding bikes near a beach and others swimming,13503,163412
5673,coco-30k,A cat laying on the seat of a motorcycle ,58481,513585
5674,coco-30k,A woman sitting on a bench with cars behind her.,24479,35313
5675,coco-30k,A small baby bird on a piece of metal.,48766,269436
5676,coco-30k,a jet airliner wing that has two jet engines,90407,365623
5677,coco-30k,A man riding a bike down a dirt road.,96960,250730
5678,coco-30k,A white bath tub sitting under a window.,47915,363784
5679,coco-30k,A white toilet tin a bathroom sitting next to a sink.,44613,19817
5680,coco-30k,The motorcycle is tilting as he turns through a cave. ,87674,23741
5681,coco-30k,The show girl is posing on a blue motorcycle on display. ,93641,407602
5682,coco-30k,A small wooden toy car has an elephant sitting inside.,81754,266853
5683,coco-30k,Buses and cars on interstate going both ways. ,2425,210273
5684,coco-30k,Two messy toilet stalls with toilets where one lid is raised. ,39510,94858
5685,coco-30k,A large black counter top sitting next to a sink.,11876,165257
5686,coco-30k,A couple of airplanes sitting on top of a runway.,75704,268944
5687,coco-30k,A large jet flying through a cloudy blue sky.,82714,67608
5688,coco-30k,A christmas wreath is hanging from the door,62335,464296
5689,coco-30k,A bottle of wine sitting on top of a table next to a glass of wine.,11909,111032
5690,coco-30k,A dog sitting in front of an open door looking outside.,2190,96618
5691,coco-30k,A group of bikers parked in the middle of a street.,19064,147068
5692,coco-30k,A plane is on display near the water.,34915,107582
5693,coco-30k,A mans reflection in a side view mirror.,64555,154222
5694,coco-30k,there are two cats that are laying with each other,20748,402473
5695,coco-30k,a bunch of people in a kitchen getting food ready,99409,156320
5696,coco-30k,A bunch of airplanes are parked on the runway. ,57020,8888
5697,coco-30k,a black motorcycle is parked by the side of the road,96499,263828
5698,coco-30k,there is a cat that is drinking out of the toilet,11862,211042
5699,coco-30k,A bus stopped on the side of the road while people board it.,64861,192128
5700,coco-30k,A bunch of bicycles parked on the street with items sitting around them ,97863,118450
5701,coco-30k,A old television set is displaying an old computer game in front of two bookshelves.,36722,509260
5702,coco-30k,a dog with a plate of food on the ground,84590,68005
5703,coco-30k,A young man riding through the air on top of a skateboard.,86475,145831
5704,coco-30k,A man sitting at a table in front of bowls of spices.,35709,168355
5705,coco-30k,there is a bathroom that has a lot of things on the floor,41152,544597
5706,coco-30k,A passenger jet aircraft flying in the sky.,29552,134042
5707,coco-30k,A TV sitting on top of a wooden stand.,14492,347389
5708,coco-30k,a couple of people in uniforms are sitting together,77347,73622
5709,coco-30k,A group of giraffe standing around each other.,470,172004
5710,coco-30k,A man driving a luggage cart sitting on top of a runway.,90230,62915
5711,coco-30k,"A bathroom with a clear, shower door and a white toilet.",30367,436520
5712,coco-30k,A smiling man in a nice hat in a car.,83883,471641
5713,coco-30k,A man standing next to a white frisbee flying over a field.,98160,148128
5714,coco-30k,A kitchen counter top sitting next to a stove top oven.,90783,103538
5715,coco-30k,Some water that is reflecting a building near it.,19802,227460
5716,coco-30k,A cat puking into a white toilet on top of a bathroom floor.,83174,98302
5717,coco-30k,A very plain and undecorated bathroom with a sink and a toilet.,36132,443963
5718,coco-30k,Pair of dogs sitting on green towel in back seat of motor vehicle.,35212,364010
5719,coco-30k,A busy bus station with ramp going downstairs.,88137,350122
5720,coco-30k,An empty kitchen in a house with a window in the corner.,24172,343466
5721,coco-30k,a jetblue plane sits on the tarmac at an airport,70654,15709
5722,coco-30k,there is a glass vase with a cloudy liquid in it,1522,408143
5723,coco-30k,A plane with people watching it and people near it. ,78645,448288
5724,coco-30k,A bathroom has a light above the toilet.,53209,138124
5725,coco-30k,A bare kitchen in the midst of a paint job.,16787,55544
5726,coco-30k,Two giraffes on the grass in a fenced area.,59210,538465
5727,coco-30k,"A room with wooden slatted walls adorns two shower knobs, a trash can, a soap dish with soap and a sink.",46492,146730
5728,coco-30k,A white urinal mounted to a bathroom wall.,86817,256668
5729,coco-30k,some people riding some bikes right by some boats ,13704,360767
5730,coco-30k,A couple of toilets sitting in a  bathroom.,38209,496604
5731,coco-30k,A bathroom sink sitting under a bathroom mirror.,62480,167529
5732,coco-30k,there is a bike that is parked on a small bridge,19267,228436
5733,coco-30k,A man sitting on top of a toilet with a toy on his lap.,78819,32258
5734,coco-30k,The roll of toilet paper beside the toilet is empty. ,39769,555012
5735,coco-30k,A white toilet sitting under a bathroom mirror.,88256,421316
5736,coco-30k,A blue vehicle with a dog sitting in the driver's seat.,48786,354537
5737,coco-30k,A little girl that is standing near a toilet.,46562,427476
5738,coco-30k,a bunch of green bananas and some ripe bananas next to a coffee cup,7463,528176
5739,coco-30k,A horse standing in front of a fence outside of a building.,33520,97609
5740,coco-30k,A toilet that has its seat open with water in it.,87021,65889
5741,coco-30k,A group of people standing around each other.,70955,560890
5742,coco-30k,A large jetliner sitting on top of an airport tarmac.,3685,255096
5743,coco-30k,Kitchen of home with electric stove and wood oven.,42990,234277
5744,coco-30k,The authentic Midwestern kitchen has elements similar to a  pottery studio.,17190,289260
5745,coco-30k,A kitchen sink inside of a center island.,47445,277563
5746,coco-30k,Two people are cutting into a cake at a celebration.,55417,523217
5747,coco-30k,A vintage airplane with a nazi sign on the tail.,63680,192535
5748,coco-30k,A bike parked on a sidewalk near a street.,87877,203912
5749,coco-30k,A cat sitting in a bathroom sink under a  faucet.,7291,361621
5750,coco-30k,A large jet flying through a cloudy sky.,90602,1029
5751,coco-30k,red traffic lights at an intersection on a well lighted street,26656,465996
5752,coco-30k,A bathroom sink and mirror reflecting the shower and bathtub.,49521,557172
5753,coco-30k,A large jetliner sitting on top of an airport tarmac.,9082,558677
5754,coco-30k,A large jetliner sitting in front of a tall building.,10091,411841
5755,coco-30k,A woman sitting at a table smoking cigarette.,27514,10192
5756,coco-30k,A couple of silver cars parked around a fire hydrant.,40852,89556
5757,coco-30k,A person sitting on top of a bench next to a light pole.,60135,222313
5758,coco-30k,A flock of birds sitting on top of a green field.,91778,76310
5759,coco-30k,An airplane flying through a smoggy gray sky.,30006,120592
5760,coco-30k,Two sings that are in a bathroom underneath a mirror.,74255,535902
5761,coco-30k,A white bathroom sink sitting next to a toilet.,88029,221681
5762,coco-30k,A cat crawling into a white toilet seat.,67018,401614
5763,coco-30k,A guy is riding on a motorcycle on a dirt track. ,70692,502927
5764,coco-30k,a woman in the kitchen cooking some food,92681,325239
5765,coco-30k,A toilet sitting in a bathroom next to a sink.,89154,235699
5766,coco-30k,A group of people standing in front of an airplane.,31449,82994
5767,coco-30k,A cop riding on the back of a motorcycle.,43777,499622
5768,coco-30k,A man standing outdoors next to a dirt bike and ATV.,49580,303768
5769,coco-30k,A series of photos showing a banana holder.,45907,193926
5770,coco-30k,A television with a video game logo sits in front of two trays with controllers.,70326,292741
5771,coco-30k,A tall brick clock tower sitting under a blue cloudy sky.,83046,366330
5772,coco-30k,A kitchen counter filled with lots of dishes.,15730,429366
5773,coco-30k,A man and woman standing over a dinner table with a cake.,50979,346703
5774,coco-30k,A standing toilet hole filled with nasty filthy.,68348,220446
5775,coco-30k,A group of people standing around a center kitchen island.,35014,277390
5776,coco-30k,A white sink sitting under a bathroom window.,91091,385001
5777,coco-30k,A couple of girls walking up the side of a vehicle.,53911,463398
5778,coco-30k,A motorcycle parked next to an office desk.,94089,121162
5779,coco-30k,a very small bathroom with a toilet and towel ring,18202,219473
5780,coco-30k,Several motor scooters are jammed into a small market street.,33519,574702
5781,coco-30k,A boat is parked alongside a row of parked bicycles.,79431,429924
5782,coco-30k,A young girl walking through a flower garden.,36584,40998
5783,coco-30k,Some very pretty horses with riders in the grass.,68939,507975
5784,coco-30k,a red and white plane is fling in the sky,83379,561014
5785,coco-30k,a digitally manipulated image of cars on a highway at night in the city,60026,565012
5786,coco-30k,A motorcycle parked on the side of a road.,35354,540187
5787,coco-30k,"close up of a microwave, oven, and a range",52456,174887
5788,coco-30k,The kitchen sits empty and unused during the day.,62276,432150
5789,coco-30k,The small street is crowded with small shops.,46448,252625
5790,coco-30k,a woman seated on a toilet with a magazine,11388,24386
5791,coco-30k,a white and green plane is in the sky,43310,298372
5792,coco-30k,A group of sheep graze in a grassy field.,93295,193050
5793,coco-30k,A woman holding her umbrella in her hands,47306,65661
5794,coco-30k,A clean bathroom is pictured in this image.,37603,411968
5795,coco-30k,A man riding on the back of a motorcycle next to a muscle man.,49865,103163
5796,coco-30k,A white sink sitting next to a toilet.,75942,110884
5797,coco-30k,A small airplane sitting on top of a runway.,38860,497878
5798,coco-30k,A kitchen with metallic appliances and wooden cabinets.,79014,315740
5799,coco-30k,A man riding on the back of a blue motorcycle.,85012,357758
5800,coco-30k,A white toilet sitting under a water tank.,39903,40051
5801,coco-30k,A woman preparing food while standing in a kitchen.,56451,311902
5802,coco-30k,"A woman with large breast, sitting next to a fedora hat.",49135,419828
5803,coco-30k,Someone riding a skateboard down a bunch of stairs,88790,495687
5804,coco-30k,a couple of soldiers are sitting on a plane,87045,512830
5805,coco-30k,"Cars going down the road, someone on their bicycle, and people walking",87244,314907
5806,coco-30k,A couple of white bathroom sinks sitting next to a toilet.,92334,111951
5807,coco-30k,A man with a red neck tie and a gray jacket.,10132,363403
5808,coco-30k,A woman sitting on top of a red bench next to a man on a bike.,84922,114183
5809,coco-30k,A laptop computer sitting on top of a computer desk.,2977,436814
5810,coco-30k,A white bathroom sink sitting under a bathroom mirror.,61022,287714
5811,coco-30k,A whit toilet sitting under a picture in a frame.,35540,158982
5812,coco-30k,A woman is sitting on the toilet in the restroom.,56622,157862
5813,coco-30k,A large jetliner sitting on top of a tarmac.,53412,193389
5814,coco-30k,A man standing in a kitchen preparing food.,69611,540209
5815,coco-30k,a person in leather clothes and helmet riding a bike ,56544,434581
5816,coco-30k,"a bathroom with some orange walls, and a black and white counter ",92744,136033
5817,coco-30k,A group of motorcycles parked next to each other.,78703,244539
5818,coco-30k,A bathroom with a white toilet next to a shower.,23934,339761
5819,coco-30k,A white kitchen sink filled with dishes and eating utensils.,84990,239627
5820,coco-30k,A large metal spoon sitting on top of a cup.,32249,367424
5821,coco-30k,A person kneeling down behind a surfboard on a bike.,65443,183676
5822,coco-30k,A man riding a bike across a cross walk with a dog.,73858,153692
5823,coco-30k,A dog sitting in the passenger seat of a car.,22983,26654
5824,coco-30k,A white toilet sitting next to a toilet paper roller.,84355,32285
5825,coco-30k,A large jetliner flying over a dry grass field.,44945,134886
5826,coco-30k,A beautiful young lady standing in front of a shower.,13117,399384
5827,coco-30k,A small one way road is filled with moving cars and pedestrians watch. ,69724,48609
5828,coco-30k,A white toilet sitting in a bathroom stall next to a TP dispenser.,67561,234413
5829,coco-30k,A computer monitor sitting on top of a computer desk.,51653,292792
5830,coco-30k,A bathroom counter with two sinks under two mirrors.,68216,476313
5831,coco-30k,A man riding on the back of a blue motorcycle.,66100,137586
5832,coco-30k,A stove top with lots of pots and pans.,33738,309775
5833,coco-30k,A bike parked on top of a green grass covered field.,99573,261870
5834,coco-30k,Three sheep in a field of grass near a steep hill.,4818,271138
5835,coco-30k,A metallic toilet sitting in a metallic stall.,91601,335284
5836,coco-30k,A man riding on the back of a motorcycle down a street.,63965,187857
5837,coco-30k,A kitchen filled with a stove top oven and a refrigerator.,15146,30213
5838,coco-30k,A brown dog eating food from a dog bowl.,76769,576136
5839,coco-30k,A kitchen with lots of clutter a door with a large window.,23060,38963
5840,coco-30k,A young boy standing in front of a computer keyboard.,64359,318219
5841,coco-30k,A dog standing on the back of a brown car.,92443,78823
5842,coco-30k,A toilet sitting in a stall next to a toiler paper roller.,5929,194297
5843,coco-30k,A woman standing in a kitchen next to a sink.,76436,346972
5844,coco-30k,A man riding a motor cycle down a race track.,49357,290231
5845,coco-30k,A couple of people in wet suits standing by surfboards on a beach.,74958,369221
5846,coco-30k,A woman standing on the outside of an airplane.,901,371330
5847,coco-30k,A fighter jet flying through a  cloudy sky.,81986,8016
5848,coco-30k,A young man riding a skateboard down a ramp.,98006,225494
5849,coco-30k,Three sheep standing in the brush near a small tree.,40367,442979
5850,coco-30k,A twin engine airplane parked at a small airport with men in yellow vests looking it over.,56863,189955
5851,coco-30k,The living room and kitchen of a home.,87145,488075
5852,coco-30k,a little kid that is eating a big cake,22186,152623
5853,coco-30k,a counter with cleaning supplies ice cube trays and racks from a fridge and a drawer missing,94908,210372
5854,coco-30k,cars that are stopped at a traffic light,71370,21202
5855,coco-30k,A vintage VW bus that is red and white.,2123,235788
5856,coco-30k,A bathroom with several urinals lined up next to each other.,42730,363280
5857,coco-30k,A giraffe looks out over a tall fence with trees in the background.,18177,43376
5858,coco-30k,The view of a bathroom with a wall mounted sink.,74240,138819
5859,coco-30k,"A blurry living room scene suggests a wide screen T,V. with a game playing, bookshelves, a low cluttered table, a couch, and closest and clearest, a sports t-shirt with the number thirty-five on it.  ",69927,278313
5860,coco-30k,A close view of the round part of a tablespoon shows a wilted piece of lettuce resting on the spoon.  ,3279,33931
5861,coco-30k,a couple of fire trucks that are by a motorcycle,58803,454129
5862,coco-30k,a couple of chairs that are at a table,23552,390184
5863,coco-30k,An empty living room in an apartment with several chairs sitting in the middle of it.,91179,137118
5864,coco-30k,"A white bathroom with a sink, towels and tub.",39857,121215
5865,coco-30k,A clock sits at the top of the ceiling,44072,368821
5866,coco-30k,A stove and a sink in a room.,36241,570659
5867,coco-30k,A picture of a yellow Cam-am three wheel motorcycle. ,92330,146701
5868,coco-30k,Two people are standing fairly close in a kitchen.,4027,512667
5869,coco-30k,A little girl is feeding a giraffe at the zoo.,5914,363321
5870,coco-30k,A long haired cat lounging on top of a car.,40824,559776
5871,coco-30k,An elaborate church with tiled floors and stained glass.,86903,471991
5872,coco-30k,A sun spot is the only mark in a clear sky with a plane traveling over a snowy expanse with a bunch of detritus on it.  ,10356,170605
5873,coco-30k,There are cups and plates on the dish drainer.,68319,63726
5874,coco-30k,A woman sitting on a couch in a public restroom. ,54739,118181
5875,coco-30k,A person holding a toothbrush under the running water of a faucet.,42211,58079
5876,coco-30k,A bunch of people gathered together in a very big crowd.,29242,351875
5877,coco-30k,A view from the street of two traffic lights and a building. ,11930,71850
5878,coco-30k,Partially open door leading to a kitchen from a hallway.,88321,266206
5879,coco-30k,Inside of a living room with a cat watching a tv.,4203,580540
5880,coco-30k,A man with a helmet riding on a motorcycle with a basket on it. ,20881,235000
5881,coco-30k,A family with two kids on the boat.,31054,382683
5882,coco-30k,A parked silver Nissan Titan four door pickup truck.,36568,236717
5883,coco-30k,A dog sitting in the sidecar of a motorcycle.,35523,26730
5884,coco-30k,Two racing motorcycles and riders racing at a track.,15246,524887
5885,coco-30k,A man and boy ride horse and stir up dust.,33818,347836
5886,coco-30k,A cook slices up food while preparing a dish.,93674,10149
5887,coco-30k,"A toilet in front of a window, and next to the shower are shown",70009,356906
5888,coco-30k,a black plane is sitting on a runway,64492,64332
5889,coco-30k,A bathroom sink shapped like a glass bowl.,86438,387362
5890,coco-30k,A man with a long beard and big ears sitting down.,82144,501919
5891,coco-30k,A young boy holding a blue surfboard in his right arm.,43372,521994
5892,coco-30k,A woman laying on a bathroom floor next to a toilet.,24378,187243
5893,coco-30k,A city full of buildings under a smoggy sky.,59638,120977
5894,coco-30k,a man being goofy while brushing his teeth ,83588,549450
5895,coco-30k,A large professional kitchen has a stainless steel counter.,71498,425569
5896,coco-30k,A white airplane is parked on a green runway.,35191,74434
5897,coco-30k,A small black dog sitting in front of a TV.,50567,296056
5898,coco-30k,"A bathroom is shown, with a urinal and a bidet.",94548,510606
5899,coco-30k,A woman touching a decoration on top of a batman cake.,31849,112437
5900,coco-30k,A group of vehicles driving down a city street.,41805,133923
5901,coco-30k,a small air plane on a run way,70480,67569
5902,coco-30k,"A meal on an airplane of cereal, milk, and fruit.",43305,324008
5903,coco-30k,A white sink sitting under a bathroom window.,63014,197796
5904,coco-30k,A dog sits in the basket of a bicycle leaning against bleachers.,90672,61108
5905,coco-30k,An orange cat standing in front of a glass door.,24116,468411
5906,coco-30k,A white bath tub sitting under a window next to a  sink.,79671,560298
5907,coco-30k,A bike parked in front of a wooden structure.,66027,255232
5908,coco-30k,A bike parked in front of a parking meter.,84021,370208
5909,coco-30k,A flower hanging from a bunch or green bananas.,98305,302997
5910,coco-30k,A stainless steel kitchen sink on a black granite countertop.,35961,229311
5911,coco-30k,a little kid riding a skateboard at a park,10527,394892
5912,coco-30k,"A  pair of people sitting on a motorcycle, in the grass.",31755,68093
5913,coco-30k,a tall clock tower with a sky background ,7844,547106
5914,coco-30k,a bunch of motorcycles are parked together outside,8919,316138
5915,coco-30k,A motorcycle parked in front of building next to a umbrella covered table.,45773,508541
5916,coco-30k,A woman taking a drink and a man eating a banana in a kitchen.,98625,106228
5917,coco-30k,An airplane having maintenance done on the tarmac.,39205,547136
5918,coco-30k,A bathroom with a white sink next to a  shower.,38334,549668
5919,coco-30k,A man with a small teddy bear peeking from a backpack.,59791,357586
5920,coco-30k,The woman stands near the stove near a baby chair on the ground. ,71604,393984
5921,coco-30k,A woman walking across a street with two baskets full of items.,56294,44065
5922,coco-30k,a man sitting on a dirtbike in a circus ring,85833,52624
5923,coco-30k,A bathroom sink sitting next to a white toilet.,25999,110601
5924,coco-30k,A basket filled with ripe bananas on top of a table.,19293,362189
5925,coco-30k,A large propeller airplane sitting on top of a tarmac.,71086,263758
5926,coco-30k,A man riding a motorcycle on the side of a road.,43280,551794
5927,coco-30k,A bathroom with a tiled floor and a sink.,36070,422916
5928,coco-30k,A person in a room with knives and scissors hanging on the wall.,65999,297787
5929,coco-30k,A toilet sitting in a bathroom next to a scale.,15527,360371
5930,coco-30k,A cook in a restaurant kitchen poses with food.,42923,348447
5931,coco-30k,Four jets fly overhead trailing smoke with a clear blue sky.,48239,288002
5932,coco-30k,A street with people and cows walking down it.,28074,195800
5933,coco-30k,"A bathroom is shown with a mirror, sink, and shower.",31525,137402
5934,coco-30k,a black and white photo of a person riding a dirt bike,67572,145620
5935,coco-30k,A very close shot of what seems to be three birds on a Giraffe. ,77255,40926
5936,coco-30k,A black dog in a bathroom drinking out of the toilet.,32291,145544
5937,coco-30k,A white bathroom sink sitting under a window.,75371,431967
5938,coco-30k,A bike parked next to a red door on the front of a house.,90643,428847
5939,coco-30k,A kitchen that has various paintings on the walls and a large fish aquarium against the wall.,78671,569251
5940,coco-30k,Lufthansa has been a recognizable airline for many years.,86739,394131
5941,coco-30k,A small kitten standing in a  blue hat on top of a table.,35859,554291
5942,coco-30k,A man is brushing his teeth while a piece of tissue sticks out of his ear.,95426,318022
5943,coco-30k,a table top with some laptops on it ,85985,89268
5944,coco-30k,A three wheeled motorcycle parked with some other old vehicles.,6650,67131
5945,coco-30k,A person is working on a motorcycle in a garage.,10465,304217
5946,coco-30k,"A bathroom with sink, tub, window, and hand rails.",22812,340737
5947,coco-30k,Fish eye angle view of small kitchen with fire extinguisher at far end.,93691,56127
5948,coco-30k,a small bowl of fruit on a table ,63788,136772
5949,coco-30k,a number of horses in a field near a building ,57911,234807
5950,coco-30k,Red stoplights that are next to a train.,28869,333746
5951,coco-30k,A small sport utility vehicle that is loaded down with a bunch of luggage. ,13534,27530
5952,coco-30k,The support railing around the toilet has brown padding on it. ,75423,443780
5953,coco-30k,The kitchen features a table in the middle of the room.,7823,92998
5954,coco-30k,The man is walking with a bicycle covered with small green bananas. ,58575,559312
5955,coco-30k,a tiled bathroom with a toilet and bathtub inside of it ,35030,126671
5956,coco-30k,A bowl full of lemons sitting on to of a counter.,64421,185901
5957,coco-30k,a couple of chairs and beds in a room,18968,68331
5958,coco-30k,A man sitting on the ground and working on a motorcycle.,9772,419265
5959,coco-30k,A puppy is looking at a paper bag in the kitchen.,82540,199575
5960,coco-30k,a white toilet is laying on its side on the ground,51754,452121
5961,coco-30k,"A restroom with urinals, sinks, and a mirror.",4881,388284
5962,coco-30k,A woman standing in front of a counter with a plate of food.,64201,79754
5963,coco-30k,A white toilet sitting in a bathroom next to a sink.,81761,416745
5964,coco-30k,A group of people sitting at tables next to each other.,26728,70744
5965,coco-30k,"A woman wearing a coat, sitting down next to a table. ",39954,14635
5966,coco-30k,"A doge stands outside of a car, which has another dog peeking out the back.",82129,408307
5967,coco-30k,An airplane flying in the air near the airport,43338,179142
5968,coco-30k,A building with a clock on the front and side of it near other buildings,26388,262522
5969,coco-30k,A kitchen seen is pictured while food is being prepared.,41501,522779
5970,coco-30k,"A living room has a mirror, window, couch, chair, and television in it.",48585,489264
5971,coco-30k,A stove top with a tea kettle sitting on top of it.,39381,508481
5972,coco-30k,A bathroom has a shower and toilet in it.,85559,446574
5973,coco-30k,A lot of broccoli sitting in a bowl,65591,76138
5974,coco-30k,two men standing between  a blue motorcycle and a wall ,881,484279
5975,coco-30k,A white kitchen counter next to an oven.,67065,569801
5976,coco-30k,A shower curtain sits open in an empty and clean bathroom. ,32398,6213
5977,coco-30k,A cat looking out of a vehicle window during rain.,52350,477791
5978,coco-30k,A young man bending next to a toilet.,61646,3156
5979,coco-30k,A man riding on the back of a red motorcycle.,11052,540869
5980,coco-30k,A person sitting on top of a bench with their arms spread out.,24959,319541
5981,coco-30k,A row of seats inside of an airplane.,78253,224119
5982,coco-30k,A green bowl with two ripe bananas in it.,61490,4749
5983,coco-30k,A car and a motorcycle viewed from through a windshield.,10748,417400
5984,coco-30k,A group of sheep standing in the road.,32144,424799
5985,coco-30k,A man is sitting in a bathtub cowering and naked.,66757,121875
5986,coco-30k,A white dog sitting inside a red car next to a string of flowers hanging off the mirror.,62752,194306
5987,coco-30k,Two people stand near a bike wearing helmets.,30464,192699
5988,coco-30k,A bathroom that has a white toilet with the seat lifted up and various rolls of toilet paper on the top of the toilet tank.,68941,558083
5989,coco-30k,THIS IS A YUCKY PICTURE OF A LARGE AND SMALL TOILETS,42697,416774
5990,coco-30k,Cat lying on ground between pair of  parked bicycles ,69779,111970
5991,coco-30k,Two cats getting into a sink in a bathroom ,21904,332159
5992,coco-30k,A black and white photo of a martin Luther King next to a Lincoln statue.,4069,291202
5993,coco-30k,"A bathroom with purple walls, and a white sink, toilet, and cabinet.",62195,295960
5994,coco-30k,a commercial plane is on the airport runway,37358,360698
5995,coco-30k,Comical picture messages are on the restroom wall.,82591,63715
5996,coco-30k,A man is holding a pillow up as shade from the sun.,62663,363181
5997,coco-30k,A bathroom with white urinals amd sinks and brown stall doors.,13116,139971
5998,coco-30k,"The view through the door of a small, tiled bathroom.",28466,571596
5999,coco-30k,A computer that is on a desk near a window.,62177,250108
6000,coco-30k,A cat that is sitting down on a porch.,44924,154057
6001,coco-30k,A group of five jets flying through the sky.,47686,268371
6002,coco-30k,There are bikes parked next to the cars.,59495,17882
6003,coco-30k,A man wearing goggles and standing in the snow.,82367,426754
6004,coco-30k,A giraffe sticking it's head in a van.,66837,58223
6005,coco-30k,this is a woman cleaning a public restroom,12200,278966
6006,coco-30k,A toilet that is on the ground in a bathroom.,81703,137927
6007,coco-30k,An orange and blue bus parked on the side of a road.,40639,510169
6008,coco-30k,A airplane that is sitting on a runway.,97407,501502
6009,coco-30k,A counter top with a plate containing a slice of pizza.,77865,51355
6010,coco-30k,this is a white bike with a light on it,52789,225784
6011,coco-30k,You will not get anywhere if you open these doors and try to pass through.,79213,467386
6012,coco-30k,A group of animals that is standing in the grass.,64090,68050
6013,coco-30k,A zebra and giraffe that is in the dirt.,45737,573932
6014,coco-30k,A man and woman that are around a table.,41592,538163
6015,coco-30k,"A green military jeep, and motorcycle on display.",93638,114770
6016,coco-30k,The man is sitting in the small kitchen on a stool. ,69651,31442
6017,coco-30k,A black cat sitting on top of a wooden fence.,85327,291412
6018,coco-30k,A dog in a small bathroom with an orange shower curtain.,99175,68078
6019,coco-30k,A motorcycle that is painted green and parked.,11432,555942
6020,coco-30k,A cat that is standing over a bowl.,68079,543686
6021,coco-30k,Two chefs in a restaurant kitchen preparing food. ,31022,222564
6022,coco-30k,Two people who are in the street on motorcycles.,91944,244455
6023,coco-30k,Two television that are sitting on stands in a room.,27983,120535
6024,coco-30k,An old fashioned stove top oven with pots sitting on top of it.,40551,536369
6025,coco-30k,A bathroom that has a microphone and amplifier in it.,52043,120566
6026,coco-30k,Mr. and Mrs. Santa Clause standing on the side of a road as Santa points to the sky.,68696,416864
6027,coco-30k,"This kitchen has a black stove, stainless steel refrigerator and white cupboards.",68196,237928
6028,coco-30k,A sign in front of an airplane warning of no smoking.,32558,30044
6029,coco-30k,A woman that is sitting in front of a cake.,5245,363036
6030,coco-30k,A lot of thought went into decorating this rustic bathroom.,96687,215709
6031,coco-30k,A computer chair that is in front of two computers.,234,448928
6032,coco-30k,This bathroom is so filthy it probably doesn't work anymore,78657,356351
6033,coco-30k,A lamp that is on sitting on a table.,56891,332499
6034,coco-30k,Three people on a motorcycle in the middle of a city.,65339,80260
6035,coco-30k,A toilet is sitting amongst things have been abandoned.,58748,250066
6036,coco-30k,Two airplanes flying in tandem leave a smoky contrail in the sky.,29439,504378
6037,coco-30k,A toilet that is in a bathroom with the lid up.,72413,309495
6038,coco-30k,"Bikes lined up at a bike stop with an advertisement near by that says ""your butts""
",1179,262228
6039,coco-30k,A gold and white dog sticking its head out a car window.,4860,184771
6040,coco-30k,A crane operates over the city being built,36441,573843
6041,coco-30k,Tea time in the dollhouse is much like the real thing.,16507,307564
6042,coco-30k,A toilet that has its seat open in a bathroom.,56524,71618
6043,coco-30k,A sink that is hanging underneath a mirror.,83730,146149
6044,coco-30k,A plane that is flying in the sky.,58710,296265
6045,coco-30k,A clock that is on the side of a tower.,60172,138755
6046,coco-30k,A man that is standing near a bike.,90795,541897
6047,coco-30k,"A view into a bathroom with a white toilet, tub and a wooden cabinet sink.",991,46503
6048,coco-30k,An airplane with wheels wheels barely off ground tilted slightly upward from the pavement to the blue sky.,43637,488270
6049,coco-30k,"A store that says ""Ray's Tavern"" and a group of motorcycles parked outside the store. ",76455,451471
6050,coco-30k,Yellow motorcycle parked on a lot with other motorcycles.,12403,485822
6051,coco-30k,A few jumbo jet planes parked in a waiting area of an airport.,11704,469130
6052,coco-30k,this is a white sink and a white toilet,28961,470348
6053,coco-30k,A car with some surfboards in a field.,29439,310391
6054,coco-30k,A unique restroom is seen in this image.,71712,478175
6055,coco-30k,A group of scattered sheep move down a country path.,97634,133098
6056,coco-30k,A man that is sitting on a motorcycle.,32500,115626
6057,coco-30k,A cat on a city street with people.,86124,488573
6058,coco-30k,Two giraffes stand in sand inside an enclosure. ,32438,138821
6059,coco-30k,A small toilet rests in a dark colored bathroom.,78608,567787
6060,coco-30k,Three young men prepare to race bicycles back in the early nineteenth century as a crowd of mean watch.,691,62109
6061,coco-30k,THREE BLUE UTILITY SINKS AND TWO WHITE REGULAR SINKS,49510,350975
6062,coco-30k,A group of people that are standing in the grass.,31625,281315
6063,coco-30k,Large commercial cargo plane sits on tarmac next to radar equipment.,41476,323709
6064,coco-30k,TWO PEOPLE IN A VERY SMALL APARTMENT SIZE KITCHEN,68618,64342
6065,coco-30k,An office desk with several monitors and birthday balloons,46019,486457
6066,coco-30k,A pot that is sitting on a stove.,53906,332861
6067,coco-30k,A man that is sitting on a motorcycle.,78783,140651
6068,coco-30k,A large flat screen television with entertainment center.,6412,256180
6069,coco-30k,A person on a red and black moped on a sidewalk. ,94552,464153
6070,coco-30k,A group of women that are standing near each other.,94873,241318
6071,coco-30k,A man is using a urinal at a public restroom,82550,530033
6072,coco-30k,a couple of vehicles are driving down the street,87122,448078
6073,coco-30k,The pair of shoes is on the bathroom floor near the cabinet. ,51322,329534
6074,coco-30k,The landing gear is down as the airliner comes in for a landing. ,34509,109206
6075,coco-30k,The black and white silhouette of a motorcycle near water,76212,242870
6076,coco-30k,A man that is sitting at a keyboard.,34407,326088
6077,coco-30k,A portable bathroom has a gray plastic urinal.,30083,117396
6078,coco-30k,A zebra and giraffe that is in the dirt.,55340,516026
6079,coco-30k,a sink and an oven in a kitchen,75643,366406
6080,coco-30k,"A bathroom with a toilet, sink bowl and mirror.",35084,350649
6081,coco-30k,A kitchen with white cabinets and a dark blue countertop,24655,264347
6082,coco-30k,A giraffe that is standing in a field.,52099,185821
6083,coco-30k,A television sits on a cabinet in a room.,42645,155142
6084,coco-30k,A crowded kitchen that is cluttered and messy.,29678,447169
6085,coco-30k,A picture of a street light through a rainy lens.,7045,144706
6086,coco-30k,A few kittens in a bowl in a white void,97778,350075
6087,coco-30k,A kitchen that has a sink and cabinets in it.,85330,69340
6088,coco-30k,A small bathroom is pictured in this image.,99349,215675
6089,coco-30k,a small toy plane flying over a street ,14028,440928
6090,coco-30k,An overview of land and snow capped mountains.,39949,159983
6091,coco-30k,a man sitting at the end of a counter using a couple of tablets,65298,436273
6092,coco-30k,A man standing behind a bench with something in his hands.,36098,104340
6093,coco-30k,"a tray filled with assorted plates and bowls, most with veggies in it",67946,319221
6094,coco-30k,two cat getting ready to get into a fight,10227,230151
6095,coco-30k,a woman holding a colorful striped umbrella ,3647,370486
6096,coco-30k,A clean bathroom is seen in this image.,52449,192440
6097,coco-30k,A bathroom that has a sink with a glass bowl.,87539,195042
6098,coco-30k,a toilet a sink and a bad mirror,99518,11727
6099,coco-30k,A horse-drawn carriage moves past a historical building.,34290,190494
6100,coco-30k,A large passenger jet sits parked at an airport.,39930,270136
6101,coco-30k,A man drives a motorcycle down a road in the fog.,65554,165518
6102,coco-30k,this motorcycle rider is wearing the same colors as his bike,98489,369791
6103,coco-30k,Horses graze in front of a large building amid snow.,94116,37675
6104,coco-30k,A man riding on a motorcycle near people walking.,30903,222370
6105,coco-30k,this is a bathroom and a tub with tile,38801,69223
6106,coco-30k,A clean bathroom is seen in this image.,75117,193251
6107,coco-30k,a tiled bathroom with a tub inside of it ,2232,295769
6108,coco-30k,a man sits on a motor cycle next to a gas pump,66817,198352
6109,coco-30k,a man stands next to a bunch of parked bike ,48243,520427
6110,coco-30k,Several motorcycles parked in a parking lot in front of a building.,32793,470703
6111,coco-30k,Several different pots place on a stone floor.,39907,534271
6112,coco-30k,A plate of food placed next to a computer.,19488,248314
6113,coco-30k,Several young boys sitting in the library using laptops. ,58943,575964
6114,coco-30k,Women that are sitting outside on a patio area and smoking cigarettes.,19390,504074
6115,coco-30k,A close up of a front end of a motorcycle and tire.,14396,385473
6116,coco-30k,A building tower has two clocks on it. ,17818,414711
6117,coco-30k,a person riding a motorcycle on a city street ,19174,53344
6118,coco-30k,Bathroom decorated in blues and greens with a mirror over the vanity.,17904,400123
6119,coco-30k,The trunk is filled with equipment to ski.,12632,332461
6120,coco-30k,A dog sitting on top of a motorcycle in an intersection.,39210,495357
6121,coco-30k,a bird on top of a cross on top of a building ,47193,71145
6122,coco-30k,a motorcycle parked in a field with a sky background ,58251,8181
6123,coco-30k,Two park benches sitting in grass under dappled sunlight,68873,386189
6124,coco-30k,A cat sitting on the dashboard of a car.,40117,31392
6125,coco-30k,Two men sit on boxes with their motorcycle on the side of the road. ,39620,421131
6126,coco-30k,a traffic light hanging over a city street ,42514,369482
6127,coco-30k,A large airplane flies overhead through the sky.,29986,535198
6128,coco-30k,a close up ofa clock with statues of people ,94023,330720
6129,coco-30k,a bird standing close to a parked car,16872,551517
6130,coco-30k,The bathroom has wood trim and white furniture.,9872,119137
6131,coco-30k,A young person in a motorcycle outfit sitting on a bike preparing to ride.,72904,250939
6132,coco-30k,A man's reflection is in a mirror of a bathroom.,65538,513129
6133,coco-30k,A United jet liner flying through the air.,43772,183306
6134,coco-30k,In a library children look on as costumed characters give a presentation,50045,283785
6135,coco-30k,a fridge and a sink in a home kitchen,45275,223094
6136,coco-30k,A modern bathroom is shown with a square sink.,17211,103631
6137,coco-30k,"An odd bathroom with stone walls, and two rolls of toilet paper",15329,372495
6138,coco-30k,a large plane is taking off near a field,87448,468525
6139,coco-30k,A white bowl filled with leafy greens on a rain soaked ground.,8486,410670
6140,coco-30k,A group of motorcycle riders on the road.,28481,267112
6141,coco-30k,Two wash basins side-by-side next to a toilet and a bidet.,55484,540820
6142,coco-30k,A toilet is shown with a black ruck.,82684,431355
6143,coco-30k,A city bus is shown with a bike in front.,58245,204887
6144,coco-30k,A vintage truck with a surfboard on top is painted matted black.,81551,217133
6145,coco-30k,We are looking at a small airline toilet.,23343,421471
6146,coco-30k,We are looking at a large old bath room.,49485,341397
6147,coco-30k,Bicyclists are riding on a trail beside other walkers. ,46091,7125
6148,coco-30k,The airplane is majestic as it takes off into the air.,48490,283163
6149,coco-30k,We are looking in the door of a bathroom stall.,75314,74787
6150,coco-30k,Balloons filled with helium attached to a food truck.,51785,435047
6151,coco-30k,Two people standing beside a motorcycle are kissing.,93556,261999
6152,coco-30k,The bus and the car are driving down the street.,18748,124952
6153,coco-30k,A toilet is just inside a bathroom doorway.,13674,28022
6154,coco-30k,Two rows of various makes of parked motorcycles.,81499,15827
6155,coco-30k,Person riding a bicycle while walking two dogs. ,66015,333018
6156,coco-30k,"Bathroom with white fixtures, tiles and corner shower.",36690,270721
6157,coco-30k,several motorcycles are parked next to each other,30840,18490
6158,coco-30k,Blue toilet in center of shot with tile floor.,20644,550797
6159,coco-30k,A man is smiling behind a large dog.,4899,426342
6160,coco-30k,a glass walled shower in a small bathroom,64848,103856
6161,coco-30k,The open doors looking into a subway from the station.,58405,508482
6162,coco-30k,A bathroom vanity with a his and hers sink.,46572,491071
6163,coco-30k,A man standing next to a parked motorcycle.,32735,78288
6164,coco-30k,a kitchen counter covered with cleaning supplies and other items,68636,405146
6165,coco-30k,A blue car driving down a street past parked cars.,51867,101013
6166,coco-30k,A kite that looks like an airplane is lying on grass.,57859,511363
6167,coco-30k,a close up photo of a shaggy dog in a car,91680,410016
6168,coco-30k,A long black train traveling past a graffiti covered wall.,50172,210241
6169,coco-30k,Atv parked alongside rural roadway with trees lining landscape.,67464,5213
6170,coco-30k,A blue motorcycle parked along the side of the road,82824,360342
6171,coco-30k,An angry cat hissing while sitting on a bathroom counter.,71330,467675
6172,coco-30k,Chef preparing meals doe guests at restaurant or oriental foods.,41370,113590
6173,coco-30k,a black motorcycle sitting on the dirt road,36442,449768
6174,coco-30k,a laptop sitting in a chair next to a big tv,79638,83768
6175,coco-30k,The two urinals are on the wall with color tiles. ,70399,206271
6176,coco-30k,A man riding a bike down the middle of a street.,84171,139637
6177,coco-30k,A dog is in a bathroom with chewed toilet paper.  ,23543,136720
6178,coco-30k,A airplane that is sitting on a tarmac.,56665,225076
6179,coco-30k,A woman in red sitting on a park bench.,17658,370401
6180,coco-30k,A woman walking next to a man riding a pink bike.,19150,577932
6181,coco-30k,Five dirt bikes are in the garage before the race begins.,98182,394002
6182,coco-30k,A wooden bench that is next to a meter.,88727,75173
6183,coco-30k,Two sheep that are standing in the grass.,27735,444073
6184,coco-30k,A man sitting eating an apple with his bicycle.,9877,344271
6185,coco-30k,A young girl washing her hands at a sink while someone watches.,31289,228604
6186,coco-30k,A person taking a selfie in front of a large mirror.,64175,264805
6187,coco-30k,Rust and white cat curled up in a toilet bowl.,8446,557239
6188,coco-30k,"A group of planes sitting on a runway, in the day.",71536,396051
6189,coco-30k,A large cargo van parked in front of a smart car.,47055,141597
6190,coco-30k,A bathroom with a long counter and rugs on the floor.,35977,579134
6191,coco-30k,A toilet and bidet sit in a bathroom that is under construction.,41563,182175
6192,coco-30k,A bathroom with a bunch of white tiles in it.,19631,412996
6193,coco-30k,a view of a kitchen from across the room.,57684,525083
6194,coco-30k,The skilled skier is taking the downhill route.,35141,171371
6195,coco-30k,Commercial jetliners fly over an amusement park with a Ferris wheel.,17134,315610
6196,coco-30k,A group of motorcycles parked in front of a building.,58544,376628
6197,coco-30k,A cop riding on top of a motorcycle.,45220,225792
6198,coco-30k,A man with a red helmet on a small moped on a dirt road. ,93885,391895
6199,coco-30k,A bunch of birds sitting in a bread basket.,9410,527040
6200,coco-30k,"An airplane sits on the tarmac of an airport, with a disconnected boarding gate.",70293,52759
6201,coco-30k,cars that are stopped at a traffic light,74089,338105
6202,coco-30k,"A kitchen that has a stove, refrigerator, and table in it.",21315,577654
6203,coco-30k,a man wearing leather riding on a motorcycle ,23045,11538
6204,coco-30k,Rows of sitting benches in old looking church,86724,455325
6205,coco-30k,A modest modern looking kitchen for an apartment,73516,321865
6206,coco-30k,A clean kitchen is shown with and without a center island.,13047,353317
6207,coco-30k,A view of a bathroom with a huge pipe behind it.,12150,57124
6208,coco-30k,Pair of motorcycle riders about to drive on road,88236,313733
6209,coco-30k,A single green motorcycle Ina full parking lot,45112,85376
6210,coco-30k,A fire hydrant sitting on the side of a city street.,47386,254864
6211,coco-30k,some white sheep and a black and white dog and grass,49716,176078
6212,coco-30k,Several buses and animals pulling carts on a road.,89065,387761
6213,coco-30k,A toilet seat sits on top of a hole in the ground.,16195,636
6214,coco-30k,A stove top oven with two pans on top of it.,84487,214007
6215,coco-30k,A black and white cat sitting in front of a black bag.,35553,250951
6216,coco-30k,"Tray of food disguised in car, on restaurant counter",28153,558840
6217,coco-30k,"A plate topped with meat, eggs and potatoes.",41642,521605
6218,coco-30k,A motorcycle sitting on the side of a street corner.,70177,271177
6219,coco-30k,A view of a bathroom with the shower curtain open.,60430,547816
6220,coco-30k,A bathroom with black wall tiles and a robe hanging on the wall,76542,216320
6221,coco-30k,Helmeted person taking a tight corner on a motorcycle.,85078,344325
6222,coco-30k,a couple of red and white planes are on a runway,58211,9699
6223,coco-30k,The cat is laying under a vehicle on the pavement. ,70319,461775
6224,coco-30k,The container on the sink is holding flowers and a toothbrush. ,78508,432619
6225,coco-30k,A bathroom that has over flooded with water. ,60256,219657
6226,coco-30k,A woman is kneeling down next to a toilet.,34499,39267
6227,coco-30k,A bathroom with black and white tiles all around it.,17716,281683
6228,coco-30k,"Two computer monitors, a laptop, keyboard and mouse set up on a desk.",19757,567552
6229,coco-30k,a bowl with some noodles inside of it ,4505,511572
6230,coco-30k,A bowl that has soup and a spoon in it.,47115,523175
6231,coco-30k,two legs a toilet a stall door and white tile,89142,306140
6232,coco-30k,People sitting and standing in the grass near an umbrella.,85676,291179
6233,coco-30k,"A bathroom with a spa tub, sink, toilet, yellow stripes on the floor, and flower decorations on the walls.",90533,241602
6234,coco-30k,a van with the back open and appliances in the back ,21804,197775
6235,coco-30k,An airplane in the sky with a group of clouds behind it. ,17125,401221
6236,coco-30k,A cubicle with two computers at the desk. ,94562,427306
6237,coco-30k,A sculpture of a toilet made from woven wood. ,83373,352584
6238,coco-30k,some people bicycles sunglasses cars and some buildings,29077,294918
6239,coco-30k,two people on motorcycles car and trees and water,66888,24343
6240,coco-30k,a wood counter top in a long bathroom,24103,372816
6241,coco-30k,a tiled kitchen with some appliances inside of it ,38009,350230
6242,coco-30k,A bike sitting near the water that has boats in it.,34036,526622
6243,coco-30k,A cat laying on a cushion on top of a table.,61112,74583
6244,coco-30k,Three sheep standing inside a fenced in area.,36229,199610
6245,coco-30k,Two people standing in the grass flying a kite.,16727,130225
6246,coco-30k,A toilet in the ground next to a trash can.,58445,109860
6247,coco-30k,A bathroom that has tools on the floor.,16063,418070
6248,coco-30k,a woman sitting on a picnic table on her cell phone,11928,225850
6249,coco-30k,A glass of milk next to a round purple vase.,51299,376365
6250,coco-30k,The side of a train showing the entrance and two doors.,29471,79566
6251,coco-30k,Two people in tan long sleeve shirts with two dark laptops. ,48679,540926
6252,coco-30k,An old-fashioned motorcycle painted mint green and parked on a curb.,52807,7253
6253,coco-30k,"A stop sign with a sticker that says ""worrying"" fastened to it.",32147,420627
6254,coco-30k,airplanes floating in the lake on a cloudy day,78494,466347
6255,coco-30k,A airplane that is flying in the sky.,9792,79392
6256,coco-30k,A police vehicle is driving on a city street.,69031,91909
6257,coco-30k,A yellow BMW touring motorcycle parked in the street as people look on from behind a steel rail on the sidewalk.,72926,256192
6258,coco-30k,"A restroom view of a toilet, sink, and shower curtain.",85853,124654
6259,coco-30k,An olive colored toilet sitting inside of a room.,42083,419081
6260,coco-30k,a plastic toilet in a small bathroom stall,31260,512463
6261,coco-30k,a woman sitting on a wooden park bench smiling at the camera,90392,246066
6262,coco-30k,A kitchen countertop is cluttered with various kitchen items.,60159,11360
6263,coco-30k,A couple of people that are sitting on mopeds.,74272,567944
6264,coco-30k,A public restroom with a toilet in the floor.,82084,564023
6265,coco-30k,A toilet that is in a bathroom under a pole.,33162,136926
6266,coco-30k,Two people wearing skis on a snowy hill ,65811,472078
6267,coco-30k,Two sinks that are in a kitchen near a window.,58090,262682
6268,coco-30k,a bathroom that has a sink and a toilet in it,34782,535403
6269,coco-30k,An airplane is parked on a runway and someone is standing nearby.,2016,285120
6270,coco-30k,a traffic light on a side walk near a street ,20882,284860
6271,coco-30k,A black and white image of a woman catching a bird,30785,152886
6272,coco-30k,A airplane in the sky with a bear on the wing.,74571,436895
6273,coco-30k,a close up of a person cutting plants ,83380,41478
6274,coco-30k,A man riding a bike across a street.,21899,447119
6275,coco-30k,A white urinal mounted to a wall under a flushing mechanism.,15414,552977
6276,coco-30k,A white toilet sitting underneath a window next to a tub.,51770,136780
6277,coco-30k,A few people working on various computers in an office.,45962,85160
6278,coco-30k,a couple of cats that are inside of a car,26067,514668
6279,coco-30k,Several jars filled with oranges on a kitchen counter.,67832,307138
6280,coco-30k,A desk that has two computer monitors on it.,30234,158384
6281,coco-30k,A man riding a skateboard down a side walk.,5623,422677
6282,coco-30k,A dog is sitting in the passenger seat of a car.,463,351840
6283,coco-30k,A bright red light that is on the side of a snow covered street.,74661,245102
6284,coco-30k,Toilet wedged between two trash cans in drive,33212,564851
6285,coco-30k,"A neat and tidy, modern, residential, family kitchen",12419,392915
6286,coco-30k,An airplane on the tarmac and the glass passageway leading to its door,33166,143224
6287,coco-30k,A guy posing with a guitar while making a song.,4607,106172
6288,coco-30k,Group of motorcycle riders looking over traffic on the street,21,126606
6289,coco-30k,a close up of a cat laying on a bench,37204,171809
6290,coco-30k,a big airplane that is on a runway,76634,495054
6291,coco-30k,a big field of sheep that are outside,48725,495332
6292,coco-30k,Two planes next to one another on damp airport road,29579,287994
6293,coco-30k,A small blue and yellow plane sits at an airfield.,23420,73634
6294,coco-30k,a few birds eating stuff off the ground,41634,123585
6295,coco-30k,A row of parking meters sitting along side of a street.,63318,264718
6296,coco-30k,The people are sitting around the benches outside.,2140,495377
6297,coco-30k,An adult stands near the counter in a kitchen. ,87599,287335
6298,coco-30k,two people riding a motorcycle on a city street ,12025,344862
6299,coco-30k,a tv on top of an entertainment center ,87237,247123
6300,coco-30k,a person standing next to a school bus ,32874,436350
6301,coco-30k,a number of motorcycles parked near one another ,52574,359451
6302,coco-30k,People standing around two model stunt planes on grass.,90181,441752
6303,coco-30k,A black and white photo of a woman asleep on a park bench surrounded by foilage.,98223,10534
6304,coco-30k,A bathroom sink with a bottle of cleaning solution on it. ,64471,37044
6305,coco-30k,a close up of a cat in the back of a car ,1465,344368
6306,coco-30k,a woman and her cat nervously look at the camera,2056,281296
6307,coco-30k,a giraffe is standing next to a zebra outside,28562,545678
6308,coco-30k,a large air plane on a run way ,7143,392670
6309,coco-30k,A woman watching TV with an arm reaching from under the couch. ,42329,453065
6310,coco-30k,a person sitting at a desk with a keyboard and monitor ,62882,386912
6311,coco-30k,A white bathroom is shown with a blue towel.,45225,397327
6312,coco-30k,The police have several motorcycles parked together outside.,78854,375892
6313,coco-30k,The bathroom is clean and ready to use.,59564,202273
6314,coco-30k,A white toilet sitting next to a bathroom sink.,12617,87561
6315,coco-30k,a large airplane that is parked in a runway,98432,83235
6316,coco-30k,a couple of pans you would use to pee in,89132,35770
6317,coco-30k,A couple of wooden benches sitting across from each other.,72473,417596
6318,coco-30k,a bunch of things are outside of a clean white home,27763,578016
6319,coco-30k,a couple of big buildings that are next to each other,73347,132143
6320,coco-30k,a white toilet with a cat on top of it,94478,219567
6321,coco-30k,A small bathroom with a striped tile floor.,25186,156754
6322,coco-30k,A kitchen sink sitting inside of a white counter.,64937,329341
6323,coco-30k,The street is empty and a bunch of signs have been knocked down.,2854,190515
6324,coco-30k,a man rides a motor cycle across a field,10543,154721
6325,coco-30k,A man standing in a  kitchen preparing food.,76490,320480
6326,coco-30k,a couple of women that have a dog on a leash,85155,424162
6327,coco-30k,a bike that is parked next to a brick wall,70693,46571
6328,coco-30k,A trash bin with decorative stickers of cars on them on the ground,20959,346621
6329,coco-30k,A blue pickup is driving through an intersection.,9583,278222
6330,coco-30k,A man sits on a motorcycle holding a cat. ,34271,449879
6331,coco-30k,Partially eaten cake on a white plate in a restaurant,68726,460266
6332,coco-30k,A bike parked next to a cluster of trees.,60532,453138
6333,coco-30k,some parked bicycles and two women on a bench and a book,16926,80185
6334,coco-30k,some people on some grass playing frisbee and trees,18769,458750
6335,coco-30k,The cat is standing up next to the toilet.,30999,292365
6336,coco-30k,The bathroom has a blue trash can on the floor,42312,370444
6337,coco-30k,"A person trying to get on a train, but the door shut.",92713,99081
6338,coco-30k,a motorcycle that has some sticks on his back,96900,116455
6339,coco-30k,A cat sleeping on the car made of metal,77656,441165
6340,coco-30k,a man that is riding a motorcycle with smoke behind,36403,503108
6341,coco-30k,"The german shepherd is guarding the front of the barred door,",98433,454576
6342,coco-30k,a couple of people that are in a kitchen,35945,69914
6343,coco-30k,A white toilet sitting next to a white bath tub.,74559,42383
6344,coco-30k,A group of people that are standing in front of a island.,23292,438774
6345,coco-30k,A group of airplanes in the sky in formation. ,95109,131386
6346,coco-30k,A man that is sitting on a moped.,89481,363875
6347,coco-30k,There is a man with a helmet riding a motorcycle.,29723,360735
6348,coco-30k,A dog that is on the back of a motorcycle.,95770,43433
6349,coco-30k,A group of people getting their surfboards and heading for the ocean.,12367,163479
6350,coco-30k,Woman standing in a dark wooded kitchen with a carton in her hands.,2281,404257
6351,coco-30k,Various people standing in line in front of a gate at an airport.,60887,362122
6352,coco-30k,A motorcycle being displayed on a platform during an event.,31326,530220
6353,coco-30k,a man riding a small motorcycle in the bustling streets,97503,88168
6354,coco-30k,A kitchen sink sitting underneath a large wooden window.,83213,495681
6355,coco-30k,The retro bicycle shop is actually three stories high.,2066,531324
6356,coco-30k,a person riding on a bicycle on the street in front of some cars,94417,122166
6357,coco-30k,An office cubicle with clutter on the desk,96585,118051
6358,coco-30k,The doors on a subway car are slightly opened.,17905,425404
6359,coco-30k,The vehicles are travelling down the road together.,52133,228558
6360,coco-30k,A row of bathroom toilets by a green wall.,76927,23696
6361,coco-30k,The woman is dipping food out of the pot to eat.,52205,54654
6362,coco-30k,"The bathroom is multi-colored containing black, white, and green.
",57186,94113
6363,coco-30k,A modern open concept kitchen and dining room.,43225,393054
6364,coco-30k,a burnt tea spoon sits on a wooden surface ,30236,129113
6365,coco-30k,a cat laying inside of a bathroom sink,50137,271035
6366,coco-30k,A row of motorcycles are parked in a parking garage.,54502,441245
6367,coco-30k,"A person riding a baby blue motorcycle near haystacks
",74084,431570
6368,coco-30k,A violet table in the middle of a white themed kitchen,11949,561514
6369,coco-30k,a giraffe standing in the doorway of a barn,55393,461993
6370,coco-30k,A neon colored building lit up in the night time,49163,293671
6371,coco-30k,A row of different colored motor scooters sitting in front of a store.,3189,35952
6372,coco-30k,a couple of cats that are sitting on a fence,69524,379869
6373,coco-30k,A bathroom that has a toilet and a trash can in it.,75846,100853
6374,coco-30k,a cat that is standing on a toilet and next to a sink,86100,157807
6375,coco-30k,a very big boat that is in some water,64085,265234
6376,coco-30k,A row of motor scooters at a motorcycle festival.,92747,406734
6377,coco-30k,A giraffe stand in front of large rocks and looks at a tree.,46500,496264
6378,coco-30k,A view of kitchen with two microwaves in it.,5298,452695
6379,coco-30k,A man riding a motorcycle approaching a man wearing camouflage clothing.,3016,538242
6380,coco-30k,A man riding on skis down a slope on a course.,31843,250594
6381,coco-30k,A woman and man serving themselves food from a table.,69579,279491
6382,coco-30k,The airplane is flying near a cloud in the sky. ,95955,217060
6383,coco-30k,The person stands in a field flying a yellow kite. ,59957,425727
6384,coco-30k,The motorcycle racer leans down to the road while making a turn. ,92263,89329
6385,coco-30k,The cake has two motorcycles on the icing. ,54992,184659
6386,coco-30k,"A bathroom shower, toilet and mirror that is decorated in tan tile.",97565,169598
6387,coco-30k,"Small bathroom with sink, toilet, and shower/tub combo.",1339,433625
6388,coco-30k,An airplane is vintage and is on display.,98191,504000
6389,coco-30k,A bunch of people in turbans at a parade.,10834,355569
6390,coco-30k,A bathroom with two sinks and a shower.,40985,455483
6391,coco-30k,Man sitting on a living room with green couches. ,37608,156497
6392,coco-30k,"A bathroom with a bathtub, separate shower, sink, cabinets and mirror.",24685,35526
6393,coco-30k,A man sitting at a table looking at a box of cupcakes. ,3975,408071
6394,coco-30k,The cat is sitting underneath the parked car. ,28885,75742
6395,coco-30k,The sleek fighter jet is flying sideways through the air. ,43684,119232
6396,coco-30k,The elderly man in a cap is sitting on a wooden bench. ,41941,75595
6397,coco-30k,A person with a helmet on a blue motorcycle.,94629,141962
6398,coco-30k,A motorcycle is parked on the beach near the ocean.,72130,373333
6399,coco-30k,A BMW motorcycle parked on a brick street.,35877,198495
6400,coco-30k,Adults and children gathered at large family meal. ,41391,335065
6401,coco-30k,some kind of room with some weird things in it,53744,58910
6402,coco-30k,a red motorcycle that is going down the road,84962,112841
6403,coco-30k,a bunch of airplanes that are inside of a building,36222,184359
6404,coco-30k,Men climbing on board a bus that needs to be repaired.,81447,445834
6405,coco-30k,A cat on the kitchen counter sticking its nose in a cupboard.,69764,402333
6406,coco-30k,a kitchen that looks like its being redone,91296,184205
6407,coco-30k,A bicycle is standing next to a bed in a room.,45414,274687
6408,coco-30k,A giraffe is standing outside in a field.,69998,356836
6409,coco-30k,a couple of people that are biking down a road,93177,261888
6410,coco-30k,a dog that is laying next to another person,10699,466229
6411,coco-30k,A cat wearing a sweater and glasses under a book shelf.,85385,41322
6412,coco-30k,a road that has a bunch of bikers driving down it,88654,281696
6413,coco-30k,a person that is spiting something up in a toilet,62212,381134
6414,coco-30k,a kitchen that has a sink and a stove in it,9201,284365
6415,coco-30k,People passed out on the floor of a bathroom with urinals and a toilet.,28921,276263
6416,coco-30k,a line of motorcycles that are next to a road,3990,478575
6417,coco-30k,a bathroom that has a sink and a toilet in it,24910,303726
6418,coco-30k,A cluttered desk in an office cubicle near other cubicles.,37593,83462
6419,coco-30k,people that have their face painted holding a cell phone,73622,203539
6420,coco-30k,A woman standing in a doorway as a dog turns and looks at her.,31405,374990
6421,coco-30k,A giraffe and two zebras are standing in the grass.,44677,149890
6422,coco-30k,A motorized passenger buggy with people walking around it in a city.,24134,226496
6423,coco-30k,Two toilets adjacent in a restroom with tile,50399,542527
6424,coco-30k,A man and a woman on a blue motorbike are picking up a piece of luggage from a man.,35043,292456
6425,coco-30k,Couple of sheep relaxing in a fielder brown,93588,66561
6426,coco-30k,A large jet airplane being loaded with cargo at an airport.,8392,281693
6427,coco-30k,An old brick building contains an appliance store.,24503,406841
6428,coco-30k,Group of people flying a blight kite with smiley faces on it. ,80537,517793
6429,coco-30k,A motorcycle sitting in a parking lot showing a green lawn in the mirrors.,87970,108531
6430,coco-30k,Two goat kids and one young lamb are in a field.  ,32143,286770
6431,coco-30k,An airplane parked next to a terminal ready for passengers to board.,11498,475798
6432,coco-30k,A woman riding a bike past a store.,34860,95474
6433,coco-30k,a man sitting at a table with some laptops on it,39529,153803
6434,coco-30k,a fire place in a house that is behind a rope,86985,493376
6435,coco-30k,a man is flying a kite in a field,72562,275015
6436,coco-30k,a group of people on motorcycles drive down the road,95402,48786
6437,coco-30k,some people are sitting on a bench in front of a boat,14880,397786
6438,coco-30k,A man sitting on top of a bench near some pigeons.,23640,2142
6439,coco-30k,a dirty room packed with a bunch of stuff,60548,416733
6440,coco-30k,A picture of a street named Bill Robertson,54192,347460
6441,coco-30k,A view of a bathroom with an old tub and a hanging shower curtain.,84657,185041
6442,coco-30k,a motorcycle is hanging in the air with plants on it,17353,19443
6443,coco-30k,a man is working on a hub cap on the ground,29158,13177
6444,coco-30k,The living room is nicely cleaned and organized.,7562,575970
6445,coco-30k,some people on a park bench in a field,85055,406500
6446,coco-30k,two people riding motorcycles on a city street ,28322,4355
6447,coco-30k,a couple of women  are in a kitchen,97427,337264
6448,coco-30k,A very tall brick building with bricked up windows.,51900,391584
6449,coco-30k,a bath room with a toilet and a towel rack,90539,531023
6450,coco-30k,A street corner with a brown and white building on it.,96383,418696
6451,coco-30k,a number of statues of people in a kitchen,9456,385508
6452,coco-30k,An airplane sitting on the water parked at the docks,605,379605
6453,coco-30k,Airplane flying in the air over various fields and farms.,76164,308316
6454,coco-30k,A motorcycle rests against the side of a deserted road near a kangaroo crossing sign.,64670,132084
6455,coco-30k,A city bus crosses an intersection of a crowded neighborhood.,21167,323528
6456,coco-30k,A motorcycle is parked in a bushy field.,68896,110961
6457,coco-30k,A light that is on a ceiling in a kitchen.,63844,206784
6458,coco-30k,A dirty toilet that is in a bathroom.,84993,534857
6459,coco-30k,A woman orders food from an outdoor vendor.,19632,140963
6460,coco-30k,A white toilet sitting inside of a bathroom.,9344,35266
6461,coco-30k,A small sailboat docked at a local shore.,41321,377999
6462,coco-30k,A large jetliner flying through a cloudy gray sky.,27083,259421
6463,coco-30k,a library with rounded walls full of books,92881,543118
6464,coco-30k,A golden ladder sitting next to a large black vase.,57737,453785
6465,coco-30k,"a retro image of women in aprons, some holding clipboards, in a giant industrial kitchen",90298,134206
6466,coco-30k,A large group of people and cameraman gathered for a ribbon cutting.,57164,482784
6467,coco-30k,A man in a kitchen instructing a woman on what to do ,71317,130909
6468,coco-30k,Three dogs exploring a stream and rocks in nature. ,41563,141538
6469,coco-30k,A towel that is on a rack in a bathroom.,19784,190705
6470,coco-30k,A sign for Davidson College outside of one of its buildings,61580,269282
6471,coco-30k,A library bus outside of an apartment building,11075,200839
6472,coco-30k,A small airplane flying through the clear blue sky.,49159,252582
6473,coco-30k,Black and white photograph of a cat on a toilet seat.,41976,455365
6474,coco-30k,A person on a motorcycle passing a mountain on a road.,4825,31965
6475,coco-30k,a man who appears to be herding sheep is closing two big fence doors,83182,502766
6476,coco-30k,a kitchen scene with a refrigerator that has magnets and a black oven on the wall,98125,460208
6477,coco-30k,"A view of a street, with a church in the horizon.",51285,154854
6478,coco-30k,"The old, dilapidated  bathroom has fallen into disrepair.",32607,541291
6479,coco-30k,Motorcyclists are gathered around their bikes at a rally. ,22396,305803
6480,coco-30k,"older women sit on a bench, with one of the women holding crutches",17857,493218
6481,coco-30k,"a bicycle sits on its stand in the middle of a grassy, wooded area",82808,292819
6482,coco-30k,A close up photo of suitcases and luggage,59825,534664
6483,coco-30k,a man speeds between cars and a bus on his skateboard on the street in a city,15433,559730
6484,coco-30k,"A woman holding three bags stands by the open doors of a subway car, through which other people can be seen.",5473,4359
6485,coco-30k,a bathroom simply designed with pale neutral tan colors,56588,49984
6486,coco-30k,a kitchen with a  sink surrounded by a bunch of cluttered items,97918,119617
6487,coco-30k,A small TV on the hard wood floor of a building,52453,476444
6488,coco-30k,a group of men working the kitchen behind a counter top,18244,476335
6489,coco-30k,"A kitchen area with a stove, counter and kids kitchen set.",52952,218811
6490,coco-30k,The toy motorcycle sitting up like it is parked.,93857,191117
6491,coco-30k,Two people who are sitting on mopeds in the street.,73639,477500
6492,coco-30k,two red white purple and blue jets and buildings ,58425,326919
6493,coco-30k,A dog in a a cage with a bed and bowl,72583,60835
6494,coco-30k,A couch on the side of the street with a television on it.,47034,443240
6495,coco-30k,A traffic light made of chrome sitting on a pole.,59523,499983
6496,coco-30k,Several motorcycles that are parked on the side of the street.,24755,273551
6497,coco-30k,The torso of a man who is holding a knife.,18088,6658
6498,coco-30k,A cream colored bathroom is clean and empty.,12802,350833
6499,coco-30k,A large cat sitting on top of a bathroom sink.,40215,130921
6500,coco-30k,Four bowls containing fruits and vegetables arranged decoratively,62354,354165
6501,coco-30k,A bike sitting parked on the ground next to a building.,33812,451896
6502,coco-30k,a white toilet an cabinet in a bathroom,39805,549384
6503,coco-30k,A bunch of bikes parked in bike racks.,86269,252280
6504,coco-30k,A zebra and an elephant investigating each other in a grassy area.,17896,164095
6505,coco-30k,The man on the toilet is reading the paper.,70839,92257
6506,coco-30k,a couple of helicopters are in the sky,63768,304036
6507,coco-30k,A shaggy haired sheep with its lambs next to it.,56461,86615
6508,coco-30k,A young man wears a fake mustache in a kitchen decorated for the New Orleans Saints.,67052,64909
6509,coco-30k,A plane just outside of a terminal with other planes in the background.,79321,289173
6510,coco-30k,A clean bathroom is seen in this image.,28726,245996
6511,coco-30k,A motorcycle sitting parked on the side of a road.,36125,493117
6512,coco-30k,a big airplane with the cargo section open,97491,579325
6513,coco-30k,There is a toilet next to a wall.,12287,374984
6514,coco-30k,There is a tall tower connected to a building.,18945,521549
6515,coco-30k,Two red benches sitting in front of windows.,81180,196852
6516,coco-30k,a woman is facing an oven in a kitchen,58542,346560
6517,coco-30k,"A bathroom with a sink, paper roll, toilet, towel rack and mirror.",72863,431197
6518,coco-30k,A woman holding a polka dot umbrella looking inside a shop.,21024,274418
6519,coco-30k,A bathroom with a reflection of a television and a sink.,57985,398606
6520,coco-30k,a purple towel is hanging in in a white bathroom,9609,146276
6521,coco-30k,a jet is flying above some snowy terrain ,90500,513615
6522,coco-30k,"A red, grey and white airplane passes overhead.",17659,112956
6523,coco-30k,A group of motorcycles are on display at a museum.,52323,279887
6524,coco-30k,a microwave is built in to a all of a kitchen,41663,403482
6525,coco-30k,a bunch of stuff is on a small table,98007,345245
6526,coco-30k,A toddler reaches into a bowl of grapes in a sink.,64973,131018
6527,coco-30k,a gray bicycle is locked to some metal doors,21678,509822
6528,coco-30k,a computer is on a desk next to a lamp,26093,229020
6529,coco-30k,A kitchen that has many things in the sink and on the counter.,76386,121904
6530,coco-30k,A man standing next to a parked bus and various people riding bicycles down a street together and one person holding a sign.,49013,564276
6531,coco-30k,A man taking a selfie while brushing his teeth and looking in the mirror ,55995,123480
6532,coco-30k,A kitchen that is in the process of having the floors done ,14146,4296
6533,coco-30k,There is s toilet scrubber next to the toilet in the stall. ,66883,302185
6534,coco-30k,Canning tongs lifting a jar out of the water bath.,95877,76525
6535,coco-30k,A woman prepares to pour batter into lined muffin tins.,46891,505728
6536,coco-30k,The bathroom has a towel rack on the sink counter below the large mirror. ,38748,342025
6537,coco-30k,A toddler in his underwear stands in front of a sink.,23895,543740
6538,coco-30k,The bottom view of people's body and a puppy on a leash.,55220,534829
6539,coco-30k,A group of teenagers working on computers with adults behind them.,68615,298197
6540,coco-30k,A kitchen refrigerator and bed mattress outside an apartment.,47493,336001
6541,coco-30k,There is a man standing next to the kitchen counter.,15869,527750
6542,coco-30k,A person sits on the road near their motorcycle.,3010,319487
6543,coco-30k,An All Nippon Airways 777 sitting at a gate on the tarmac.,99946,575198
6544,coco-30k,A cat sitting on the floor watching television.,73250,240940
6545,coco-30k,A man in his kitchen cooking using the stove.,69634,554445
6546,coco-30k,Two toilets sitting on a sidewalk with a cardboard box.,26064,243810
6547,coco-30k,A man riding on the back of a motorcycle with a woman.,13272,310553
6548,coco-30k,White clouds float above a big fancy castle on  a sunny day,32928,559442
6549,coco-30k,A city at night with people walking around.,49322,227049
6550,coco-30k,Vibrant photo of a train sitting at a train station,11998,330432
6551,coco-30k,Young Giraffe peeking his head into a crevice in the exhibit wall.,69975,121692
6552,coco-30k,Multiple people waiting on a boarding dock to get on the train.,97456,245432
6553,coco-30k,A giraffe stands alone outdoors at the zoo.,75818,471567
6554,coco-30k,A gold colored pair of scissors cutting into a piece of bejeweled fabric with other bejeweled items in the background.,88332,357501
6555,coco-30k,A bus is driving down a road with cars behind it.,25745,24522
6556,coco-30k,A cat sitting outside on a bench on a sunny day.,1872,372983
6557,coco-30k,A bird sits on a wire over a street sign.,79942,373519
6558,coco-30k,A small bird is perched on an empty bird feeder.,6032,412355
6559,coco-30k,A woman is standing at a crosswalk at a traffic intersection.,29153,569030
6560,coco-30k,A bus driving down a city street during the day.,20020,505831
6561,coco-30k,"A stop sign with an ""eating animals"" sticker on it.",20420,206300
6562,coco-30k,Yellow 'DIP' sign along a small town street.,92685,497021
6563,coco-30k,A red city bus driving down a street.,71625,577024
6564,coco-30k,Blue road sign directing traffic to the left.,32060,49883
6565,coco-30k,A collection of artwork leaning against a wooden fence.,87788,293022
6566,coco-30k,Old cars are parked on the street in a city.,44875,320171
6567,coco-30k,The station has no passengers waiting for the train.,50526,318426
6568,coco-30k,A young giraffe peers inquisitively at the photographer.,25560,29484
6569,coco-30k,A miniature train in a park full of people.,77396,442942
6570,coco-30k,A modern transportation building with busses lined up for passengers.,54328,562805
6571,coco-30k,The Samsung building on the corner of La Brea Ave.,52375,433971
6572,coco-30k,A sea gull walking along the sand and surf.,89708,19404
6573,coco-30k,Two bicyclists sitting on a bench with a forest background.,73499,224118
6574,coco-30k,A giraffe walking through the jungle next to mountains.,23709,504414
6575,coco-30k,A flock of sheep graze on a hillside.,6443,48907
6576,coco-30k,A colorful bus is parked on the street.,46071,203865
6577,coco-30k,A blue sky with puffy white clouds and the top of a stop light.,83920,160025
6578,coco-30k,A bus sits next to a curb at a cross walk.,69593,510842
6579,coco-30k,The clock has different bird pictures in place of the numbers.,85830,529494
6580,coco-30k,A yellow fire hydrant in front of a bike leaning against four poles,4864,78488
6581,coco-30k,A red building standing against a grey sky.,20630,159374
6582,coco-30k,A parakeet perching atop a pair of used Vans shoes.,28708,281148
6583,coco-30k,An art installation is placed by a street.,225,506483
6584,coco-30k,A train pulling out of a train station.,12009,31240
6585,coco-30k,A rural train station is loading and unloading passengers,7590,236951
6586,coco-30k,A car parked next to a bench along a city street.,1523,456884
6587,coco-30k,"A road wet from rain, and clouds still on the mountain. ",97888,413287
6588,coco-30k,"A weathered sign saying ""Guadalajara"" with an arrow pointing to the left. ",95762,325391
6589,coco-30k,A view of cars and trucks parked along side a street. ,57908,549943
6590,coco-30k,A long train sitting on a railroad track. ,88623,221213
6591,coco-30k,Two giraffes leaning over a fence to eat leaves. ,74694,422253
6592,coco-30k,a giraffe behind a fence on grass licking the fence,18843,28820
6593,coco-30k,A sign on a pole signifying a no parking zone.,58072,268693
6594,coco-30k,A sign pointing to different streets in London.,836,60730
6595,coco-30k,A family of giraffes standing next to a pile of logs.,83300,102665
6596,coco-30k,The oriental signs are pointing in all directions.,5419,38685
6597,coco-30k,"A woman with her legs crossed, shielding her eyes while looking up, reclines on a couch.",71810,217440
6598,coco-30k,A wooden park bench placed up against a tree.,79300,313156
6599,coco-30k,A passanger train moves on the rails of the city.,94596,61715
6600,coco-30k,Many sheep are grazing in the green field.,95709,3947
6601,coco-30k,A commuter train pulling into a busy train station.,75089,30413
6602,coco-30k,Two trains running along a set of tracks. ,25414,112232
6603,coco-30k,An old Acme factory that is by a stop light.,12543,26025
6604,coco-30k,An empty street with two street lights placed next to each other.,75444,477705
6605,coco-30k,a stop sign on a wooden pole in front of an empty field.,71583,268340
6606,coco-30k,A large white public bus parked on the street.,35986,69391
6607,coco-30k,A stop sign on a post at a public street.,14016,25593
6608,coco-30k,A train speeding down the tracks in the middle of a field.,4493,280239
6609,coco-30k,a little cat house in the yard with a kitty sitting in it. ,44996,109498
6610,coco-30k,A city street lit up in a night scene with cars in the background. ,97843,343976
6611,coco-30k,A biilboard with a railcar in front of it. ,85428,148999
6612,coco-30k,Heavy snow covers a picnic bench next to a tree.,49582,455044
6613,coco-30k,Two tall giraffes graze on bushes in an open field.,27118,394611
6614,coco-30k,A commuter train stops at a train station for passengers.,77498,469246
6615,coco-30k,A stop sign at the end of the road.,18559,232646
6616,coco-30k,"A beautiful bird with brown wings, glides over the water",38765,151516
6617,coco-30k,An audience watches as a bird spreads its wings.,70673,113977
6618,coco-30k,A blue van passes by a cement wall with graffiti.,25195,192520
6619,coco-30k,An animal surrounded by a flock of birds,72190,425722
6620,coco-30k,A traffic sign has been vandalized to look like a scary face.,5677,402096
6621,coco-30k,Two wooly sheep are standing in a pen.,15035,52470
6622,coco-30k,A short commuter train traveling along the train tracks with snow on the ground.,98267,313057
6623,coco-30k,A fire hydrant is placed in a wooded area,53049,524502
6624,coco-30k,Older model stop light on a street corner in a tropical city.,72309,11788
6625,coco-30k,Train wreck fallen down into a body of water.,12022,416331
6626,coco-30k,Sign with the words Radar across the bottom.,68326,405815
6627,coco-30k,Large black train system surrounded by trees and nature.,80378,263299
6628,coco-30k,A blue fire hydrant above two pairs of shoes.,7879,182078
6629,coco-30k,A children's pig train travels down rail road tracks.,87938,194398
6630,coco-30k,A giraffe has it's face in a silver bucket.,59794,11202
6631,coco-30k,An old black and white photo of two men in suits.,39858,378334
6632,coco-30k,A double decker bus driving down the road.,79063,249219
6633,coco-30k,Cows are grazing in the countryside with a bridge in the background.,40252,153834
6634,coco-30k,There is faded green paint on a wooden step,49934,308003
6635,coco-30k,A large plane is parked outside an airplane hangar.,40814,158801
6636,coco-30k,A work crew repairs a stop light in the town. ,54036,183246
6637,coco-30k,A woman walking her cattle down the road.,27241,486397
6638,coco-30k,A yellow city bus traveling down a busy street.,65667,422157
6639,coco-30k,An older man sitting on a wooden bench under a tree.,17329,278977
6640,coco-30k,People are waiting on a corner to cross a street. ,64980,450500
6641,coco-30k,A parking sign is displaying spaces available on a city street,4500,490794
6642,coco-30k,Several airplanes sitting on the tarmac being unloaded.,88683,204611
6643,coco-30k,Two mountain goats standing on the side of a mountain.,68640,540509
6644,coco-30k,Giraffes standing next to zebras on a lush green field.,63337,62020
6645,coco-30k,A commuter train crosses over a train bridge in a down town city area.,55596,422434
6646,coco-30k,A 25 mph turn sign on the side of a highway. ,41213,444302
6647,coco-30k,A sky full of a flock of birds on a cloudy day.,91599,161022
6648,coco-30k,Two metal warning street signs under tree branches.,69380,156299
6649,coco-30k,A little boy in a yellow shirt feeding a giraffe.  ,93858,234526
6650,coco-30k,A wooden swings hangs in a park next to a river.,6699,192153
6651,coco-30k,A bird reaches into a cup to take a drink.,72312,142941
6652,coco-30k,A giraffe standing by a pair of skinny trees.,11044,459757
6653,coco-30k,An empty bench next to a potted tree up against a brick wall.,16235,253749
6654,coco-30k,A man sitting alone on a park bench in a park.,86119,264535
6655,coco-30k,A street sign located just below two large high rise hotels.,97806,547903
6656,coco-30k,A person hangs off the side of a passenger train.,77455,248761
6657,coco-30k,A commuter train passes people sitting on a bench at a train station.,96919,127659
6658,coco-30k,A person in the process of sheering a woolen animal.,78986,500477
6659,coco-30k,A city intersection at Castro street with three stoplights,23464,560235
6660,coco-30k,Empty restaurant dinning room set for dinner guests.,30191,177994
6661,coco-30k,A red stop sign next to a road in the middle of nowhere.,48744,575633
6662,coco-30k,A sign warning drivers that there are children at play.,50736,52949
6663,coco-30k,A traffic sign in front of large trees and a building.,20057,28499
6664,coco-30k,A fleet of ships docked on a sandy beach.,26442,353518
6665,coco-30k,A street sign surrounded by beautiful potted flowers in bloom.,81637,247914
6666,coco-30k,A herd of sheep walking through a grass covered field.,49072,558101
6667,coco-30k,A bird that is sitting on top of a branch.,22308,215570
6668,coco-30k,Elevated bridge runs alongside the railroad tracks and over land.,34387,418152
6669,coco-30k,A busy city street filled with people walling and street signs.,43098,79357
6670,coco-30k,Two trains parked at a train station as passenger wait to board them.,58301,439593
6671,coco-30k,A man and woman in western clothing standing in front of a trailer.,28556,330754
6672,coco-30k,A block of pigeons gathered  around a person sitting on a park bench.,2914,127259
6673,coco-30k,A duck paddling through a shallow body of water.,36493,96459
6674,coco-30k,An empty park bench next to a small lake.,18466,131965
6675,coco-30k,A mother bird feeds her little baby chicks.,61290,409701
6676,coco-30k,a small herd of sheep and a ram eating grass,99956,104676
6677,coco-30k,"A table and chairs sit on a grassy walkway, with a pitcher.",72697,260974
6678,coco-30k,A bunch of animals in a grassy area.,57265,557346
6679,coco-30k,"Driving on a highway behind a compact car, on the way to Nice",91691,467721
6680,coco-30k,A busted fire hydrand pouring out water onto the street.,31581,286010
6681,coco-30k,A stop sign is the focal point of an intersection that is covered in snow during the winter.,99246,348829
6682,coco-30k,Two giraffes are housed in a pen. ,89264,173166
6683,coco-30k,A picture of several people in a sail boat in the ocean.,42651,43133
6684,coco-30k,A giraffe looking at something in some bush.,339,414109
6685,coco-30k,A bird standing on a ledge looking out.,97266,358410
6686,coco-30k,A man in apink shirt passing an old shop in a market,12697,319654
6687,coco-30k,A lot of birds flying around on a beach.,21307,214009
6688,coco-30k,A person with a camera taking a picture.,33921,266831
6689,coco-30k,A picture of a train coming out of a house.,32434,528404
6690,coco-30k,a train sitting on a train track at a stop.,99000,145862
6691,coco-30k,A stop light that has a street sign on it.,99479,143174
6692,coco-30k,A train that is going through a city.,63818,124277
6693,coco-30k,An old train moving on a train track.,92504,204098
6694,coco-30k,Two men and a woman sit on a park bench,23496,463783
6695,coco-30k,A bird resting on a birdfeeder hanging on a tree.,3659,398927
6696,coco-30k,A statue of a giraffe in a park setting.,40865,32703
6697,coco-30k,An empty boat on in the water with birds perched on the side.,75448,555847
6698,coco-30k,A bicycle locked up to a metal pole.,13976,403295
6699,coco-30k,A busy residential street with parked cars on the sides.,32070,533217
6700,coco-30k,A black and white cat is near a little dead bird on the sidewalk.,4619,227218
6701,coco-30k,A car is parked on the side of the street in the rain.,90736,354829
6702,coco-30k,Several rows of track with a 'direct rail services' train on the furthest one. ,53472,264013
6703,coco-30k,"A yellow, gray and white train stationed at a city.",38619,7096
6704,coco-30k,Two giraffes and several other large animals roam a tropical zoo paddock.,43829,581100
6705,coco-30k,A sheep eats grass alone by a lake,27497,546980
6706,coco-30k,A big rock walkway is on a hill beside the ocean.,63532,63309
6707,coco-30k,A man with a camouflage umbrella hat is taking a picture.,12860,409331
6708,coco-30k,An opened fire hydrant spewing water into the street.,88022,21588
6709,coco-30k,Two sheep are bent down grazing on grass.,70000,112128
6710,coco-30k,Group of people crossing the street behind trolly.,49461,269873
6711,coco-30k,A spotted kitten sitting on a wooden bench.,87176,118515
6712,coco-30k,A train rounds the bend in a lush green mountain setting.,85618,44061
6713,coco-30k,A small flock of grazing sheep in a very large grassland.,88907,327872
6714,coco-30k,The city is filled with one way streets.,63233,90020
6715,coco-30k,A car and a bus are merging into traffic together,78048,324321
6716,coco-30k,Construction worker holding a stop sign on the side of a road on a sunny day.,66238,92205
6717,coco-30k,A fast train crossing over a small bridge.,19122,457491
6718,coco-30k,A giraffe extends its tongue to drink water,5108,235057
6719,coco-30k,A woman sitting next to a yellow hydrant on a sunny day.,74585,155873
6720,coco-30k,A fire hydrant placed in the street just off the curb.,75004,283054
6721,coco-30k,A blue and yellow train pulling up to a station on a sunny day.,32009,567922
6722,coco-30k,A building has a stop sign right in front of it.,81337,181132
6723,coco-30k,A dinner party draped in sheer drapes and adorned with stuffed farm animals.,72159,239010
6724,coco-30k,"Two giraffes are against trees and grass, one is sitting.",72047,553108
6725,coco-30k,A yellow fire hydrant on a busy sidewalk next to buildings.,88970,29656
6726,coco-30k,A  person approaching a public transportation bus through the snow.,13666,162818
6727,coco-30k,"Six old men, four sitting on a bench and two standing, conversing.",97822,25896
6728,coco-30k,A bench sitting on the side of an empty walking path.,12785,334311
6729,coco-30k,A yellow and red grain engine passing under train signal lights ,22367,309802
6730,coco-30k,A herd of sheep grazing on a green grass covered piece of land next to a forest.,65440,230166
6731,coco-30k,A road is covered with snow with some tire tracks.,72555,70336
6732,coco-30k,A big locomotive stopped in a train station,82272,519673
6733,coco-30k,A construction worker holding up a stop sign.,47975,156747
6734,coco-30k,A leaned over stop sign in a snowy parking lot.,72271,68993
6735,coco-30k,A city traffic signal and street at night.,51035,558558
6736,coco-30k,A busted red fire hydrant spewing water all over a street creating a rainbow.,95075,312343
6737,coco-30k,A sign on top of a restaurant next to a traffic light.,9194,251736
6738,coco-30k,A telephone pole with street signs posted on it.,87732,572546
6739,coco-30k,A double decker bus parked in a bus station next to a baby stroller.,41681,494957
6740,coco-30k,Two tall giraffes standing next to each other by trees.,12993,344059
6741,coco-30k,Two giraffes standing side by side at a zoo in front of a large city.,15414,300179
6742,coco-30k,A parrot flying through a tree filled forest.,85068,498381
6743,coco-30k,A black and white photo of an old locomotive.,50678,145048
6744,coco-30k,A small yellow bird on a branch of a tree.,16182,452224
6745,coco-30k,A bright yellow railroad car on the tracks.,97419,293907
6746,coco-30k,Cliffs rise on the edge of a placid lake.,54646,408439
6747,coco-30k,A flock of geese being chased by a dog.,48629,105918
6748,coco-30k,A toddler on a surfboard in the sand on a beach.,1647,239260
6749,coco-30k,A red sign notifying drivers that there is no parking allowed at any time.,55341,474452
6750,coco-30k,A bus yard filled with yellow school buses parked side by side.,79186,223466
6751,coco-30k,A man yelling to the driver of a truck,70639,69827
6752,coco-30k,A giraffe standing in an open field next to some rocks.,89815,522032
6753,coco-30k,A small black pug is wearing a sweater and Santa Claus hot.,65009,396432
6754,coco-30k,A pack of mountain goats climbing up the side of a mountain.,50613,170346
6755,coco-30k,An empty city street surrounded by stores and shops on either side.,33740,246074
6756,coco-30k,A road sign with two arrows on it in front of a grave yard.,58238,562582
6757,coco-30k,Two people wearing hats that double as umbrellas.,20024,427341
6758,coco-30k,A small white bard with  a long beak on a branch.,70945,122838
6759,coco-30k,A red light and street sign in front of a palm tree,37125,88902
6760,coco-30k,A group of red and yellow buses parked side by side in a parking lot.,18420,110138
6761,coco-30k,A large building on the corner of the intersection. ,50645,350736
6762,coco-30k,A red white and blue train is pulled up at the passenger station.,19895,125375
6763,coco-30k,A country road with a street light and signage,2591,477846
6764,coco-30k,An airplane sitting on the tarmac in front of a hanger.,60929,127136
6765,coco-30k,A closeup of a cream and orange colored cockatiel.,82002,523250
6766,coco-30k,Warning signs outside a fence at a transit station,4893,141501
6767,coco-30k,A train ambling down the tracks with shrubbery on both sides,90899,143744
6768,coco-30k,A yellow train passing by a train station's loading area.,81233,119845
6769,coco-30k,A cat sprawled out over the top of a laptop computer keyboard.,38781,119233
6770,coco-30k,A giraffe next to a stone fence staring off into the distance.,44724,282912
6771,coco-30k,"A city street with many signs including street signs, no parking signs and traffic lights.",19809,15566
6772,coco-30k,A little boy standing on one side of a fence looking at sheep inside the fence.,5515,345937
6773,coco-30k,A train with a yellow engine car traveling down railroad tracks.,21137,564739
6774,coco-30k,Two people walking a way from a train waiting at a train station,15866,187450
6775,coco-30k,Two No Parking Signs emphasize the law on this street.,73714,29594
6776,coco-30k,A bird sitting in a field of beautiful purple flowers.,69791,117237
6777,coco-30k,Giraffe walking around a grassy field under a cloudy sky.,48060,330356
6778,coco-30k,Giraffes eating the branches of the trees in the field.,40804,157891
6779,coco-30k,Two street signs showing names of cross streets.,16098,441863
6780,coco-30k,Birds perched up on a tree branch next to a window.,83896,121414
6781,coco-30k,A giraffe is standing near some large boulders.,26380,176306
6782,coco-30k,A blue and white giraffe reaching for food up in a tall tree.,38660,8128
6783,coco-30k,A stop sign posed on a pier next to a lake.,84239,553962
6784,coco-30k,A street sign next to a public road in a city.,27299,428447
6785,coco-30k,A fighter jet flying in the sky leaving smoke trails.,27617,464706
6786,coco-30k,A crew of workers performing work on a train.,49477,162579
6787,coco-30k,"A street sign that reads ""FRIZERIE"" in front of a red building.",14023,191501
6788,coco-30k,A woman sitting on a fire hydrant while talking on a cell phone.,15767,575012
6789,coco-30k,People waiting to cross a street at a traffic light.,5792,323000
6790,coco-30k,A crowd of people unloading from a long train.,10154,215439
6791,coco-30k,A stop light with green arrows on Woodbine Ave. ,70312,427876
6792,coco-30k,A bridge that crosses over a body of water. ,73834,251330
6793,coco-30k,A train station with three trains and men waiting to board.,13476,155356
6794,coco-30k,An adorable brown and white dog sitting between two legs.,41286,328200
6795,coco-30k,A street light on a pole outside of a house.,22677,216457
6796,coco-30k,Street signs on a pole painted in the colors of the Italian flag.,79137,228771
6797,coco-30k,An empty park bench covered in graffiti with an old homeless man sleeping on it.,46775,292622
6798,coco-30k,A train filled with passengers traveling down railroad tracks.,17306,558421
6799,coco-30k,A bus driving down a road next to a park.,77027,19158
6800,coco-30k,A dog is tied to a fire hydrant.,70657,377575
6801,coco-30k,A red stop sign stands out against the view of a mountain.,65855,13333
6802,coco-30k,A man sitting on the park bench in the forest ,90076,60347
6803,coco-30k,A stoplight and a street sign in California.,45432,239980
6804,coco-30k,black bullet train waiting at the station in outside terminal,91884,506196
6805,coco-30k,A bird is sitting on a berry bush.,89394,135076
6806,coco-30k,A group of small exotic birds standing on a large bamboo stick.,75787,224916
6807,coco-30k,Two white swans taking flight from a lake.,33118,468133
6808,coco-30k,Two guys in coats standing next to a stop sign ,18759,278934
6809,coco-30k,Giraffes in a zoo and a measuring stick ,75018,547858
6810,coco-30k,A bench is surrounded by grass and a few flowers.,96636,371155
6811,coco-30k,A giraffe's head is hunched down looking for grass.,13824,387563
6812,coco-30k,Dogs drinking water next to a statue of a dog.,86116,131714
6813,coco-30k,Two traffic lights showing red on a pole with a camera. ,82819,364757
6814,coco-30k,"An open roofed, double-decker tour bus displaying a vivid ad across one side enters a downtown intersection.",92823,524533
6815,coco-30k,An empty side walk with in a city,969,212759
6816,coco-30k,A group of elderly people sitting atop stone steps.,72795,230096
6817,coco-30k,A no parking sign posted to an orange traffic cone in the middle of a sidewalk.,35366,315434
6818,coco-30k,A spring form bird feeder filled with corn to eat.,75950,159066
6819,coco-30k,A woman standing next to a miniature train at a park.,96197,419697
6820,coco-30k,A large red double decker bus traveling down a busy street in London.,64988,50752
6821,coco-30k,The neck and head of two large giraffes by a tree.,11993,564120
6822,coco-30k,An elephant in a field with white birds,59076,231341
6823,coco-30k,A woman with suitcases waiting for a train.,34935,153529
6824,coco-30k,A train traveling down train tracks past some houses.,14006,441211
6825,coco-30k,A  train traveling on a snow covered track.,68327,147494
6826,coco-30k,"A large train car labeled ""buffet"" and ""first class"" is parked in a train yard.",32358,418533
6827,coco-30k,A boat and a duck is in the water,42671,266579
6828,coco-30k,A passenger train making a stop at a train station.,53159,223019
6829,coco-30k,An adorable leashed dog sitting on a bench.,14118,46345
6830,coco-30k,A man in an orange outfit is directing traffic to drive slowly.,96758,227806
6831,coco-30k,A giraffe on display in a glass enclosure.,26419,185181
6832,coco-30k,A cat sitting in front of a window where there is a field of tulips and a windmill.,34362,180830
6833,coco-30k,A  busy chinese market crowded at night.,24362,455315
6834,coco-30k,A bus pulling away from a bus stop with the destination marked on it.,24788,420422
6835,coco-30k,A bird sitting perched on a tree branch.,71562,106881
6836,coco-30k,Street art painted on the wall in an asian country. ,40383,385190
6837,coco-30k,A bird resting outside of a boat window. ,75358,32811
6838,coco-30k,An image of a stationary canadien train behind a fence. ,28449,314192
6839,coco-30k,The rear view mirror of a cityh bus driving down a street.,81420,220041
6840,coco-30k,A train traveling through the countryside next to a dirt road.,29649,225946
6841,coco-30k,A street sign pointing the way to Jordan ,50721,3799
6842,coco-30k,Three giraffe eating greens in a field next to lots of trees.,54097,235522
6843,coco-30k,a small red fire hydrant in concrete ,23705,183884
6844,coco-30k,a screen shot of a televised new weather report,90872,83065
6845,coco-30k,A woman and her child sitting nest to a man on a park bench.,36175,87144
6846,coco-30k,A power tool sitting on a wooden table next to a knife.,77537,274398
6847,coco-30k,A man wearing glasses standing next to an airplane.,531,23802
6848,coco-30k,Street signs are displayed next to a road.,6906,283037
6849,coco-30k,Giraffe grazing on a lush green grass covered field.,26922,192970
6850,coco-30k,A herd of sheep grazing closely together in a field.,29083,156397
6851,coco-30k,A fire hydrant next to a bush at a park.,22808,127455
6852,coco-30k,"A street sign above mailboxes in a snowy, icy winter scene.",64507,9759
6853,coco-30k,A minivan is in an intersection with the traffic lights showing red.,19816,334276
6854,coco-30k,"A street corner showing University Street, Gerard Schwarz Pl and 3rd Avenue, with a building in the background",47222,406050
6855,coco-30k,A young woman lays a hand on the neck of the horse she is riding.,45039,139140
6856,coco-30k,A blue bus is crossing the intersection with various vehicles behind it.,83142,287305
6857,coco-30k,A woman walking past a shop filled with merchandise.,51153,322610
6858,coco-30k,A street with cars on it is shown.,5024,311471
6859,coco-30k,Two signs are shown up above a street.,82091,190680
6860,coco-30k,A brown horse standing in a lush green field with a bird on it's back.,60540,294593
6861,coco-30k,A bird flying solo over a large body of water.,91572,139858
6862,coco-30k,A police office standing on a street corner next to a power box.,62978,17267
6863,coco-30k,Two white bird sitting on top of a street light.,83420,119779
6864,coco-30k,A giraffe is eating grass from the feeder,53772,319360
6865,coco-30k,a giraffe behind a fence eating grass from a feeder,91063,151662
6866,coco-30k,A railroad train pulling in to the train station.,63334,498596
6867,coco-30k,Lilies in a vase are set at the foot of a white canopy bed.,18507,17921
6868,coco-30k,An elderly woman sitting on the bench resting.  ,95133,273132
6869,coco-30k,A herd of sheep standing in a snow covered field.,13123,537150
6870,coco-30k,A group of commuters standing next to a passenger train.,29196,276886
6871,coco-30k,Two Mallards float and drink water in a shallow pool.,6704,438221
6872,coco-30k,Many flowers are laying in the dirt in the sun.,8446,182403
6873,coco-30k,Double-decker bus driving down a crowded city street.,39567,129065
6874,coco-30k,A two story white building next to a building with an brown a frame.,47632,368884
6875,coco-30k,A brightly colored red and green bus is parked.,39372,102400
6876,coco-30k,A duck and baby ducks are in the blue water.,60677,343821
6877,coco-30k,A traffic light over a street with a sign that reads K.,87496,269682
6878,coco-30k,A man and a woman pose next to a small dog which is wearing a life jacket.,8120,160501
6879,coco-30k,A train with graffiti all over it is on the tracks.,4598,183273
6880,coco-30k,A monorail is going down the track with people on it. ,59550,578967
6881,coco-30k,An open fire hydrant and children playing in the water.,37315,486355
6882,coco-30k,An airplane settled on a runway near water.,87704,295076
6883,coco-30k,Four children at an outdoor party wearing festive hats.,5990,345361
6884,coco-30k,Two birds standing on a section of cobblestone.,18088,197191
6885,coco-30k,A bus stopped at a bus stop in front of  a tall building.,86416,514016
6886,coco-30k,a white train with a red stripe on its track,75871,2640
6887,coco-30k,A group of giraffes hang around in the zoo.,32599,398628
6888,coco-30k,A group of people gather to get on a bus at the bus stop.,83795,5107
6889,coco-30k,Giraffe walking through a field next to a forest.,80810,483656
6890,coco-30k,An empty park bench next to a park under a blue sky.,63552,215826
6891,coco-30k,A zebra grazes on trees as deer graze on grass in the background.,10704,579560
6892,coco-30k,Two giraffe walking through a lush green field.,83947,144250
6893,coco-30k,A flock of swans swims in a bay.,17856,31322
6894,coco-30k,A train drives along the tracks amidst many cranes.,44463,182825
6895,coco-30k,A tall clock tower with a statue on top.,90874,519491
6896,coco-30k,Two cars and a motorcycle are parked in the same small spot at various times.,19806,545138
6897,coco-30k,"A red, white, and blue bus that is parked.",92499,575406
6898,coco-30k,A close up image of a giraffes face while eating. ,87779,514118
6899,coco-30k,A crowded street has a number of street signs.,85962,495081
6900,coco-30k,a train sits on a railroad track as a metal awning covers it,79004,13445
6901,coco-30k,A train inside a station moving at a regular speed.,60932,350966
6902,coco-30k,a yellow and brown fire hydrant on the side of the road,96829,427500
6903,coco-30k,a man is crossing the street and there is a yellow traffic light,97510,179346
6904,coco-30k,A giraffe staring at the camera in a field.,32621,216482
6905,coco-30k,A smiling child surrounded by numerous stuffed animals.,36437,536154
6906,coco-30k,It is night time and the town is quiet. ,75948,389378
6907,coco-30k,A travel guide taking a photo as the tour bus arrives,68801,408610
6908,coco-30k,A group of animals are standing in the snow. ,81094,429697
6909,coco-30k,A train riding down the tracks beside a sidewalk.,60752,328607
6910,coco-30k,A trolley in a populated downtown area with people.,97843,581356
6911,coco-30k,A person wheeling a hand truck across an open market.,13372,221882
6912,coco-30k,A man sitting on a bench reading in a city.,90045,281534
6913,coco-30k,A house with a large hole in the side of it.,46097,206770
6914,coco-30k,Small pieces of cake have been arranged on a plate,98558,297396
6915,coco-30k,Three giraffes are standing tall as their necks stretch up to the tree line.,66711,10580
6916,coco-30k,Dog trying to pick up an object with its mouth underneath a bench. ,94528,441458
6917,coco-30k,Several vehicles wait for a toll arm to be raised. ,61531,111547
6918,coco-30k,Two giraffes rubbing on a tree beside two giraffes.,61972,355860
6919,coco-30k,A train rides alongside another train on the tracks.,80989,462244
6920,coco-30k,A bus turning a corner on a city street.,34123,3134
6921,coco-30k,A group of sheep walk along a dirt path.,99032,56267
6922,coco-30k,A mountainside with a railroad of trains passing.,56977,492562
6923,coco-30k,Traffic sign on W 28 St with photo of bicycle in the top.,67363,109425
6924,coco-30k,a giraffe checking out the bark on a tree,24139,123836
6925,coco-30k,A train traveling down railroad tracks next to a grassy hillside,98083,261665
6926,coco-30k,A foot wearing a pointy pink flat shoe rested upon a bench.,62694,48153
6927,coco-30k,a brown dog with a collar sniffing a red fire hydrant,34002,291664
6928,coco-30k,Two sheep inside the confines of the stone gate. ,47573,512879
6929,coco-30k,Trains leave a station in a city setting.,47031,344415
6930,coco-30k,A fire hydrant with a blue jacket on top of it.,9131,5437
6931,coco-30k,Giraffe standing in the shade of a tall covering ,32180,70079
6932,coco-30k,A small train is going through a garden with people watching. ,50713,478099
6933,coco-30k,A double decker bus is riding down the street.,44696,579471
6934,coco-30k,a man standing on a sidewalk next to an rv,25271,309528
6935,coco-30k,A herd of giraffe walking along a grassy tree covered plain.,24201,235252
6936,coco-30k,Two giraffes are running through a bushy savannah.,97912,531607
6937,coco-30k,A fire hydrant sitting next to a tree in a forest.,18798,581731
6938,coco-30k,A woman waiting on the subway to disperse,10646,268745
6939,coco-30k,Stairs are leading down into the streets where there is a bus.,40684,35328
6940,coco-30k,A man shaves a sheep on pavement near a fence.,81515,47566
6941,coco-30k,A passenger bus traveling down a street behind a red car.,35651,222340
6942,coco-30k,A large street direction sign in Tokyo Japan.,84828,457708
6943,coco-30k,A kneeling woman takes a photo of a park bench.,7510,380140
6944,coco-30k,This is an image of an elevated train in the city.,18518,505933
6945,coco-30k,A mostly empty train station with two trains ready to depart.  ,58386,116957
6946,coco-30k,Luxury double decker bus ready to depart station. ,99553,547345
6947,coco-30k,An old bus makes its way down a city street.,48422,401776
6948,coco-30k,Several trains riding on different tracks near water.,20387,472881
6949,coco-30k,Two sheep standing in the snow in a pen.,52509,554046
6950,coco-30k,A convoy of city buses traveling down a busy city street next to a crowd of passengers,93758,491793
6951,coco-30k,A giraffe facing the camera as its photo is taken.,96319,216739
6952,coco-30k,A girl with blue socks sitting on a blue bench.,42900,13721
6953,coco-30k,Signs showing the intersection of two streets in a European country.,31234,398454
6954,coco-30k,This is an image of a sign to pay here to park.,30972,123239
6955,coco-30k,Two women wearing hats standing near a fence.,59038,423715
6956,coco-30k,three sheep standing next to each other in a field,61535,377911
6957,coco-30k,A black bird perched on a wire next to a tree.,47355,344624
6958,coco-30k,A blue train traveling over a red rail bridge over cars.,52445,448871
6959,coco-30k,A new home banner sits beside a small curvy road.,42746,561647
6960,coco-30k,A giraffe with a mouth full of grass in front of a forest.,77744,511058
6961,coco-30k,A cruising camper is prepared for a paint job with its windows papered over.,75618,505845
6962,coco-30k,A sign warning bike riders to reduce speed.,2990,19087
6963,coco-30k,A red car driving past a red fire hydrant on a curvy street.,84190,559166
6964,coco-30k,Two sheep standing next to each other in a barn.,88490,379584
6965,coco-30k,Birds perched on iron poles in front of a tall building.,41982,553790
6966,coco-30k,signs in an asian language on the side of a building,4760,489896
6967,coco-30k,A flock of doves and a man sitting in a park.,81246,353898
6968,coco-30k,some people stand up on a subway train,16577,362812
6969,coco-30k,"A person feeding sheep behind a white picket fence,",80389,459437
6970,coco-30k,A black cat sitting on topo of a bed.,40912,491985
6971,coco-30k,Two giraffes are eating a leafy branch together.,91909,420472
6972,coco-30k,Three red double decker buses parked side by side.,99075,36012
6973,coco-30k,A security guard standing next to a no right turn sign.,34776,388818
6974,coco-30k,Stop sign placed in the middle of a single roads curve.,24017,518530
6975,coco-30k,A man carrying a sign walking past buses.,20520,202339
6976,coco-30k,Two birds swimming in the water with large bills.,56792,449749
6977,coco-30k,A bus approaches a sidewalk where several people and bicycles are lined up.,76476,402967
6978,coco-30k,A Stop sign saying to stop all war at intersection.,70561,284771
6979,coco-30k,A passanger bus stopped on a street advertising a dinosaur exhibit.,34391,529813
6980,coco-30k,Birds perched on logs on a lake near a wall.,85883,230669
6981,coco-30k,Two giraffe in front of a painting of the outdoors at a zoo.,58554,442894
6982,coco-30k,A red bus driving past a group of passengers.,3488,551199
6983,coco-30k,Two large buses traveling down a busy city street.,74647,315450
6984,coco-30k,A giraffe walking through a green grass covered field.,68393,382399
6985,coco-30k,A giraffe standing next to a boulder on a grass covered field.,95268,443583
6986,coco-30k,A large chicken walking through a grass covered landscape.,76634,104119
6987,coco-30k,A herd of sheep walking along the side of a road.,76453,323116
6988,coco-30k,Two railroad trains standing side by side on the tracks.,37399,327352
6989,coco-30k,A red bus traveling down a busy city street.,53236,58304
6990,coco-30k,A flock of ducks splashing and playing in the water.,62473,43530
6991,coco-30k,Ice explorer bus on a road near mountains.,72976,365655
6992,coco-30k,A giraffe stands beneath a tree beside a marina.,52460,338607
6993,coco-30k,A man kneeling down to pet a small dog.,45922,102555
6994,coco-30k,A crying woman looking at herself in a mirror.,31586,403378
6995,coco-30k,Two large giraffe standing next to each other and an ostrich.,44925,424219
6996,coco-30k,A red double decker bus parked next to another city bus.,36352,533107
6997,coco-30k,A man in black carrying a sheep on his shoulders.,82124,525155
6998,coco-30k,A street sign on top of a pedestrian crossing sign.,66981,135042
6999,coco-30k,two black birds are swimming  in some water,87764,436551
7000,coco-30k,A car and a bus are near a street light at night.,45072,168234
7001,coco-30k,A street sign shows directions to highways and towns.,37548,509258
7002,coco-30k,A group of people enjoying a barbecue near some trees.,36753,132393
7003,coco-30k,Two brown horses standing in front of a red brick building.,60047,157577
7004,coco-30k,A black fence guarding a building next to a trash can.,3060,50360
7005,coco-30k,Giraffe standing on a grass covered field next to a hill.,54603,211317
7006,coco-30k,Signs posted on poles on a sidewalk next to a street.,25462,166731
7007,coco-30k,Sheep grazing on a grass covered field side by side.,47405,87483
7008,coco-30k,A red fire hydrant sitting next to a sandwich sign.,69525,410437
7009,coco-30k,A blue sign in front of a bamboo enclosure.,18411,229782
7010,coco-30k,A street sign that reads broadway on  a traffic light.,36525,144053
7011,coco-30k,A  yellow fire hydrant on a green piece of grass next to a road.,58961,76962
7012,coco-30k,A colorful railroad train arriving at a station.,5739,307847
7013,coco-30k,The windows of a railroad train photographed against a cloudy background.,10799,192755
7014,coco-30k,Red and yellow fire hydrant with the lid off.,42755,399703
7015,coco-30k,Small train running down the tracks in the middle of a field.,70054,50165
7016,coco-30k,Large open field in the middle of a stormy area.,96216,152192
7017,coco-30k,A flock of sheep are grazing in their pasture.,2783,550422
7018,coco-30k,A flock of sheep crosses a dusty road.,55016,224000
7019,coco-30k,Traffic signal for saying walk on Greene St.,24929,530860
7020,coco-30k,A pair of rams graze through the snow on the side of a hill.,19986,65239
7021,coco-30k,A little black colored bird stands gazing at a statue on a sunny day.,97174,339759
7022,coco-30k,A city street is crowded with people and no cars.,51954,304557
7023,coco-30k,A parrot is eating some food from his own claw,33908,327401
7024,coco-30k,An old van has been given a mirrored finish,75852,327383
7025,coco-30k,A pigeon perched on a ledge with a street behind it.,2819,542205
7026,coco-30k,A small enclosure for different types of animals.,53783,442585
7027,coco-30k,There are some benches arranged together in an open park,82347,327890
7028,coco-30k,An oversized picture of a train has a conductor standing by it.,94943,502558
7029,coco-30k,Top view of a green train on railroad tracks.,18849,196571
7030,coco-30k,"Commuter train stopped on tracks at red light, green light further up the track.",76063,103255
7031,coco-30k,A locomotive is on the tracks along side some trees.,16293,23995
7032,coco-30k,"A picture of two giraffes, fairly close to a road, with a bus traveling up it.",6213,220307
7033,coco-30k,A cross road of Furnace St. and Crapo St. ,411,461275
7034,coco-30k,A bench in the woods surrounded by leaves. ,11059,320893
7035,coco-30k,A street sign next to a bend in the road.,25646,344730
7036,coco-30k,Eight busses are parked in front of a field.,43652,192591
7037,coco-30k,Planes are flying in a V formation in a blue sky.,41092,292639
7038,coco-30k,A lighthouse with birds flying by it at a bay.,31257,280347
7039,coco-30k,"A black and white picture of a busy street, only red is in color, a red double decker bus drives down the road. ",26515,148508
7040,coco-30k,A group of giraffes drinking from big puddles of water. ,29736,520840
7041,coco-30k,A Giraffe looking down as another giraffe in the background in looking through a fence ,72484,378814
7042,coco-30k,trees in fall colors and a stop sign to the right. ,48749,116291
7043,coco-30k,a large piece of paper on a refrigerator saying stop. ,13173,515670
7044,coco-30k,Green illuminated walk sign on a pole in a city.,99293,151922
7045,coco-30k,A fire hydrant in front of a graffitti written brick wall. ,65607,240800
7046,coco-30k,A city street with delivery trucks and a bus.,4909,78982
7047,coco-30k,White swans in the water and on the grass with one taking a close eye on the camera.,7198,438107
7048,coco-30k,A giraffe sticking out is tongue to grasp an item from a person's hand.,48186,507557
7049,coco-30k,One giraffe in the foreground with two giraffes in the background.,88003,577619
7050,coco-30k,A red stop sign over a yellow pedestrian crossing sign.,73811,183833
7051,coco-30k,A man sits on a bench and stares into the distance.,37783,551966
7052,coco-30k,A train pulling into a train station pulling a line of train cars behind it.,27066,401320
7053,coco-30k,Group of giraffes standing near a puddle on the savannah.,8600,214574
7054,coco-30k,A large yellow school bus stopping on a road.,76179,88462
7055,coco-30k,A girl and boy are sitting together on a bench,67070,388398
7056,coco-30k,The little girl is standing between the low shrub and the fire plug,43273,436387
7057,coco-30k,A herd of sheep grazing on a pile of hay in a field.,25406,187411
7058,coco-30k,Power lines lined with hundreds of birds at twilight,68418,532568
7059,coco-30k,A bus loading and unloading passengers in front of a Pizza Hut,32093,327919
7060,coco-30k,A statue is sitting on a bench and a woman sits on a cement block.,28262,295713
7061,coco-30k,A parking lot is on the side of the ocean.,16828,94751
7062,coco-30k,A blurred train is going under a bridge.,55271,56932
7063,coco-30k,a bench in the middle of a field with trees near by,78448,424744
7064,coco-30k,Three giraffe and a wildebeest in a field.,90749,524575
7065,coco-30k,A colorful train engine on the railroad tracks.,85409,238332
7066,coco-30k,A peach colored blooming azalea bush next to a bench.,50580,480280
7067,coco-30k,The large bird is walking in the water.,65086,66519
7068,coco-30k,The stop sign with an apartment building in the backgroundis shot from below.,87279,202329
7069,coco-30k,A cat is sleeping on a computer desk.,51152,73467
7070,coco-30k,a blue train driving on a train track below multiple power lines.,9874,357331
7071,coco-30k,Two children looking at a steam train engine,27037,399628
7072,coco-30k,People crossing the street of a busy city street.,95224,367029
7073,coco-30k,The train is pulling passenger cars down the track.,1587,157261
7074,coco-30k,a work desk with a monitor and keyboard,25949,102174
7075,coco-30k,A flock of pink flamingos stand with their heads resting on their backs.,92608,324421
7076,coco-30k,A city train passing under a walk way,77932,562227
7077,coco-30k,Cars and buildings line the urban streets of the past,62016,320290
7078,coco-30k,A series of different bridges over a large body of water.,95235,332007
7079,coco-30k,Three yellow coach buses parked in a line.,76635,171298
7080,coco-30k,"A road sign next to a parking lot that reads ""FLAMING LIPS ALLEY"".",54030,85353
7081,coco-30k,A fire hydrant is next to a sign with a picture of a fire hydrant on it. ,16154,552156
7082,coco-30k,A red car traveling down a road under construction.,17573,210050
7083,coco-30k,A red train driving on a train train track next to an elevated stone sidewalk.,43387,174420
7084,coco-30k,Three tropical bird perched on top of high bare branches ,22383,146887
7085,coco-30k,A red stop sign next to a street in front of a green street sign.,23144,532159
7086,coco-30k,Street signs are affixed to a utility pole.,18895,209630
7087,coco-30k,A sheep sniffing the back of a cat in the snow.,4904,531710
7088,coco-30k,a close up picture of a giraffes head,46730,15811
7089,coco-30k,Conductors operating a miniature train for parents and their children.,63321,306972
7090,coco-30k,a wet road busy with traffic like a taxi and bus,73782,423617
7091,coco-30k,A tree standing in the middle of a grass circle.,63452,479099
7092,coco-30k,"A red and white bus sits in front of a large, stone house.",66035,232900
7093,coco-30k,A small blue train traveling past houses by train tracks..,32923,521874
7094,coco-30k,A passenger train traveling through a tunnel covered with a forest.,39603,492102
7095,coco-30k,A fire hydrant sitting in a front yard next to a sign.,80483,185464
7096,coco-30k,An orange sign pointing to the right sitting on a sidewalk.,97086,502910
7097,coco-30k,A hazard sign on top of a crossing gate in front of a building.,59545,204435
7098,coco-30k,A herd of cows walking down a small country road.,5657,72714
7099,coco-30k,A grey and orange fire hydrant next to a street.,13701,417779
7100,coco-30k,A large sign sitting in a field with a broken down fence.,16354,18525
7101,coco-30k,Two buses passing each other by while traveling under a bridge.,16417,82787
7102,coco-30k,A humming bird mid flight preparing to land on a tree ,68714,211063
7103,coco-30k,a wooden bench that has colorful decorations ,53470,181169
7104,coco-30k,A cat is perched upon a wooden bench that sits on a stone patio.,90584,552395
7105,coco-30k,a bird  with a long beak flying low over the ocean.,47656,5706
7106,coco-30k,a street sign attached to a metal pole next to a street.,13652,64390
7107,coco-30k,Running track and playing field in a mountainous landscape,57585,145727
7108,coco-30k,Two dogs are wearing winter attire and staring off to the distance.,64027,8351
7109,coco-30k,A seagull standing near a body of water. ,20133,391857
7110,coco-30k,A black and blue multi color bird walking on a grassy area,85249,312024
7111,coco-30k,The parrot is perched on a tree limb.,92869,338203
7112,coco-30k,A couple instrument cases are stacked up with a red hat on top for donations.,81744,276863
7113,coco-30k,Two birds are perched upon a snowy bank.,17182,497117
7114,coco-30k,Cars and trucks stopped at an intersection at twilight.,83572,453841
7115,coco-30k,Group of giraffes standing in a field eating and lounging. ,94544,202880
7116,coco-30k,A passenger train parked at the train station.,78190,192332
7117,coco-30k,Intersection of two street signs and a stop sign.,16916,391347
7118,coco-30k,Men sorting through a toppled over train car. ,55607,47131
7119,coco-30k,outside and cars park on the street and a sign name Duke Ellington Bld,97484,536201
7120,coco-30k,Commuter buses parked in a lot outside an apartment complex.,82305,350309
7121,coco-30k,Yellow and red trolleys with people standing about. ,78406,481928
7122,coco-30k,Adult and juvenile giraffes standing and lying on a dirt clearing.,80603,397863
7123,coco-30k,A big billboard is painted onto the side of a brick building.,95744,125997
7124,coco-30k,A colorful bird is sitting on a tree.,51776,109516
7125,coco-30k,The sidewalk is made out of bricks and has a fire hydrant on it.,76506,279387
7126,coco-30k,A bench near a bank of water with posts in the water.,24070,2453
7127,coco-30k,A giraffe grazing on a tree in the wilderness with other wildlife,55140,305821
7128,coco-30k,A man and two cats sit on a bench beside a body of water.,1503,381721
7129,coco-30k,A school bus and a silver car waiting at a railroad crossing for a train to go past.,55860,57149
7130,coco-30k,Two giraffes are shown standing in a grassy field.,71292,445365
7131,coco-30k,A group of fur ducks walks along a wooden walkway.,3077,166259
7132,coco-30k,A cardinal sits on a wooden rail in his home environment ,3352,419859
7133,coco-30k,Two baby ducks following an adult duck from behind.,19464,52147
7134,coco-30k,Train cars on railroad tracks with graffiti on the side.  ,72706,122039
7135,coco-30k,Giraffes eating foliage in a wooded zoo setting,91776,80974
7136,coco-30k,"A post with several street signs on it, including the name.",48787,242523
7137,coco-30k,A train in its full span gives the illusion of a neverending adventure.,43328,508917
7138,coco-30k,A man is hugging two sheep in an enclosed area.,91797,460010
7139,coco-30k,A flock of birds flies in the sky.,48993,110997
7140,coco-30k,A stop sign in the middle of the road,846,143946
7141,coco-30k,Animals in a field surrounded by trees and fencing.,9774,233560
7142,coco-30k,Characters from Cat in the Hat in front of a man and child.,12059,111806
7143,coco-30k,Three cows are standing on a fishing boat.,73655,382670
7144,coco-30k,Large giraffe standing in the shade underneath a tree in a field. ,32654,474600
7145,coco-30k,An attractive lady riding a cow while leaping over a set of poles.,52511,427612
7146,coco-30k,A political candidate advertisement on the side of a coach bus.,34950,143931
7147,coco-30k,The two giraffes are standing in the dirt.,65941,349302
7148,coco-30k,A large older man sitting on a wooden bench in a park.,94213,323288
7149,coco-30k,A street lamp post with a parking sign on it.,9473,33422
7150,coco-30k,A bus with a mural on the side and front.,35866,561214
7151,coco-30k,A train next to another train next to a car.,21894,494863
7152,coco-30k,A double city bus is pulled up to a bus stop.,26745,338625
7153,coco-30k,There is traffic passing by a large building,96682,520009
7154,coco-30k,A giraffe is bending towards two of its trainers,60934,384230
7155,coco-30k,A tall giraffe standing next to a tree in a field.,28365,171613
7156,coco-30k,A little baby sheep is standing next to a large brown sheep.,49968,202387
7157,coco-30k,A birthday cake is decorated like a fire engine.,21205,265611
7158,coco-30k,An eagle is posted on a thin rail.,19525,538976
7159,coco-30k,A train is passing by an empty platform,51971,351744
7160,coco-30k,A hipster holding a camera while wearing glasses.,70295,361029
7161,coco-30k,A yellow and blue fire hydrant sitting on a sidewalk.,82168,332654
7162,coco-30k,People waiting to cross a busy street at night.,1094,422877
7163,coco-30k,There is a bus and a car on the road.,57553,145061
7164,coco-30k,A man has a red water bottle up to his mouth.,97089,284991
7165,coco-30k,A large giraffe standing next to a man pushing a bail of hay on a cart.,61707,401123
7166,coco-30k,A beautiful young woman bending over while holding a back cat.,14891,191169
7167,coco-30k,A bus traveling on a freeway next to other traffic.,84758,460347
7168,coco-30k,A giraffe laying on the ground next to birds on rocky ground.,30317,134160
7169,coco-30k,A small woman standing in front of a baby elephant.,88023,273579
7170,coco-30k,Two people sitting on a dock eating sandwiches,97808,23807
7171,coco-30k,A dog with his leash attached to a bench,51243,217082
7172,coco-30k,A public bus stopping on a street corner,18587,322285
7173,coco-30k,A stop sign on a beach with everyone in the water,17938,123119
7174,coco-30k,Three sheep in the process of running on grass outside.,33696,503418
7175,coco-30k,A man and a woman dressed up by a park bench.,69907,315939
7176,coco-30k,A white park bench sitting in the middle of a forest.,32048,507313
7177,coco-30k,A wood bench set by a trellis with greenery on it.,84328,285325
7178,coco-30k,A man in a red shirt leaning up against a road sign with a camel on it.,11007,119166
7179,coco-30k,A blurry image of a dark colored bus at a bus stop.,12666,85562
7180,coco-30k,Two giraffes standing together in an open field zoo den,66032,179558
7181,coco-30k,A bus traveling across a bridge next to a white fence.,99171,33073
7182,coco-30k,View of the intersection of two streets in front of houses.,72570,451373
7183,coco-30k,A green street sign next to a dirt field by a playground.,99320,146498
7184,coco-30k,A young man sitting on a park bench next to a playground.,7171,341921
7185,coco-30k,Five sheep peeking out of a wall and eating hay on the ground.,38325,213739
7186,coco-30k,Two road signs are viewed from inside of a vehicle windshield.,74113,134657
7187,coco-30k,A girl and boy playing on a fire hydrant.,85719,395382
7188,coco-30k,A bird sitting on top of a table at a restaurant.,45764,486846
7189,coco-30k,A road sign warning of Resident Permit Parking Only.,8975,569850
7190,coco-30k,A street sign showing what roads go which ways.,36342,460156
7191,coco-30k,Two buses parked next to each other in a parking lot.,77717,279499
7192,coco-30k,A giraffe running across a grass covered field.,12919,392933
7193,coco-30k,A large convex mirror mounted to a brick wall.,11324,264957
7194,coco-30k,A green street sign next to a road surrounded by a forest.,84654,244184
7195,coco-30k,A large AMOCO sign above a sidewalk next to a street.,73002,222782
7196,coco-30k,The Big Ben clock tower towering over the city of London.,21733,415413
7197,coco-30k,A little dog sitting on a wooden bench.,99961,391139
7198,coco-30k,Three giraffes standing up in a field eating leaves off of trees.,95800,157098
7199,coco-30k,A yellow and green train on a train track.,98563,374567
7200,coco-30k,A young boy admiring a toy railroad display.,78938,53550
7201,coco-30k,A car with alarm clocks and flowers on it's dash board.,71980,458338
7202,coco-30k,Traffic lights next to traffic signs on a bridge.,77420,368595
7203,coco-30k,A young man walking across a street at a crosswalk.,38254,277005
7204,coco-30k,Three people riding horses on a beach next to the ocean..,71148,532007
7205,coco-30k,A train traveling down train tracks next to a train yard.,14845,435034
7206,coco-30k,A large two layer cake elaborately decorated with a train..,37937,436722
7207,coco-30k,Two giraffe standing next to each other in a zoo.,45282,208003
7208,coco-30k,A train pulling into a train station with large windows.,1802,530261
7209,coco-30k,A wooden bench in front of some trees.,16845,18888
7210,coco-30k,A giraffe standing in a field of grass.,73575,9478
7211,coco-30k,A stop sign that is decorated in a tropical environment. ,87818,19532
7212,coco-30k,A large bus is parked outside a building.,80633,405047
7213,coco-30k,A sheep scratches his back up against a wooden structure.,91818,272008
7214,coco-30k,Street signs on an empty city street intersection. ,50649,522959
7215,coco-30k,"A red, black and yellow train coming down the tracks by a body of water. ",93407,325519
7216,coco-30k,A bench sits all alone on a beach looking at the magnificent ocean view.,29979,201993
7217,coco-30k,A narrow city street has a leaning one way sign.,98264,57879
7218,coco-30k,a woman riding a horse while holding a flag,37524,385540
7219,coco-30k,The two people sit on a bench overlooking the park,57049,306553
7220,coco-30k,Three light sheep are grazing on grass in a ring and a dark sheep is eating by himself.,75479,14743
7221,coco-30k,Street corner signs above a red stop sign.,77168,305634
7222,coco-30k,The people get off of the white buss next to the forest ,69950,357493
7223,coco-30k,A bird is walking right through a dining room.,29648,82696
7224,coco-30k,a train moving along the track on a hillside near a mountain,75102,477526
7225,coco-30k,The traffic light and street signs sit by a red fire hydrant.,19161,340654
7226,coco-30k,A road sign on top of a stop sign ,50555,66427
7227,coco-30k,A bird is perched on a rock in the sea water.,31561,548275
7228,coco-30k,A stop sign has been bombarded with bumper stickers.,4704,170017
7229,coco-30k,A street sign is posted to watch for senior citizens.,48487,358707
7230,coco-30k,City bus on an empty city street near a STOP sign. ,58633,121663
7231,coco-30k,two men sitting on a park bench outside by a tree,40923,523230
7232,coco-30k,Woman holding a purse and walking a dog passing in front of a big building. ,46270,93034
7233,coco-30k,A woman walking on a city street in a red coat. ,27066,541924
7234,coco-30k,Two people sitting on a bench looking out at city.,88321,337619
7235,coco-30k,Image of a street approaching California 138 with stop sign ahead.,74934,501023
7236,coco-30k,A lone giraffe walking in an open field.,26595,207797
7237,coco-30k,Some sheep sit in the grass of a field.,99560,575403
7238,coco-30k,Two empty seats on a vehicle are in front of a window,58503,519153
7239,coco-30k,A red double-decker bus sits in a parking lot.,48824,448425
7240,coco-30k,a public transit bus parked with its doors open,8987,330204
7241,coco-30k,There is a big stop sign colored in red and white ,43750,388873
7242,coco-30k,"A fire hydrant is painted red, white and blue and sits on a sidewalk in front of a brick wall that shows graffiti.",37155,244019
7243,coco-30k,A street sign is affixed to a traffic light and a tree looms in the background.,46706,89614
7244,coco-30k,a freeway traffic sign writtien in an asian language,14597,110196
7245,coco-30k,An airplane nose sits in a hangar. ,33473,220025
7246,coco-30k,"An airplane flies in the sky amid blue sky and big, puffy, white clouds.",32552,532338
7247,coco-30k,a bird walking on the beach in front of the surf,8648,151432
7248,coco-30k,A street sign that is on the side of the road.,5078,295683
7249,coco-30k,Traffic drives down a street on a green light passed tall buildings.,2994,308388
7250,coco-30k,An orange road sign sitting next to a black truck.,25308,299409
7251,coco-30k,Two giraffe standing next to each other on a grassy field.,66778,40102
7252,coco-30k,There is a black and white photo with a bench falling over.,57243,545363
7253,coco-30k,The bus is parked alongside the road and is empty.,75235,233527
7254,coco-30k,A stylized photograph of a really old fire hydrant sitting beside a bent iron handrail.,38345,386958
7255,coco-30k,Three giraffes are feeding from white buckets that are hanging from a fence.,67551,183701
7256,coco-30k,A bright yellow fire hydrant sits among landscaping rocks between the sidewalk and the fence. ,17358,552761
7257,coco-30k,A man dressed in red riding on a boat.,28086,359864
7258,coco-30k,A commercial airplane ascending in to the sky,86059,192788
7259,coco-30k,Two colorful peacocks walking towards a brown wooden bench.,59188,212342
7260,coco-30k,A small train ride carrying people around a park,44042,209274
7261,coco-30k,A photo of a busy city with cranes and a train and bridge,64855,318550
7262,coco-30k,A yellow and blue fire hydrant by a fence,93874,216083
7263,coco-30k,black and white photo of two birds flying on a cloudy sky,14650,183114
7264,coco-30k,A woman in a coat walks along a snow covered sidewalk. ,91248,222458
7265,coco-30k,A green commuter bus pulling into the bus station ,34515,77351
7266,coco-30k,A train with smoke coming into the train depot,23837,114235
7267,coco-30k,A man and woman sitting next to each other on a park bench.,85360,433547
7268,coco-30k,A cage packed full of yellow parakeets. ,8926,197652
7269,coco-30k,A red and white striped bus traveling past a store.,30417,173797
7270,coco-30k,A large red stop sign next to a box sitting on a sidewalk.,85849,511002
7271,coco-30k,A large white double decker bus traveling past a tall building.,80595,97899
7272,coco-30k,A red and yellow train pulling into a train station.,90283,438232
7273,coco-30k,A man holding a cow while standing in a forest.,7519,505471
7274,coco-30k,A large grey and yellow bird floating on a lake.,50570,539604
7275,coco-30k,A bunch of cars driving down a street surrounded by tall buildings.,27416,160740
7276,coco-30k,a close up of a giraffes head with a wooden wall in the background,97808,469652
7277,coco-30k,A large black bird wings spread flying over the woods,34083,81630
7278,coco-30k,A lady walks a child towards a bus parked in a harbor.,42877,495064
7279,coco-30k,"A person silhouetted against a cloudy sky, holding an umbrella.",80265,380101
7280,coco-30k,A sign stating there's a fire hydrant next to it,38114,13159
7281,coco-30k,A red fire hydrant next to a snow covered path.,94042,544644
7282,coco-30k,A street sign showing four different roads on it,43589,374727
7283,coco-30k,Two people riding a paddle boat in the middle of a lake.,57626,210149
7284,coco-30k,Identical street signs pointing in the opposite directions of each other. ,13324,176701
7285,coco-30k,There are mountains in the background and a lake in the middle.,80478,380932
7286,coco-30k,A crosstown bus is parked on the street.,26811,255769
7287,coco-30k,A city with tall buildings filled with tall buildings.,23089,59328
7288,coco-30k,TWO ELECTRIC TRAIN COMPARTMENTS STANDING NEAR TO A BUILDING.,39785,250260
7289,coco-30k,A train covered in graffiti traveling down railroad tracks.,60513,463605
7290,coco-30k,Double decker city bus passing under an overpass. ,86359,182176
7291,coco-30k,A yellow bench sitting in a field next to trees and a shrub wall.,50720,183187
7292,coco-30k,A red stop sign on a gate next to a grass covered field.,65222,453626
7293,coco-30k,A boat sitting next to a beach in the ocean covered with birds.,70483,277518
7294,coco-30k,Center city street lit up by a series of light displays. ,50217,134537
7295,coco-30k,A brown dog tied up to a brown wooden bench next to a street.,41326,445371
7296,coco-30k,A book sitting next to a cup of coffee on a bench.,91080,365214
7297,coco-30k,A train car with blue graffiti on the side of it .,52257,7211
7298,coco-30k,A nest filled with baby birds crying for their mother.,16523,318099
7299,coco-30k,Two parrots sitting on top of a tree beneath a blue sky.,89839,531136
7300,coco-30k,A white wooden bench sitting on top of a green hill next to the ocean.,96723,377406
7301,coco-30k,A cyclist checks his wrist heart rain monitor in front of a stop sign.,650,80725
7302,coco-30k,A tall giraffe standing in a forest on a grassy ground.,87457,522613
7303,coco-30k,A large white bush stopped at a bus stop.,64469,271017
7304,coco-30k,A double decker bus is parked in the parking lot.,88646,359937
7305,coco-30k,A blonde woman standing in front of a red double decker bus.,7986,213693
7306,coco-30k,A traffic light with four signals sitting next to a tall building.,12824,367843
7307,coco-30k,A family of sheep standing next to each other on a lush green field.,19621,353562
7308,coco-30k,A giraffe is fenced in next to a large city.,79921,76454
7309,coco-30k,A cat laying down on a wooden table in a park.,49805,500859
7310,coco-30k,A tall giraffe standing next to a Barron tree in a forest.,10325,94231
7311,coco-30k,A shirtless man walking a bike down a rural street.,25181,50145
7312,coco-30k,A train crosses as a bunch of gathered vehicles watch.,79290,495146
7313,coco-30k,A furry dog standing next to a fire hydrant.,20823,334391
7314,coco-30k,A street sign above an orange detour sign.,65079,317441
7315,coco-30k,A herd of giraffe walking through a lush grass covered field.,37299,521285
7316,coco-30k,A street sign on top of a pole next to a large green tree.,26724,49255
7317,coco-30k,small birds on tree branches with a sky background,79430,37705
7318,coco-30k,A bird walking along a beach with a rock it its mouth.,1507,231685
7319,coco-30k,A man sitting on a bench next to a river under a bridge.,44671,467863
7320,coco-30k,a man taking a picture of prizes in a claw machine game,7113,320150
7321,coco-30k,A green city bus riding with its windows open,26479,335241
7322,coco-30k,Pelicans and sea gulls are sitting on the beach.,28825,202926
7323,coco-30k,An overhead view of a railroad track with a train passing by,44675,578740
7324,coco-30k,A fire hydrant has been painted in the style of Dalmatian outside the fire department. ,17199,204206
7325,coco-30k,A red fire hydrant in front of a skyscraper,98868,266082
7326,coco-30k,A red double decker tourist bus goes around town,11192,137826
7327,coco-30k,A green traffic light on a post with street signs,60461,243328
7328,coco-30k,Yellow double decker bus being boarded on a city street. ,46680,524775
7329,coco-30k,Paved road with vehicles in one lane and a flock of sheep and goats in the other.,41193,276076
7330,coco-30k,A giraffe trying to lick a little girl.,30621,118465
7331,coco-30k,A blue double decker bus that says Garage on it.,46562,287396
7332,coco-30k,a person feeding seagulls on a beach near a lighthouse,33371,19783
7333,coco-30k,Two tennis players are sitting on the bench.,38619,43344
7334,coco-30k,A park bench is empty on the grass by a rock wall at the river side.,49318,486968
7335,coco-30k,A bus stop is decorated with blue brochures.,43329,23380
7336,coco-30k,There are very few people inside of the large train station.,45585,35436
7337,coco-30k,A train drives along railroad tracks while a person walks between the tracks.,49380,518586
7338,coco-30k,A hawk is standing over the remains of another bird.,32262,15681
7339,coco-30k,Many difference birds in cages on display in an outdoor market area.,62891,432330
7340,coco-30k,There are three giraffes and a goat inside the wire fence.,23512,431557
7341,coco-30k,Black and white photo of people looking at animals grazing.,15934,347179
7342,coco-30k,a public transit train on a train track with trees in the background,34089,178911
7343,coco-30k,A trail leads to a wood park bench in a tree filled park.,68385,252986
7344,coco-30k,A tour bus with a cats face painted on the front of it,82520,203294
7345,coco-30k,A train going back to its coarse filled with people.,81937,565778
7346,coco-30k,A woman standing on a beach near the water,26899,227073
7347,coco-30k,Two ducks swimming in a grassy pond together,76564,144655
7348,coco-30k,Giraffe in its natural habitat snacking on a tree,85908,499989
7349,coco-30k,A tour bus parked in front of a building with a large advertisement painted to it's side.,94830,154670
7350,coco-30k,Sheep in a forest after the snow has melted,33597,45496
7351,coco-30k,Red bus passing by a famous clock tower. ,94458,403657
7352,coco-30k,Street sign at the corner of SW 6th and Spencer,90176,538533
7353,coco-30k,A bird that has landed on top of another bird,88522,274052
7354,coco-30k,A street sign showing how to drive around a divide,29257,559576
7355,coco-30k,A train pulling out of a train station next to train tracks.,15444,209221
7356,coco-30k,A large blue passenger train pulling into a train station.,43385,236837
7357,coco-30k,A horned ram and a sheep grazing in a fenced field.,682,383039
7358,coco-30k,A white meta bench next to a patch of grass.,43591,322829
7359,coco-30k,A green mailbox with graffiti on the side,54793,71965
7360,coco-30k,A stop sign showing you should walk across the road,38284,478250
7361,coco-30k,A white gazebo surrounded by landscaping and trees.,84677,157067
7362,coco-30k,A giraffe walking in a field with gazelle's looking on. ,79042,515050
7363,coco-30k,A giraffe sitting on a rocky dirt and grass covered ground.,24009,37382
7364,coco-30k,Man walking by red sign on sidewalk by window of building while another looks on.,67141,494393
7365,coco-30k,A red traffic light with a red stop sign posted underneath it.,79386,460652
7366,coco-30k,A man walking while holding an umbrella on a wet sidewalk.,56975,65208
7367,coco-30k,A train traveling down train tracks surrounded by forest.,10701,160941
7368,coco-30k,Two men smiling and wearing yellow jackets behind construction markers.,27399,215723
7369,coco-30k,A couple walking down a path by the waters edge.,45406,394904
7370,coco-30k,A street sign with two streets and two block numbers.,51497,179430
7371,coco-30k,Four green traffic lights on an empty road.,67447,145700
7372,coco-30k,"Four young giraffes in a zoo, with one of them being fed leaves by a person",28268,180011
7373,coco-30k,A sign littered with stickers on a pole with a crosswalk button beside a large red building.,44618,245232
7374,coco-30k,A bird standing in the sand and another bird landing on a blanket in the sand.,52408,275501
7375,coco-30k,A stop sign mounted on a pole with a street sign with a forest in the background.,88472,219897
7376,coco-30k,Short rain as view from above either from over view mountain or air craft.,36394,563195
7377,coco-30k,Birds flying over a sandy beach and landing on a platform.,27579,170849
7378,coco-30k,"Street signs, corner of Lynn and Bigelow.taken 11.01.2009 23:58.",87446,173183
7379,coco-30k,A cross walk with pedestrians and a delivery truck.,8284,573930
7380,coco-30k,Signs posted in front of a municipal complex.,13701,516542
7381,coco-30k,A bird in a pot eating a fruit.,11789,208589
7382,coco-30k,Two planes flying in a clear blue sky.,23030,104345
7383,coco-30k,A lake is flooded over its banks several inches and people are sitting on benches.,49725,474862
7384,coco-30k,Two giraffes standing outdoors near a brick building.,67784,124390
7385,coco-30k,A small bird is perched on a leafless twig.,67279,373197
7386,coco-30k,A black duck floating in a wavy pond.,94860,121041
7387,coco-30k,A train sitting on a track in a field near a bridge.,22046,151135
7388,coco-30k,"S&B train number 3815 coming down the track, country area.",79074,238071
7389,coco-30k,People are waiting for the train to arrive,47898,500703
7390,coco-30k,A red and white street sign mounted on a red pole with a pedestrian traffic light.,54001,84982
7391,coco-30k,A red medical ambulance bus parked and waiting for people to board.,36554,49885
7392,coco-30k,An orange fire hydrant with a black hat on top.,60337,84200
7393,coco-30k,Three gray sheep in a field next to their owner.,39621,564301
7394,coco-30k,A bus is going through an intersection in a city.,95815,7355
7395,coco-30k,A street sign slightly knocked over next to a rural road.,97044,176149
7396,coco-30k,"Dull red train, 54,  between grass and trees.",52836,391560
7397,coco-30k,A red stop sign with a white street sign posted under it.,79856,200324
7398,coco-30k,World flags decorate a busy urban street corner. ,31625,540733
7399,coco-30k,Small cars move to pass around a London bus. ,27869,165572
7400,coco-30k,A flock of sheep walking down a road with a man and young girl. ,39262,534336
7401,coco-30k,A group of giraffe Standing up against a dirt wall in front of a crowd of children.,62053,65455
7402,coco-30k,This is a close up photo of a street sign of a cross street.,11954,312549
7403,coco-30k,A red extra long bus driving down a stone covered walkway.,34172,568290
7404,coco-30k,A giraffe standing next to a covered structure.,20783,241691
7405,coco-30k,A group of people waiting to cross a traffic filled street at a crosswalk.,69018,100978
7406,coco-30k,The train on some railroad tracks next to a platform.,7016,330316
7407,coco-30k,A downtown urban street scene with skyscrapers and historic buildings.,40373,533434
7408,coco-30k,A white demon hovering next to a red stop sign under a one way street sign.,58637,97892
7409,coco-30k,A green street sign on a pole in front of a tall building.,99348,268996
7410,coco-30k,Two giraffe standing on a dirt road next to a jungle,70743,567198
7411,coco-30k,A red sign posted to a pole in front of a tall building.,48124,210766
7412,coco-30k,A dumpster sitting in front of a building covered in graffiti.,43047,117079
7413,coco-30k,A family of ducks floating across a lake.,24750,120282
7414,coco-30k,A street sign with mount pleasant rd. and 630.,43271,33123
7415,coco-30k,A giraffe walking through the forest in the wild. ,75055,28110
7416,coco-30k,This is a giraffe standing in an enclosure.,56318,526704
7417,coco-30k,A train traveling past a group of tall residential buildings.,60797,478225
7418,coco-30k,A train coming out of a bridge next to a  river.,14152,181386
7419,coco-30k,A street sign standing on a corner in front of a building.,74918,134001
7420,coco-30k,A small kitten sitting on a chair next to a small dog.,2841,284851
7421,coco-30k,A blue and yellow train coming to a stop at a station.,61813,503939
7422,coco-30k,A woman is standing in front of an old train.,76208,491106
7423,coco-30k,A wooden bench is under the shade of a large tree.,20435,237459
7424,coco-30k,a ram is looking at the camera and standing on some grass,61219,197461
7425,coco-30k,two birds flying over some water and their reflection,47794,325688
7426,coco-30k,a woman is wearing a yellow jacket and a man in a white shirt,52130,460059
7427,coco-30k,an image of two giraffes in a crate,59998,183104
7428,coco-30k,Girl wearing Girl Scouts uniform holding an object in her hand near a fence.,58817,65227
7429,coco-30k,A bird standing alone in the water looking,68591,61836
7430,coco-30k,"Two giraffes in the trees, one standing up.",2995,333069
7431,coco-30k,A dog running around the field with sheep in the background. ,94310,138083
7432,coco-30k,a street image with parked vehicles along side the curb ,16488,430155
7433,coco-30k,"Sheared sheep on roadway taken from vehicle, with green hillside in background.",4167,337826
7434,coco-30k,A lot if birds are standing at the beach shore,37852,1103
7435,coco-30k,Train on track as it approaches a bridge.,3664,11260
7436,coco-30k,there are several stop signs along side the grass,61974,405621
7437,coco-30k,One giraffe laying by a rock while another giraffe looks on.,62052,261461
7438,coco-30k,THERE IS A PARK BENCH FACING A SNOW COVERED MOUNTAIN ,268,96991
7439,coco-30k,Barren mountains dotted with green beneath a cloudy sky.,37321,52851
7440,coco-30k,Two street signs on a post beneath power lines.,78016,301765
7441,coco-30k,A window that looks out onto an intersection with several shops.,42074,260182
7442,coco-30k,Small black bird standing on a wooden table or deck.,31993,452674
7443,coco-30k,AN IMAGE OF A FIRED HYDRANT ON THE STREET,62008,138550
7444,coco-30k,Man in green jacket walking towards bus stop sign.,16289,47191
7445,coco-30k,Street sign for Hollywood Boulevard with a building in background.,67271,351554
7446,coco-30k,A man on a tennis court who has just returned a hit,58466,415885
7447,coco-30k,A double decker bus at night on a London street.,34247,30796
7448,coco-30k,An old luncheonette sign on a corner by a street sign,2214,267184
7449,coco-30k,A plane flying over several houses and lots of trees. ,62398,137950
7450,coco-30k,Two sheep grazing in a green field with trees in the background.,38622,191533
7451,coco-30k,A giraffe cocks it's head towards a noise,68953,539422
7452,coco-30k,Street sign on the corner of Maciel Ln and Wonder Stump Rd.,92674,62805
7453,coco-30k,View of a city skyline and train yard at dusk.,18238,502229
7454,coco-30k,A train is going down a hill through a town,79137,29593
7455,coco-30k,An old woman sits on a bench and raises her hand,60548,10249
7456,coco-30k,A group of guys in  a dugout with their gear ,223,126226
7457,coco-30k,There is a white Vigrin Atlantic Plane on a runway,21017,174284
7458,coco-30k,A watch with a gold design surrounding it. ,99886,504813
7459,coco-30k,A vandalized abandoned building at a stop sign,29767,477741
7460,coco-30k,A car driving through a tunnel under buildings,56435,393266
7461,coco-30k,there is a treat sign says alameda street ,37542,577417
7462,coco-30k,Some people look at sheep on a farm. ,17831,263428
7463,coco-30k,A train in the middle of an area with trees,64314,426061
7464,coco-30k,Two adult pheasants walking slowly across a street,7279,122927
7465,coco-30k,A Spirit airplane takes off in to the air.,49482,60849
7466,coco-30k,Two jumbo jets display their company emblems on a runway.,22450,423837
7467,coco-30k,A large colorful parrot is perched on a tree limb.,11561,475944
7468,coco-30k,A metal park bench sitting next to a small road.,67734,461573
7469,coco-30k,A road with cars on it and a traffic light.,41962,557127
7470,coco-30k,A yellow commuter train parked at a train station.,53650,60090
7471,coco-30k,There is an old multi colored volvo parked next to a motel,2000,347544
7472,coco-30k,A train is pulling in to a train station.,60516,138073
7473,coco-30k,Two men standing next to a busted fire hydrant.,28362,516998
7474,coco-30k,A red double decker bus driving down the street,51477,247576
7475,coco-30k,A large body of water in front of a shoreline with a long train bridge.,94641,170129
7476,coco-30k,A small white bird standing on a beach while pecking at the water.,73989,505333
7477,coco-30k,A large giraffe standing in front of a lush green wilderness.,67983,219904
7478,coco-30k,A bird standing on the shore of the beach,32733,322955
7479,coco-30k,A mother sheep and a baby sheep pictured here.,96731,207728
7480,coco-30k,An Amtrak train traveling under a train bridge.,55053,466239
7481,coco-30k,A train car riding the railroad in a city.,41737,288799
7482,coco-30k,a ram is eating some food from a wood trough,90219,434089
7483,coco-30k,A group of commuters standing around a train station.,96158,82812
7484,coco-30k,"There are trees and benches randomly scattered about in the park, and a green slide as well.",6536,364439
7485,coco-30k,A herd of sheep grazing on a lush green field.,29290,552612
7486,coco-30k,There is a multi colored train pulling into a station.,28021,125513
7487,coco-30k,A street sign set on a steel pole.,4651,578852
7488,coco-30k,A group of people standing around a chicken coup.,48240,232483
7489,coco-30k,A small herd of sheep walking along a grass covered field.,47736,477085
7490,coco-30k,A pair of trains parked at a station.,81953,170651
7491,coco-30k,A snowy scene of trees and a road.,37097,319127
7492,coco-30k,a hummingbird flying above a bunch of small red and white flowers,74139,17778
7493,coco-30k,A red stop sign sitting next to country road.,20870,572427
7494,coco-30k,Signs with red men for go and stop,16003,341635
7495,coco-30k,A yellow fire hydrant sits by the side of the road.,44067,40087
7496,coco-30k,Two giraffe standing next to a chain link fence.,10826,301347
7497,coco-30k,A group of people crossing a street next to tall buildings.,61606,99114
7498,coco-30k,A train crossing a street near train crossing lights.,84593,475238
7499,coco-30k,A couple of birds perched on poles sticking out of a lake.,21838,386146
7500,coco-30k,A man wearing a t-shirt stands in the door way of a white bus.,57519,319534
7501,coco-30k,Two adult sheep lay on the green grass.,52972,547383
7502,coco-30k,A traffic sign sitting next to a sidewalk on a street.,91779,369776
7503,coco-30k,A green an White train car traveling past a road filled with heavy traffic.,9390,13965
7504,coco-30k,A red bus parked in front of a building on the side of a street.,949,236010
7505,coco-30k,A little boy wearing a hat and leather boots.,33397,194499
7506,coco-30k,A black cat wearing a tin foil hat looking off into the distance.,67391,177486
7507,coco-30k,A group of people walking across a crosswalk.,37659,151095
7508,coco-30k,A pizza restaurant sign sitting up against a brick wall.,88179,545235
7509,coco-30k,a bird with a foot on the top of a pole,32271,220716
7510,coco-30k,Two giraffe standing next to each other on a grass covered field.,50899,16193
7511,coco-30k,A bench sitting on the beach near the ocean.,75624,282046
7512,coco-30k,A wooden bench with a black box on top of it.,26531,147058
7513,coco-30k,A small her of sheep gathered on a lawn in front of a large building in the city.,59350,182984
7514,coco-30k,A giraffe standing next to a pile of dead wood.,96955,427471
7515,coco-30k,A wooden bench sitting near a group of buildings.,76319,102858
7516,coco-30k,A red fire hydrant sitting on a sidewalk next to a street.,68705,249273
7517,coco-30k,A group of people standing around a red stop sign.,51338,27441
7518,coco-30k,A bus traveling down a curvy road behind a black car.,74879,303818
7519,coco-30k,A bench next to a stone wall and a dirt road.,5354,79490
7520,coco-30k,A green and white bus pulling into a bus stop.,73625,373422
7521,coco-30k,A white and red traffic sign on top of a metal pole.,92276,325690
7522,coco-30k,A man riding a brown horse in uniform next to tall green trees.,6411,439715
7523,coco-30k,"A stop sign posted in a foreign language
",63142,45966
7524,coco-30k,A large flock of black birds in flight.,36643,267710
7525,coco-30k,A black and white picture of a stop sign.,48422,519555
7526,coco-30k,A train pulling into a train station next to a tall building.,21220,186956
7527,coco-30k,A white bicycle parked next to a brown brick wall.,26911,258860
7528,coco-30k,A single giraffe looks over the green brush.,53458,55072
7529,coco-30k,A city bus is parked along the side of a street.,80377,409138
7530,coco-30k,A large group of sheep in a grassy field.,69090,545959
7531,coco-30k,A freeway sign at freeway entrance detailing 3 freeway options.,41771,84592
7532,coco-30k,"A close up of a country sign, the picture is a personified bus that is freaking out because it is about to hit a biker, and the sign below reads 'danger traversee de route'.",10366,13789
7533,coco-30k,A wooden post showing different paths to be taken,93566,397287
7534,coco-30k,A city bus driving down a city street,90740,213649
7535,coco-30k,Two birds looking at their reflections in side mirror,75044,36414
7536,coco-30k,Three white sheep traveling down a paved residential street.,80416,55053
7537,coco-30k,A street signal with a smiling face for the green light.,8166,540180
7538,coco-30k,A yellow pickup truck stopped at an intersection,52531,547435
7539,coco-30k,A bird sits perched on the edge of an umbrella. ,46744,174423
7540,coco-30k,A black and yellow bird with a colorful beak,54412,167902
7541,coco-30k,a bird standing on a tree limb next to its nest,9124,397403
7542,coco-30k,The four pink sheep are moving away from each other.,10948,173445
7543,coco-30k,A pair of shoes sits on a bench next to a door. ,95046,291932
7544,coco-30k,A wooden bench surrounded by weeds has a dedication plaque,96877,322567
7545,coco-30k,White sheep grazing in a grass pasture near stone walls.,4356,471415
7546,coco-30k,A lone bird contemplates life while resting on top of a mound.,11861,185160
7547,coco-30k,A sheep in the snow with other sheep around him.,6713,361123
7548,coco-30k,A street sign reading Cambridge st and Norfolk st's crossing lies broken on the ground. ,97365,338718
7549,coco-30k,An animal that is on a tree eating some food.,24044,238292
7550,coco-30k,A man with a chef outfit is talking on the phone.,45000,429159
7551,coco-30k,Red street lights on an empty intersection with no traffic,87760,478736
7552,coco-30k,A woman wearing a hat sitting on a park bench.,89017,440060
7553,coco-30k,A stop sign is at an intersection on Morgan Rd.,2548,158952
7554,coco-30k,A picture of a very tall stop sign.,84931,28071
7555,coco-30k,A picture of a giraffe drinking some water.,4697,277208
7556,coco-30k,A group of birds eating at a bird feeder,65901,148309
7557,coco-30k,A bench that is beautifully shaded by a tree.,69120,445179
7558,coco-30k,a public transit bus on a city street,85110,87489
7559,coco-30k,A person and a animal in the daytime.,11787,307547
7560,coco-30k,A set of park benches near a lamp post,55430,4760
7561,coco-30k,A herd of sheep laying next to each other on lush green grass.,47473,91899
7562,coco-30k,A white bus driving past a hillside covered with trees.,68684,491965
7563,coco-30k,A wooden bench sitting on a lush green park.,65995,18485
7564,coco-30k,A bench sits along the side of a lake.,90463,419558
7565,coco-30k,A group of animals such as sheeps are walking together on the grass,72169,407235
7566,coco-30k,a group of people next to a train with a sky background,851,396496
7567,coco-30k,A bamboo bench with a backpack sitting on top of it.,47654,22129
7568,coco-30k,A picture of a broken down stop sign.,78841,88652
7569,coco-30k,A multi colored bus with people loading it,36697,383389
7570,coco-30k,"Groups of people walk around a huge, multi engine airplane.",36153,478862
7571,coco-30k,A large bus parked on a handicapped parking space.,53802,39368
7572,coco-30k,"A white bus has the words, crosstown, on the front while a man walks near the side of the bus which is front of a brick building.",15769,296353
7573,coco-30k,A silver fire hydrant sitting next to a  road on a sidewalk.,11656,372212
7574,coco-30k,a window shoing a man standing alone on a train platform,14653,144365
7575,coco-30k,A picture of two buildings and a street in black-and-white.,8177,264753
7576,coco-30k,A bus stop next to a curvy road surrounded by traffic lights.,44807,9379
7577,coco-30k,A yellow and brown bird perched on a leaf on top of a grass covered field.,72501,431931
7578,coco-30k,Two sexy young women sitting on a metal bench in front of flowers.,24333,548780
7579,coco-30k,A tall building with balconies behind a red and white sign.,72462,444888
7580,coco-30k,Three elderly people sit together and eat desert.,40719,73278
7581,coco-30k,A pretty young lady holding a black umbrella.,90344,347620
7582,coco-30k,A picture of a man sitting in a train.,92774,525777
7583,coco-30k,A close up of the stop sign and to street signs.,35342,579893
7584,coco-30k,A dog is walking past a row of park benches.,20535,107542
7585,coco-30k,A construction crew repairing electrical wires over a busy intersection.,32995,34820
7586,coco-30k,A picture of a person on the side of the road.,7974,34866
7587,coco-30k,A gray and yellow train traveling along the tracks,17829,467990
7588,coco-30k,A close-up of the streetlamp showing to red street signs.,96677,220160
7589,coco-30k,A long white passenger train traveling through lush green countryside.,59035,417217
7590,coco-30k,A train is coming down the track near some trees.,43944,295426
7591,coco-30k,A pond with various birds and ducks swimming.,34059,448278
7592,coco-30k,Two young children sitting side by side while eating food.,29043,347823
7593,coco-30k,A white city bus pulling onto a street near a cross walk.,62796,405614
7594,coco-30k,A white bird flying through a light blue beautiful sky.,67360,389129
7595,coco-30k,A scene featuring a shepard woman is juxtaposed colorful shapes,79401,403885
7596,coco-30k,A picture of a stop sign on a street.,2415,175539
7597,coco-30k,A picture of some people walking across the street.,33744,398246
7598,coco-30k,A building with a grey hound road sign on it,35767,344762
7599,coco-30k,There is a red car parked next to an old bus.,15442,543043
7600,coco-30k,an alley between two buildings with a sky in the background,93669,476491
7601,coco-30k,Two red and yellow trains parked next to each other.,16980,299295
7602,coco-30k,The lady is sitting on the wood bench.,52314,576607
7603,coco-30k,A highway scene with focus on an exit sign.,83734,222724
7604,coco-30k,underside of a plane flying through a cloudy sky,72195,443450
7605,coco-30k,A person that is feeding an animal with her hand.,63571,518716
7606,coco-30k,"A cloudy sky , red traffic lights and power lines",83343,38321
7607,coco-30k,A long passenger train traveling through rural countryside.,76456,5690
7608,coco-30k,A bird sitting on a sandy beach next to the ocean.,26274,398748
7609,coco-30k,A group of three women sitting at a table sharing a cup of tea.,61154,536654
7610,coco-30k,A bench sitting in front of a lush green hillside.,74821,182401
7611,coco-30k,A green and white bus traveling down a road.,25563,65306
7612,coco-30k,A highway sign posted on a pole next to a street sign.,92544,78947
7613,coco-30k,A white city passenger bus traveling down a street surrounded by tall buildings.,26376,549119
7614,coco-30k,A red stop sign on the side of a brick road.,25736,246248
7615,coco-30k,A television screen in an open space at a political function.,26052,527616
7616,coco-30k,A beautiful young lady laying on top of a park bench.,24759,146742
7617,coco-30k,A picture of a road sign labeled bodacious drive.,15099,189698
7618,coco-30k,A red double-decker bus parked on a helicopter pad.,10625,394681
7619,coco-30k,A red and white bus traveling down a street.,94491,87356
7620,coco-30k,A woman pulling her luggage past an orange fire hydrant.,51297,76765
7621,coco-30k,People getting on and off the bus parked by the curb.,16803,188817
7622,coco-30k,a public transit train on a train track with buildings in the background,37346,570826
7623,coco-30k,A woman standing next to a light pole by a street.,24391,198928
7624,coco-30k,Father and son wait on their bicycle at a traffic light.,5136,568972
7625,coco-30k,The man is sitting on a bench and is looking out at the street.,73894,442630
7626,coco-30k,A small red bird sitting on top of a rear view mirror on the side of a car.,44180,217554
7627,coco-30k,A tall giraffe standing next to a tree surrounded by a crowd of people.,1635,578350
7628,coco-30k,An intersection of wires and cables stretching over a traffic light.,21197,76249
7629,coco-30k,Side of meat sitting on a white plate on a dinner table. ,59552,153632
7630,coco-30k,An Asian street scene with many people on the street.,63543,400516
7631,coco-30k,A man carrying a suitcase and a bag at a train station.,7158,227433
7632,coco-30k,Large group of people standing outside a restaurant together. ,68152,247840
7633,coco-30k,A close-up of a hawk with a group of people in the background.,48065,34522
7634,coco-30k,A tropical bird hanging upside down on two wires.,63532,470032
7635,coco-30k,A group of people are on a tour in the jungle.,37976,549448
7636,coco-30k,Two giraffes in an enclosure with their necks and heads touching.,85128,576822
7637,coco-30k,A red train engine parked on top of a snow covered ground.,4145,242513
7638,coco-30k,People standing in front of building holding protest signs.,1714,249757
7639,coco-30k,A couple of large passenger jets flying past each other on an airport.,93290,244487
7640,coco-30k,A white and gray bird soaring over the blue ocean.,77276,236690
7641,coco-30k,a small bird in a bird feeder/house ,96763,572017
7642,coco-30k,A man standing a the front of a passenger bus.,19899,211246
7643,coco-30k,A beautiful woman in a red dress sitting on a bench next to a blue train.,13172,443835
7644,coco-30k,A red fire hydrant sitting on a patch of green grass.,79469,343315
7645,coco-30k,A park bench with two stones piled on top of each other,52365,576927
7646,coco-30k,Bicyclist sign attached to a wall beside a window.,37082,508931
7647,coco-30k,A giraffe looking for food between large rocks.,97723,194167
7648,coco-30k,Two birds sitting on a large rock next to a river.,55460,209728
7649,coco-30k,A close up of the front and of a bus.,56793,557819
7650,coco-30k,A street scene with a double-decker bus on the side of the road.,64913,203478
7651,coco-30k,A ram standing still in an empty pasture.,11728,396410
7652,coco-30k,A cat wearing a Santa suit including a Santa hat.,94439,296907
7653,coco-30k,A sign next to a stone wall stating the road name.,65059,342335
7654,coco-30k,A walkway lined with green trees next to park benches.,32125,558992
7655,coco-30k,A black and brown dog laying on a grass covered ground next to a yellow fire hydrant.,52866,35894
7656,coco-30k,A subway train traveling through a subway station.,53856,256838
7657,coco-30k,A giraffe standing in front of a stone building.,30480,160199
7658,coco-30k,A large white city bus stopped at a bus stop.,9773,239997
7659,coco-30k,A herd of buffalo grazing on grass next to the ocean.,56953,183181
7660,coco-30k,a red and white bus and some cars in the rain,72076,84170
7661,coco-30k,A train traveling through a tree filled countryside.,75957,41300
7662,coco-30k,A large green train traveling past wooden crates.,3570,433154
7663,coco-30k,Two sheep grazing on a lush green grass covered field.,34096,359234
7664,coco-30k,an old man with a white dog on a leash and a bench,38340,328368
7665,coco-30k,a bunch of sheep all chillin together in a bin,62823,343481
7666,coco-30k,A train pulling into a station with a red bench seat.,11981,410912
7667,coco-30k,White birds are gathered around a water puddle.,71230,490125
7668,coco-30k,Two giraffes are in the grass by some rocks.,65830,56768
7669,coco-30k,A woman on a bench reading a book,73652,499268
7670,coco-30k,A plane makes a landing at an airport.,11854,378859
7671,coco-30k,A fire hydrant is standing amid some grass.,9685,15746
7672,coco-30k,The reflection of a bus in a vehicle mirror,99748,291538
7673,coco-30k,an image of taxi cabs parked and stationed thru out the city,84449,12818
7674,coco-30k,a close up of a giraffe behind a fence ,76788,254816
7675,coco-30k,A bus is displaying rider information pamphlets at the front of the bus.,33889,158414
7676,coco-30k,A giraffe is poking its nose into a girl's beverage cup.,14254,75372
7677,coco-30k,Two herds of yak are grazing on a hillside with a snowy bottom landing.,93555,181058
7678,coco-30k,Two cars are waiting at a stop light.,32905,376321
7679,coco-30k,A fighter jet is flying through the air.,50416,275761
7680,coco-30k,The train image on the wall is beautiful.,90753,147577
7681,coco-30k,A cat is playing with a plan in a park.,34246,222235
7682,coco-30k,A giraffe stands in a field as birds perch on its neck.,94956,426629
7683,coco-30k,A bird that is on a tree limb.,54440,15113
7684,coco-30k,A giraffe stands tall beside a tree in a barren area.,23629,271046
7685,coco-30k,a group of giraffes standing near one another with trees in the background,46245,187876
7686,coco-30k,cars wait at red light at an intersection by mountains,79438,119748
7687,coco-30k,Orange seats on a train with Yellow doors and lime green floors.,23305,305876
7688,coco-30k,four coach buses parked in a parking lot,66378,224610
7689,coco-30k,A person wearing orange pants standing on a bench,16920,29397
7690,coco-30k,A lot of people that have some animals.,91056,23660
7691,coco-30k,time shot of cars driving down Asian highway,14044,449198
7692,coco-30k,A small giraffe laying in the sand by a fence,33998,65628
7693,coco-30k,A picture of a train going on the train tracks.,44748,220058
7694,coco-30k,The green bus has a large front window and a yellow license plate.,56600,77837
7695,coco-30k,The picture of three buses on a lot.,4735,90208
7696,coco-30k,A boat traveling into a water filled tunnel.,41724,113051
7697,coco-30k,A long empty road with an over pass bridge.,64772,246348
7698,coco-30k,Two rows of red double decker buses on a green lawn,67398,548159
7699,coco-30k,A picture of a two-story bus by the street.,47281,269926
7700,coco-30k,Up close view of a model train set and its surrounding area,17754,560466
7701,coco-30k,A baby giraffe being licked by a big giraffe.,36730,191675
7702,coco-30k,A rusty old fire hydrant on an inner city street,75769,255718
7703,coco-30k,A red fire hydrant in front of a shopping center.,39355,338562
7704,coco-30k,Three double decker busses are parked in front of a building.,93108,334743
7705,coco-30k,The street sign is standing on the corner.,37710,493774
7706,coco-30k,A trolley is going down the street while a car passes it.,88635,514376
7707,coco-30k,A close-up of a tropical bird with a mirror behind it.,41402,372756
7708,coco-30k,A street post with a one way sign and street name sign along with holiday decorations.,73460,395185
7709,coco-30k,A yellow city bus going to walmart and the hospital,77795,299493
7710,coco-30k,A cargo train is sitting at a train station.,17270,74465
7711,coco-30k,"The road sign says ""East 278 Queens Bronx""",28471,41488
7712,coco-30k,A fire hydrant on the side of the road spraying water.,37341,309696
7713,coco-30k,A street scene with a double decker bus.,12100,67178
7714,coco-30k,An expressway sign is informing of how much further to the next destination.,14958,421970
7715,coco-30k,A tall two story gray house sitting in front of a street sign that readsd Nirvana Dr.,27176,388325
7716,coco-30k,A street scene of a self service parking lot.,71671,499181
7717,coco-30k,A woman with a hat is using an umbrella.,53230,465074
7718,coco-30k,A yellow fire hydrant surrounded by many types of flowers next to an apartment.,52552,351938
7719,coco-30k,Three people in yellow shirts cleaning a park bench.,35276,188735
7720,coco-30k,A very green bench that is in some grass.,21589,282176
7721,coco-30k,Some hot air balloons are in the air above wires.,80420,420852
7722,coco-30k,A bird that is sitting on top of a tree.,4906,278306
7723,coco-30k,A monument of a lion that is in a wall.,98468,162692
7724,coco-30k,A train that is going by some grass.,3075,224554
7725,coco-30k,A photo of chalk writing on the sidewalk next to a white fire hydrant.,91736,145742
7726,coco-30k,Red and blue train sits along the tracks,37024,183666
7727,coco-30k,Multiple train tracks with a train on one of the tracks.,43553,473783
7728,coco-30k,A bird that is sitting on a ledge.,54452,574988
7729,coco-30k,An animal that is licking the neck of another animal.,90336,469713
7730,coco-30k,A bus that is driving on the street.,95434,307442
7731,coco-30k,A parking lot filled with parked cars in a shopping center..,41843,449872
7732,coco-30k,The train is approaching and a man is getting off his bicycle.,84662,185472
7733,coco-30k,A bus that is driving down the road.,54205,344029
7734,coco-30k,A wooden bench sitting in a park covered with leaves.,53642,496093
7735,coco-30k,A beautiful woman sitting on a bench next to a body of water.,54899,235296
7736,coco-30k,Two people resting beneath a tree near several green street signs.,59019,60704
7737,coco-30k,A semi truck riding on top of a faerie.,32122,412373
7738,coco-30k,A group of people standing next to a bus and a flag pole.,54792,347506
7739,coco-30k,A yellow bus carrying passengers riding along the road.,56345,419089
7740,coco-30k,A flock of birds flying over the ocean next to a beach.,73186,315001
7741,coco-30k,A large adorable owl standing on top of a green grass covered park.,30639,454449
7742,coco-30k,A park filled with green grass and a tall leaf filled tree.,62318,195045
7743,coco-30k,"The dog lies on the ground, while the two men talk to each other.",63888,401163
7744,coco-30k,A giraffe is standing under a tall tree.,57359,429283
7745,coco-30k,A sign hanging on a pole by the sidewalk,19116,13992
7746,coco-30k,an image of an aerial view of cars in a parking lot,79811,528951
7747,coco-30k,A large white seagull in flight over blue waters.,32092,388881
7748,coco-30k,"PASSENGER TRAIN WITH SMOKE BILLOWING IN THE WIND,TRAVELING THROUGH THE TREES",97576,400472
7749,coco-30k,A large white airplane flying beneath a blue sky.,70966,121089
7750,coco-30k,An airplane is waiting at the jet bridge,73226,537427
7751,coco-30k,A bright red fire hydrant is in the grass.,65515,458156
7752,coco-30k,Two cats sitting in the dirt under a tree.,74403,117374
7753,coco-30k,A group of giraffes inside of an enclosure.,64928,18874
7754,coco-30k,A giraffe stands between trees while other giraffes walk behind him.,12136,150365
7755,coco-30k,a close up of many toy sheeps on a table ,55505,58146
7756,coco-30k,A train is stopped in front of an industrial area.,19373,257359
7757,coco-30k,A retail sign is hanging above a stop sign alert for added effect.,50599,268049
7758,coco-30k,a bus driving on a city street with trees,89630,564069
7759,coco-30k,A man on motorbike rides in front of a large parade of traffic.,77674,555763
7760,coco-30k,a man is standing by a sign post ,7182,493815
7761,coco-30k,a pole with several street signs by a building,70492,101623
7762,coco-30k,There are people standing on a red double decker bus.,55231,191613
7763,coco-30k,The three giraffe stand next to a pile of logs.,47247,155035
7764,coco-30k,There stoplight in front of the buildings is green. ,87841,74096
7765,coco-30k,A train with steam coming out is on the tracks.,77108,429718
7766,coco-30k,A giraffe cranes its head to look over a canopy.,2364,496309
7767,coco-30k,A green traffic light shines above a street with light traffic.,20486,413172
7768,coco-30k,Two giraffes are in a fenced in area that has a few sparse trees near it.,32132,464178
7769,coco-30k,"A city street scene with a green bus coming up a street, with ocean in the background.",69837,339368
7770,coco-30k,A giraffe points its head towards the sky,97607,289586
7771,coco-30k,three giraffes walking in a field with trees in the background,92093,492506
7772,coco-30k,A little boy dressed up like he is on a safari.,46972,533276
7773,coco-30k,a bench with a wall and pavement ,49312,489920
7774,coco-30k,a green bench sitting on the side of a wall,90702,474188
7775,coco-30k,"A narrow, one-lane street and a stoplight by a low wall",16411,40064
7776,coco-30k,A tall giraffe kissing the bark of a brown tree. ,28128,448426
7777,coco-30k,A traffic light next to a street light below a tall building.,8766,218470
7778,coco-30k,A train parked at a train station next to another train.,78801,58737
7779,coco-30k,A park bench surrounded by a green forest of trees.,97521,195648
7780,coco-30k,A yellow and blue bus traveling down a road next to a park.,85436,55167
7781,coco-30k,A large giraffe standing behind a wire fence.,16782,288983
7782,coco-30k,A silver passenger train with an aids walk poster on it's side.,85667,456833
7783,coco-30k,A bridge filled with blue and white buses.,21493,364919
7784,coco-30k,A red commuter train passing through a train station.,26093,384594
7785,coco-30k,A herd of sheep in an open snowy field,67306,393928
7786,coco-30k,A herd of sheep standing next to each other on dirt ground.,27681,360325
7787,coco-30k,A large goose cleaning itself by the water,52991,400994
7788,coco-30k,A man walking towards a bench from the street,45663,523454
7789,coco-30k,There are two different street signs together in a different language,14960,576017
7790,coco-30k,A black train car with a group of men standing on the back of it.,48314,548538
7791,coco-30k,Man sitting outside in a blue coat about to stand up from lawn bench.,20946,163112
7792,coco-30k,A couple of young men riding bikes down a street in front of a sign.,16843,301746
7793,coco-30k,Two birds sitting on top of a branch on a tree.,9813,44732
7794,coco-30k,Black and white photo of a trolley car.,26896,545093
7795,coco-30k,A long white train traveling through a lush green hillside.,38699,419624
7796,coco-30k,There is a stop sign and two street name signs on one poll,59661,37709
7797,coco-30k,A large United States Air Force plane sitting on a tarmac at an airport.,33513,428357
7798,coco-30k,A bird with a long neck sitting in a tree filled with leaves.,49201,91610
7799,coco-30k,A group of people crossing a street next to a bend traffic light.,39382,284445
7800,coco-30k,An empty plastic container and a plastic fork left on a bench.,33004,254123
7801,coco-30k,A white statue holding open a newspaper while sitting on a bench.,65351,94326
7802,coco-30k,A child's steam engine train sitting on train tracks.,13960,271828
7803,coco-30k,Two decorated cakes in boxes on a table,60917,366931
7804,coco-30k,A road filled with snow and traffic lights.,9132,201670
7805,coco-30k,A street sign posted to a pole that reads no through road.,89512,497348
7806,coco-30k,A train car pulling away from a train station next to a forest.,13158,223777
7807,coco-30k,A red stop sign with a sticker of a man holding up a sword.,61420,82662
7808,coco-30k,A picture of a building and some grass.,399,161962
7809,coco-30k,A wooden bench in the middle of the wild.,76095,38772
7810,coco-30k,Two giraffes at the zoo during the day.,94662,261712
7811,coco-30k,A long passenger train traveling through a rural countryside.,69105,490695
7812,coco-30k,A brown sheep standing in front of a pile of rock.,18889,201916
7813,coco-30k,A set of train tracks with cargo train cars on one side and people on the other side near several buildings.,14623,495557
7814,coco-30k,A herd of giraffe and long horned goats laying in a zoo.,22265,152774
7815,coco-30k,A man is dressed in all black has on a black hat and glasses,88641,450400
7816,coco-30k,A sign warning no camera and no videos on the side of a road.,4142,384528
7817,coco-30k,A red fire hydrant sitting on a sidewalk.,9382,105912
7818,coco-30k,A couple of animals that are walking around the grass.,21403,459176
7819,coco-30k,A white pickup truck parked near a white brick building.,25211,335864
7820,coco-30k,A rear view mirror on the side of a yellow bus.,26465,378809
7821,coco-30k,We are at the intersection of Doyers Street and Chatham Square.,272,509423
7822,coco-30k,The two traffic lights are placed on a pole on the road.,56741,449793
7823,coco-30k,A number 41 bus heading to Mt Airy on a road.,6056,31711
7824,coco-30k,A city with many people waiting for a train.,41650,398007
7825,coco-30k,a white blue and red jet against a blue sky,886,97754
7826,coco-30k,A wooden box filled with birds and rabbits.,9538,388014
7827,coco-30k,A giraffe standing next to a tree with no leaves.,30232,425153
7828,coco-30k,A curvy road line with tall buildings and post.,9732,547597
7829,coco-30k,A long bus drives through a wide city street,61733,425388
7830,coco-30k,A line of decorative benches on a boardwalk.,24590,136464
7831,coco-30k,A advertising billboard next to a street light at night.,46604,172702
7832,coco-30k,A herd of sheep are seen on a farm,87658,525869
7833,coco-30k,A couple of swans swimming in a pond next to two people.,9699,432796
7834,coco-30k,A herd of zebra standing around a tall wooden tree.,60115,172265
7835,coco-30k,A busy street at night with parked cars on the side.,13182,19624
7836,coco-30k,Two little girls sitting on the side of a white boat.,99363,46497
7837,coco-30k,A black lab waits at a picnic table for it's master.,20566,156458
7838,coco-30k,A green motel sign hanging from a fake cactus.,76799,193704
7839,coco-30k,A small group of people standing outside of a train next to  small shops selling fruit.,66594,327807
7840,coco-30k,A bus stopped in front of a building with the Apple logo on it.,6155,306136
7841,coco-30k,A giraffe eating some leaves from a tree at the zoo,16920,101780
7842,coco-30k,A street sign on a tree lined Japanese street.,94806,29852
7843,coco-30k,A green train pulling into a train station.,53746,367511
7844,coco-30k,A man wearing a hat sitting on top of a boat.,20089,395717
7845,coco-30k,A floodway sign sitting on the side of a road in a field.,97820,340781
7846,coco-30k,A baby giraffe standing next to a wire fence.,22118,404886
7847,coco-30k,A western square sign on top of two wooden poles.,48864,162539
7848,coco-30k,Two cops standing in front of a street on a cross walk.,20051,277094
7849,coco-30k,A group of three men standing in front of a double decker bus.,98546,115571
7850,coco-30k,A bench sitting next to a river next to a bridge,92257,386370
7851,coco-30k,A bench overlooks a harbour with a lighthouse.,49584,462105
7852,coco-30k,A train's door is open for its oncoming passengers.,652,69842
7853,coco-30k,Some people that are sitting on a bench.,36781,389174
7854,coco-30k,Two adults and a baby sit on a bench.,29003,519565
7855,coco-30k,A white street sign hanging from the side of a pole.,11263,289943
7856,coco-30k,Man sit on a icy bench with skis on his feet.,11480,348795
7857,coco-30k,A stoplight that is green on the street.,36703,447842
7858,coco-30k,A group of men standing on a street corner next to a stop sign.,27112,121196
7859,coco-30k,A stop sign sitting next to a street sign on the side of a road.,71402,503277
7860,coco-30k,A gray tiger cat sitting underneath a metal bench.,48888,576191
7861,coco-30k,A large white bus stopped at a bus stop covered in snow.,8540,361073
7862,coco-30k,A large double decker bus driving under traffic lights.,114,112372
7863,coco-30k,A family of swans swimming on top of a lake.,63425,23230
7864,coco-30k,A couple of animals that are in the grass.,72074,192894
7865,coco-30k,A cat that is under a bike on the ground.,77241,573881
7866,coco-30k,A red street sign hanging off the side of a building.,46891,92554
7867,coco-30k,A catchers mitt sitting inside of a blue baseball hat.,70134,27932
7868,coco-30k,A crowd of people walking along a river next to street lights.,12424,191300
7869,coco-30k,A sleeping area of a train car with a seat belt buckle.,22244,534128
7870,coco-30k,A cat sitting on top of a bench in a field.,32735,80666
7871,coco-30k,A trian sitting next to three other trains near a field.,10,500335
7872,coco-30k,a yellow tram some mountains snow and trees,98730,87156
7873,coco-30k,A rusted silver fire hydrant next to two poles.,33080,165713
7874,coco-30k,A woman in a wheel chair sitting next to a red fire hydrant.,4229,425555
7875,coco-30k,A busted traffic light sitting next to a red house.,31804,483266
7876,coco-30k,some blurred sheep are running and some green grass,5698,515465
7877,coco-30k,A green park bench underneath a tree in a park.,40573,527960
7878,coco-30k,A tall giraffe standing on a rock on top of a hillside.,55799,332027
7879,coco-30k,A man sitting at a park working on a laptop computer.,46572,170813
7880,coco-30k,A lake with a rail bridge and traffic bridge over it.,69104,253755
7881,coco-30k,A train traveling through a dark tunnel next to green brush..,48933,47718
7882,coco-30k,A red bus driving down a busy city street surrounded by tall buildings.,935,226802
7883,coco-30k,A green and beige bus traveling down a busy city street.,18241,81287
7884,coco-30k,A red fire hydrant sitting on a muddy green hillside.,53616,181742
7885,coco-30k,A crow perched on an empty park bench.,20854,295359
7886,coco-30k,A water foul near the shore in a body of water with an island in the middle of it.,25175,366440
7887,coco-30k,A traffic light with a picture of a coffee cup underneath it.,8455,555390
7888,coco-30k,A man riding a skateboard while wearing an orange hat.,32741,468345
7889,coco-30k,an image of a woman smiling at the camera and behind her is a giraffe,16201,96226
7890,coco-30k,A British bus makes its way down the road. ,88530,39811
7891,coco-30k,two traffic lights in front of a huge building ,99559,503841
7892,coco-30k,A set of train tracks with a street sign next to them that reads 34th Street.,82918,87354
7893,coco-30k,A bird is flying over some rocky water.,57390,495088
7894,coco-30k,A double level bus on a street driving through a construction area.,36847,329900
7895,coco-30k,a group of trams running down tram lines,59220,344205
7896,coco-30k,MTA F train comes rolling through the bridge tracks.,65916,253415
7897,coco-30k,Two bright green passenger trains pass by with people standing in the doorways. ,24899,581899
7898,coco-30k,A river with lots of trees on the river banks and a bridge in the middle of the river.,99322,18771
7899,coco-30k,A man walking across the street without any traffic.,47942,478868
7900,coco-30k,A huge group of scattered out sheep are in the field. ,41701,316112
7901,coco-30k,Three sheep in a pasture with people standing by the fence.,49743,1554
7902,coco-30k,A giraffe in the middle of a field looking astute,65160,487236
7903,coco-30k,a close up of a dog wearing a yellow clone hat,46695,163496
7904,coco-30k,"A street sign for Battery Plaza, and a One Way street sign. ",38845,212675
7905,coco-30k,There is a giraffe facing a brick wall.,79509,292075
7906,coco-30k,A bus pulls up to a group of people and a sidewalk.,90336,256852
7907,coco-30k,There is a bird standing in the sand.,74542,438269
7908,coco-30k,A decorated street sign for Queen Street with two blue signs below. ,56175,186797
7909,coco-30k,Buses of various colors parked in a parking lot. ,94918,334675
7910,coco-30k,A stop sign with graffiti on it nailed to a pole. ,5961,321308
7911,coco-30k,A park bench submerged in water in a flood.,9958,67868
7912,coco-30k,A cardinal perches on the side window mirror of a parked sedan.,614,523782
7913,coco-30k,A bus that is driving down the road.,48236,450313
7914,coco-30k,A giraffe has come to a fence line to greet visitors.,35436,285894
7915,coco-30k,A giraffe looks on as two black birds peck for food on the ground. ,75793,291330
7916,coco-30k,A lone woman stands at an empty train station.,74666,70870
7917,coco-30k,A busy intersection in a city has many tall buildings and advertisements. ,6166,263177
7918,coco-30k,A piece of wood that is on top of a block.,26685,139475
7919,coco-30k,A man standing on the corner with a drink in hand.,34005,332916
7920,coco-30k,"An image of a raptor, possibly an eagle, extending its wings overhead against a yellow and maroon sky.",80548,495852
7921,coco-30k,An empty intersection of a colorful urban area.,36679,332545
7922,coco-30k,A red wall is the collection place for a large collection of colorful ties and hats. ,16816,451798
7923,coco-30k,A rainy day at the bus station in the old section of town. ,45290,258702
7924,coco-30k,A couple of captive giraffes look around the ground in the zoo. ,46958,197745
7925,coco-30k,A truck crosses train tracks near an oncoming train. ,79486,7952
7926,coco-30k,A bird flying over the beach to the water,95592,107468
7927,coco-30k,A bunk bed sits next to an open window. ,8889,574057
7928,coco-30k,Elaborate Toronto Blue Jays professional baseball cap cake,38548,434129
7929,coco-30k,A tent in a forest next to a silver and brown RV.,7706,393254
7930,coco-30k,A herd of animals grazing on the side of a green hill.,75895,545788
7931,coco-30k,An SBS Transit double deck bus on a city street.,1184,233017
7932,coco-30k,A single engine plane in the air right above a grassy field.,70595,494179
7933,coco-30k,A young man kissing the top of a young woman's head.,85768,78843
7934,coco-30k,a red fire hydrant near a dirt road with trees in the background,618,384616
7935,coco-30k,Sign over city street above traffic lights by a building.,87120,140456
7936,coco-30k,a train on a train track with a sky in the background,90002,180510
7937,coco-30k,An American Airlines passenger jet takes off from an airport.,1510,345988
7938,coco-30k,A duck floating on a lake with gray and black feathers.,26998,201765
7939,coco-30k,A lone giraffe stands in the middle of a grassy field.,27747,263520
7940,coco-30k,A green and yellow railroad train pulling into the station,31777,372087
7941,coco-30k,A crows of people standing outside of a train.,35170,441553
7942,coco-30k,Three captive giraffes are standing about in a zoo.,48685,241238
7943,coco-30k,A small white and blue bus traveling down a road.,34292,104734
7944,coco-30k,A city bus parked next to a bus stop.,23172,217825
7945,coco-30k,Many small motorbikes are parked along the street. ,381,19109
7946,coco-30k,A blue and white city bus parked at a bus stop.,43049,558539
7947,coco-30k,A parking lot filled with buses parked next to each other.,6806,21644
7948,coco-30k,A red city bus with a red bow attached.,71683,273067
7949,coco-30k,A railroad conductor looking off the side of the train,1931,13415
7950,coco-30k,A giraffe bending over while standing on green grass.,93539,1448
7951,coco-30k,A flock of birds standing on top of a metal set of bars.,27459,388770
7952,coco-30k,A white passenger train traveling down train tracks.,97320,86472
7953,coco-30k,A giraffe peeks from behind a low-hanging branch.,87378,28649
7954,coco-30k,A double decker bus drives down a street lined with buildings. ,23842,328372
7955,coco-30k,A crowded sidewalk filled with lots of people.,30566,442367
7956,coco-30k,A close up of a street pole with no parking signs.,96688,43947
7957,coco-30k,The giraffes walk next to each other down the wilderness trail.,15584,522315
7958,coco-30k,A cake made to look like a white pimp hat.,39098,420313
7959,coco-30k,A large building with two white towers with a crowd of people next to it..,40857,26201
7960,coco-30k,A giraffe standing next to a tree in front of another giraffe.,90818,227845
7961,coco-30k,A small bird sitting on top of a plastic cup of water.,35551,478518
7962,coco-30k,A b=very large robust giraffe eating leaves from trees,18189,330974
7963,coco-30k,A bird that is playing in the snow.,76535,29465
7964,coco-30k,A railroad train passing a field of cows,55797,78865
7965,coco-30k,A fire hydrant on a cart with a hose attached to it.,54816,147537
7966,coco-30k,A giraffe standing underneath a beautiful rainbow in a cloudy sky..,99918,254568
7967,coco-30k,a car is headed down a street in an asain country,21844,112739
7968,coco-30k,The large aircraft flies through the cloudy sky.,34265,525077
7969,coco-30k,A duck swimming on a lake next to other ducks.,47744,185593
7970,coco-30k,A parking lot filled with large passenger buses.,48654,248488
7971,coco-30k,A yellow taxi cab parked next to a street sign.,13415,351053
7972,coco-30k,A green train traveling through a train yard.,45769,58651
7973,coco-30k,A building shines in the clear sky as cars drive underneath.,3450,242139
7974,coco-30k,A railroad crossing sign next to railroad tracks with someone walking on the tracks.,64057,393942
7975,coco-30k,A white train sitting in a train station next to a Bologna sign.,78896,84693
7976,coco-30k,Park bench on a walkway in a park.,96796,222053
7977,coco-30k,Giraffe standing next to each other at a zoo.,54664,298278
7978,coco-30k,We are looking at a black and white shot of a train platform.,39645,105179
7979,coco-30k,Many street signs are located within close vicinity of each other,5561,424333
7980,coco-30k,A silver and red train traveling down a busy city street.,75575,415840
7981,coco-30k,A lush green hillside covered in cows grazing.,44475,185530
7982,coco-30k,A bus with passengers traveling down a dusty road.,92612,441921
7983,coco-30k,A row of parked bicycles sitting on a side walk.,42328,557644
7984,coco-30k,City neon signs at dusk with a lot of those signs in Chinese.,32238,82731
7985,coco-30k,A fire hydrant that is red on top and says to open.,34397,398097
7986,coco-30k,A small boy leaning up against a window on a train,50782,54955
7987,coco-30k,A pair of fancy chickens among the daffodils.,70055,297419
7988,coco-30k,A red train pulling into a crowded train station.,34038,456584
7989,coco-30k,A stop sign with a green street sign posted above it.,17549,268396
7990,coco-30k,A bird flying in the ocean with the sun in the background.,39069,92167
7991,coco-30k,Two black horses standing next to each other.,93208,255649
7992,coco-30k,A train cake sitting on top of a metal shelf.,52635,576412
7993,coco-30k,A cream color cat sitting on a wooden bench.,71118,363415
7994,coco-30k,A red and gray passenger train traveling on train tracks.,82288,179181
7995,coco-30k,A traffic sign next to a road near a river.,20887,509503
7996,coco-30k,Two giraffe standing on a desert land scape.,56124,434735
7997,coco-30k,A photo of a skinny road between buildings.,60186,84018
7998,coco-30k,A tall giraffe standing in a lush green park.,69830,471184
7999,coco-30k,A red bench sitting below tall neon lit buildings.,49643,403907
8000,coco-30k,A silver and yellow train pulling into a train station.,28097,456053
8001,coco-30k,An old fashioned steam engine train traveling down railroad tracks.,77736,423229
8002,coco-30k,A traffic light with a couple of green street signs mounted to it's sides.,83622,344439
8003,coco-30k,A crowd of people standing near a fire hydrant.,35566,551315
8004,coco-30k,A white and gray bird sitting on a beach next to a body of water.,86333,280017
8005,coco-30k,A street going trough the center of a small town.,55741,563653
8006,coco-30k,Two giraffe on a grassy field on a sunny day.,29666,508291
8007,coco-30k,A long train alongside a brightly it train station. ,49650,422740
8008,coco-30k,A steam engine train traveling down train tracks.,7367,505638
8009,coco-30k,A beautiful woman taking a picture with her smart phone.,79801,1268
8010,coco-30k,A green street sign mounted to a white street light pole.,37308,167894
8011,coco-30k,A traffic light sitting next to a street lined with traffic lights.,92644,228825
8012,coco-30k,A white and blue city bus traveling down a city street.,46724,398148
8013,coco-30k,A baby girl standing in a shopping cart holding an umbrella.,31997,443969
8014,coco-30k,Several goats wearing bell collars standing in a field.,55022,329375
8015,coco-30k,A yellow street light mounted to the top of a pole.,83511,197774
8016,coco-30k,A flock of birds floating on top of a boat.,47247,147675
8017,coco-30k,A city street going through the center of tall buildings.,90220,432333
8018,coco-30k,A woman wearing a fur coat sitting on a wooden bench.,6589,333538
8019,coco-30k,A sign for the Public Car Park entrance,43116,328084
8020,coco-30k,A red stop sign above a no parking sign.,15251,496268
8021,coco-30k,A crowded city street filled with traffic and pedestrians.,78003,373060
8022,coco-30k,A red stop sign at the end of a street.,59342,486388
8023,coco-30k,A man laying on top of a wooden bench next to a can of beer.,60697,280114
8024,coco-30k,A large exit street sign laying on the ground.,85506,45248
8025,coco-30k,A yellow train traveling past a field next to a forest.,49636,384635
8026,coco-30k,A road sign on the side of a road.,39033,41773
8027,coco-30k,A yellow fire hydrant sitting on green grass wearing a white hat.,96164,192763
8028,coco-30k,A large red double decker bus traveling down a road.,50762,499428
8029,coco-30k,A red stop sign in front of a small house surrounded by palm trees.,43587,171678
8030,coco-30k,A man standing on a roof holding an ax.,37647,428885
8031,coco-30k,A railroad train letting off a big black smokecloud,53233,346107
8032,coco-30k,A red and white fire hydrant is on the lawn.,64005,211487
8033,coco-30k,Several birds searching for food at the water's edge,30878,45564
8034,coco-30k,A woman standing on a beach is surrounded by birds.,37702,402000
8035,coco-30k,Colorful passenger cars are parked at an empty station.,82033,28526
8036,coco-30k,We are looking up at a street sign with a building in the background.,65358,449546
8037,coco-30k,A large jumbo jet is flying above trees.,94095,150007
8038,coco-30k,Airplanes are lined up at a small airport.,70441,414813
8039,coco-30k,A man and giraffes are sitting on the grass.,93277,143129
8040,coco-30k,a train on a train track with trees in the background,45048,532580
8041,coco-30k,The city worker is elevated in a machine attached to a truck.,73881,350505
8042,coco-30k,A boy in a blue shirt boarding a school bus.,96259,469119
8043,coco-30k,Two women looking at three giraffes behind a fence.,26355,16238
8044,coco-30k,an image of  a bird that is perched on a tree,58137,222407
8045,coco-30k,Two giraffes standing around on the grassy plains.,7508,163104
8046,coco-30k,Sheep with numbers painted on them in a green grass field together.,1834,152281
8047,coco-30k,"Three sheep in a vineyard, two black faced and one white faced",95155,533140
8048,coco-30k,People sitting on a train with one person looking up at a mirror and taking a photo of the reflection with a camera.,41155,144269
8049,coco-30k,The middle of a highway during a cloudy day.,41693,488567
8050,coco-30k,A fire hydrant that is spewing water in the middle of a city.,69275,173125
8051,coco-30k,A street filled with traffic next to a building.,27397,454661
8052,coco-30k,Tourists with a modern articulated bus in Europe,7810,213728
8053,coco-30k,A black pole with a pepsi sign hanging from it's side.,6586,246237
8054,coco-30k,A train speeding along the railroad tracks during the day.,23129,572303
8055,coco-30k,A man and his dog sit at the park.,61544,88951
8056,coco-30k,A man in front of a Christmas tree with his dog.,15548,117525
8057,coco-30k,A parked silver subway train next to a platform.,60855,17198
8058,coco-30k,A red fire hydrant located beside a river of water.,52927,167422
8059,coco-30k,Fair-goers sit in the shade outside a carnival tent.,66419,309371
8060,coco-30k,A yellow traffic light above a street next to houses.,2531,358817
8061,coco-30k,A couple of long buses stopped at a bus stop next to a bridge.,866,269099
8062,coco-30k,A silver passenger train traveling past another train.,70824,546804
8063,coco-30k,A large white building with a red stop sign in front of it.,3196,245983
8064,coco-30k,A black and white dog wearing a white hat.,3883,181763
8065,coco-30k,A row of wooden benches sitting next to a lake.,82530,423039
8066,coco-30k,A blue sign points the way to the road.,38128,185157
8067,coco-30k,A yellow street sign sitting on the side of a road.,4803,224053
8068,coco-30k,Two green and yellow trains parked near a train station.,24982,330741
8069,coco-30k,A metal street pole with a street sign hanging off the side of it.,30709,432843
8070,coco-30k,A traffic light sitting next to a street sign.,853,284762
8071,coco-30k,A small yellow and grey bird is walking on the ground.,23377,476190
8072,coco-30k,An assortment of vehicles drive down a street filled with stores.,33,519784
8073,coco-30k,A train parked at a train stop next to another train.,3935,448410
8074,coco-30k,A bird is flying next to a ship in the ocean.,94514,331455
8075,coco-30k,A red trolly bus driving down a dirt road.,42772,336464
8076,coco-30k,A giraffe standing on a lush green hillside.,57189,12179
8077,coco-30k,A wooden box with a bird in a tree painted on it.,28738,240082
8078,coco-30k,A passenger train that has had some graffiti written on it.,90277,393411
8079,coco-30k,A highway sign sitting on the side of a highway.,13827,65567
8080,coco-30k,A city street filled with traffic next to buildings.,80805,89743
8081,coco-30k,A yellow schoolbus with a woman spread out in front of it.,17272,382848
8082,coco-30k,A traffic light next to a set of stairs.,47240,179948
8083,coco-30k,A street scene with two buses and a car.,49977,25433
8084,coco-30k,A toddler sitting on a living room floor surrounded by toys.,96016,535106
8085,coco-30k,A painting of a yellow train car sitting on train tracks.,75741,418251
8086,coco-30k,A book on birds located in Australia sitting on a shelf..,18957,5595
8087,coco-30k,A herd of animals laying down in a lush green field.,86266,199247
8088,coco-30k,A large cat sitting on a wooden bench next to a building.,42679,271943
8089,coco-30k,Two street signs with Chinese lettering on them.,7481,547760
8090,coco-30k,A restaurant filled with customers sitting at tables.,86341,172342
8091,coco-30k,A rear view mirror on top of a bus.,90499,505890
8092,coco-30k,A large city bus driving down a street.,87046,443498
8093,coco-30k,A train pulling out of a tunnel near a tall building.,94751,128992
8094,coco-30k,A train traveling through a forest with tall trees.,70984,6180
8095,coco-30k,A row full of wooden benches in a cafeteria.,37857,212939
8096,coco-30k,A group of young kids petting a couple of giraffe.,96502,14470
8097,coco-30k,"Image of a hat on a bed with the caption ""Before The Wedding"".",49440,256160
8098,coco-30k,A no parking sign mounted to the side of a pole.,24885,421558
8099,coco-30k,A passenger train is coming down the tracks,97328,30353
8100,coco-30k,some black and white train cars and some train tracks ,55908,323048
8101,coco-30k,Thomas the tank traveling down train tracks next to a  bush.,11724,349021
8102,coco-30k,Afternoon at a dock with seagulls flying overhead.,6575,520
8103,coco-30k,A shirtless man in a hat making luch,54382,382797
8104,coco-30k,A row of construction cones are lined up behind a fire hydrant.,38010,236246
8105,coco-30k,street lights on a city street with no one around,72413,138768
8106,coco-30k,A city street with a two story bus.,64498,299593
8107,coco-30k,A green pasture with lots of animals in the foreground and mountains in the back.,85942,147835
8108,coco-30k,A stormy looking photo with a cargo train.,96588,378302
8109,coco-30k,A green fire hydrant on a city sidewalk.  ,41592,47204
8110,coco-30k, A white bus parked at a stop next to a crowd.,30867,187144
8111,coco-30k,A red traffic light above a street in down town Los Angeles.,60088,57095
8112,coco-30k,A group of soldiers standing next to a bench.,47869,10040
8113,coco-30k,A close-up of the top of a fire hydrant with a train in the background.,35926,86133
8114,coco-30k,A large cat wearing a santa hat making a funny face.,61622,533239
8115,coco-30k,A road filled with parked cars in front of a shop.,25779,239157
8116,coco-30k,A red fire hydrant sitting in a field next to a white building.,75113,537355
8117,coco-30k,A woman holding an umbrella while walking down a street.,77430,449412
8118,coco-30k,Sheep and lambs with green paint on their backs.,67087,84859
8119,coco-30k,A large and wide street covered in lots of traffic lights.,21028,166391
8120,coco-30k,Two giraffe are standing close together in wet sand.,91850,564142
8121,coco-30k,A large predatory bird sits on a tree branch in an exhibit.,36026,150987
8122,coco-30k,Four giraffe are walking through a field of high shrubs.,70745,539908
8123,coco-30k,A small sheep is standing under a wooden fence post.,87755,278353
8124,coco-30k,A school bus covered in art and a sign.,19839,196843
8125,coco-30k,A duck walking along a paved road next to a patch of grass.,35075,205183
8126,coco-30k,Public bus driving on a street in Hong Kong.,38824,472501
8127,coco-30k,A person holding up a paper with a red stop sign on it.,72813,574216
8128,coco-30k,A beach next to the ocean covered in a rainbow.,34900,156276
8129,coco-30k,A large herd of sheep are walking behind a wire fence.,7673,468933
8130,coco-30k,People sitting on benches next to each other.,66316,134178
8131,coco-30k,A long black train traveling through a train station.,25979,412094
8132,coco-30k,A empty street with a crosswalk at night.,59812,541631
8133,coco-30k,Two giraffe standing next to each other on a lush green field.,39266,234990
8134,coco-30k,A green 7th street sign hanging from a wooden pole.,12539,362986
8135,coco-30k,Many sheep are inside a wire fence near a large hill.,36942,62889
8136,coco-30k,The bedroom has stuffed animals and a stop sign on the wall.,51399,75046
8137,coco-30k,A white and blue buss driving on a cobblestone road.,30932,534673
8138,coco-30k,A close up of a street sign stating street table.,24236,425412
8139,coco-30k,A fire hydrant sitting inside of a building under a window.,44805,310564
8140,coco-30k,A small train traveling past a building surrounded by a fence.,53737,340329
8141,coco-30k,Beautiful gray clouds with light cascading out of them.,93150,316715
8142,coco-30k,Two giraffes are standing outside of a door.,42231,150301
8143,coco-30k,A double-decker bus is parked in a large field.,71807,468124
8144,coco-30k,A giraffe is leaning over a fence looking at people.,11120,268948
8145,coco-30k,A large brown dog standing on the side of a white wood fence.,64503,29393
8146,coco-30k,A green bus next to a shop on a small road.,82245,227893
8147,coco-30k,A train traveling through rural countryside under power lines.,46499,60859
8148,coco-30k,A highway filled with lots of traffic nest to a traffic light.,54984,225532
8149,coco-30k,a close up of a street sign with buildings in the background,78444,75481
8150,coco-30k,A white parrot standing next to a jungle covered hillside.,15431,5694
8151,coco-30k,A closeup of an old and mossy outdoor garden bench.,41856,181572
8152,coco-30k,Two palm trees sitting next to a building.,20251,115222
8153,coco-30k,A red bus driving in front of a double decker bus.,40324,73256
8154,coco-30k,A large cat laying next to a large orange pumpkin.,90596,30156
8155,coco-30k,a red train parked in front of a train station.,37563,10793
8156,coco-30k,A man standing outside of a green train.,56821,363134
8157,coco-30k,A tower towering above a small city under a blue sky.,17274,272610
8158,coco-30k,A train traveling down tracks next to trees.,13160,471737
8159,coco-30k,an empty city street with trees and mountains in the background,91342,69860
8160,coco-30k,a fake sheep on green grass and flowers in the background,59378,148034
8161,coco-30k,A yellow street sign sitting on the side of a road.,83384,252133
8162,coco-30k,A bus is parked in front of a building.,94499,3793
8163,coco-30k,A yellow and red train traveling down train tracks.,53972,165697
8164,coco-30k,A small toy that looks like a witch next to a keyboard.,99774,457735
8165,coco-30k,A herd of giraffe standing next to each other near a forested hillside.,52209,22257
8166,coco-30k,A group of people standing next to each other.,25160,385238
8167,coco-30k,A white and red bus is traveling down a road.,96602,228467
8168,coco-30k,A purple and green fire hydrant next to a black and green fire hydrant.,52612,79924
8169,coco-30k,A red double decker bus parked next to a tall building.,81683,12014
8170,coco-30k,"This is a view inside the cabin of the high speed train, showing relection of the light.",74287,456730
8171,coco-30k,A street sign next to a road in a grave yard.,92435,345063
8172,coco-30k,A train traveling down train tracks next to a building.,32264,14526
8173,coco-30k,A large group of people on a beach that is next to a mountain range.,21482,400851
8174,coco-30k,A group of ducks floating on top of a lake.,25597,558585
8175,coco-30k,A large passenger jet sitting on top of an airport.,93669,516174
8176,coco-30k,A herd of sheep grazing on a lush green hillside.,35144,376371
8177,coco-30k,a street sign with a sky in the background ,42571,266712
8178,coco-30k,A street sign that indicates that you shouldn't turn left.,3416,384970
8179,coco-30k,Multiple cars driving on a road that has snow.,48311,476773
8180,coco-30k,Several calves graze and wander around a snowy field.,68158,567535
8181,coco-30k,Woodpeckers on the side of trees during the day.,14232,253607
8182,coco-30k,A white fire hydrant next to a red newspaper dispenser.,98568,78023
8183,coco-30k,A sea plane about to land on a lake near a boat,63188,112800
8184,coco-30k,A giraffe is standing in front of a wall,35585,546133
8185,coco-30k,Several people stand on a sidewalk by a train next to a cart stacked with materials.,17649,235808
8186,coco-30k,View from a train car of passing tracks and trees.,88829,547738
8187,coco-30k,A woman is leaning against a stop sign next to a road way.,54161,130432
8188,coco-30k,"An orange street sign that reads ""obstruction"" and has a directional arrow.",56164,337443
8189,coco-30k,A ducks is flying over a body of water.,9065,163020
8190,coco-30k,A red and white bus parked under an over pass.,79752,121152
8191,coco-30k,A street corner flanked by a display board.,20123,111030
8192,coco-30k,a sheep with two of her baby lambs in the pasture,80524,251094
8193,coco-30k,two sheep next to a wooden structure behind a fence,49736,517795
8194,coco-30k,A yellow and black train on a track.,20738,123176
8195,coco-30k,People walking down a residential street where cars are parked.,62832,431152
8196,coco-30k,A row of benches on a boat casting a shadow.,5818,292123
8197,coco-30k,A parking sign with an angry birds face.,8648,384827
8198,coco-30k,A sheep standing in a dry grass field.,20171,154947
8199,coco-30k,A couple of men standing near a sailboat.,55538,98048
8200,coco-30k,A bird perched on top of a wooden power pole.,62606,136584
8201,coco-30k,A traffic light over a street surrounded by tall buildings.,79477,359
8202,coco-30k,An orange pedestrian crossing sign next to a tall building.,39968,495612
8203,coco-30k,A silver and green train pulling into a train station.,23448,217400
8204,coco-30k,A bird is standing on top of a picnic table next to some trees.,65145,503660
8205,coco-30k,A tall sign next to a parking lot.,13565,450098
8206,coco-30k,A metal pole covered in different street signs.,46604,477118
8207,coco-30k,An orange fire hydrant sitting next to a stone wall.,43583,440729
8208,coco-30k,A dummy in a display case wearing a suit and tie.,74960,119965
8209,coco-30k,A man riding a bike next to a red stop sign.,64585,391392
8210,coco-30k,A blue airplane with a propeller is sitting on a runway.,89732,148531
8211,coco-30k,A young boy standing on a field next to a giraffe.,59530,449909
8212,coco-30k,A tall giraffe standing next to a tree stump.,25245,156308
8213,coco-30k,A street sign surrounded by a crowd of people.,84090,263668
8214,coco-30k,A giraffe standing outside of a building next to a tree.,19508,27440
8215,coco-30k,A flock of birds sitting on top of a large rock.,1275,294875
8216,coco-30k,A pay phone sitting on the side of a street.,85180,170545
8217,coco-30k,Two blue and white street signs and cars on a street.,78250,308459
8218,coco-30k,A woman with an umbrella is standing by leaves.,50330,356800
8219,coco-30k,Two giraffes in a field between multiple trees.,8393,173897
8220,coco-30k,Black and white photograph of a man sitting at a bench.,48978,209222
8221,coco-30k,A person wears a large cat costume to entertain children.,80420,312081
8222,coco-30k,A double decker bus driving down a street next to tall buildings.,58340,274083
8223,coco-30k,A group of people standing outside of a blue train.,48737,130663
8224,coco-30k,A man sitting on a bench listening to headphones.,326,299986
8225,coco-30k,A bird perched up in a tree covered in green leaves.,63792,125535
8226,coco-30k,A small bird picking at pebbles on a beach.,96086,438707
8227,coco-30k,A street containing various cars and lampposts at night.,2399,372316
8228,coco-30k,"A red, yellow and silver train traveling down train tracks.",76314,572555
8229,coco-30k,Man in hat standing in front of a blue train engine.,61551,527476
8230,coco-30k,Two tall giraffe standing next to each other on a  field.,80431,65490
8231,coco-30k,A white and green bus driving down a street.,51315,316526
8232,coco-30k,A row of palm trees and a traffic night in a rainstorm.,59921,275027
8233,coco-30k,A long blue and white train traveling down a street.,4896,290451
8234,coco-30k,a ram on the side of a mountain on a rock,90641,213758
8235,coco-30k,A herd of giraffe standing next to each other on a  field.,67283,73830
8236,coco-30k,"A brown park bench next to signs reading ""wildwood"" and ""danger.""",35324,473340
8237,coco-30k,A silver and green fire hydrant next to rows of flowers.,1119,401907
8238,coco-30k,A group of women standing at the side of a building,98490,99179
8239,coco-30k,A grey castle with various towers and windows.,61013,434159
8240,coco-30k,a truck and two double deckered busses near a building,16007,149123
8241,coco-30k,A family standing around a small white sheep.,49354,406997
8242,coco-30k,A woman standing next to a traffic signal on a street corner.,96694,447089
8243,coco-30k,A small brown bird standing on a patch of grass.,78465,58210
8244,coco-30k,A train engine traveling down train tracks through a countryside.,95712,194407
8245,coco-30k,A red double decker bus on the street next to a car.,56432,426917
8246,coco-30k,A group of sheep in a grassy area with trees in the back ground.,18409,461405
8247,coco-30k,A yellow and green train pulling out of a tunnel next to a red car.,7689,372794
8248,coco-30k,A little girl in a pink shirt standing near a blue metal sculpture.,70087,455859
8249,coco-30k,A man sitting on green bench on top of a stone walkway.,15163,340308
8250,coco-30k,A green street sign over a street next to a traffic light.,99976,362521
8251,coco-30k,A red street sign next to a no parking sign.,41205,325368
8252,coco-30k,Two giraffe standing next to each other in a field.,51457,508580
8253,coco-30k,A large traffic light suspended over a road.,843,152525
8254,coco-30k,A street sign on a street corner outside of a building.,41787,200152
8255,coco-30k,A fire hydrant that is partially buried in snow.,56988,147289
8256,coco-30k,A yellow and silver fire hydrant on the side of a road.,55738,296136
8257,coco-30k,Three giraffes in a field with trees in the background.,65736,447549
8258,coco-30k,A large jetliner flying over a small farm near a forest.,95105,61207
8259,coco-30k,People standing outside of a blue and white bus.,83662,517296
8260,coco-30k,A train pulling into a train station next to a platform.,26308,433182
8261,coco-30k,A herd of animals in the middle of a grassy field.,16597,373255
8262,coco-30k,a herd of sheep walking across green grass.,10415,342322
8263,coco-30k,A group of young ladies riding on the back of a horse.,12710,212116
8264,coco-30k,a giraffe is standing on some grass and some trees,21993,401820
8265,coco-30k,A bus parked on top of a red bus.,75582,362092
8266,coco-30k,Two tall giraffe standing next to each other.,52197,480842
8267,coco-30k,People are standing in a shopping district with stores.,64780,179151
8268,coco-30k,A man sitting on a bench next to a slug.,73504,38726
8269,coco-30k,A car driving down a street past a tall building.,32891,269038
8270,coco-30k,A fire hydrant covered in snow on a sidewalk.,65667,87481
8271,coco-30k,A bus that is colored in the colors of the Canadian flag.,45487,234182
8272,coco-30k,A woman sitting on a bench reading a paper.,1539,450263
8273,coco-30k,A street going through a city with tall buildings.,97288,61520
8274,coco-30k,a close up of a bird with a blurry background,97069,538423
8275,coco-30k,a close up of a giraffe behind a fence,88033,398519
8276,coco-30k,A cat sleeping on top of a wooden bench.,54334,126324
8277,coco-30k,Two trains traveling down tracks in a station.,19188,420589
8278,coco-30k,A woman sitting on a bench holding a book.,13708,475844
8279,coco-30k,A tall street sign hanging from the sides of a tall metal pole.,36840,539768
8280,coco-30k,A group of three giraffe standing next to each other behind a rock.,52692,286849
8281,coco-30k,The Queen Mary ship sitting in a harbor in Long Beach.,23586,223545
8282,coco-30k,A person holding a red umbrella sitting on a pier.,83880,425472
8283,coco-30k,A silver and red fire hydrant sitting next to a street.,91910,262677
8284,coco-30k,A long green and yellow train traveling down tracks.,80369,127044
8285,coco-30k,A street sign sitting on the side of a road next to a tall brick building.,53607,308828
8286,coco-30k,A traffic light under a cloudy blue sky.,81570,97659
8287,coco-30k,A man riding on the back of a brown horse through a forest.,30608,460129
8288,coco-30k,A city street lined with vintage cars and pedestrians.,67250,416220
8289,coco-30k,A coo coo clock with colorful art painted on top of a clock.,68298,171067
8290,coco-30k,A white city bus traveling down a street with traffic.,93799,93964
8291,coco-30k,A red stop sign sitting on a street topped with two green street signs.,42422,17613
8292,coco-30k,A set of orange road blocks sitting next to a traffic light.,6362,6701
8293,coco-30k,A large clock tower in the middle of a street.,36200,98392
8294,coco-30k,Two giraffe standing next to each other in a forest.,50160,145009
8295,coco-30k,Two giraffes eat from a pot attached to a fence.,75365,499110
8296,coco-30k,Two orange and silver trains passing on a street.,68104,504958
8297,coco-30k,"Various street signs including one that reads ""Newlon Hale Village.""",67976,369812
8298,coco-30k,Several street signs are mounted in an urban neighborhood.,90368,408894
8299,coco-30k,A stop sign with two street signs above it.,99892,117368
8300,coco-30k,"A blue and white street sign that reads ""Othello.""",75352,118405
8301,coco-30k,A group of people walking on a street and sidewalk.,86896,27484
8302,coco-30k,A giraffe walking in a grassy area next to trees.,41436,110759
8303,coco-30k,Multiple street signs on the corner of Park Ave and E 34th St,18584,362696
8304,coco-30k,A street with busses and cars next to a bus stop.,61466,355777
8305,coco-30k,A group of sheep grazing in a grassy valley.,82699,535578
8306,coco-30k,A giraffe with its head cocked walking about a sandy area.,71641,551665
8307,coco-30k,A wire fence with a stop sign and trailer in the background.,61073,502279
8308,coco-30k,"When it's this cold, it's better to stay out of the wind.",33988,239861
8309,coco-30k,A giraffe walks leisurely through the tall grass.,92274,16995
8310,coco-30k,A traffic light on a table with a checkered cloth.,41018,260232
8311,coco-30k,assorted cars and buses sitting in a parking lot,91786,291394
8312,coco-30k,A bus which is part of the Metropolitan Transit System.,53357,27768
8313,coco-30k,A giraffe extending its mouth toward a tree branch.,5825,404889
8314,coco-30k,A giraffe is walking on a roadway with cars on it.,56161,161873
8315,coco-30k,A bus stop sign on a city street.,47196,157726
8316,coco-30k,An orange traffic cone sitting in the middle of traffic.,93293,214255
8317,coco-30k,A blue bird sitting on top of a tree in a forest.,22876,354061
8318,coco-30k,A black and yellow train traveling down train tracks.,96307,347747
8319,coco-30k,A car parked before a red traffic light.,91989,160276
8320,coco-30k,A blue electric train traveling down train tracks.,43531,517596
8321,coco-30k,Red and white plane sitting in a green field.,42444,253557
8322,coco-30k,Closeup of a computer dashboard with flashing lights and numbers.,18768,83452
8323,coco-30k,A tall green street sign sitting on the side of a road.,92059,84123
8324,coco-30k,A city bus driving past a group of men riding skateboards.,48949,412301
8325,coco-30k,A tall giraffe stands alone close to woods.,15750,473673
8326,coco-30k,A lane closed traffic sign sitting next to a no right turn sign.,18035,334642
8327,coco-30k,A man in a fedora sitting on a park bench.,53492,285293
8328,coco-30k,A traffic light with a pedestrian crossing signal.,57723,95063
8329,coco-30k,A group o sheep with blue markings in a grassy field.,16963,474388
8330,coco-30k,A hummingbird sitting on a plant preparing to flap its wings.,74794,478769
8331,coco-30k,A curse word written on a traffic sign.,91816,161128
8332,coco-30k,A young boy holding a baseball bat and a  stick.,67773,54007
8333,coco-30k,A shorn sheep behind a chicken wire fence,44427,20608
8334,coco-30k,A yellow commuter bus leaving a bus stop at sunset,57751,499775
8335,coco-30k,A dirt road with people walking a a motorcycle driving.,29319,85187
8336,coco-30k,A park bench next to a serene lake.,29384,397109
8337,coco-30k,A brown of wooden park benches sitting next to a lake.,2344,509460
8338,coco-30k,Two sheep standing next to each other in the snow.,33669,3926
8339,coco-30k,A view from the inside of a train from a side window.,20290,458790
8340,coco-30k,"A road and traffic sign that reads ""motorcycles use caution.""",63875,390569
8341,coco-30k,A green and yellow train traveling past a platform.,8889,70254
8342,coco-30k,A bird sitting on top of a tree branch in a lake.,95619,516947
8343,coco-30k,Two white birds sitting on sand with water in the background.,23979,72621
8344,coco-30k,A white street sign sitting on the corner on top of a pole.,18127,253520
8345,coco-30k,A factory with a large smoke stack next to a train.,88146,179397
8346,coco-30k,A man walking past a train at a train station.,62780,484166
8347,coco-30k,A group of parked bikes sitting on the side of a road.,85715,572767
8348,coco-30k,Two cups sitting on top of a gray counter.,65013,305343
8349,coco-30k,Two people standing in front of a train on the tracks.,76091,220214
8350,coco-30k,A giraffe standing in a lush green field.,43793,285957
8351,coco-30k,A white bus passing street next to a fence.,11291,199127
8352,coco-30k,A herd of sheep walking across a lush green field.,81177,259253
8353,coco-30k,A giraffe standing in a park next to a rock.,95237,274331
8354,coco-30k,A fighter jet flying through a cloudy sky.,88370,156126
8355,coco-30k,A yellow fire hydrant sitting next to two trash cans.,6075,264201
8356,coco-30k,A city street filled with traffic next to tall buildings.,93276,230915
8357,coco-30k,a red and black miniature train engine is pulling a red train car,75695,406885
8358,coco-30k,A variety of cars on a street with buildings.,91195,39484
8359,coco-30k,A small bird standing on top of a sandy beach.,51084,208473
8360,coco-30k,A group of giraffe standing next to each other in a field.,25724,366115
8361,coco-30k,A pedestrian crossing light in front of an irish store.,17603,455170
8362,coco-30k,Two giraffe standing and sitting next to each other.,62705,254965
8363,coco-30k,A city area with various signage and busses.,61795,101031
8364,coco-30k,A traffic light sitting in the middle of a flooded street.,27199,494404
8365,coco-30k,A group of giraffe standing next to each other on a field.,83925,564109
8366,coco-30k,A green arrow sign pointing up next to a stop sign.,47108,383607
8367,coco-30k,A giraffe standing next to another animal in a field.,87499,196650
8368,coco-30k,A gray fire hydrant sitting in the middle of a field.,74420,332113
8369,coco-30k,An older man standing over a herd of sheep.,58246,298186
8370,coco-30k,a train on a train track at a train station,36869,198550
8371,coco-30k,Group of signs on top of each other on a pole. ,57235,403104
8372,coco-30k,a public transit bus driving on a city street,26449,399864
8373,coco-30k,A yellow sign sitting on the side of a road.,86629,397278
8374,coco-30k,A train traveling through a rural country side covered in grass.,21076,316054
8375,coco-30k,A man sitting on a bench next to the ocean.,19015,525880
8376,coco-30k,Two giraffe walking next to each other in a forest.,7776,62353
8377,coco-30k,A city worker repairing a traffic light over a street.,33648,212288
8378,coco-30k,A herd of sheep walking across a lush green field.,74043,353108
8379,coco-30k,A red traffic light with a sad face drawn over it.,61078,69138
8380,coco-30k,Wooden and black bench on the side of the road. ,95495,491131
8381,coco-30k,Four mountain goats standing on a hill in front of the country side.,35751,157170
8382,coco-30k,People standing in front of a large sign in front of a building. ,80234,190907
8383,coco-30k,A green and light blue bus traveling down a highway.,18962,395113
8384,coco-30k,A woman sitting on top of a bench looking beautiful.,3131,75187
8385,coco-30k,a close up of a street sign with buildings in the background,98682,246973
8386,coco-30k,A bus parked at a bus stop on a city block.,81903,237254
8387,coco-30k,A man sitting on a bench next to pigeons holding a news paper.,8104,249325
8388,coco-30k,A forest filled with lush green leafy trees.,95405,42387
8389,coco-30k,Two giraffe standing next to each other on a field.,50672,165336
8390,coco-30k,A tall giraffe eating leafy greens in a jungle.,84529,544481
8391,coco-30k,Two sheep standing next to each other on a  field.,74743,413260
8392,coco-30k,"A blue, white and red fire hydrant sitting on a sidewalk.",26078,97868
8393,coco-30k,A plate topped with a cake and a hat.,83237,75886
8394,coco-30k,A tall yellow double decker bus parked next to another bus.,71003,318056
8395,coco-30k,A man sitting on a bench next to the ocean.,48148,284152
8396,coco-30k,A red stop sign topped with street signs.,66613,145628
8397,coco-30k,A yellow bus is parked near people on the side of the road.,77710,170629
8398,coco-30k,a train on train tracks at a train station,3711,156696
8399,coco-30k,A stop sign is in a rural setting by grass.,7259,436172
8400,coco-30k,A wooden bench sitting next to a bunch of flowers.,13254,221666
8401,coco-30k,A light pole sitting next to the side of a road.,72843,549568
8402,coco-30k,Unique blue sign hanging from a light post. ,52312,249158
8403,coco-30k,A giraffe standing next to a brick building.,46790,109873
8404,coco-30k,A street filled with buses and a white van.,19932,429109
8405,coco-30k,A flock of birds flying over a beach next to the ocean.,43277,395497
8406,coco-30k,A train traveling down the train tracks next to a train station.,20888,185903
8407,coco-30k,Two giraffe standing next to each other near  brick building.,16983,472557
8408,coco-30k,Two birds are standing in the water together.,48161,153092
8409,coco-30k,A traffic light next to a very tall building near a street.,36268,26017
8410,coco-30k,Two birds sitting a cage perched on top of a branch.,85148,128891
8411,coco-30k,A green street sign sitting on top of a pole.,30886,550939
8412,coco-30k,A giraffe drinking milk from a bottle behind a cage.,84877,302452
8413,coco-30k,A room filled with wooden furniture and white walls.,31201,181488
8414,coco-30k,A red stop sign behind a chain link fence.,72243,11122
8415,coco-30k,A bent traffic light next to the side of a street.,26548,319607
8416,coco-30k,A person in a hat is riding a horse.,34078,170000
8417,coco-30k,A crowd of people standing under a give way sign.,67140,316648
8418,coco-30k,A train traveling down train tracks next to a lush green hillside.,49756,297267
8419,coco-30k,A white tanker truck driving down a street next to a bus.,624,38180
8420,coco-30k,A flock of birds floating on top of a lake.,5376,419309
8421,coco-30k,A giraffe walking across a tall dry grass field.,94452,195172
8422,coco-30k,A white and blue bus parked on the side of a road.,71750,510358
8423,coco-30k,A man cleaning up a mess on a street with a red fire hydrant.,92496,357930
8424,coco-30k,A train traveling on a lush green hillside.,78504,411215
8425,coco-30k,A tall building with a large neon side mounted on it's roof.,10445,399595
8426,coco-30k,a fence some buildings and some different signs,60534,404534
8427,coco-30k,A long train traveling down a city street with tall buildings.,83774,306893
8428,coco-30k,A tall massive clock tower towering over a city.,79643,358342
8429,coco-30k,A blue and yellow bus traveling down a street.,75920,499615
8430,coco-30k,A yellow fire hydrant sitting in front of a building.,89912,418002
8431,coco-30k,Three giraffe standing next to each other on a field.,48345,79011
8432,coco-30k,A small dog wearing a pink and purple dress.,4259,396543
8433,coco-30k,A small dog standing next to a person in blue jeans.,44192,300082
8434,coco-30k,A group of people standing outside of a white store.,79637,156759
8435,coco-30k,A red and black train traveling down train tracks.,94954,284548
8436,coco-30k,A little girl sitting on the side of a fence.,27234,559837
8437,coco-30k,A table that has a cup of coffee and a book set on it.,61306,547630
8438,coco-30k,A couple of birds sitting on a grass covered field.,49401,406744
8439,coco-30k,A man standing next to a yellow fire hydrant.,94397,158563
8440,coco-30k,A parking lot filled with cars next to a large traffic light.,82878,35401
8441,coco-30k,A train filled with lots of sets next to windows.,14612,281028
8442,coco-30k,A blue sign sitting on the side of a road next to a tree.,25337,84968
8443,coco-30k,A street filled with red buses next to tall buildings.,92921,246270
8444,coco-30k,A couple of kids petting sheep inside of a corral,38163,484893
8445,coco-30k,A dog wearing a witches costume standing on a grass field.,51847,366615
8446,coco-30k,A herd of sheep standing next to each other on a lush green field.,62667,99026
8447,coco-30k,A herd of sheep standing in a muddy pen with a chicken.,61412,259858
8448,coco-30k,A young man standing next to a wall with a bird painted on it.,79315,534817
8449,coco-30k,A bench sitting next to a green patch of grass.,23598,158277
8450,coco-30k, bridge spanning over the width of a river next to a city.,99045,137993
8451,coco-30k,A herd of giraffe walking across a grass covered field.,92179,26323
8452,coco-30k,A group of three buses driving down a highway.,41860,203257
8453,coco-30k,A herd of sheep standing next to each other on a field.,99528,366950
8454,coco-30k,A street sign mounted to the side of a traffic light.,49775,579247
8455,coco-30k,A sidewalk next to a brown brick building.,29973,295055
8456,coco-30k,A yellow and blue bus parked at the end of a street.,93966,204036
8457,coco-30k,Two giraffe standing next to each other in a field next to a tree.,33542,183004
8458,coco-30k,A large group of police riding horses down a city street.,96275,432317
8459,coco-30k,A green street sign next to peoples houses.,8632,429386
8460,coco-30k,a couple of sheep walking across a grass covered field.,43017,59393
8461,coco-30k,A green street sign mounted to a traffic light.,10790,335669
8462,coco-30k,A herd of giraffe standing next to each other at a zoo.,69096,337143
8463,coco-30k,A herd of sheep walking around in the snow.,34913,211785
8464,coco-30k,A street sign sitting in the middle of a road.,62131,52871
8465,coco-30k,A green bus driving down a street next to a traffic light.,41437,568554
8466,coco-30k,A group of women and children walking across a street.,72644,93620
8467,coco-30k,A couple of red buses traveling over a bridge spanning a rivers width.,28257,529083
8468,coco-30k,Two birds flying in a gray sky next to a mountain.,29221,76261
8469,coco-30k,A person standing on top of a yellow fire hydrant.,53684,52627
8470,coco-30k,A bird with a fish in its hand on a beach.,37712,284535
8471,coco-30k,A group of sheep in a field with a fence in the background.,2483,513968
8472,coco-30k,"A red, white an blue train next to a train station loading area.",12219,554767
8473,coco-30k,a red fire hydrant in the middle of a green field.,64058,303197
8474,coco-30k,A large herd of sheep crossing over a dirt roadway.,86531,578776
8475,coco-30k,A street filled with advertising signs hanging from the sides buildings.,18065,373284
8476,coco-30k,A woman washing a lam with a hose.,73118,7149
8477,coco-30k,A couple of trains driving past each other near a platform.,42274,310052
8478,coco-30k,A red stop sign sitting under a green street sign.,47757,536366
8479,coco-30k,"A red, black and silver locomotive sitting on a railroad track.",51343,443038
8480,coco-30k,A giraffe standing next to a pile of stones.,96554,49115
8481,coco-30k,a group of cows standing on the side of a road.,92813,136941
8482,coco-30k,A busy street covered in various traffic signs and advertisements.,7321,59660
8483,coco-30k,A red train on tracks next to a building.,87244,17328
8484,coco-30k,A car and a van parked side by side.,87511,12230
8485,coco-30k,The bike appears to be chained to the railing.,61038,92081
8486,coco-30k,two giraffes standing on a dirt  platform in a stone enclosure.,69741,538243
8487,coco-30k,A street light and other road signs. ,44724,206290
8488,coco-30k,A street sign that reads Bush on the side of a pole.,11205,272857
8489,coco-30k,A blue bike parked next to a red fire hydrant.,48,125829
8490,coco-30k,A tall giraffe standing next to a fence under a tree.,28844,44642
8491,coco-30k,A yellow white and green train traveling down train tracks.,78993,155736
8492,coco-30k,An airport runway filled with airplanes under a blue sky.,75450,296996
8493,coco-30k,A green traffic light suspended above a street.,50392,430875
8494,coco-30k,A green truck parked in the middle of a garage.,94186,148395
8495,coco-30k,A white and orange cat sitting on top of a sidewalk.,58689,148458
8496,coco-30k,A group of people standing around a green train car.,78648,509028
8497,coco-30k,A yellow double decker bus driving down a street,26623,240775
8498,coco-30k,A red pedestrian crossing signal with a red hand.,59840,215524
8499,coco-30k,An orange train traveling past tall buildings and a crowd of people..,61891,43286
8500,coco-30k,A couple of sheep standing on a lush green field.,65673,483742
8501,coco-30k,A red fire hydrant in front of a window with large windows.,87127,117792
8502,coco-30k,a lime and green bus parked on a grass field parking lot.,84106,509008
8503,coco-30k,an orange trolley traveling down a brick street.,31309,77405
8504,coco-30k,an image of a tourbus stopping on a route,27469,264454
8505,coco-30k,A bus driving down a street in front of a motorcycle.,95411,321516
8506,coco-30k,A cat laying on to of a white and red chair.,29432,320078
8507,coco-30k,A yellow train traveling down tracks next to a green field.,4525,161161
8508,coco-30k,A train traveling through rural green country side.,34710,486991
8509,coco-30k,A train traveling very close to houses next to a street.,18275,219873
8510,coco-30k,A bus stopped in front of a tall red building.,21442,352481
8511,coco-30k,A wooden park bench with a remote control on top of it.,48381,33753
8512,coco-30k,A black and white train passing over a body of water.,76085,81264
8513,coco-30k,A bus traveling down a road next to a bus stop.,60916,542079
8514,coco-30k,A long horn bull next to two sheep near a stone wall.,66564,351620
8515,coco-30k,A train traveling down tracks near a loading platform.,66559,411958
8516,coco-30k,A gray fire hydrant sitting next to a brick wall.,99921,118715
8517,coco-30k,A woman walking down a flight of stairs.,63028,410339
8518,coco-30k,A red double decker bus driving down a street.,96080,172478
8519,coco-30k,A silver passenger train traveling down train tracks.,99908,280211
8520,coco-30k,a red train on a train track below power lines.,98612,364703
8521,coco-30k,An overhead view shows many busses parked in a lot.,15005,404931
8522,coco-30k,A bus parked next to another bus at a bus stop.,88396,212663
8523,coco-30k,A white bus parked in a parking lot next to a car.,434,36522
8524,coco-30k,A red and white fire hydrant sitting on a field of grass.,32679,483941
8525,coco-30k,A red fire hydrant sitting on a slab of cement in a patch of grass.,49468,317087
8526,coco-30k,A blue street sign next to a power pole.,51792,142323
8527,coco-30k,A street sign on top of two one way arrow signs.,98773,359184
8528,coco-30k,A green rail bridge spanning over the width of a river.,38871,284552
8529,coco-30k,a long wooden bench on a sidewalk next to a street.,35464,126822
8530,coco-30k,a zebra and a giraffe stand next to each other.,59784,433243
8531,coco-30k,A herd of deer walking across a rocky hillside.,4262,507918
8532,coco-30k,A giraffe sitting in the middle of a field.,4654,573778
8533,coco-30k,A wooden bench sitting next to a large body of water.,69883,335529
8534,coco-30k,Two buses parked in a parking lot next to cars.,52949,463730
8535,coco-30k,A yellow train traveling down tracks next to a lush green field.,32895,174329
8536,coco-30k,A traffic light outside of a building next to a street.,71425,372433
8537,coco-30k,A white bus traveling down a road next to a car.,11953,159627
8538,coco-30k,A herd of sheep grazing on a lush green filed.,12438,119469
8539,coco-30k,A street sign in the city giving directions to several intercity areas. ,44259,315846
8540,coco-30k,an image of a train that is going down the tracks,96703,14450
8541,coco-30k,many people walking into an opened air plane,83261,69196
8542,coco-30k,a transit bus on a street under a bridge,15011,365177
8543,coco-30k,a double deckered bus on a city street,30779,229096
8544,coco-30k,A women who is holding the door handle to a truck.,12852,291048
8545,coco-30k,a person wearing a gorilla costume and a suit and tie,3531,240185
8546,coco-30k,A street light in front of a store front window.,39150,542073
8547,coco-30k,A red fire hydrant sitting on the side of a road on a side walk.,49053,558107
8548,coco-30k,A group of buses parked in front of a tall building.,55013,156503
8549,coco-30k,A green bus parked in a parking lot next to others buses.,67852,92131
8550,coco-30k,A red double decker bus traveling down a street.,10919,151844
8551,coco-30k,Zoo visitors look on at an adult and baby giraffe.,46821,317592
8552,coco-30k,a double deckered bus on a city street near a building,37265,412349
8553,coco-30k,A street sign in front of a tall building with lots of windows.,11216,427094
8554,coco-30k,A group of sheep standing in a field.,84286,44860
8555,coco-30k,A young boy holding his hand out to a giraffe sticking it's tongue out.,43421,330065
8556,coco-30k,Blue and orange large birds on tree with metal pot.,74943,129942
8557,coco-30k,Red metropolitan bus at intersection in city environment.,75935,228306
8558,coco-30k,A traffic light sitting next to the side of a building.,4219,49994
8559,coco-30k,A white bus driving down a street next to trees.,40334,299074
8560,coco-30k,A yellow bus with tinted windows driving uphill down a street.,8898,179265
8561,coco-30k,A traffic light surrounded by trees near a tall building.,61516,472101
8562,coco-30k,Two blue park benches on a beach facing the ocean.,221,386661
8563,coco-30k,A bus stops next to a street sign.,19644,212322
8564,coco-30k,Sepia photograph of two women petting a horse.,43665,141634
8565,coco-30k,A black and brown park bench in a grassy area.,58000,450151
8566,coco-30k,a mirror reflecting the platform at a train station,70155,402909
8567,coco-30k,A clock between two bronze flamingo statues on a black box.,47283,459500
8568,coco-30k,A red fire hydrant on a concrete block.,31032,29648
8569,coco-30k,A red double decker bus on a street.,54799,550691
8570,coco-30k,A passenger bus that is parked in a parking lot.,85117,405205
8571,coco-30k,A runway with multiple planes and clouds in the background.,14761,311619
8572,coco-30k,A train with a flag flying near the tracks,93104,116722
8573,coco-30k,"An orange and green train reads ""BNSF"" on the side.",70606,493566
8574,coco-30k,A Street sign standing next to a palm tree.,18200,109942
8575,coco-30k,Birds are eating from a bird feeder with a pine cone on it.,4142,114090
8576,coco-30k,A street sign on the side of a street in front of a building .,48595,316332
8577,coco-30k,A person is on a bench near a grassy field.,5363,249524
8578,coco-30k,"A giraffe stands in front of a verdant, lush group of trees. ",90513,48308
8579,coco-30k,The blue bus is riding across the street.,82907,109340
8580,coco-30k,A tree in bloom with pink flowers near a rural area.,32652,108129
8581,coco-30k,The airplane is taking off the runway at the airport. ,91540,461123
8582,coco-30k,A traffic light at a intersection with vehicles.,72016,487530
8583,coco-30k,The bench with shade in the courtyard is empty.,85131,467468
8584,coco-30k,People seated on wooden chairs and a bicycle parked nearby.,25322,351530
8585,coco-30k,A red and yellow trimmed plane sitting on tarmac.,73191,421169
8586,coco-30k,Cars stopped at an intersection on a dark night,12589,420963
8587,coco-30k,A grey and blue fire hydrant on a sidewalk.,15696,521849
8588,coco-30k,An adult sheep leaning towards a newborn sheep in a hay filled area.,72098,421976
8589,coco-30k,The traffic in this city is busy this time of day. ,16408,12666
8590,coco-30k,The city bus in en route to Graham Street. ,7043,542803
8591,coco-30k,A single park bench is by small trees.,62601,545293
8592,coco-30k,An antique train engine stands proudly in the glow of late afternoon light.,79093,1171
8593,coco-30k,A boy wearing a cap and green t-shirt holds a baseball mitt.,53404,63104
8594,coco-30k,"A fire box with ""ME"" painted on the side.",95140,382089
8595,coco-30k,Street signs for W 53 ST - JERRY ORBACH WAY.,2707,486632
8596,coco-30k,an image of a bus that is going down the tracks,22532,440617
8597,coco-30k,Two sheep in a muddy area with a  wall in the background.,94998,427643
8598,coco-30k,A red light house on pier next to water.,94842,247223
8599,coco-30k,Two triangular street signs on grass next to brick pathway.,57087,262987
8600,coco-30k,A white and blue train heading towards a sign in the foreground.,15539,403481
8601,coco-30k,A grey and white bird in a swampy marsh.,45073,209063
8602,coco-30k,A street sign with flags on it and a building in the background.,15762,335800
8603,coco-30k,Closeup of a logo on a blue and red bus.,2249,253002
8604,coco-30k,The large green train is approaching a platform.,24275,86334
8605,coco-30k,Two people stand by a giraffe enclosure and look at a giraffe.,76479,203697
8606,coco-30k,A green school bus drives down the road with bikes on top.,99546,343059
8607,coco-30k,A white and black bird sitting in grassy area next to water.,2358,269662
8608,coco-30k,a street sign on a city street near some tall bushes,84519,431026
8609,coco-30k,Pedestrian with rolling suitcase heading towards busses in urban setting.,87768,32549
8610,coco-30k,"A building front at the corner of N. Astor and E. Division St.
",43598,507686
8611,coco-30k,Park full of trees with a table and umbrella in the middle.,31717,132689
8612,coco-30k,A bus arrives to the bus stop at two twenty p.m. ,41577,38540
8613,coco-30k,birds on pillars in a body of water,10625,176527
8614,coco-30k,"Many birds fly around, above an empty beach",62301,147498
8615,coco-30k,The entrance for a subway on a city street.,32877,33208
8616,coco-30k,A blue and yellow double decker bus on a street.,64281,482305
8617,coco-30k,A dog standing next to a fire hydrant on a sidewalk.,879,47367
8618,coco-30k,two billboards with a sky background and people walking near by,96304,537889
8619,coco-30k,a red bus standing by the side of the road,10860,283820
8620,coco-30k,A train moving on a remote area with a river flowing next to the railway.,21741,460049
8621,coco-30k,many  birds flying in the air and walking on a beach,67513,432763
8622,coco-30k,A man admiring a dog on a bench made of books.,55377,380828
8623,coco-30k,a large green toy truck on a sidewalk in front of benches.,20566,106641
8624,coco-30k,Man and woman sitting on a wooden park bench together. ,6298,69000
8625,coco-30k,Black and white photograph of officers on horses.,31027,19324
8626,coco-30k,Two small birds on a plate which is sitting on the floor.,50294,200546
8627,coco-30k,"A red, white and blue train next to satellites.",91542,112820
8628,coco-30k,A group of sheep grazing on a roadside,77928,456146
8629,coco-30k,A woman is skateboarding down a hill with a hat on.,46408,189193
8630,coco-30k,a close up of a street sign with trees in the background,6884,402869
8631,coco-30k,a close up of a cat laying on the ground with something on its head,99914,56541
8632,coco-30k,Several hoofed animals much on hay in the stable.  ,75128,341128
8633,coco-30k,A street sign is filled with various stickers.  ,19765,60049
8634,coco-30k,A man walking his dog past a park bench.,59332,506544
8635,coco-30k,A giraffe standing on grass near a wood fence.,71853,548174
8636,coco-30k,Perhaps he's a magician who will pull a rabbit out of that hat.,55468,89839
8637,coco-30k,A street sign and traffic light on a pole.,4768,466449
8638,coco-30k,A green and yellow train riding down the train tracks. ,45667,30267
8639,coco-30k,An orange cat laying in front of  a green wooden bench.,35554,448024
8640,coco-30k,"A large filled with lots of purple flowers behind a blue sign
",40877,395865
8641,coco-30k,A tall giraffe standing in front of two giant stones.,47865,277592
8642,coco-30k,A tall green and yellow double decker bus traveling down a street.,20932,196811
8643,coco-30k,A parrot sitting on a branch looking down.,37320,466965
8644,coco-30k,A red and silver fire hydrant sitting on top of a sidewalk.,72809,189226
8645,coco-30k,A park covered in leaves filled with lots of trees.,67134,72011
8646,coco-30k,a bird ready to take off an edge made of cement ,58751,39798
8647,coco-30k,A large bus driving down a city street.,96655,274272
8648,coco-30k,A long yellow bus advertising a musical play,56928,48196
8649,coco-30k,a little locomotive in a museum all shined up,76098,160872
8650,coco-30k,A gentleman and child in a vintage picture with a horse. ,56188,136285
8651,coco-30k,A train pulling passenger cars on a train track.,52905,72507
8652,coco-30k,a red fire hydrogen next to a road in front of a bus,72993,125524
8653,coco-30k,A big blue two level bus at a bus stop with people.,80280,44494
8654,coco-30k, A sidewalk with street sings next to a road.,84274,525050
8655,coco-30k,A woman hitchhiking while another woman sits on a suitcase,84507,49450
8656,coco-30k,a couple of cars parked next to a fire hydran.,7203,455515
8657,coco-30k,"Two giraffes standing up next to one another, in between two tree and in the grass.",29917,575209
8658,coco-30k,Black bird with red eyes as seen sitting on branch.,70176,580084
8659,coco-30k,Traffic on a road in winter with some snow on the ground.,44098,484215
8660,coco-30k,A train pulls up as a man stands waiting alongside snack machines.,15281,520918
8661,coco-30k,Two people are sitting at a picnic table by a lake.,69373,173997
8662,coco-30k,"The birds are sitting next to each other on a tree branch,",52912,149622
8663,coco-30k,A double decker bus sitting in front of a bus stop.,10007,22236
8664,coco-30k,A green street sign mounted to a metal pole,60379,405104
8665,coco-30k,A lamb standing next to a very tall building.,63151,503490
8666,coco-30k,A traffic light in front of a road through a tunnel.,81163,100016
8667,coco-30k,A group of small birds walking on top of a beach.,6544,504891
8668,coco-30k,A red stop sign next to a blue street sign.,10496,95899
8669,coco-30k,A gray and silver fire hydrant sitting next to a rock.,23520,244235
8670,coco-30k,A person standing in front of a bus on a street.,47435,556101
8671,coco-30k,A traffic light with a busy city street behind it.,19083,174721
8672,coco-30k,A person holding birds in an aquarium full of spectators.,78442,151130
8673,coco-30k,A stop sign and other signage at the corner of a street.,72947,543393
8674,coco-30k,Two giraffes in a room with people looking at them.,9820,136
8675,coco-30k,A park bench on rocks next to a grassy field.,8569,333106
8676,coco-30k,A hummingbird sits perched alone on a branch. ,14986,52322
8677,coco-30k,two giraffes playing in their sandbox exhibit ,61442,73981
8678,coco-30k,"2 people take a stroll, as a stop sign looms in the foreground.",31567,477974
8679,coco-30k,A white fire hydrant sitting on a  sidewalk.,26363,439623
8680,coco-30k,"A green, yellow and blue truck driving down a street.",38858,124756
8681,coco-30k,A man sitting on a wooden bench near a lake.,16502,19322
8682,coco-30k,A small bird sitting on a beach next to the ocean.,15236,123598
8683,coco-30k,A red stop sign under a green street sign.,96692,482233
8684,coco-30k,A truck parked on the side of a road next to another truck.,73162,81054
8685,coco-30k,A large bird perched on top of a tree branch.,19573,129362
8686,coco-30k,A street next to two road blocks and a blurry object.,79804,549560
8687,coco-30k,A yellow school bus driving past a red brick building.,70045,399905
8688,coco-30k,Man with hat and umbrella holding object in left hand against modern background.,49088,328409
8689,coco-30k,A school bus on the road with traffic lights next to a forest.,46702,150129
8690,coco-30k,A small black airplane sitting on top of a runway.,42122,510942
8691,coco-30k,A trash can is sitting next to a lowered curb.,17418,513690
8692,coco-30k,The road sign is visible for all to see. ,57597,260433
8693,coco-30k,A white street sign sitting on the side of a road.,73817,390368
8694,coco-30k,A group of people sitting around a  table having a meal.,27803,340179
8695,coco-30k,Three giraffe sitting and standing on a lush green forest.,53779,515962
8696,coco-30k,A green bus with a red top traveling down a street.,32941,321307
8697,coco-30k,A large jet flying over some small foothills.,80750,146986
8698,coco-30k,A fire hydrant sitting on the side of a street.,57148,17859
8699,coco-30k,A man with a snowboard next to a man with a mask.,1309,165029
8700,coco-30k,A man in a dress and two men in pants with a bus.,57708,279521
8701,coco-30k,A large gray stone bridge spanning a river.,40161,481563
8702,coco-30k,A large jetliner sitting on top of an airport runway.,11791,140826
8703,coco-30k,A frozen fire hydrant spewing ice out into a street.,75261,35814
8704,coco-30k,The would is dressed up wearing a hat and tie. ,86374,443160
8705,coco-30k,A train traveling down train tracks next to traffic signals.,81087,253940
8706,coco-30k,A lamb standing in the middle of a lush green field.,74427,472416
8707,coco-30k,A giraffe walking through a tree filled forest.,41502,526645
8708,coco-30k,A man sitting on a bench surrounded by pigeons.,61573,374052
8709,coco-30k,This airplane is start to fly in the air.,64717,547431
8710,coco-30k,Two sheep standing next to each other on a grass field.,78824,281448
8711,coco-30k,A street sign sitting on the side of a road.,21858,36557
8712,coco-30k,A child's train sitting on top of snow near a building.,11727,303704
8713,coco-30k,A giraffe examining the back of another giraffe.,20412,577862
8714,coco-30k,A red and yellow bus parked in front of a tall building.,71982,355817
8715,coco-30k,A building with a large circular window that has a designed iron bar cover on it and a pigeon flying from it.,31845,236049
8716,coco-30k,A group of planes flying in sequence in the sky.,17689,513098
8717,coco-30k,a giraffe is looking over a fence at a man in sunglasses,42407,204994
8718,coco-30k,A couple of sheep walking across a lush green field.,21559,563381
8719,coco-30k,A model of a group of cars traveling into a tunnel.,12923,130528
8720,coco-30k,A train traveling down train tracks near a forest.,16910,381646
8721,coco-30k,The infamous Big Ben clock tower towering over the city of London.,66113,242644
8722,coco-30k,There is a crowd of people waiting for the train. ,5378,168811
8723,coco-30k,A blue bus is parked on the parking lot next to another bus. ,49315,132189
8724,coco-30k,Man sitting on park bench waving and wearing water protective clothing. ,54273,340451
8725,coco-30k,A man holding a bottle and a group of people near an umbrella. ,55138,423395
8726,coco-30k,A sheep lying on a hill side next to a tree.,24482,273052
8727,coco-30k,A transit bus stopped at a street side that's filled with snow.,26630,99584
8728,coco-30k,"A goat alongside a house, trying to go through the bushes",9496,176606
8729,coco-30k,A woman holding a umbrella next to a man holding a baby and several other people waiting to cross a street. ,22136,318200
8730,coco-30k,An adult giraffe sits down while a baby giraffe investigates.,16085,122987
8731,coco-30k,A pair of horses grazing in a field behind a fence.,90903,134034
8732,coco-30k,The side of a bus parked on the side of a street.,97051,455085
8733,coco-30k,Several street signs posted together on a poll.,66780,305871
8734,coco-30k,A corner of a building contains a large red sign.,74001,529578
8735,coco-30k,Black and white photo of a clocktower and a bird.,17627,541593
8736,coco-30k,a white red and blue jet some lights water and a hill,93610,21496
8737,coco-30k,A red do not enter sign under a green street sign.,30064,447789
8738,coco-30k,An orange stripe cat sitting on top of a wooden bench.,61906,171058
8739,coco-30k,A construction sign sitting in the middle of a road.,2835,338067
8740,coco-30k,A crowded city filled with lots of people and traffic.,47227,259683
8741,coco-30k,A street sign with six different locations on it.,6423,448810
8742,coco-30k,Two buses hitched together sitting on the street.,89707,424155
8743,coco-30k,A giraffe standing at attention in a zoo pin.,35890,312316
8744,coco-30k,A goat with very long horns standing in front of a tree.,15096,48738
8745,coco-30k,A yellow school bus filled entirely with dogs.,78774,70493
8746,coco-30k,A woman standing in front of window next to a bug and a stop sign.,19878,66144
8747,coco-30k,A white bird sitting inside of a pond surrounded by greens.,23077,442968
8748,coco-30k,A green street sign on top of a metal pool.,97801,79913
8749,coco-30k,A flock of white birds flying over small boats.,71935,155885
8750,coco-30k,A highway with a Rue Paul St. sign beside it.,1236,156487
8751,coco-30k,Three giraffe's leaning over to get a sip of water.,38296,284296
8752,coco-30k,A yellow fire hydrant sitting in front of a white fence.,78033,489346
8753,coco-30k,Two ducklings sit next to each other in grass.,87628,9145
8754,coco-30k,A city street has cars and buses with a green traffic light near a street sign.,80811,518574
8755,coco-30k,A transporting cart parked in a street while passengers board.,68606,227399
8756,coco-30k,A red fire hydrant sitting in a parking lot next to a metal post.,47259,314430
8757,coco-30k,A blue train car sitting on top of train tracks.,77706,513260
8758,coco-30k,A train traveling down a track past another train.,84550,194634
8759,coco-30k,A white van parked in a parking lot next to a forest of trees.,84071,436162
8760,coco-30k,A next of bird feeders filled with lots of birds.,34061,243401
8761,coco-30k,A man and his little dog outside protesting Petland,4367,370701
8762,coco-30k,A herd of animals walking and laying on a lush green field.,31406,241064
8763,coco-30k,Vehicles on a street near a green traffic light.,36919,269942
8764,coco-30k,Two large birds sitting on top of large rocks.,40744,498228
8765,coco-30k,An old tour bus for Buddy Holly and the Crickets,90344,314836
8766,coco-30k,An older woman riding a train while sitting under it's window.,83908,308394
8767,coco-30k,A stone bench in front of a fallen tree.,92472,454348
8768,coco-30k,A train riding over a stone bridge near some steps.,47265,186428
8769,coco-30k,A giraffe lowering its head to graze on some grass.,52014,262900
8770,coco-30k,Many sheep are grazing for food in the grass.,15951,51984
8771,coco-30k,A black bird sitting on top of a wooden fence.,70534,372249
8772,coco-30k,A couple of people sitting on top of a wooden bench.,83912,211119
8773,coco-30k,A street sign that reads Sparta sitting next to a tall building.,64902,516708
8774,coco-30k,The cops in the city are riding horses threw the streets. ,11396,431876
8775,coco-30k,A large white red and purple bus driving down a street.,42843,547744
8776,coco-30k,The nose of a high-speed train that is sitting on the tracks. ,36748,186472
8777,coco-30k,A long white red and blue bus driving down a street next to trees.,26726,205247
8778,coco-30k,A stop sign on the corner of a street.,63360,266115
8779,coco-30k,Two big white city buses parked near the curb.,38905,158994
8780,coco-30k,Three birds eat from a hanging bird feeder.,43643,35887
8781,coco-30k,A man in a suit and top had holds a monacle as two people sitting next to him laugh.,47233,345993
8782,coco-30k,Two giraffes grazing on some green leaves in the field.,3381,448448
8783,coco-30k,A grey train passing by a stadium in the distance.,34100,215549
8784,coco-30k,A couch and table sits outside with fake sheep.,35062,324710
8785,coco-30k,A city street sign warning of a hill in different languages.,91074,176649
8786,coco-30k,Signs at a resort pointing in many directions,96281,401384
8787,coco-30k,A pelican on the shore near a body of water.,41987,64300
8788,coco-30k,A blue and orange bus on street next to buildings.,51914,387082
8789,coco-30k,"A double deck bus, with a convertible top.",6499,230177
8790,coco-30k,an image of a street sign on the street,24292,233164
8791,coco-30k,There is a map in the street of the city.,70131,532530
8792,coco-30k,"A steam engine strain is decorated to look like a character from ""Thomas the Train"" books. ",6276,403862
8793,coco-30k,"A green and white street sign reading ""flaming lips alley.""",96518,383950
8794,coco-30k,an image of a tourbus picking up passengers ,44281,38817
8795,coco-30k,A bus pulled up to the curb along a road.,38286,498120
8796,coco-30k,an image of a bird perched in a tree,22193,181601
8797,coco-30k,A man is approaching a seagull on the beach.,76463,60456
8798,coco-30k,A flamingo standing in front of water and plants.,276,156751
8799,coco-30k,A distant shot of a beautiful looking boat area outside of two buildings. ,20243,280293
8800,coco-30k,A train is traveling across a bridge over a lake. ,17133,310906
8801,coco-30k,People sit together on benches in a park. ,29831,531917
8802,coco-30k,A giraffe stands near a tree in the wilderness. ,89927,475150
8803,coco-30k,White wooden bench next to reddish orange bricked wall.,30865,156466
8804,coco-30k,A stop sign with a suggestive sticker below it.,43063,15157
8805,coco-30k,A road sign and traffic lights next to it,23813,540176
8806,coco-30k,A bright red fire hydrant near a stop sign.,19146,165298
8807,coco-30k,Orange and black uniformed worker standing outside of moving train.,50824,547224
8808,coco-30k,A double deck bus parked along the curb in front of a building.,66558,333135
8809,coco-30k,A train coming up to an intersection of rails,86232,6153
8810,coco-30k,A very blurry image of a person sitting on a bench.,13354,160726
8811,coco-30k,There are stop signs and one way signs at this intersection.,71005,59152
8812,coco-30k,A bird with a berry in its mouth sits on a rock,42520,43610
8813,coco-30k,Woman waiting at end of curb for train to open its doors.,33457,178516
8814,coco-30k,A train with lights on riding down a track in front of buildings.,37589,28115
8815,coco-30k,A giraffe and a gazelle that are grazing together in a zoo.,5951,214701
8816,coco-30k,Two buses are parked against a curb in front of a building.,38719,297323
8817,coco-30k,Small bird sitting on a skateboard posed in front of dark blue background cloth.,80255,1561
8818,coco-30k,A red fire hydrant between some yellow poles,49034,333826
8819,coco-30k,A giraffe is standing between two trees and some rocks. ,28039,187610
8820,coco-30k,A string of stoplights is going across the street.,30368,518438
8821,coco-30k,A blue bus sitting in the middle of a street.,99221,58174
8822,coco-30k,There is a yellow and green train seen riding on the tracks,48128,247543
8823,coco-30k,A group of men on a city side walk.,86380,443492
8824,coco-30k,A woman walking down a street next to a blurry man.,10650,328836
8825,coco-30k,A double decker bus driving down a street.,12864,252970
8826,coco-30k,A giraffe is peeking around the side of a wall at the camera.,61851,299720
8827,coco-30k,A hand holding a carrot feeding a giraffe under a tent,20393,518721
8828,coco-30k,A car is stopped for a red light at an intersection. ,81752,191474
8829,coco-30k,There is a red fire hydrant in the middle of a sidewalk,77695,326312
8830,coco-30k,A bench partially buried in sand on a beach near the ocean.,2937,28826
8831,coco-30k,"Dog statue wearing a hat, sunglasses and stars and strips bunting.",71163,153783
8832,coco-30k,A long bus driving on a city street past a building.,10662,308362
8833,coco-30k,An orange and grey trolley on street next to a building.,14485,434867
8834,coco-30k,There is a blue and yellow train stopped at a train stop,80145,563641
8835,coco-30k,There are two giraffes sitting together in the wild,24467,79188
8836,coco-30k,A very large train is traveling down the railroad tracks. ,48270,126131
8837,coco-30k,Two giraffe standing next to each other on top of a field.,76808,299573
8838,coco-30k,A gas station on the corner of a street next to a traffic light.,48712,306230
8839,coco-30k,A bird aggressively protects his patch of turf.,4049,41867
8840,coco-30k,There is a stop sign with a factory in the distance.,75353,368302
8841,coco-30k,People walking in the dirt where buses and vehicles are parked.,20739,43561
8842,coco-30k,A man riding a bike down a street next to a street sign.,77482,128920
8843,coco-30k,People standing on a sidewalk near a parked bus at night.,41673,258350
8844,coco-30k,A cat sitting on a wooden bench outside.,16712,412807
8845,coco-30k,A bird is standing upright in the water and leaves.,31058,338452
8846,coco-30k,A train is going down the track under a bridge.,84443,299448
8847,coco-30k,A couple sitting on a park bench looking at the city.,24912,313627
8848,coco-30k,A yellow and green fire hydrant in Canada.,30518,137634
8849,coco-30k,A large white airplane in a stationary position.,5376,333365
8850,coco-30k,A small bird on a wooden board on the water.,55805,290741
8851,coco-30k,Two giraffes are standing next to each other by trees.,94774,526341
8852,coco-30k,A man in black hoodie playing with a dog.,83197,71004
8853,coco-30k,A group of giraffes in a fenced in enclosure.,21455,108088
8854,coco-30k,A group of sheep in front of a building.,43056,521465
8855,coco-30k,A long large train on a steel track.,19019,112212
8856,coco-30k,A bird flying outside the window of a building.,13442,356241
8857,coco-30k,An airplane at the gate in an airport. ,63318,475710
8858,coco-30k,A group of giraffes walking in the sand.,95976,221281
8859,coco-30k,A flock of small birds flying in the sky over the water.,56364,281455
8860,coco-30k,"A group of pigeons, swans and ducks clustering around water. ",67798,303439
8861,coco-30k,A Cat looking at a bird that is on the other side of a window.,76075,543497
8862,coco-30k,a little bird taking a bath in a bird bath ,43995,161470
8863,coco-30k,A giraffe standing next to a log in a fenced in enclosure with people walking on the other side of the fence.,34444,361439
8864,coco-30k,Two giraffes are standing together outside near a wall.,92704,417876
8865,coco-30k,Two ducks floating together on a body of water. ,30439,74711
8866,coco-30k,A shot of several cars in front of a gas station.,2022,450223
8867,coco-30k,Two black birds sit on a log bench near the ocean.,58446,484026
8868,coco-30k,A train traveling down the train tracks along the country side. ,40927,18295
8869,coco-30k,A shot of a road in a city with a no peddling sign.,83290,521141
8870,coco-30k,Upward view of street sign and traffic light in front of office building.,55472,129699
8871,coco-30k,A airplane is taking off near a grassy area.,2205,342490
8872,coco-30k,A train with headlights traveling on a track past pedestrians.,27196,76625
8873,coco-30k,A yellow bird sitting on an oddly curved branch.,9319,233327
8874,coco-30k,A group of people walking down a city street near a bus.,77936,280710
8875,coco-30k,A black bird that is sitting on a branch.,9398,375087
8876,coco-30k,A black and yellow fire hydrant on a city sidewalk.,6897,18191
8877,coco-30k,A forest with many tall trees all around.,86695,325152
8878,coco-30k,A single giraffe that is walking in a field. ,90304,492544
8879,coco-30k,A fire hydrant that has the stars and stripes on it.,53811,580757
8880,coco-30k,A yellow and rd train parked in a train station.,20537,175994
8881,coco-30k,A close up of a fire hydrant with a skyscraper in the background.,49249,348793
8882,coco-30k,A man with a wrench turning off a fire hydrant.,26011,114313
8883,coco-30k,A large blue and white bus parked on the road.,97116,503197
8884,coco-30k,A school bus that has a great deal of graffiti on it.,81441,435324
8885,coco-30k,Street signs for 92nd and Bayview in front of utility wires against the sky.,33933,350334
8886,coco-30k,a couple is waving a flag while stanidg on a pole,44323,517890
8887,coco-30k,Two birds that are sitting next to each other.,2260,503951
8888,coco-30k,Three birds sitting next to each other on an electrical wire.,10536,580931
8889,coco-30k,A small bird perched on a piece of wood.,35718,523811
8890,coco-30k,a single giraffe standing in the middle of a field ,171,212895
8891,coco-30k,A passenger train is sitting at a station.,89079,369675
8892,coco-30k,A woman is holding an perched owl above her head.,98459,308764
8893,coco-30k,"A sign sitting next to a sidewalk with a garbage can, traffic cone, and several fire hydrants on it.",38117,419080
8894,coco-30k,a man assisting a woman shearing a sheep with several children watching,21536,33830
8895,coco-30k,A train traveling past a factory with tons of smoke pouring out of it's stacks.,39669,211054
8896,coco-30k,Some street signs near a road with a truck.,49054,88432
8897,coco-30k,A train passing through the greenery and a person standing in engine.,62549,575428
8898,coco-30k,An airplane crossing above a metal structure on a cloudy day.,77963,332502
8899,coco-30k,A fire hydrant sitting in front of a group of flowers.,32154,220621
8900,coco-30k,A stop sign that is right by a road.,57706,233963
8901,coco-30k,A stop sign that is by a road by the beach.,54134,345823
8902,coco-30k,A large white bus and many cars on a road.,88801,216618
8903,coco-30k,A train with passengers is standing on the track while some people are resting in the shade.,1739,527580
8904,coco-30k,a group of giraffes run across a field,27930,32724
8905,coco-30k,Fancy traffic light with arrows and a mirror.,56721,228122
8906,coco-30k,Black and white picture of of a Southern Pacific locomotive. ,92473,361221
8907,coco-30k,A little girl climbing up steps to touch a giraffe.,31876,536720
8908,coco-30k,A giraffe grazing from shrubs next to the road,39090,249909
8909,coco-30k,A city view of an E-train on a track,48857,133000
8910,coco-30k,A monorail train is traveling on a track.,96080,91359
8911,coco-30k,A traffic light with car passing underneath on the road.,23023,260275
8912,coco-30k,A car and a train on a city street.,6914,450458
8913,coco-30k,A traffic light and many cars on a road.,40611,181948
8914,coco-30k,A bench on top of stone tiles surrounded by trees.,86792,84389
8915,coco-30k,A telephone booth and a red bus on the side of the street.,98005,185941
8916,coco-30k,A distant airplane flying between two large buildings.,21984,141587
8917,coco-30k,A man walking towards a stop sign on the sidewalk.,48056,281512
8918,coco-30k,Crowds of people have lined a street to watch a parade.,54552,463151
8919,coco-30k,A group of people are unloading from a bus.,35863,22979
8920,coco-30k,A vintage red tour bus parked on the side of the street.,96316,372317
8921,coco-30k,A man hangs off a stationary train indoors.,81266,552752
8922,coco-30k,A bus that has been burned is sitting in pieces on the street.,32680,51119
8923,coco-30k,A giraffe standing in a lush green field with lots of plants.,39420,32682
8924,coco-30k,A young man sitting on a bus up against a window.,85106,53580
8925,coco-30k,A red stop sign sitting on the side of a road.,99201,410932
8926,coco-30k,A load of trash or work supplies in a dumpster outside.,57633,1590
8927,coco-30k,A group of young men standing outside of a subway train.,96377,543577
8928,coco-30k,A street sign sitting on the corner of a sidewalk.,96854,35940
8929,coco-30k,A group of people walking down a street next to a tall building.,21544,502336
8930,coco-30k,A silver rusted looking fire hydrant sitting in the middle of a walkway.,30662,186322
8931,coco-30k,The bird is perched alone on the bannister. ,1485,289855
8932,coco-30k,Three red two deck buses along a city street.,58088,517623
8933,coco-30k,a street sign on a pole against the sky,23951,274957
8934,coco-30k,several men on a street corner repairing a street sign,33074,157269
8935,coco-30k,"A policeman, cameraman, and reporter stand near a police checkpoint.",1500,108272
8936,coco-30k,Pickup truck on a ramp preparing to merge with heavy Interstate highway traffic.,23399,79955
8937,coco-30k,A woman feeding a giraffe under a tent. ,61498,186497
8938,coco-30k,A street light and some trees on a street.,79375,56821
8939,coco-30k,an image of a street scene with traffic lights,55150,248771
8940,coco-30k,Two giraffes in a zoo look at their surroundings,69867,493805
8941,coco-30k,Young woman with sheep on straw covered floor.,98457,458755
8942,coco-30k,A train travels through a rural area as it blows smoke,49142,575410
8943,coco-30k,"A street sign with the name of a street on it, and next to it is a post with various names up and down the post.",21021,68715
8944,coco-30k,Red wrong way sign in front of a church,1487,52726
8945,coco-30k,"Several benches in a park area, with flowers and an umbrella above a table",40916,52368
8946,coco-30k,"A blue, orange and white double decker bus on a road.",18156,433124
8947,coco-30k,Pair of giraffes walking on grassy area in enclosure.,43751,150726
8948,coco-30k,A person wearing a backpack stands in front of a bus driving by on a city street.,45636,296775
8949,coco-30k,A German language street directional sign that reads Bauminghausstrasse. ,3442,113185
8950,coco-30k,"A green, orange and white train in a train station.",87658,174198
8951,coco-30k,an image of a subway bus going thru the subway station,44517,482978
8952,coco-30k,a park with flowers on a sunny day.,83262,172319
8953,coco-30k,A close up of a giraffe's face standing in front of a tree and another giraffe.,18181,457060
8954,coco-30k,A red white and blue fire hydrant on the sidewalk.,39823,469803
8955,coco-30k,A white pickup truck waiting at a red light.,73282,236457
8956,coco-30k,The electronic light has many tiny green dots.,12511,458221
8957,coco-30k,Decorative pedestal water fountain located near the beach. ,62507,89395
8958,coco-30k,Many cars are parked along the sidewalk of a narrow street.,40411,565563
8959,coco-30k,A close up of a giraffes head and face,55903,449011
8960,coco-30k,A cute fuzzy sheep standing in a very big field.,42575,109888
8961,coco-30k,An older Dodge pickup sits parked next to another older pickup.,51971,148719
8962,coco-30k,One way signs at N 11 St and Brewers Row near a brick building.,53273,127626
8963,coco-30k,A swan is swimming near snow covered rocks.,98175,472833
8964,coco-30k,Many flowers are decorated outside of a building.,83632,25660
8965,coco-30k,A sign in the grass stating the next highway. ,32119,147300
8966,coco-30k,A passenger train stopped at a stop next to a grassy field.,73742,139623
8967,coco-30k,Men standing and one pointing to an object on a street.,80938,391199
8968,coco-30k,A large white dog is sitting on a bench beside an elderly man.,46672,334321
8969,coco-30k,A dog anchored to a fire hydrant by his leash.,92450,224200
8970,coco-30k,A train sits on the tracks under an overcast sky. ,86696,472569
8971,coco-30k,"A grey, white and black duck next to water.",70700,344773
8972,coco-30k,Various birds flying over a body of water next to trees.,26806,312509
8973,coco-30k,A train passing through a city street. ,81739,581458
8974,coco-30k,A row of empty benches alongside a road.,93042,386967
8975,coco-30k,A green bus is turning in front of a grey car.,75573,541132
8976,coco-30k,Four lambs standing on a hill top with trees.,16409,308235
8977,coco-30k,A stop sign along an empty road lined with a green fence.,68861,393583
8978,coco-30k,An intersection with a post showing street signs.,46062,418512
8979,coco-30k,A black steam engine pulling a small passenger car.,78181,343031
8980,coco-30k,An elephant with a man and three children on its back drinking water in the jungle.,93992,974
8981,coco-30k,A commercial passenger airplane sitting on the landing strip by the terminal.,60679,532390
8982,coco-30k,A train travels down the tracks of a covered bridge.,67063,545309
8983,coco-30k,Person in profile and sunlight at a barred window.,75142,268620
8984,coco-30k,A traffic light sitting next to a cluster of traffic cones.,17686,126046
8985,coco-30k,A seagull standing on the sand of a beach,10956,404568
8986,coco-30k,a sign on a beach at sun set,97261,547047
8987,coco-30k,A bird watches a cow eating grass in a field,70611,523137
8988,coco-30k,A road work sign stands near a curb on a residential street.,39865,124991
8989,coco-30k,Two giraffes stand in a dirt yard next to a wooden structure.,27740,460126
8990,coco-30k,A city bus driving on the street in the snow.,71794,453954
8991,coco-30k,a close up of a street sign with a mountain in the background,38267,578221
8992,coco-30k,There is a very large white plane at the airport,22837,61624
8993,coco-30k,A cat sitting up on its hind feet on a park bench,89865,74268
8994,coco-30k,Giraffes leaning down to scratch faces in their zoo enclosure,93414,318039
8995,coco-30k,A small yellow bird sits on a dried up flower near a man in a gray t-shirt.,12627,446517
8996,coco-30k,There is a zebra standing alone in the zoo,81344,302160
8997,coco-30k,There is a small yellow bird standing on a fence,22308,358254
8998,coco-30k,The large green city bus is driving on a road.,451,106722
8999,coco-30k,Antique black and white photograph of people walking by large stone buildings,61788,412455
9000,coco-30k,A small white bird flying over the water.,9331,494584
9001,coco-30k,A view of a bus traveling on top of a bridge.,74301,236739
9002,coco-30k,A large long train with man inside on the track.,1806,426268
9003,coco-30k,A car and traffic light on a city street.,19026,10920
9004,coco-30k,A man is smiling while sitting on a horse.,87380,273728
9005,coco-30k,The side of a chartered bus painted with a red horse.,47602,18046
9006,coco-30k,A lit street lamp at an intersection with a stop sign.,65936,167964
9007,coco-30k,an open fire hydrant near a city street,76924,209824
9008,coco-30k,People are sitting and standing outside between train cars.,2923,216327
9009,coco-30k,A picture of a dog is centered on a stop sign.,85136,268755
9010,coco-30k,A bird sitting on top of a park bench.,52989,577182
9011,coco-30k,A man with safety equipment next to a fallen tree and red fire hydrant.,55644,148392
9012,coco-30k,A street that goes on to a high way with the light on red.,68797,375130
9013,coco-30k,A train traveling down train tracks next to a small building.,87585,197420
9014,coco-30k,Horses are standing in an open field in the grass.,6223,298697
9015,coco-30k,A couple of giraffe standing next to a tree.,29864,91520
9016,coco-30k,Many different signs cover a post next to a bus stop.,91555,336777
9017,coco-30k,A stop sign sits in front of a brown and white house as snow lies on the ground.,74862,476873
9018,coco-30k,A street sign posted at an empty city intersection.,82190,570998
9019,coco-30k,Two little birds with white chests sit on barbed wire.,18236,395378
9020,coco-30k,A view out of a window that shows a winding river.,57784,120235
9021,coco-30k,A post with a no right turn sign and a stop signs with stickers,65820,221820
9022,coco-30k,A close up of the green light on a traffic light,78145,307438
9023,coco-30k,A plane with water skies for landing gear coming in for a landing at a lake.,24675,556901
9024,coco-30k,The reflection of a woman is in a window and beyond her is a white and red train.,66631,450932
9025,coco-30k,A dog wearing a hat standing on some grass.,11420,361571
9026,coco-30k,a number of animals in a field near some trees,53365,452027
9027,coco-30k,A bus is coming around a bend near a traffic light.,24903,312559
9028,coco-30k,A street sign at an intersection with tropical trees in the background.,52675,274233
9029,coco-30k,A large red and white bus on a city street.,84340,303305
9030,coco-30k,A couple posing with two giraffes in the background.,45116,243464
9031,coco-30k,There are two birds sitting on a branch by the water,67446,209940
9032,coco-30k,a woman stares as a bird flys through the air ,25243,56983
9033,coco-30k,A couple of trucks on a city street.,64783,8204
9034,coco-30k,There is a white and black desk with shelves  and a computer,24568,279561
9035,coco-30k,there are people sitting on the ground painting the street,71139,322654
9036,coco-30k,a small girl and two giraffes and some trees,39224,172553
9037,coco-30k,A street sign next to a large building.,99795,130712
9038,coco-30k,a woman posing on a wooden bench in the woods,72085,303026
9039,coco-30k,A group of men standing inside of a bus.,53448,463199
9040,coco-30k,A red kite sitting on top of a lush green field.,88658,342380
9041,coco-30k,A white dog standing on top of a wooden bench.,40408,452891
9042,coco-30k,Sheep are in a field near a fence and on a tractor.,92937,40946
9043,coco-30k,there are several street signs on the same pole,35411,294431
9044,coco-30k,this is a close up picture of a roosters neck,89457,363812
9045,coco-30k,A pile of dirty clothing stacked on top of the floor.,22974,275253
9046,coco-30k,A red stop sign mounted to the top of a metal pole.,20419,522406
9047,coco-30k,A faded red fire hydrant sitting on the side of a street.,92967,415408
9048,coco-30k,A group of ducks swimming on top of a lake.,39249,83483
9049,coco-30k,a subway train at a station filled with people,56345,241155
9050,coco-30k,a pair of giraffe standing in a big open area,75165,79565
9051,coco-30k,A double decker bus stopped at an intersection.,53144,275843
9052,coco-30k,A two way street sign picture from a piece camera film,54148,209420
9053,coco-30k,A woman sitting on a wooden bench on a wall.,99026,67180
9054,coco-30k,A cow standing next to a shelf with many drinks.,14586,301977
9055,coco-30k,A young male sitting on a park bench typing on a laptop. ,495,459153
9056,coco-30k,A boy sipping a milk bottle while lying on a bed.,98908,532058
9057,coco-30k,A school bus and pedestrians crossing a bridge in a city.,79473,130352
9058,coco-30k,A traffic light with a building in the background.,86688,492472
9059,coco-30k,A reflection of a large building in a window.,58311,44858
9060,coco-30k,A large long train on a steel track.,99831,265579
9061,coco-30k,Car parked in the parking lot next to the pier,41036,328301
9062,coco-30k,A motorcycle drives on the street beside a city bus.,47076,438811
9063,coco-30k,A small brown bird is sitting inside by a window.,81927,57390
9064,coco-30k,A small train going down a steel track.,33317,270297
9065,coco-30k,A street sign near many cars at a stop.,84413,156370
9066,coco-30k,A fire hydrant in the grass behind a fence.,65652,469721
9067,coco-30k,"A green and white street sign that reads ""pee wee reese rd.""",37729,311068
9068,coco-30k,A group of street signs casting a shadow on a white wall.,39172,572349
9069,coco-30k,The small bird is perched on the branch of the tree. ,94860,492349
9070,coco-30k,a man standing next to a pink bus in front of a building,82156,364009
9071,coco-30k,The lower half of a very tall giraffe in a grassy area.,62808,304828
9072,coco-30k,Signs point the way to a cemetery on a quiet road,60978,543215
9073,coco-30k,Three gray and white baby birds are sitting in a nest.,95059,152823
9074,coco-30k,A fire hydrant by a sidewalk marked with paint.,15973,427376
9075,coco-30k,a traffic light above a road with a building in the background,321,501116
9076,coco-30k,The shoreline of a beach on a cloudy day. ,16556,451915
9077,coco-30k,People boarding a bus at a bus stop.,10963,490008
9078,coco-30k,A house and a lighthouse is located near the water.,51833,52827
9079,coco-30k,"In the evening, a store front sign sits on the sidewalk near a blue car parked at the curb. ",52125,67757
9080,coco-30k,Group of protesters with red and white signs on concrete steps. ,57800,348379
9081,coco-30k,A red bus on side of street next to a building.,56292,108224
9082,coco-30k,a sign out side a very tall building.,36495,231984
9083,coco-30k,A blue and white train engine pulling a red train car.,91324,429558
9084,coco-30k,A semi busy street in a delightful neighborhood,21334,479727
9085,coco-30k,A woman in yellow shirt and skirt with cats in grass.,21435,375493
9086,coco-30k,A street with traffic lights and cars at night.,85424,354753
9087,coco-30k,A train on bridge passing over water with city in the background.,33264,56544
9088,coco-30k,A boy covering his face as a fire hydrant blows water at him.,79453,455435
9089,coco-30k,A girl and boy sitting at a wooden table with the boy looking at the girl.,87866,232894
9090,coco-30k,A blue and white train is moving on the rails. ,18949,6040
9091,coco-30k,The cake is in the shape of a long train. ,93443,109924
9092,coco-30k,This bird is looking at a toy photographer.,51377,75719
9093,coco-30k,The single train car is painted purple and yellow.,56823,101145
9094,coco-30k,A foggy day shows buildings in the background as a woman in a blue jacket has skates on in a brick courtyard.,84097,406729
9095,coco-30k,a large giraffe eating  something off of a branch.,85333,526143
9096,coco-30k,a number of small birds on a body of water,67562,158254
9097,coco-30k,"Several giraffes, including an infant, stand in an exhibit.",85305,267812
9098,coco-30k,seven airplanes all decorated the same flying in unison ,6194,467142
9099,coco-30k,a decorative seat sitting inside cut out bushes,53084,378672
9100,coco-30k,Two street lights on a corner pole in a town.,6857,542077
9101,coco-30k,Several green buses parked in a parking lot with people walking by,9401,192406
9102,coco-30k,There are several people standing at the end of a train going to Rockaway.,75515,550980
9103,coco-30k,A silver train passing under high beams and trees.,37306,74789
9104,coco-30k,A yellow double decker bus on street next to buildings.,26100,400202
9105,coco-30k,A man in a black shirt rides an elephant as a man walks near it down a street.,76949,450728
9106,coco-30k,A large white sheep and two baby black sheep in barn,71470,496541
9107,coco-30k,This man is sitting on a bench next to a tree.,73222,401403
9108,coco-30k,A boy with red shirt and hat holding a baseball bat.,99806,508787
9109,coco-30k,Three people are sitting on a bench looking over a pier.,35531,328352
9110,coco-30k,a street sign on a sidewalk next to a stone wall,55759,66543
9111,coco-30k,Three giraffe standing next to two zebra on a lush green field.,82883,32193
9112,coco-30k,A man standing in front of the open door of a bus.,33715,333402
9113,coco-30k,The view from a platform at a train station.,78402,39628
9114,coco-30k,A man standing near a fire hydrant next to a city street.,5704,90351
9115,coco-30k,A large green field with a bench in the foreground.,81871,314541
9116,coco-30k,A close up of a school bus parked on the side of the road.,72268,340386
9117,coco-30k,A colorful cuckoo clock with the clock hands at six o'clock.,65163,254119
9118,coco-30k,A red stop sign sitting on the side of a road.,33443,487076
9119,coco-30k,A  single street sign with information regarding parking.,98493,24499
9120,coco-30k,The long metro train is moving along an elevated track.,78282,400152
9121,coco-30k,A boy holding a baseball glove at a baseball game,58476,363902
9122,coco-30k,A truck and bus on a street under bridge,76157,496313
9123,coco-30k,A couple of dogs standing and laying on top of a deck.,76618,230150
9124,coco-30k,A man standing next to a woman in a living room.,31202,151657
9125,coco-30k,A yellow train traveling down tracks surrounded by large bushes.,85532,80096
9126,coco-30k,A girl sitting on a brown and white giraffe,18769,138656
9127,coco-30k,A red and white wings black bird sitting on wood,70622,38355
9128,coco-30k,Two giraffe standing next to each other around a tree.,78502,116289
9129,coco-30k,A man flying through the air while swinging from a pole.,41116,233711
9130,coco-30k,A doughnut shop sign hanging off the side of a building.,50961,244636
9131,coco-30k,an odd looking red and yellow train sitting on the track,19819,346517
9132,coco-30k,An empty street with brick buildings and cars.,19410,276720
9133,coco-30k,A grey and white bus parked on the grass.,51105,542042
9134,coco-30k,A green cake that is shaped to be a train,34414,29346
9135,coco-30k,Two multicolored birds perched on a wooden branch.,9050,218310
9136,coco-30k,Some brown and white giraffes standing and sitting together.,27836,308420
9137,coco-30k,A traffic light sitting above a street with lots of traffic.,8276,277521
9138,coco-30k,A grey bird on beach with water and pier in the background.,93529,76918
9139,coco-30k,Three immature gulls are wading in shallow water.,70071,507766
9140,coco-30k,A red train car parked in front of a red brick building.,6251,248711
9141,coco-30k,A park bench that is sitting in grass under a tree.,63637,506454
9142,coco-30k,A wildebeest walking with a giraffe in the distance.,57527,286794
9143,coco-30k,A dilapidated bicycle frame underneath a Pedestrian Zone Sign.,21918,72852
9144,coco-30k,Two giraffe standing next to each other on a lush green field.,88833,561050
9145,coco-30k,A bench in some grass that is next to a building.,87254,83557
9146,coco-30k,Lit traffic signs are displaying words regarding different roads.,2776,570110
9147,coco-30k,Two birds who are looking out of the cage they are in.,51018,520482
9148,coco-30k,A full view of a long train traveling on the railroad. ,99032,349324
9149,coco-30k,A passenger train that is leaving from the station.,53791,91063
9150,coco-30k,A red stop sign sitting next to a green street sign.,78182,487551
9151,coco-30k,A man standing in an airport with lots of luggage.,3567,155449
9152,coco-30k,The street signs are clearly posted on the street for people to see. ,14590,573527
9153,coco-30k,A train moving along a track during the day.,46353,311883
9154,coco-30k,Black birds on a wood fence near the ocean.,10550,494731
9155,coco-30k,The fire hydrant on the side of the road is painted a bright yellow and orange.,14904,405675
9156,coco-30k,A train engine and passenger cars pulling in to a station.,8008,245793
9157,coco-30k,"There are buses, bicycle riders, and Christmas lights on the street.",17899,451228
9158,coco-30k,A toy train is crossing a bridge near pine trees.,94602,101969
9159,coco-30k,two little sparrows standing on a table by a knife,48971,277051
9160,coco-30k,A bench with potted plants sitting on top of it. ,21454,125476
9161,coco-30k,In a grassy field stand 2 giraffes and 2 llamas.,42992,231161
9162,coco-30k,A sign is welcoming vehicles to the business being advertised,3127,488788
9163,coco-30k,A bus on the street next to the lamp post.  ,61238,476704
9164,coco-30k,A mirror reflecting a crowd of different people.,48572,21378
9165,coco-30k,A bench outside near a body of water during the day.,88571,303908
9166,coco-30k,A red pole with multiple street signs hanging from it's sides.,3565,29252
9167,coco-30k,A group of fire fighters working on a fire hydrant.,80357,80013
9168,coco-30k,A bird sitting at the top of a tree on a branch.,39441,522478
9169,coco-30k,A train yard with carts and tanks on two tracks.,729,323758
9170,coco-30k,A train pulling past a church with a large clock tower.,36094,277614
9171,coco-30k,A fire hydrant and a car parked near a house.,52679,425898
9172,coco-30k,People standing on the corner with lights and pedestrian crossing near a construction site.,24460,248767
9173,coco-30k,A grey duck flowing in water next to branches.,37420,393811
9174,coco-30k,A woman on a cell phone running by a fire hydrant.,96106,487698
9175,coco-30k,Two white sheep in grassy area with mountains in background.,52380,353695
9176,coco-30k,A bus is stopping to pick up a passenger.,88374,219144
9177,coco-30k,A metal bench between two white flowering bushes.,7863,262347
9178,coco-30k,A public bus driving on a city street.,78748,349841
9179,coco-30k,Street lights over a dark street and a bright sun in the sky.,37510,479805
9180,coco-30k,The fire hydrant on the side of the street has lots of litter all over it. ,72422,363652
9181,coco-30k,A giraffe sticks his nose and tongue out of a wire fence to accept something a man is offering him.,79497,575187
9182,coco-30k,A red fire hydrant along the curb at night.,15464,407072
9183,coco-30k,Some signs on a street corner near some buildings.,14995,502317
9184,coco-30k,The men are working on the yellow fire hydrant. ,4584,80010
9185,coco-30k,A big orange sign about street maintenance near a street.,36103,561679
9186,coco-30k,A train traveling down a set of tracks.,66016,220339
9187,coco-30k,A train on a track near a bridge.,49018,435742
9188,coco-30k,A fire hydrant on the side of a road.,40742,523194
9189,coco-30k,A yellow bus in parking lot with power lines above.,81845,290896
9190,coco-30k,A locomotive train driving down railroad tracks by water.,85923,167084
9191,coco-30k,A stop sign with a dead end sign near a construction site.,20150,448053
9192,coco-30k,A train is going through a big city.,81491,257940
9193,coco-30k,A busy city street at night time as some people cross the street.,31679,490338
9194,coco-30k,Airplanes on landing strips waiting to take off.,95216,548363
9195,coco-30k,A row of park benches with flower beds hanging next to them.,72827,356379
9196,coco-30k,A train and its operators going down the track.,89434,298718
9197,coco-30k,A bus going to crosstown parked on side of road.,82454,122606
9198,coco-30k,a street sign on the corner with buildings in the background,14491,380842
9199,coco-30k,A road sign next to a car in a city,38159,27917
9200,coco-30k,"Two Giraffes are in the wilderness, possibly eating. ",5619,460379
9201,coco-30k,a man sitting on a bench in a slightly flooded area ,65659,534194
9202,coco-30k,A view of a street at night shows a yellow fire hydrant.,32047,412551
9203,coco-30k,A boy sits on a rock in a hat as he holds a trumpet near an old barn and some farm animals.,21775,279824
9204,coco-30k,a public transit bus on a city street,83978,533408
9205,coco-30k,The sign is in clear view by the traffic lights. ,90764,527164
9206,coco-30k,There is a wooden decoration on the desk. ,48670,568529
9207,coco-30k,A street and the buildings on it and some construction.,84686,124128
9208,coco-30k,A vehicle mirror reflecting a white bus on a road.,30873,496632
9209,coco-30k,A pond of water with three giraffe walking in the dirt.,50912,47010
9210,coco-30k,Two busses on street next to cars with buildings in the background.,36791,38357
9211,coco-30k,A brown and gold fire hydrant in front of a brick building.,39123,171050
9212,coco-30k,A blue and white train passing by other trains and buildings.,65857,118778
9213,coco-30k,a long line of red white and blue tourist buses ,43410,544533
9214,coco-30k,There is a green bus on a narrow street,87345,442701
9215,coco-30k,There's a yellow fire hydrant with blue trim o ntop,63059,131969
9216,coco-30k,In a large area many giraffes stand behind a fenced area.,22263,528862
9217,coco-30k,A large wooden pole with a green street sign hanging from it.,97943,58636
9218,coco-30k,A black train engine pulling a white train in the rain.,92757,161187
9219,coco-30k,"Two very large birds pose outside on white chairs, side by side",59457,82174
9220,coco-30k,a public transit bus on a city street,35595,42137
9221,coco-30k,Four giraffes huddling around a tree inside a fenced area.,62061,295336
9222,coco-30k,A man taking a picture of two giraffes,23352,349676
9223,coco-30k,A car is traveling under a traffic light. ,1799,217156
9224,coco-30k,A grey and white bird in water with a fish in its beak.,48709,149909
9225,coco-30k,An image of a car in a side mirror.,32684,484754
9226,coco-30k,A jet in the air flying in a dark sky.,53730,62741
9227,coco-30k,A yellow street sign that reads safe passage,60679,415325
9228,coco-30k,A blue and white sign that doesn't allow something,72144,396736
9229,coco-30k,An empty intersection with two red lights glowing,79033,423005
9230,coco-30k,A rusty old red fire hydrant in the weeds.,23531,430583
9231,coco-30k,a number of sheeo in a field standing close to one another,94456,46418
9232,coco-30k,Doors open to the train to let people board and unboard,87093,331667
9233,coco-30k,a hard covered book whose binder has fallen off placed on a table,99184,354369
9234,coco-30k,many black and white ducks are walking on a road,45226,230593
9235,coco-30k,The trolley is picking up passengers along the road.,11425,395752
9236,coco-30k,A red stop sign mounted on the side of a light pole.,77890,424293
9237,coco-30k,Two sheep standing next to each other in a field.,12615,250745
9238,coco-30k,An advertising column with advertising posters on it.,1106,282098
9239,coco-30k,The park bench sits along the path under the trees.,58405,347210
9240,coco-30k,A little girl sitting on top of a bench in a  park.,49319,169690
9241,coco-30k,A vase filled with flowers sitting on top of a window sill.,93987,331307
9242,coco-30k,A man in an English suit and bowler riding a horse.,50529,41011
9243,coco-30k,A woman in white and black dress with suitcase on train.,89239,4980
9244,coco-30k,A train sits on a train track against a shrub,20605,405355
9245,coco-30k,A double decker bus on a road next to a cyclist and two people walking.,50193,411674
9246,coco-30k,The high speed passenger train is bound for New York.,72193,13168
9247,coco-30k,Two trains passing each other on seperate tacks.,81031,106281
9248,coco-30k,Cows and sheep graze a snowy field on a cloudy day,42964,386227
9249,coco-30k,there is a bus that is stopped and is very dark,62216,248396
9250,coco-30k,A happy man on a bus with other passangers.,28844,328008
9251,coco-30k,two giraffes standing together beside a fence and wall,19918,506224
9252,coco-30k,Five birds nestled together on a tree branch sleeping.,72631,170788
9253,coco-30k,a public transportation bus with an advertisement on the side ,40535,542856
9254,coco-30k,A large black bird flying over a snow covered mountain.,10857,341567
9255,coco-30k,A white road sign suspended over a highway.,84454,121153
9256,coco-30k,A group of white herons nesting in a marshy area.,87228,515727
9257,coco-30k,A stop sign that has been tagged with graffiti.,61406,286361
9258,coco-30k,A red and silver train traveling past a train station.,33172,210501
9259,coco-30k,there is a side of a building with many pictures on it,22317,113333
9260,coco-30k,A close up of the back of a stop sign and two street names.,14990,332489
9261,coco-30k,A couple of airplanes sitting on top of an airport.,36554,188077
9262,coco-30k,A man herding a large flock of sheep down a street.,19555,367610
9263,coco-30k,A train moving along a track near a field.,81238,365047
9264,coco-30k,A small bird standing on a rocky ground.,88269,186938
9265,coco-30k,this school bus is yellow and black with dark windows ,77122,278161
9266,coco-30k,a black red and green train engine on a track,1198,65357
9267,coco-30k,A small propeller airplane flying through a cloudy sky.,60174,14567
9268,coco-30k,A steel bench sitting next to a wall.,54978,459136
9269,coco-30k,A herd of wooly sheep graze on short grass.,6891,547338
9270,coco-30k,A modern train running on tracks near a station.,60215,534639
9271,coco-30k,People sitting and standing on a bus at night.,56688,566757
9272,coco-30k,Three passenger airplanes parked on a airport runway.,91883,224247
9273,coco-30k,a purple red and white bus a man walking and some buildings,47165,75600
9274,coco-30k,A person with an umbrella near a building.,4030,202470
9275,coco-30k,A couple of giraffe in a field near some trees.,96696,43266
9276,coco-30k,A hipster carrying an umbrella and a white hat.,76026,80613
9277,coco-30k,A group of giraffe standing next to each other.,52038,107511
9278,coco-30k,A group of four street signs stacked on top of each other.,60448,262189
9279,coco-30k,A park bench sitting in the middle of a forest.,4434,62500
9280,coco-30k,A cat laying on a bed by a window.,3337,132578
9281,coco-30k,A street filled with lots of double decker buses.,46470,444703
9282,coco-30k,A guitar case rests on an empty bench,69298,353320
9283,coco-30k,A group of people petting giraffes at a zoo.,13309,231616
9284,coco-30k,Two giraffe standing next to each other on a dirt field.,24332,442614
9285,coco-30k,A speed limit sign mounted beneath a green street sign.,85879,389811
9286,coco-30k,A man standing next to an elephant who stole his hat with it's trunk.,4436,22423
9287,coco-30k,A bench sitting next to the ocean with purple bows on it.,97553,380906
9288,coco-30k,"A sign that says ""stop"" with another sign underneath it .",90023,180095
9289,coco-30k,"Street signs, graffiti, old buildings and a bridge.",50559,528977
9290,coco-30k,a jacket sits on a bench in a park,69470,36331
9291,coco-30k,Train with four cars traveling through the wooded area.,97430,161990
9292,coco-30k,Young Elephant Training Center with elephants and trainers.,20918,431432
9293,coco-30k,A large long train on a steel track.,6892,565971
9294,coco-30k,A traffic light over a city street with cars.,5501,487217
9295,coco-30k,A person giving a giraffe some food with his hand.,50727,230679
9296,coco-30k,A fire hydrant and some cars on the side of the street.,4030,283318
9297,coco-30k,A large red bus on the side of a city street.,61951,524140
9298,coco-30k,Two women sitting on a bench on an open boat.,23178,163929
9299,coco-30k,A sign is next to an ornate white gazebo.,92523,104198
9300,coco-30k,Two black cows behind a gate near a red fire hydrant. ,76823,334614
9301,coco-30k,A green sign says Thruway one fourth mile.,68891,550084
9302,coco-30k,A old train station with trains on the tracks.,63729,413779
9303,coco-30k,There's a crossing sign that shows you can't make left turns,49688,170072
9304,coco-30k,A fire hydrant stands alone in the middle of the concrete.,78466,34847
9305,coco-30k,A stable full of lambs standing and laying around.,4710,212559
9306,coco-30k,a big red fire hydrant on the side of a building.,1967,198811
9307,coco-30k,A black cat wearing a little party hat.,37569,453507
9308,coco-30k,A model train on a model bridge decorated with christmas lights.,6227,251232
9309,coco-30k,Some old buildings have street signs next to them.,31893,283147
9310,coco-30k,An aeroplane soaring high in a clear sky.,75552,482777
9311,coco-30k,A large commercial airline taking off from the airport.,80420,445295
9312,coco-30k,Two sheep one with a bell tied to its neck walking in a green field.,97749,27438
9313,coco-30k,A train next to a train station with city in background.,70633,127624
9314,coco-30k,a train on a train track on an elevated bridge,86591,257887
9315,coco-30k,A plane flying between two large buildings in black and white.,46615,136218
9316,coco-30k,A red double decker bus next to another bus in warehouse.,76924,440043
9317,coco-30k,A field with a cat and chicken next to a fence.,36004,258789
9318,coco-30k,Three giraffes feed from a basket hanging off a tree.,35003,530163
9319,coco-30k,a young female siting on a bench near a small stagnant lake,54167,204059
9320,coco-30k,Large commuter train parked on the track with no people around.,20941,559790
9321,coco-30k,A person on a motor bike on the water.,25359,297956
9322,coco-30k,A line of buses in a parking lot with people standing around.,31699,317622
9323,coco-30k,a train sitting on a train track next to some trees,55611,119345
9324,coco-30k,An airplane taking off from an airport at night.,40790,163132
9325,coco-30k,A giraffe caged in while grass falling from his mouth. ,9726,301981
9326,coco-30k,A red bus going down a busy city road.,58352,503238
9327,coco-30k,A cat looks at a computer screen while snuggled against a keyboard.,75505,569272
9328,coco-30k,A passenger train pulling into the train station.,34299,34950
9329,coco-30k,A one way sign pointing to the left; the sky is blue in the background. ,43262,311877
9330,coco-30k,A street sign on the street near a building.,3465,323571
9331,coco-30k,A large green airplane has it's landing gear down.,75151,327186
9332,coco-30k,A picture of a stone bench in a park.,67755,385781
9333,coco-30k,A tall giraffe in a green grassy field.,77268,487422
9334,coco-30k,a close up of a street sign near a building,14083,322845
9335,coco-30k,A black and white fire hydrant stands on a brick sidewalk.,82603,385042
9336,coco-30k,A close up of a red fire hydrant next to a light pole.,89978,289073
9337,coco-30k,a close up of two giraffes with a rock background,35374,89121
9338,coco-30k,"a red humming bird outside at a humming bird feeder
",35087,168416
9339,coco-30k,An otherwise charming old section of town is nonetheless assaulted by a massive billboard attached to the side of a building. ,68123,495626
9340,coco-30k,A silver fire hydrant by a manmade path and lake,76299,466263
9341,coco-30k,A stop sign has been placed upside-down in the grass beside a building. ,79172,297343
9342,coco-30k,a red fire hidrent with red leaves everywhere surrounding it ,51042,10256
9343,coco-30k,A black bird sitting in grass by water,19674,245431
9344,coco-30k,A giraffe stretching outs its tongue to get a carrot being held out by a woman.,16310,166060
9345,coco-30k,A sign on a road that resembles a chess board.,31129,400178
9346,coco-30k,The double decker bus is heading south through the mountainous region of California.,43712,107247
9347,coco-30k,there is a very tall giraffe standing in the wild,68110,134689
9348,coco-30k,A giraffe is eating leaves off of a tree,34373,360132
9349,coco-30k,A group of people next to a bus with skis and backpacks.,68856,3983
9350,coco-30k,train pulling up on the tracks next to a stationary double decker train,72393,114941
9351,coco-30k,A blue fighter plane on runway with trees in the background.,43835,280271
9352,coco-30k,Two brown and black birds staring on a curved wire.,35069,98261
9353,coco-30k,A row of wooden poles with seagulls resting on them.,93399,100811
9354,coco-30k,A platform at a train station with a train on either side.,4765,559955
9355,coco-30k,Two giraffe standing next to each other in a field.,86041,122007
9356,coco-30k,A bird floating on top of a body of water.,28895,55272
9357,coco-30k,A long yellow train traveling down train tracks.,49545,248193
9358,coco-30k,a sign on a fence with trees on the other side,11359,329379
9359,coco-30k,bench located near the side of a ship,79834,347422
9360,coco-30k,A woman sitting next to a  man on top of a purple bench.,99902,353321
9361,coco-30k,There is a broken pink fire hydrant on a sidewalk,83422,21671
9362,coco-30k,There are some cars and trucks parked at a bus depot,40282,372706
9363,coco-30k,two giraffes and an elk in the brush,4842,539302
9364,coco-30k,A giraffe and a zebra are in a grassy field.,81373,28758
9365,coco-30k,A bird is standing on a rock by the water.,19236,328018
9366,coco-30k,A chalk sign is placed outside on a wall advertising a restaurant. ,38757,230976
9367,coco-30k,Sepia photograph of a stop sign next to row of mailboxes.,19977,234463
9368,coco-30k,two black and white skate boards under a black steel bench,13076,164464
9369,coco-30k,A red fire hydrant stands on the sidewalk by the street.,30240,229385
9370,coco-30k,There are four sheep in the grassy field. ,7286,190776
9371,coco-30k,A traffic light is showing a green arrow.,22693,361400
9372,coco-30k,A gray bird is standing on small brown branch.,4096,56545
9373,coco-30k,A street light stands in front of a Best Buy.,59235,299045
9374,coco-30k,a close up of a person and a sheep,22667,445682
9375,coco-30k,A stop sign has some graffiti on it.,46110,279136
9376,coco-30k,A pole that has a bunch of street signs on it.,74140,469609
9377,coco-30k,A tray topped with a Micheal Jackson hat and matching glove.,3671,38574
9378,coco-30k,A parking lot has many school buses parked in it.,18879,574200
9379,coco-30k,a green double Decker bus stopped on the street,66881,61938
9380,coco-30k,A long orange train traveling through a rural green countryside.,21531,440508
9381,coco-30k,A bus parked next to a white building with red trimming. ,35654,213605
9382,coco-30k,A giraffe is crossing the road by some shrubbery.,10744,330931
9383,coco-30k,an old black and white photo of a train,91088,300479
9384,coco-30k,A person walking by stop sign at street intersection.,51476,343496
9385,coco-30k,A white bus on street next to sidewalk and buildings.,88803,549048
9386,coco-30k,A green fire hydrant next to field of colorful flowers.,65167,565607
9387,coco-30k,A goat is standing in a barn by some hay.,58118,233567
9388,coco-30k,A small red fire hydrant in grassy field.,41878,191296
9389,coco-30k,A black and white photograph of people at a bus stop.,98066,559315
9390,coco-30k,A yellow and black traffic sign with buildings in background.,26364,410712
9391,coco-30k,A train sitting on train tracks next to a  small rural road.,91225,241948
9392,coco-30k,A blue and silver fire hydrant sitting on a field of dirt.,94205,345535
9393,coco-30k,A giraffe walking through a lush green field.,87425,263211
9394,coco-30k,A traffic light sitting next to a chair on a hard wood floor.,15063,304725
9395,coco-30k,A bird flying through the air while flapping it's wings.,4993,469687
9396,coco-30k,A stop light that is green that also has various other street markers on it.,7827,279596
9397,coco-30k,A herd of sheep that are grazing in a field.,36858,290981
9398,coco-30k,Two white vans of some sort parked near a mountain.,78297,448626
9399,coco-30k,A group of three giraffe standing inside of a cage.,2495,454444
9400,coco-30k,Two men are talking to each other near a fish tank. ,98312,476597
9401,coco-30k,A small white bird standing on top of a dirt field.,32248,155087
9402,coco-30k,A group of boats floating on a body of water next to shore.,72832,111867
9403,coco-30k,A small red plane sitting on top of an airport tarmac.,47582,233882
9404,coco-30k,A large gray elephant standing on top of a field.,77103,388674
9405,coco-30k,A red traffic light sitting over the top of a street.,32768,79836
9406,coco-30k,A giraffe grazing from tree with brick wall in background.,39687,317732
9407,coco-30k,A parked snow mobile siting on the side of a train.,66135,36768
9408,coco-30k,A commuter train going across a bridge next to a road,69273,420710
9409,coco-30k,"A green and white street sign that reads ""lincoln av e.""",98581,220739
9410,coco-30k,There is a yellow fire hydrant on the side of a street.,76589,15667
9411,coco-30k,There is a car on a street and some traffic lights.,98123,198477
9412,coco-30k,A couple of traffic lights hanging over a city street.,613,134863
9413,coco-30k,A blue and white double decker bus parked in a parking lot.,59956,358750
9414,coco-30k,A bus sitting on the side of a road.,83235,460646
9415,coco-30k,Five jumbo jets are parked at a large airport.,60380,381599
9416,coco-30k,The little girl poses with her dog for a photo. ,58479,425136
9417,coco-30k,An empty train station with a train parked in waiting.,25880,496765
9418,coco-30k,An adult and baby giraffe walking through a field.,29088,8603
9419,coco-30k,A fighter jet flying through a cloudy blue sky.,969,547790
9420,coco-30k,A train traveling down tracks next to lights.,91178,184321
9421,coco-30k,A man near a red fire-hydrant during the day.,59260,335839
9422,coco-30k,A mother sheep feeding her baby on a lush green field.,48727,178435
9423,coco-30k,The long steam train sits at the station.,36962,523252
9424,coco-30k,A train traveling down train tracks near a building.,97728,258136
9425,coco-30k,A blue street sign sitting next to a road.,57964,533896
9426,coco-30k,A couple of dogs viewing something as a person sits in a chair.,98781,432553
9427,coco-30k,Two cars driving down a street next to a green bus.,41940,458613
9428,coco-30k,"A street sign reads ""Rue Paul St"" in the snow.",48606,286654
9429,coco-30k,A blue and white bus parked in front of a brick house.,49930,406329
9430,coco-30k,Six sheep stand close together near a grassy hill.,43438,206473
9431,coco-30k,a sidewalk with standing street lights on at night.,86322,252101
9432,coco-30k,A train pulled into a train station next to a loading platform.,39962,525361
9433,coco-30k,A lady doing something with animals in an enclosed area.,81693,261068
9434,coco-30k,A woman who is holding her little dog.,34597,468487
9435,coco-30k,A man walking across a street near a traffic light.,60898,361993
9436,coco-30k,A red fire hydrant sitting in a lush green field.,67191,135763
9437,coco-30k,A man wearing sunglasses and a black hat.,68809,456559
9438,coco-30k,A tall church tower sitting on the side of a road.,68372,339870
9439,coco-30k,A red stop sign sitting on the side of a tall building.,45387,213593
9440,coco-30k,A woman holding a baby next to a bird cage.,96991,463618
9441,coco-30k,A red fire hydrant sitting on top of a lush green hillside.,61768,27658
9442,coco-30k,A herd of giraffe standing next to each other next to a pond.,79651,563603
9443,coco-30k,A person holding an umbrella above their head.,52261,281837
9444,coco-30k,A red fire hydrant with a green cap with a bird on top of it.,64998,120905
9445,coco-30k,A flock of seagulls walking along a beach.,18640,50277
9446,coco-30k,Wild bird standing out at the water's edge,43596,96505
9447,coco-30k,View of a train coming in on the far side tracks,94798,11269
9448,coco-30k,A red stop sign sitting on the side of a street.,75191,24629
9449,coco-30k,A herd of sheep grazing on a lush green hillside.,77021,181065
9450,coco-30k,A bottle sitting on a window sill next to a window.,55042,507361
9451,coco-30k,"Street full of cars, double decker buses, and someone on a bike",8700,485887
9452,coco-30k,A bus driving down a street next to a lush green forest.,28102,400189
9453,coco-30k,A wooden bench sitting next to a fence near a forest.,54672,395928
9454,coco-30k,A tall giraffe walking through lush green forest.,7803,193121
9455,coco-30k,A group of three dummy heads covered in hats.,33633,328921
9456,coco-30k,A giraffe standing in the middle of a field.,67652,79589
9457,coco-30k,A group of people walking down a sidewalk.,18131,150265
9458,coco-30k,Two large giraffes inside a fenced area interact with one another,82864,288882
9459,coco-30k,People are feeding a giraffe in an enclosure.,75738,533872
9460,coco-30k,A large building has a Glass business logo on it.,82876,401212
9461,coco-30k,A view of birds gliding through the air.,61935,564563
9462,coco-30k,The street sign is clearly visible for all to see. ,42560,365511
9463,coco-30k,Black birds picking berries out of the tree,80429,176847
9464,coco-30k,A picture of the sun setting in the trees. ,26628,473171
9465,coco-30k,Cars riding on the street across a train on the tracks,38473,130437
9466,coco-30k,Two green buses parked along the side of a city street.,17808,412757
9467,coco-30k,Street signs from the corner of 8th ave. and 22 3/4 st.,81111,560371
9468,coco-30k,A bright blue fire hydrant is on a brick sidewalk.,3527,177419
9469,coco-30k,there is a small seagull standing by the water,80847,227691
9470,coco-30k,there is a train and a person walking on rail road tracks,7624,462342
9471,coco-30k,this stop sign has many stickers on it,44962,486162
9472,coco-30k,A close up view of a giraffe in front of a palm tree.,66442,24530
9473,coco-30k,A city train as it travels down the tracks.,31848,468499
9474,coco-30k,Graffiti stains the surface of a green and white sign.,75753,370095
9475,coco-30k,A red fancy bus is parked by a standing man.,2773,7325
9476,coco-30k,A traffic light is standing in the middle of the street as buses are driving in the background.,30372,371139
9477,coco-30k,Pair of scantily clad adults resting on red benches across of city skyline.,41448,292945
9478,coco-30k,Many cages of birds are stacked at a pet store.,91828,309264
9479,coco-30k,A fire hydrant is in the dark by a sidewalk.,43179,375128
9480,coco-30k,A young woman sits on a bench with shopping bags.,20118,155644
9481,coco-30k,dogs standing around with someone watching them ,79302,477202
9482,coco-30k,Tourists watching a man running with horned sheep down a dirt road,16090,436511
9483,coco-30k,A white an blue fire hydrant on grassy yard next to sidewalk.,37362,314200
9484,coco-30k,A man in white shirt standing outside of a building with a yellow fire hydrant in the foreground.,10013,520338
9485,coco-30k,Three street signs located next to a brick building.,51075,432647
9486,coco-30k,Small black and white pig on wheeled cart with protest sign.,9761,127135
9487,coco-30k,A fire truck parked next to a fire hydrant.,27990,214732
9488,coco-30k,The yellow mustang car is sitting on the side of the sign.,22901,251181
9489,coco-30k,An announcer with a microphone talking to a crowd.,41910,185989
9490,coco-30k,An enclose in a building with a giraffe in the background.,29161,306952
9491,coco-30k,A goat standing next to a tree in the open.,74943,243316
9492,coco-30k,A man works on landscaping a tree near a giraffe.,79621,468993
9493,coco-30k,A taxi cab parked next to a fire hydrant.,33337,62661
9494,coco-30k,A fire hydrant next to an old brick building.,59553,291028
9495,coco-30k,A small herd of buffalo resting on the ither side of the stream.,9869,247838
9496,coco-30k,Subway train pulling into the station for boarding.,72392,286493
9497,coco-30k,A bird is trying to find food in the water. ,99046,357060
9498,coco-30k,The stop sign at the corner of North Main and Schoolhouse,87757,105291
9499,coco-30k,A group of elephants are standing under a roof cover.,97753,456192
9500,coco-30k,A train station with a few people standing beside the train.,429,528142
9501,coco-30k,A very short van is parked with a surfboard leaning against it.,66247,522566
9502,coco-30k,There is a one way street at the corner of Henry St. and Love La.,42251,493503
9503,coco-30k,A group of birds foraging in a grassy field.,13499,342476
9504,coco-30k,City bus loading on a busy metropolitan street. ,7392,408047
9505,coco-30k,A street sign on a city street with tall buildings.,73902,280413
9506,coco-30k,a big bus is parked as a some people ride by in a cart ,41604,577036
9507,coco-30k,two trains sit motionless at a train depot,83041,205190
9508,coco-30k,A plane that is flying high up in the air.,26053,423187
9509,coco-30k,An older black and white picture of a cue of people boarding a bus,50047,105872
9510,coco-30k,A bus parks close to a truck in front of a church.,46133,8080
9511,coco-30k,many fire hydrants made to look like cartoon characters,22335,208318
9512,coco-30k,An old rusty fire hydrant standing on a cracked sidewalk.,40456,195444
9513,coco-30k,Many posters are placed on a wall near a busy street.,81197,380057
9514,coco-30k,People get on a bus on a street next to a building. ,30266,121503
9515,coco-30k,A man sitting on a chair next to a black dog.,15569,442695
9516,coco-30k,"A man is standing near some graves, water, and a bus. ",26334,475466
9517,coco-30k,A young woman reading while laying down on a park bench.,98120,310035
9518,coco-30k,"A street sign with the name of two streets and a stop sign, and parked cars and buildings in the distance.",7658,199339
9519,coco-30k,A train as it travels down the tracks over a bridge.,19934,184400
9520,coco-30k,A crossroads sign with a car parked nearby. ,32975,578522
9521,coco-30k,A group of people getting onto a bush carrying surfboards.,14185,394535
9522,coco-30k,A tall giraffe standing next to a tree filled forest.,33254,40896
9523,coco-30k,Bus 811 is pulling into a bus stop. ,7339,419544
9524,coco-30k,A cat sits on a bench next to another bench.,82218,488206
9525,coco-30k,There is no pattern to these four photos.,38087,227878
9526,coco-30k,train pulling up the track while people wait on the sidewalk,77298,26393
9527,coco-30k,A man stands next to a bird on a rock.,52694,566729
9528,coco-30k,A stop sign is shown among foliage and grass.,15330,252332
9529,coco-30k,big city with tall buildings and lots of people on the street,95574,51702
9530,coco-30k,a store sits in front of a fire hydrant ,18958,355756
9531,coco-30k,A seagull sitting on the pier with the light house behind him.,60103,324670
9532,coco-30k,A small bird sitting on a tree branch.,87986,108353
9533,coco-30k,A city street with buildings and cars on a rainy day.,35178,287291
9534,coco-30k,A bird is perched by a leaf on a tree branch.,55280,232614
9535,coco-30k,A large bus driving past a few stores.,19081,116848
9536,coco-30k,A dog is sitting near a bench alone.,90078,504194
9537,coco-30k,A couple are approaching a man sitting down outside of a small shop. ,85161,176031
9538,coco-30k,A traffic signal showing that it is safe for horses to cross.,73557,338153
9539,coco-30k,A patch of wild flowers growing next to a stop sign.,85095,388487
9540,coco-30k,A street sign with a one way arrow on it.,97248,503860
9541,coco-30k,A train travels over a tunnel with lights in it.,15659,310902
9542,coco-30k,A man standing next to a boy in front of a tree.,22480,91949
9543,coco-30k,A dark blue parrot holding a gray lizard in its mouth.,17754,371256
9544,coco-30k,A young person in a hoodie with headphones in on a laptop. ,94438,494782
9545,coco-30k,A wooden bench near two barrels with flowers. ,67466,424258
9546,coco-30k,A train station with a few passengers waiting for the train to arrive.,50712,346343
9547,coco-30k,A train moving down the rail road tracks .,26444,233834
9548,coco-30k,Two benches on opposite sides of a grave pathway in a park with flowers in bloom.,92672,348991
9549,coco-30k,Large blue passenger bus parked in front of large building. ,86282,316522
9550,coco-30k,City posts with street signs and lights on it. ,99367,558594
9551,coco-30k,a home made stop sign in the middle of nowhere,76902,330681
9552,coco-30k,The wooden bench is near a busy stream.,58119,336340
9553,coco-30k,The large passenger train is painted maroon and gold.,2260,511420
9554,coco-30k,Two ducks are swimming in the water of a pond.,46996,167810
9555,coco-30k,Three men all walking in the middle of the road .,31405,191047
9556,coco-30k,a train on a train track at a train station,74828,469242
9557,coco-30k,A garden is surrounded by a train and phone booth. ,20766,226256
9558,coco-30k,A passenger train at the end of a set of tracks in a building .,28924,231476
9559,coco-30k,A bench next to three potted plants. ,1821,386650
9560,coco-30k,a red blue and yellow bus and a green and white bus and some people,35857,524992
9561,coco-30k,A passenger bus is parked on the side of a road. ,42809,211386
9562,coco-30k,Large tree with wooden picnic bench in wilderness area,34950,5076
9563,coco-30k,Snow piled high around pipes with people walking in background,49941,42628
9564,coco-30k,The three green buses are parked next to each other.,59654,238045
9565,coco-30k,There are a lot of animals on the hills.,67318,542451
9566,coco-30k,a bus taped off so it can be painted,21141,535326
9567,coco-30k,Three people stand in front of the giraffe zoo section.,25197,577712
9568,coco-30k,Two giraffes are standing next to a building.,15980,33707
9569,coco-30k,Two red buses are passing on the street.,16930,171915
9570,coco-30k,Man in boxers on couch with two laptops,45289,441518
9571,coco-30k,two orange gray and black birds sitting in a tree,90673,534983
9572,coco-30k,A train on track passing through a small station.,26348,287318
9573,coco-30k,A book on a wooden bench on a street.,37721,34904
9574,coco-30k,A small white dog on a wooden bench.,55689,546829
9575,coco-30k,A city street with many different cars driving.,84328,261471
9576,coco-30k,"A white, red and blue bus on street next to people walking.",84520,218134
9577,coco-30k,Guy sitting on ground in the middle of the street with traffic light behind him,74105,395289
9578,coco-30k,"Non passenger train, slowly coming down the tracks",47869,380388
9579,coco-30k,A small calf is in a pen with bails of hay.,91838,516602
9580,coco-30k,A girl chatting with a mother goat while her baby goat looks on.,9234,206381
9581,coco-30k,Small bird hanging off the side of a cage bird feeder,41739,235902
9582,coco-30k,A red stop sign and some tall grass.,61733,361830
9583,coco-30k,A train next to a station as a man walks beside it,18151,407168
9584,coco-30k,A black and white photo of a pair of shoes on a bench.,2470,417586
9585,coco-30k,A close up of a stop sign on a public street.,40595,390685
9586,coco-30k,A zeppelin flying in the air as a water spouts occurs in a city lake.,7000,407180
9587,coco-30k,A blue and white street sign next to a white building.,91959,303942
9588,coco-30k,A group of sheep in grassy area with tree in the background.,67519,331816
9589,coco-30k,A group of sheep in grassy area next to a fence.,1312,536195
9590,coco-30k,"A mountain area with rocks and grass, and a large ram standing in the grass.",49149,58933
9591,coco-30k,People standing outside a train at a snowy train stop.,41589,349098
9592,coco-30k,A black and red small train in shopping area.,86189,261721
9593,coco-30k,An area with rocks on the ground and a dog sitting on them. ,53553,369547
9594,coco-30k,People are gathered under a female impersonators sign.,29572,573549
9595,coco-30k,A tall giraffe is standing by a fence.,85637,388212
9596,coco-30k,Some sheep are next to a hay pile.,47783,271900
9597,coco-30k,Air force jet in a take off position above the tree line.,18536,490275
9598,coco-30k,Miniature trains on tracks with miniature person standing in the middle.,10852,313342
9599,coco-30k,A red fire hydrant on a city sidewalk.,95555,38048
9600,coco-30k,Black and white photograph of people standing in shore next to bus in water.,84305,213280
9601,coco-30k,"A man in tie, black coat and a hat.",76845,288553
9602,coco-30k,A giraffe standing in front of green brush.,68367,519046
9603,coco-30k,An elderly giraffe with a mottled forehead looks at the camera.,87604,363508
9604,coco-30k,A traffic light glows red on a cloudy day,99353,27756
9605,coco-30k,A white and grey train car with graffiti on it.,35435,437284
9606,coco-30k,A giraffe standing in dirt field next to trees.,76224,276066
9607,coco-30k,A giraffe sticking its head in a feeding basket with trees in background.,55784,91857
9608,coco-30k,"Man standing under banner that reads ""Run for Rights""",65674,97988
9609,coco-30k,A group of children sit at a craft table.,14779,513765
9610,coco-30k,A white and black bird on a chimney next to sky.,7997,74798
9611,coco-30k,Bench and window with shutters with bricked wall,32721,197941
9612,coco-30k,A busy street on the side of the hill ,99290,335521
9613,coco-30k,The large city bus is painted bright yellow.,36289,449031
9614,coco-30k,A room with various blue and white signs and a television.,30957,408789
9615,coco-30k,A black and red bus turning on street next to a building.,48124,290026
9616,coco-30k,A blue and white train on tracks with blue sky in background.,97783,275237
9617,coco-30k,A white and blue train with various graffiti on it.,48690,67704
9618,coco-30k,A fire truck near a yellow fire hydrant. ,72547,142207
9619,coco-30k,A stop sign over a grassy area next to trees.,31754,304929
9620,coco-30k,A vast and grassy field with sheep grazing.,96479,565742
9621,coco-30k,A skier standing in the snow next to a yellow and blue train.,78411,532876
9622,coco-30k,Two wooden benches with a tree in background.,98767,500559
9623,coco-30k,Dude on horseback leads herd of sheep with two dogs,40289,394840
9624,coco-30k,A herd of sheep grazing in a snow covered field.,756,203063
9625,coco-30k,The train is traveling across the high bridge.,1936,478286
9626,coco-30k,An eating area with a table and a few chairs.,95299,165547
9627,coco-30k,White truck parked on street with trees and man,69952,425447
9628,coco-30k,A herd of sheep moving up over a wall to a field from a sidewalk.,24704,534394
9629,coco-30k,A city scene is shown with stop lights is shown.,13875,506401
9630,coco-30k,A group of seats are placed on steps.,64821,350988
9631,coco-30k,A silver miniature train with trees in background.,16564,294865
9632,coco-30k,a yellow and white concrete truck next to a bus,7714,397117
9633,coco-30k,four scenes with each showing a smiley face doll,45582,428125
9634,coco-30k,An intersection with antique cars and a bus at it.,40218,436738
9635,coco-30k,A stop sign at an empty intersection in the country side.,53316,99186
9636,coco-30k,A group of various farm animals together in front of a barn.,20135,274599
9637,coco-30k,a close up of a bench with a dog laying on the ground,4405,423036
9638,coco-30k,A row of wooden cages with white sheets over them.,25122,322226
9639,coco-30k,Two very cute fuzzy young sheep on  a grassy hill.,92917,57548
9640,coco-30k,a close up of two people sitting near one another,97510,154497
9641,coco-30k,A group of sheep is standing in a grassy field.,37785,237256
9642,coco-30k,Giraffe inside rock walls standing and bowing its head.,21010,259382
9643,coco-30k,A city street with cars and a bus on it.,12173,312384
9644,coco-30k,A wooden bench is sitting next to a grassy field.,32578,162130
9645,coco-30k,A railroad train heading toward a traffic light on the tracks,70481,450464
9646,coco-30k,Two photos of an airplane in the air.,51602,189203
9647,coco-30k,A large sign and some cars on a street.,59349,305135
9648,coco-30k,A large long train on a steel track.,68522,308894
9649,coco-30k,Two trains in an urban station with people waiting.,42633,312692
9650,coco-30k,A bus parked on a street next to a tree.,15233,197716
9651,coco-30k,A passenger train crossing a bridge by the beach,40219,329486
9652,coco-30k,A lamp above a sign on a building with flowers.,85639,356091
9653,coco-30k,A small bus parked in front of a bus stop.,58004,147223
9654,coco-30k,A photo of a giraffe standing next to trees.,3791,117015
9655,coco-30k,A street sign sitting on top of a snow covered traffic lights.,55347,125286
9656,coco-30k,A photo of a bus driving down the road.,940,61959
9657,coco-30k,A group of donkeys on the side of the road.,54737,140583
9658,coco-30k,A duck standing on a pile of debris in water,78906,418959
9659,coco-30k,An orange and black train with train cars passing trees.,77565,396568
9660,coco-30k,Three giraffes grazing from a bush over a fence.,6001,190056
9661,coco-30k,A stop and street sign on a pole.,94793,260020
9662,coco-30k,Small red propeller airplane sitting on an airport runway. ,51343,396903
9663,coco-30k,A red bus on street next to buildings.,44034,90442
9664,coco-30k,A giraffe grazing from feeder in dirt area next to trees.,83239,490991
9665,coco-30k,A red and white bus on street next to a building.,36127,151733
9666,coco-30k,A group of small birds in the water.,64847,468354
9667,coco-30k,A silver bus on street next to buildings.,80592,293841
9668,coco-30k,Two buses parked next to each other in front of a building.,87450,507797
9669,coco-30k,A red and white train with graffiti on it.,40230,23051
9670,coco-30k,A group of red trains parked in a train lot next to a mountain.,74421,362391
9671,coco-30k,A stop sign that has some graffiti on it.,58448,147915
9672,coco-30k,A giraffe stands next to a tree and a lake.,32354,30925
9673,coco-30k,A red fire hydrant is leaking onto a side walk.,80739,431573
9674,coco-30k,A cat curled up in a sunny spot on a table sleeping.,27067,323128
9675,coco-30k,"The boy is wearing a party hat, and entertaining the table with his noisemaker.",6578,389206
9676,coco-30k,A stop sign sitting above a road barricade.,78932,182469
9677,coco-30k,Two children sit on a wooden bench in a forest.,16050,207548
9678,coco-30k,A giraffe drinking water from a pond with it's legs spread,88188,450719
9679,coco-30k,A herd of sheep in an open field.,96464,318561
9680,coco-30k,The pedestrian is walking down the side of the highway by the bus.,84278,389684
9681,coco-30k,A sheep standing in a open grass field.,77335,576714
9682,coco-30k,A close up of two birds on a tray with bananas peels.,25295,201756
9683,coco-30k,a red fire hyrdant next to two red poles ,63832,164420
9684,coco-30k,a whole lot of signs written in  an asian language,40047,356314
9685,coco-30k,A red double decker bus driving past very tall buildings.,20327,269006
9686,coco-30k,A train caravan passes by a small town.,28478,372070
9687,coco-30k,A large blue bus on a city street.,12842,76595
9688,coco-30k,a red bus with an open upper deck,99230,579036
9689,coco-30k,a bicycle leaning against a stop and a yellow car,4608,44045
9690,coco-30k,a green bus from a foreign country coming down the road,36620,361947
9691,coco-30k,A person on a surfboard with a paddle in the water.,44368,433787
9692,coco-30k,A large blue train on a steel track.,48258,22215
9693,coco-30k,A woman sitting on a bench next to a child in a stroller.,28304,128586
9694,coco-30k,A cat in a birthday hat is lying on a couch.,1149,297108
9695,coco-30k,A flock of birds flying over a beach near the ocean.,670,141143
9696,coco-30k,A yellow fire hydrant sitting in a patch of green grass.,33874,156809
9697,coco-30k,A herd of sheep grazing on a lush green field.,18432,548267
9698,coco-30k,A golden bus driving over a bridge spanning a river.,34308,199842
9699,coco-30k,A red double decker bus driving down a city street.,76132,438364
9700,coco-30k,A bicycle parking sign on a pole at the corner of a street.,44628,45959
9701,coco-30k,man is walking in the street carrying a sign that says smile,52385,341487
9702,coco-30k,A stop sign and a fire hydrant on the corner of a grassy sidewalk.,21661,84168
9703,coco-30k,A yellow and red fire hydrant in grassy area next to a street.,43147,453390
9704,coco-30k,A white and grey bird in tree with green leaves.,87681,453452
9705,coco-30k,A red train leaving a train station with man watching.,28691,465566
9706,coco-30k,A large white sheep next to a small black one,88699,397639
9707,coco-30k,A burnt out cement building is next to a stop sign.,96450,490491
9708,coco-30k,A group of sheep in grassy area next to trees.,24321,99928
9709,coco-30k,A pole with traffic signs and street signs. ,76453,382115
9710,coco-30k,Train stopped at a depot with people milling about.,15124,231163
9711,coco-30k,A road filled with traffic led by a big blue bus.,69984,160031
9712,coco-30k,A stop light on a oriental city street. ,61601,219014
9713,coco-30k,A dog with a hat on top of his head.,71682,93201
9714,coco-30k,There are two signs on the traffic signal.,75968,440409
9715,coco-30k,two green and one grey parrot perched on a branch.,2942,183469
9716,coco-30k,A flock of cute sheep in a rocky field at twilight.,72118,86467
9717,coco-30k,A large train is passing over a set of tracks. ,35978,502895
9718,coco-30k,Closeup of a button in front of the Louisville Slugger factory in KY.,72280,279714
9719,coco-30k,A double decker bus travelling on a city street.,89241,199578
9720,coco-30k,two red shuttle buses riding down a street next to a blue pole.,25795,274947
9721,coco-30k,These are a few animals out in a field. ,73796,116244
9722,coco-30k,This is a bird looking in the direction of a tree. ,37399,137619
9723,coco-30k,There are a lot of buses lined up on the street,41691,310473
9724,coco-30k,The large blue train is covered with rust.,31528,434279
9725,coco-30k,a large blue and white house on a hill near cattle pastures ,79964,264506
9726,coco-30k,View of high rises on a city street.,39145,553511
9727,coco-30k,Picture of a stop sign with graffiti written on it.,94778,541887
9728,coco-30k,A blue train rides down a wooded track.,23619,130508
9729,coco-30k,A giraffe in front of a field of sheep.,43621,451940
9730,coco-30k,A group of birds sitting on a horizontal pole.,16931,573484
9731,coco-30k,Two trains pass each other near some buildings.,29321,496800
9732,coco-30k,A street intersection with old buildings in the background.,23017,115946
9733,coco-30k,Two giraffes eat grass out of a cage hanging from the ceiling.,98954,492075
9734,coco-30k,A white bus is driving down the street,84407,562448
9735,coco-30k,Some people are riding along in a horse drawn Carriage,68043,569841
9736,coco-30k,a number of benches next to a tree,56104,282871
9737,coco-30k,a bird flying thru the sky with mountains in the background,23073,137677
9738,coco-30k,two giraffes in a field with many trees,88769,380106
9739,coco-30k,a car driving on a road with decorations avobe,83220,341838
9740,coco-30k,A park bench overlooks the ocean in the snow.,3187,150013
9741,coco-30k,a close up of a street sign near buildings,43890,2521
9742,coco-30k,A group of people on motorcycles waiting at a traffic light,47458,331289
9743,coco-30k,A stop sign and a no access sign in the grass.,34172,553678
9744,coco-30k,A wooden bench covered with pots and containers of plants.,11579,405248
9745,coco-30k,Two men smiling while they are in a car with a dog.,25425,234136
9746,coco-30k,Looking out of a commuter bus at a small town grocery,56693,56248
9747,coco-30k,A large circular building with a bridge connecting it,31797,338941
9748,coco-30k,Traffic is stopped on the road because of a red light.,96798,87429
9749,coco-30k,A sidewalk outside of a winery with tables,5879,580856
9750,coco-30k,A cat standing near a dead bird with some words on the picture,10246,482350
9751,coco-30k,A bicycle is lying on the sidewalk beside a fire hydrant.,81252,29913
9752,coco-30k,A custom cake featuring a fisherman for a man's 65th birthday. ,28897,126877
9753,coco-30k,a bus and some cars at a park like setting,53934,134255
9754,coco-30k,A shiny antique bus coming though a gate by a brick building,71632,236161
9755,coco-30k,A couple of men sailing on a sailboat out in the harbor. ,74071,513555
9756,coco-30k,Styrofoam coffee cup laying on an metal bench.,73174,236714
9757,coco-30k,a close up of two sheep laying on hay,65666,114616
9758,coco-30k,A large pillar with a stop sign on top,25422,256552
9759,coco-30k,A train is moving along the tracks beside a house.,44745,461628
9760,coco-30k,The airplane is about ready to get take off from the runway. ,77566,36528
9761,coco-30k,two giraffes near a tree in a field,85189,493161
9762,coco-30k,A train is moving on tracks beside a sidewalk.,2098,234164
9763,coco-30k,A street post with three different street signs on it,96683,317120
9764,coco-30k,a large air plane flying in the air,24328,513882
9765,coco-30k,A bus is passing through an intersection beside a building.,78130,233977
9766,coco-30k,All of the children are gathered around Santa Claus.,80316,489842
9767,coco-30k,Giraffes standing in and around a cave area.,24649,173142
9768,coco-30k,A fire hydrant in front of an empty sidewalk.,66401,370448
9769,coco-30k,Old blue bus with bicycles parked on roadway near green space.,35385,197997
9770,coco-30k,The big bird is on the beach and the dog is barking at it.,62069,301735
9771,coco-30k,Three white storks with black legs and beaks wading in some water.,41917,495541
9772,coco-30k,A red stop light across from a brick building,21144,404781
9773,coco-30k,The two white birds are flying in the clear sky.,1308,420929
9774,coco-30k,Oval shaped picture of buildings with a truck outside and blue sky.,44929,53956
9775,coco-30k,A low flying commercial plane passing tall  buildings,17438,16241
9776,coco-30k,A yellow train on the tracks with several cars,55844,130566
9777,coco-30k,A bright patio umbrella stands out against the plain white building.,96667,10681
9778,coco-30k,A train is moving along train tracks through the woods.,95782,25747
9779,coco-30k,A large commercial airplane parked on the runway,74637,521472
9780,coco-30k,A busy airport with planes parked  on the runway,62076,373846
9781,coco-30k,A herd of sheep are grazing in a green field.,61021,410428
9782,coco-30k,"A city street corner with a street pole that has one way signs and a light on the top, and a building in the background.",25505,514540
9783,coco-30k,A young woman underneath a clear bubble umbrella,85856,321176
9784,coco-30k,The red fire hydrant is next to a caution partition.,21645,331223
9785,coco-30k,A stop sign is fashioned into a snack store sign.,35256,216972
9786,coco-30k,A stop sign is mounted upside-down on it's post. ,56313,724
9787,coco-30k,A woman with an umbrella hat talks on her cell phone. ,3510,358923
9788,coco-30k,A professional tennis match from very high up in the stands,29423,193480
9789,coco-30k,A marsh area with egrets and shrimp boats,55740,2923
9790,coco-30k,The sign is clearly visible for all of us to see. ,73897,500079
9791,coco-30k,A train traveling down train tracks near a train station.,778,249643
9792,coco-30k,a man sitting on a bench with a backpack and a cane ,62844,227463
9793,coco-30k,A mother bird and her offspring walk in a meadow.,49615,228290
9794,coco-30k,A small plane flying over the woods near a mountain,49780,552153
9795,coco-30k,A giraffe standing next to a tall tree.,33106,325198
9796,coco-30k,one plane flies upside down over another plane ,23620,560272
9797,coco-30k,A herd of sheep walking down a rural country road.,56518,189885
9798,coco-30k,Two giraffes that are standing in the grass.,82710,15614
9799,coco-30k,four adult giraffes and one smaller giraffe all in captivity ,54782,522665
9800,coco-30k,Two giraffes are looking at each other in a wooden room.,13719,102654
9801,coco-30k,Two buses driving by people in a city.,30909,71752
9802,coco-30k,a bench in the woods covered in snow ,30975,401124
9803,coco-30k,A cat lying next to someone sitting on a bench.,49801,379210
9804,coco-30k,a brown and white dog is sitting in some grass and a red and white fire hydrant,22870,300000
9805,coco-30k,The decorated bench is sitting among the flowers.,77401,163339
9806,coco-30k,The two yellow trains are coming down from the mountain.,92042,46526
9807,coco-30k,a stuffed animal and a figurine are sitting on a bench and water,92175,418933
9808,coco-30k,Street signs at an intersection of roads in front of a brick building.,11167,53229
9809,coco-30k,A large boat floating down a river next to a walkway.,6113,160927
9810,coco-30k,A herd of animals walking along a lush green field.,3271,192247
9811,coco-30k,A black and white photo of four young children.,63367,103431
9812,coco-30k,an orange and white double decker bus and a woman and child crossing the street,79514,354027
9813,coco-30k,A train with bright lights on it under utility wires.,16388,462584
9814,coco-30k,A street scene with focus on the street signs on an overpass.,57109,1532
9815,coco-30k,A RED BIRD PERCHED ON A BRANCH IN A TREE.,94809,323810
9816,coco-30k,A red stop sign sitting next to a forest.,28872,79408
9817,coco-30k,A train traveling down train tracks through a countryside.,96764,279933
9818,coco-30k,A giraffe standing on top of a lush green field.,52437,92680
9819,coco-30k,A blue train traveling along a very long bridge.,50303,353489
9820,coco-30k,A giraffe eating food from a very large rock.,44129,524694
9821,coco-30k,A family of giraffe standing next to each other.,73567,276549
9822,coco-30k,A double decker bus driving down a street next to a tall building.,91633,133999
9823,coco-30k,a black and white double decker bus and some cars,80760,180541
9824,coco-30k,A tall sign sitting next to a traffic light at night.,55151,379014
9825,coco-30k,A yellow train traveling down tracks next to a train station.,76697,190546
9826,coco-30k,A yellow school bus with a creepy eye shaped rear view mirror.,6130,484816
9827,coco-30k,A walking street sign under traffic light covered with stickers,74269,89459
9828,coco-30k,A bus stopped at a curb to allow people to board the bus. ,1919,255749
9829,coco-30k,A bird standing in the wooded area with leaves all around. ,65161,307790
9830,coco-30k,a double bus driving through a parking lot,90340,566823
9831,coco-30k,A bench sits in the a garden park. ,9215,29406
9832,coco-30k,An old bus is next to an old train.,49218,85381
9833,coco-30k,"A No bicycles, skates or skateboards sign on a pole.",6013,226111
9834,coco-30k,A rain soaked pigeon sitting on a fence.,60019,333808
9835,coco-30k,Two birds sitting on a branch in the woods.,94457,67342
9836,coco-30k,A cat sitting on the back of a bench while looking upward. ,87046,397045
9837,coco-30k,a sign for prospect and brady st on a street with a light post,86405,293296
9838,coco-30k,"a red, blue and tour bus with people standing outside of them",60601,69944
9839,coco-30k,a number of people sitting at tables in a train,61372,532983
9840,coco-30k,a person standing in an alley with sheep,26318,561670
9841,coco-30k,Red double decker bus with people standing on top.,57624,211674
9842,coco-30k,A giraffe is standing outside in the woods.,62064,352576
9843,coco-30k,a close up of a street sign with a moon in the background,45118,412015
9844,coco-30k,a close up of a dog sitting wearing a hat,26441,90367
9845,coco-30k,a close up of three birds in a tree branch,77758,574074
9846,coco-30k,A train is on the track waiting in the middle of the afternoon.,91198,120826
9847,coco-30k,Two orange cats on steps with a  bench in the background.,26663,115070
9848,coco-30k,The sun shines brightly behind a stop sign.,97317,243027
9849,coco-30k,A green train is rolling down the tracks,83055,379183
9850,coco-30k,A baby with blue shirt carrying a shovel next to two birds.,79912,567536
9851,coco-30k,The green and white city bus is parked a the curb.,90584,386777
9852,coco-30k,A street sign showing they are making improvements,94300,26767
9853,coco-30k,Two double-decker buses followed by two smaller trucks.,67445,440461
9854,coco-30k,The small dog sitting in the center of the walkway.,254,384308
9855,coco-30k,A man wearing ties and rainbow sun glasses,4496,204943
9856,coco-30k,A street with street lights and palm trees. ,69715,425644
9857,coco-30k,A cat sits between a window and a large birdcage.,65687,84783
9858,coco-30k,Three geese eating out of a parking lot grassy field. ,75687,578703
9859,coco-30k,The school bus is remodeled with bright paint.,7012,128168
9860,coco-30k,"A carpet with various items that includes shoes, clothing and toiletries.",99016,183204
9861,coco-30k,A few porcelain plates with birds Hand-painted on them.,48942,439709
9862,coco-30k,A man with a brown bag and blue jacket stands by a train that is moving.,10692,503585
9863,coco-30k,A dog with a leash on is sitting near a park bench,8371,261161
9864,coco-30k,A blue and yellow city bus driving down the street,47674,549718
9865,coco-30k,A yellow bus is on a street near a black guard rail.,54000,15338
9866,coco-30k,A traffic signal flashing red at dusk with a building behind it. ,35046,116295
9867,coco-30k,A building with a red hand rail sitting next to a street.,83700,297944
9868,coco-30k,Two trains traveling down a street lined with tall buildings.,54429,415530
9869,coco-30k,A rear view mirror sitting on the side of a yellow bus.,4439,22755
9870,coco-30k,a stop and go light on red out side of a building,55987,267840
9871,coco-30k,a red and blue fire hydrant and people walking in the rain,68988,268717
9872,coco-30k,a man standing on top of a steam engine train,5760,483550
9873,coco-30k,Two giraffes eating leaves at a watering hole. ,75872,335033
9874,coco-30k,A building and a road sign in front of a bridge,56284,137612
9875,coco-30k,A road sign warns there is a curve in the road.,99873,339740
9876,coco-30k,A train traveling down train tracks next to two buildings.,62466,409856
9877,coco-30k,Two long buses parked on the side of a road.,6061,212507
9878,coco-30k,Two giraffes standing next to each other looking over a fence.,40485,461522
9879,coco-30k,A large silver double decker bus driving down a street.,52756,60610
9880,coco-30k,The giraffe is resting while waiting for food to be served.,2086,532989
9881,coco-30k,Two giraffes standing very close to one another in an enclosure,75535,573291
9882,coco-30k,A bus and car wait at an intersection on a city street.,89505,139549
9883,coco-30k,a white bird sitting on a grassy hill,15060,49633
9884,coco-30k,A Virgin Airlines plane and an American Airlines plane. ,85668,353964
9885,coco-30k,Couple of Seagulls stand next to each other watching the same thing,72986,250205
9886,coco-30k,A giraffe in front of a large amount of plant life. ,47812,265059
9887,coco-30k,"A sign hanging on a wall says ""Don't STOP drinking""",61754,368807
9888,coco-30k,A rainbow in the sky over a street. ,79874,337653
9889,coco-30k,A yellow and green object with a brown bird perched on top of it.,55148,65288
9890,coco-30k,Three birds walking around a dry grass field.,78695,41888
9891,coco-30k,A giraffe walking across a lush green field.,33801,121260
9892,coco-30k,Two giraffes standing in grass surrounded by trees,61524,476109
9893,coco-30k,A red brick building with a graffiti covered front.,3113,8899
9894,coco-30k,A rusty fire hydrant sitting on a city sidewalk.,77921,427956
9895,coco-30k,Four giraffes walking along the ground next to a little lake,97167,443006
9896,coco-30k,Two trains riding side by side on two tracks,93574,430273
9897,coco-30k,a train sitting on the rails under power lines,19163,425634
9898,coco-30k,The brown cows walking along a path in the field.,44368,528524
9899,coco-30k,A bus and taxis on the road in the city. ,67187,27946
9900,coco-30k,A group of people and a large truck on a street.,22914,186821
9901,coco-30k,A large trains travels past a river that contains several different boats,46882,275791
9902,coco-30k,A pretty bird is sitting on a tree branch.,61302,330018
9903,coco-30k,A child on a toy is approaching a fire hydrant.,55120,252201
9904,coco-30k,A narrow street has numerous blue pointing signs.,18691,404620
9905,coco-30k,A painting of a man herding sheep in the field.,93288,527022
9906,coco-30k,Several trams are parked with electric lines above them.,30891,200212
9907,coco-30k,a green and black train on a track with smoke coming from the top,19443,226820
9908,coco-30k,Smoggy picture of many trains in a busy train station.,60074,42178
9909,coco-30k,a herd of sheep standing around in a big grassy field ,17519,574928
9910,coco-30k,a person sitting on a bench reading a book,16728,314193
9911,coco-30k,Two red buses driving in a black and white photo of a mostly empty street.,44047,31748
9912,coco-30k,A pink city bus at a bus stop.,41618,357748
9913,coco-30k,red and yellow train on a train track,92907,550452
9914,coco-30k,A pigeon is sitting on a stone ledge.,37385,20371
9915,coco-30k,Odd red fire hydrant with an Asian lady standing next to it.,73398,117674
9916,coco-30k,a close up of street signs with buildings in the background,70159,75083
9917,coco-30k,A flock of birds gathered on and around some people in the rain.,69743,568956
9918,coco-30k,Two puffins sitting in some grass on a mountain.,64594,245153
9919,coco-30k,Two people have a conversation at an intersection,68150,505942
9920,coco-30k,a close up of a bowl with wood and screws inside,3418,176168
9921,coco-30k,several ducks in front of a placid river,17146,231471
9922,coco-30k,Woman pushing a stroller into a blue building.,4995,254917
9923,coco-30k,A stop sign is viewed from a low angle.,70815,85529
9924,coco-30k,two people standing near a pole outside of a building ,47276,325623
9925,coco-30k,A person sitting on a bench in a park.,12120,566436
9926,coco-30k,A flock of sheep in a mown field under telegraph wires,71781,512545
9927,coco-30k,Four kids playing in the leaves on a fall day.,24147,163782
9928,coco-30k,A bird sits on a parking meter with several parked cars in the street.,7495,542625
9929,coco-30k,A city bus is slowly making its way down a very crowded street. ,43688,386592
9930,coco-30k,a close up of a box wit ha sign on it on a bench,54202,48795
9931,coco-30k, A city bus parked on a very steep hill,1526,363881
9932,coco-30k,Four birds are walking on the sand near water.,54337,363344
9933,coco-30k,The SWAT team approaching a school parking lot.,94705,419235
9934,coco-30k,a close up of a small bird on a tree branch,69397,440706
9935,coco-30k,A bird is walking toward the camera beside a fence post.,62822,562851
9936,coco-30k,The walk light is lit on this street.,28196,567801
9937,coco-30k,a giraffe walking on a street with trees,49119,332777
9938,coco-30k,Boy sitting on a bench with an angry birds toy reading a book.,76539,252468
9939,coco-30k,A blue and yellow fire hydrant next to a yellow cone.,75465,125643
9940,coco-30k,a train on a train track near hills ,32577,505040
9941,coco-30k,A large herd of sheep stands on the edge of a field.,73925,536486
9942,coco-30k,Colorful bird sitting on a branch of a tree.,17747,337987
9943,coco-30k,Night scene of an on ramp with traffic light and assorted street lights.,47436,434316
9944,coco-30k,A man in blue hat pointing towards a street.,30649,14392
9945,coco-30k,A red and gold painted fire hydrant on the street,95859,344909
9946,coco-30k,A silver and black train passing under a bridge.,53122,483722
9947,coco-30k,A giraffe is walking in some tall grass,11545,217614
9948,coco-30k,A group of people at a train station with a passing train.,40396,577924
9949,coco-30k,a close up of graffiti written on a train,78320,289630
9950,coco-30k,A man with umbrella is exiting a triple-decker bus.,14676,83736
9951,coco-30k,A black bird landing on the leaves in the water,69327,156858
9952,coco-30k,"A toy train track is set up with two trains, houses, and a tractor.",94873,256003
9953,coco-30k,Red fire hydrant on grass in front of a black street.,99247,35105
9954,coco-30k,A rusted pink fire hydrant in the grass,66216,439969
9955,coco-30k,A street sign surrounded by orange and red leaves,27317,192062
9956,coco-30k,A very big city bus on a big street.,75478,42070
9957,coco-30k,A no parking sign posed on the side of a street.,21821,393982
9958,coco-30k,A group of people are sitting on a bench,58162,8445
9959,coco-30k,A large white airplane with blue tail parked.,23434,540697
9960,coco-30k,A myriad of stop signs that are black and white and red and white stand clustered together.,36762,473260
9961,coco-30k,A cat and some people on a grass field.,75843,345434
9962,coco-30k,A large long train on a steel track.,20736,253342
9963,coco-30k,Sheep in field by barn with fence and car.,33035,98416
9964,coco-30k,some people are running on a road and a green and white sign,33686,477305
9965,coco-30k,Street sign on overhanging post displayed above roadway.,33494,120478
9966,coco-30k,A wooden bench and a fire hydrant on a field.,2315,372203
9967,coco-30k,Two trains near railway stops on the tracks. ,91380,387855
9968,coco-30k,a man standing on the side walk while holding a sign ,65349,474110
9969,coco-30k,Intersection and lights for Queen St and Bay St.,56803,490153
9970,coco-30k,Street with light traffic at intersection in large city.,77494,497158
9971,coco-30k,A bird that is standing on a concrete ledge over the water.,11462,537652
9972,coco-30k,A white and black bird perched on a wooden fence rail.,42798,382214
9973,coco-30k,A cake made to look like a colorful train ,2720,564418
9974,coco-30k,A couple riding on the back of a horse drawn carriage.,42711,313359
9975,coco-30k,A blue bird is sitting on a wooden post.,58790,191126
9976,coco-30k,A large bus on the side of the road.,61730,452321
9977,coco-30k,A herd of sheep walking across a snow covered field.,20785,509116
9978,coco-30k,Two giraffe standing next to each other on a field.,63313,440842
9979,coco-30k,A man gets a French kiss from a giraffe ,88533,208494
9980,coco-30k,A stop and street sign on the side of the street.,79161,107939
9981,coco-30k,A very tall building with a plaque hanging off of it's side.,76982,190323
9982,coco-30k,A stop sign and street sign encased in snow and ice.,68051,271240
9983,coco-30k,People loading onto a orange and silver metro bus.,26141,128372
9984,coco-30k,A group of people walking on a street by some cars.,35676,205676
9985,coco-30k,A small bird standing on a dock on the water.,85754,333294
9986,coco-30k,A street sign is posted near the two story building.,79539,419680
9987,coco-30k,Twin baby girls wearing hats eat ice cream.,54406,63521
9988,coco-30k,Red and white fire hydrant sitting on the side of a city street. ,26160,123053
9989,coco-30k,A grey discolored fire hydrants stands on the street.,48896,435703
9990,coco-30k,A green shuttle bus taking a turn on a mountain road.,75269,32648
9991,coco-30k,A street sign for Jack Kerouac (Adler) Road,95404,564317
9992,coco-30k,A trolley for Adventure World on its track,57838,532142
9993,coco-30k,Several sheep are standing beside a road while one walks on it.,51216,46962
9994,coco-30k,some cars on a wet street buildings and traffic lights,60782,168096
9995,coco-30k,a giraffe staring right into the camera ,6898,486046
9996,coco-30k,A row of several purple buses at a bus station,8008,46405
9997,coco-30k,A sign on small post in grass corner of residential parking lot.,12688,414133
9998,coco-30k,people at costume party dressed up in costumes,61270,398045
9999,coco-30k,two giraffes are walking around in their pen ,52123,30967
